village_code,village_name,subdistrict,latitude,longitude,total_population,total_households,male_population,female_population,sc_st_population_share_pct,population_density_per_ha,surface_water_exposure,river_canal_present,tank_pond_lake_present,drainage_quality_score,road_connectivity_score,healthcare_access_score,nearest_town_dist_km,district_hq_dist_km,elevation_m_EXTERNAL_TOFILL,slope_deg_EXTERNAL_TOFILL,distance_to_river_km_EXTERNAL_TOFILL,drainage_density_km_per_km2_EXTERNAL_TOFILL,rainfall_annual_mm_EXTERNAL_TOFILL,rainfall_24hr_max_mm_EXTERNAL_TOFILL,historical_flood_inundation_pct_EXTERNAL_TOFILL,historical_flood_event_count_EXTERNAL_TOFILL,runoff_coefficient_EXTERNAL_TOFILL,building_footprint_density_EXTERNAL_TOFILL,flood_hazard_score_TARGET,flood_damage_estimate_TARGET,river_proximity_score,elevation_inverse,rainfall_density,flood_exposure,infrastructure_exposure,flood_vulnerability
521212,Alampura,Karjan,21.852286,73.21197,639.0,138.0,347.0,292.0,59.47,3.277,1,1.0,1.0,1,1,0,15.0,52.0,100.0,13.5,2.732,0.001,1120.0,246.4,31.4,2,0.55,0.26,0.364,33.0,0.3531073446327683,0.009900990099009901,300.10718113612,232.596,1.192828,0.2164708
521189,Ranapur,Karjan,21.948871,73.255503,1166.0,271.0,597.0,569.0,26.07,1.887,1,1.0,1.0,1,2,0,20.0,50.0,102.5,13.95,0.501,0.001,1102.0,249.6,46.6,3,0.51,0.15,0.516,77.8,1.663893510815308,0.00966183574879227,734.1772151898734,601.6560000000001,0.973692,0.1345212
521185,Latipur Timbi,Karjan,21.946091,73.184216,908.0,181.0,453.0,455.0,12.67,3.948,1,0.0,1.0,0,2,0,20.0,41.0,100.0,13.5,0.992,0.001,1107.4,247.2,43.0,3,0.57,0.32,0.49,66.1,0.9157509157509157,0.009900990099009901,555.9236947791165,444.92,1.93452,0.062083
521005,Surajghoda,Dabhoi,22.067393,73.538224,77.0,15.0,45.0,32.0,23.38,0.975,0,0.0,0.0,0,2,0,16.0,48.0,95.0,12.6,0.943,0.002,1098.4,246.4,43.7,3,0.48,0.08,0.479,4.5,0.9587727708533078,0.010416666666666666,565.3113741636645,36.882999999999996,0.46702499999999997,0.11199019999999998
521135,Kanabha,Karjan,22.0648,73.030688,1574.0,316.0,803.0,771.0,10.42,3.49,1,1.0,0.0,0,2,0,10.0,45.0,92.5,12.15,0.026,0.0,1071.4,245.6,51.0,3,0.55,0.28,0.553,125.3,7.936507936507937,0.0106951871657754,1044.2495126705653,870.422,1.9299700000000002,0.0576226
521141,Karamadi,Karjan,22.050547,73.08421,1763.0,413.0,920.0,843.0,57.01,4.509,1,1.0,1.0,0,2,0,3.0,40.0,90.0,11.7,1.438,0.0,1087.6,247.2,39.8,3,0.59,0.36,0.466,125.7,0.6501950585175552,0.01098901098901099,446.1033634126333,821.558,2.1011940000000005,0.2656666
521220,Vaniyad,Sinor,22.028989,73.401592,851.0,184.0,447.0,404.0,49.0,1.347,1,0.0,1.0,2,2,0,14.0,48.0,105.0,14.4,2.85,0.0,1098.4,244.8,29.9,2,0.49,0.11,0.346,36.8,0.3389830508474576,0.009433962264150943,285.2987012987013,294.44599999999997,0.466062,0.16954
521206,Lilod,Karjan,21.882002,73.226019,1223.0,268.0,610.0,613.0,28.37,3.16,1,1.0,0.0,1,2,0,18.0,54.0,100.0,13.5,0.338,0.0,1094.8,250.4,48.2,3,0.54,0.25,0.532,91.5,2.28310502283105,0.009900990099009901,818.236173393124,650.6360000000001,1.6811200000000002,0.15092840000000002
521097,Bhadara,Padra,22.141,73.033592,730.0,137.0,365.0,365.0,9.04,1.896,1,0.0,1.0,1,2,0,13.0,40.0,95.0,11.7,0.559,0.001,1085.8,245.6,46.3,3,0.51,0.15,0.51,48.2,1.5174506828528072,0.010416666666666666,696.4720974983964,372.3,0.9669599999999999,0.046104
519880,Rabhipura,Vadodara Rural,22.168777,73.231734,619.0,133.0,331.0,288.0,9.37,3.174,1,1.0,0.0,0,1,0,22.0,22.0,87.5,12.15,0.034,0.001,1076.8,246.4,50.7,3,0.55,0.25,0.569,49.5,7.462686567164178,0.011299435028248588,1041.3926499032882,352.21099999999996,1.8060059999999998,0.05331529999999999
519890,Meghakui,Vadodara Rural,22.138633,73.278804,1208.0,266.0,617.0,591.0,26.9,2.709,0,0.0,0.0,2,2,0,21.0,21.0,100.0,13.5,3.025,0.05,1080.4,244.8,29.2,2,0.53,0.22,0.34,56.4,0.32,0.009900990099009901,268.4223602484472,410.72,0.9210600000000001,0.09146
519858,Talsat,Vadodara Rural,22.238004,73.1711,1124.0,249.0,572.0,552.0,7.74,4.887,0,0.0,0.0,2,2,1,12.0,12.0,105.0,14.4,0.73,0.001,1107.4,246.4,46.1,3,0.6,0.39,0.512,90.0,1.2048192771084338,0.009433962264150943,640.1156069364163,575.488,2.502144,0.0396288
519835,Sisva,Vadodara Rural,22.397016,73.178636,2799.0,533.0,1448.0,1351.0,12.04,6.696,1,0.0,1.0,0,2,1,15.0,15.0,95.0,12.6,0.16,0.0,1089.4,245.6,48.4,3,0.65,0.54,0.559,271.1,3.846153846153846,0.010416666666666666,939.1379310344829,1564.641,3.7430640000000004,0.0673036
519884,Vadsala,Vadodara Rural,22.157934,73.174287,3156.0,758.0,1622.0,1534.0,36.72,4.541,1,0.0,1.0,1,1,0,18.0,18.0,97.5,13.05,1.727,0.001,1085.8,247.2,37.5,3,0.59,0.36,0.441,212.9,0.5473453749315818,0.01015228426395939,398.1664833149981,1391.796,2.002581,0.1619352
519876,Hansajipura,Vadodara Rural,22.205196,73.260987,223.0,47.0,117.0,106.0,17.94,0.878,1,0.0,1.0,1,2,0,15.0,15.0,102.5,13.95,2.424,0.001,1082.2,245.6,32.9,2,0.48,0.07,0.375,10.1,0.39619651347068147,0.00966183574879227,316.06308411214957,83.625,0.32925,0.067275
519861,Chikhodara,Vadodara Rural,22.233156,73.236326,1747.0,380.0,881.0,866.0,25.36,2.956,1,0.0,1.0,2,2,0,10.0,10.0,92.5,12.15,0.672,0.001,1105.6,246.4,44.8,3,0.54,0.24,0.507,123.6,1.2953367875647668,0.0106951871657754,661.2440191387559,885.729,1.498692,0.1285752
802597,Por Ramangamdi INA,Vadodara Rural,22.142991,73.180844,311.0,123.0,0.0,0.0,28.63,2.3600000000000003,0,0.0,1.0,0,0,0,0.0,35.0,92.5,12.15,0.027,0.001,1100.2,247.2,50.8,3,0.51,0.16,0.548,22.2,7.874015748031496,0.0106951871657754,1071.275559883155,170.42800000000003,1.2932800000000002,0.15689240000000002
519915,Sama OG,Vadodara Rural,22.347302,73.207008,0.0,0.0,0.0,0.0,28.63,2.3600000000000003,0,0.0,1.0,0,0,0,0.0,35.0,90.0,11.7,0.078,0.001,1102.0,248.8,49.6,3,0.51,0.16,0.55,0.0,5.617977528089888,0.01098901098901099,1022.2634508348793,0.0,1.2980000000000003,0.15746500000000002
521151,Dhamanja,Karjan,21.998056,73.080688,890.0,175.0,449.0,441.0,57.3,1.532,1,0.0,1.0,0,2,0,8.0,46.0,90.0,11.7,0.347,0.001,1084.0,247.2,48.0,3,0.5,0.12,0.529,59.3,2.237136465324385,0.01098901098901099,804.7512991833705,470.81,0.810428,0.30311699999999997
521152,Lakodara,Karjan,21.995859,73.111902,1947.0,389.0,1006.0,941.0,23.88,2.638,0,0.0,0.0,0,3,0,7.0,37.0,90.0,12.15,0.277,0.001,1091.2,247.2,48.0,3,0.53,0.21,0.538,142.6,2.6525198938992043,0.01098901098901099,854.502740798747,1047.486,1.419244,0.1284744
521162,Osalam,Karjan,21.991137,73.145019,1678.0,335.0,873.0,805.0,46.42,2.054,1,0.0,1.0,1,2,0,12.0,45.0,102.5,14.4,2.241,0.001,1112.8,247.2,35.1,3,0.51,0.16,0.393,86.1,0.4271678769756514,0.00966183574879227,343.3508176488738,659.4540000000001,0.807222,0.1824306
521112,Kotna,Padra,22.0948,72.981493,1214.0,257.0,638.0,576.0,30.56,1.623,1,1.0,1.0,1,2,0,15.0,40.0,95.0,12.6,0.706,0.0,1098.4,245.6,45.9,3,0.5,0.13,0.498,76.9,1.240694789081886,0.010416666666666666,643.8452520515827,604.572,0.808254,0.15218879999999999
521116,Kothwada,Padra,22.110103,73.07992,780.0,159.0,388.0,392.0,16.92,3.319,1,1.0,0.0,1,2,0,10.0,28.0,100.0,13.05,0.238,0.001,1105.6,245.6,48.6,3,0.55,0.27,0.539,60.1,2.958579881656805,0.009900990099009901,893.0533117932148,420.42,1.7889410000000001,0.09119880000000001
521113,Shahera,Padra,22.100724,73.017333,869.0,187.0,448.0,421.0,19.79,2.803,1,1.0,1.0,1,1,0,17.0,37.0,92.5,12.15,0.576,0.001,1080.4,246.4,46.5,3,0.53,0.22,0.512,61.1,1.4792899408284026,0.0106951871657754,685.5329949238579,444.928,1.435136,0.10132479999999999
521117,Vasnaref,Padra,22.08068,72.97523,407.0,88.0,211.0,196.0,15.97,0.938,1,1.0,0.0,1,2,0,16.0,51.0,90.0,11.7,0.621,0.001,1093.0,245.6,46.4,3,0.48,0.08,0.506,25.0,1.3869625520110958,0.01098901098901099,674.2751388032079,205.942,0.474628,0.08080820000000001
521119,Sokhdaraghu,Padra,22.064954,72.97663,2015.0,397.0,1028.0,987.0,18.46,5.741,1,1.0,1.0,1,2,0,15.0,51.0,97.5,13.5,0.569,0.001,1087.6,247.2,46.3,3,0.62,0.46,0.527,174.4,1.4947683109118088,0.01015228426395939,693.1803696622052,1061.905,3.025507,0.09728420000000002
519899,Kashipura,Vadodara Rural,22.116365,73.166323,1117.0,241.0,578.0,539.0,50.49,2.382,1,0.0,1.0,2,2,1,8.0,22.0,95.0,12.6,2.125,0.001,1089.4,246.4,34.3,2,0.52,0.19,0.402,60.1,0.449438202247191,0.010416666666666666,348.608,449.03400000000005,0.9575640000000001,0.2029698
519898,Sarar,Vadodara Rural,22.104863,73.149804,2480.0,518.0,1287.0,1193.0,28.59,2.248,1,0.0,1.0,2,2,0,8.0,20.0,95.0,12.6,0.991,0.001,1100.2,246.4,43.3,3,0.52,0.18,0.482,158.7,0.9165902841429882,0.010416666666666666,552.5866398794576,1195.36,1.083536,0.13780379999999998
251215,Karjan,Karjan,22.053736,73.127378,30405.0,6473.0,0.0,0.0,28.63,2.3600000000000003,0,0.0,0.0,0,0,0,0.0,35.0,25.0,0.2,1.909,0.0,850.0,120.0,53.3,3,0.51,0.16,0.651,2583.1,0.4977600796416128,0.038461538461538464,292.1966311447233,19793.655000000002,1.5363600000000002,0.1863813
520999,Mandala,Dabhoi,22.082633,73.328643,3427.0,794.0,1782.0,1645.0,53.02,1.824,1,0.0,1.0,2,3,1,10.0,30.0,90.0,11.7,0.407,0.001,1084.0,244.8,47.7,3,0.49,0.15,0.522,231.4,1.9723865877712032,0.01098901098901099,770.4335465529496,1788.894,0.9521280000000001,0.2767644
520998,Parikha,Dabhoi,22.082741,73.291885,1131.0,253.0,586.0,545.0,48.28,1.698,1,0.0,1.0,2,2,0,15.0,25.0,90.0,0.2,1.065,0.001,850.0,120.0,32.7,2,0.5,0.14,0.424,61.5,0.8583690987124464,0.01098901098901099,411.6222760290557,479.544,0.7199519999999999,0.2047072
520973,Nada,Dabhoi,22.131256,73.375066,1826.0,462.0,967.0,859.0,52.52,1.749,1,1.0,1.0,0,3,1,5.0,35.0,90.0,11.7,3.692,0.05,1091.2,247.2,24.2,2,0.49,0.14,0.293,68.6,0.26371308016877637,0.01098901098901099,232.56606990622336,535.0179999999999,0.512457,0.15388359999999998
520979,Sejpura,Dabhoi,22.122262,73.298782,421.0,97.0,217.0,204.0,83.37,1.807,0,0.0,0.0,0,2,0,12.0,30.0,92.5,13.5,0.85,0.0,1080.4,243.2,45.4,3,0.5,0.14,0.487,26.3,1.0526315789473684,0.0106951871657754,584.0,205.027,0.8800089999999999,0.4060119
520982,Tharvasa,Dabhoi,22.112532,73.392616,731.0,151.0,385.0,346.0,38.99,2.15,1,1.0,1.0,0,3,0,3.0,45.0,92.5,11.7,2.08,0.0,1096.6,247.2,35.4,2,0.51,0.17,0.404,38.9,0.4587155963302752,0.0106951871657754,356.038961038961,295.324,0.8686,0.1575196
520981,Baripura,Dabhoi,22.112979,73.33336,720.0,168.0,371.0,349.0,30.83,1.856,1,0.0,1.0,0,2,0,9.0,27.0,95.0,12.6,0.745,0.001,1087.6,246.4,44.6,3,0.51,0.15,0.497,46.3,1.183431952662722,0.010416666666666666,623.2664756446991,357.84,0.922432,0.15322509999999998
520980,Vakhatpura,Dabhoi,22.115875,73.315005,180.0,47.0,91.0,89.0,38.89,0.994,1,1.0,1.0,0,1,0,11.0,30.0,87.5,11.25,0.444,0.001,1098.4,244.0,48.1,3,0.48,0.08,0.528,11.5,1.838235294117647,0.011299435028248588,760.6648199445984,95.04,0.5248320000000001,0.20533920000000003
520991,Habipura,Dabhoi,22.106409,73.353946,1688.0,373.0,891.0,797.0,34.95,1.724,1,0.0,1.0,0,3,0,6.0,36.0,100.0,11.7,0.516,0.0,1084.0,246.4,46.5,3,0.5,0.14,0.512,110.8,1.6233766233766234,0.009900990099009901,715.0395778364116,864.256,0.882688,0.17894400000000002
520978,Chhatral,Dabhoi,22.109304,73.290473,1170.0,260.0,610.0,560.0,38.21,2.135,1,0.0,1.0,2,2,1,15.0,45.0,92.5,12.15,0.123,0.0,1073.2,245.6,48.9,3,0.51,0.17,0.541,83.3,4.484304932735426,0.0106951871657754,955.6544968833482,632.97,1.155035,0.2067161
520977,Khanpur,Dabhoi,22.11699,73.276368,918.0,192.0,463.0,455.0,35.19,2.155,1,1.0,1.0,1,2,0,19.0,25.0,97.5,13.05,1.494,0.0,1082.2,245.6,39.3,3,0.51,0.17,0.445,53.8,0.6273525721455457,0.01015228426395939,433.92141138732967,408.51,0.9589749999999999,0.1565955
520994,Menpura,Dabhoi,22.106381,73.232355,1048.0,241.0,543.0,505.0,57.25,2.345,0,0.0,0.0,2,2,0,22.0,29.0,100.0,13.5,1.938,0.001,1116.4,248.0,36.8,3,0.52,0.19,0.416,58.4,0.4906771344455349,0.009900990099009901,379.98638529611986,435.96799999999996,0.97552,0.23815999999999998
520993,Kunvarpura,Dabhoi,22.102555,73.268697,482.0,109.0,250.0,232.0,16.8,1.668,1,1.0,0.0,1,0,0,20.0,32.0,92.5,12.6,1.298,0.001,1091.2,246.4,40.7,3,0.5,0.13,0.457,28.0,0.7153075822603719,0.0106951871657754,474.84769364664925,220.274,0.762276,0.07677600000000001
521128,Bamangam,Karjan,22.103873,73.192831,1884.0,418.0,951.0,933.0,21.76,2.599,1,1.0,1.0,1,3,1,9.0,25.0,92.5,12.15,0.66,0.0,1114.6,247.2,45.9,3,0.53,0.21,0.507,130.0,1.3157894736842106,0.0106951871657754,671.44578313253,955.188,1.3176930000000002,0.11032320000000001
519905,Samsabad,Vadodara Rural,22.120986,73.265597,801.0,180.0,439.0,362.0,39.08,1.298,1,1.0,1.0,1,2,0,21.0,21.0,97.5,13.05,2.616,0.0,1085.8,246.4,31.4,2,0.49,0.1,0.363,36.0,0.3681885125184094,0.01015228426395939,300.2765486725664,290.763,0.471174,0.1418604
520987,Navi Mangrol,Dabhoi,22.095945,73.471121,394.0,94.0,212.0,182.0,52.79,1.677,1,1.0,1.0,0,2,0,8.0,36.0,85.0,10.8,0.615,0.001,1084.0,246.4,48.5,3,0.5,0.13,0.531,26.6,1.3986013986013988,0.011627906976744186,671.2074303405573,209.214,0.890487,0.28031490000000003
521020,Manpur,Dabhoi,22.05,73.448552,371.0,92.0,186.0,185.0,30.19,1.995,0,0.0,0.0,0,2,0,14.0,48.0,87.5,11.25,0.109,0.0,1112.8,247.2,51.3,3,0.51,0.16,0.558,27.0,4.78468899521531,0.011299435028248588,1003.4265103697024,207.01800000000003,1.1132100000000003,0.1684602
521023,Akoti,Dabhoi,22.041523,73.490974,1091.0,225.0,552.0,539.0,34.1,2.178,1,1.0,0.0,0,3,0,10.0,40.0,97.5,13.05,1.888,0.002,1084.0,247.2,36.5,2,0.5,0.17,0.416,59.7,0.5030181086519114,0.01015228426395939,375.34626038781164,453.856,0.906048,0.141856
521001,Sitpur,Dabhoi,22.08057,73.471272,1813.0,415.0,920.0,893.0,47.05,1.923,1,1.0,0.0,0,3,1,8.0,43.0,90.0,11.7,0.805,0.001,1103.8,245.6,44.9,3,0.51,0.15,0.497,116.6,1.1049723756906078,0.01098901098901099,611.5235457063711,901.061,0.955731,0.23383849999999998
520989,Gamdi Kanayada,Dabhoi,22.095686,73.413239,981.0,201.0,505.0,476.0,25.69,2.266,1,0.0,1.0,0,2,0,5.0,40.0,92.5,12.15,0.214,0.001,1098.4,246.4,48.2,3,0.52,0.18,0.536,69.8,3.1847133757961785,0.0106951871657754,904.7775947281714,525.816,1.214576,0.13769840000000003
521003,Dharmapura,Dabhoi,22.085604,73.534557,338.0,79.0,169.0,169.0,18.93,2.449,0,0.0,0.0,0,3,0,17.0,49.0,90.0,11.7,0.708,0.001,1087.6,246.4,45.7,3,0.52,0.2,0.506,23.1,1.2376237623762376,0.01098901098901099,636.7681498829039,171.028,1.239194,0.0957858
521012,Vadaj,Dabhoi,22.075049,73.438367,2266.0,493.0,1148.0,1118.0,64.34,1.634,0,0.0,0.0,2,2,1,7.0,45.0,97.5,13.05,1.769,0.0,1102.0,246.4,37.7,3,0.5,0.13,0.424,122.1,0.5350454788657036,0.01015228426395939,397.97760924521486,960.784,0.692816,0.27280160000000003
521002,Bhilodiya,Dabhoi,22.079777,73.507412,1251.0,321.0,631.0,620.0,28.54,2.005,0,0.0,0.0,0,3,1,15.0,50.0,92.5,12.15,1.339,0.003,1096.6,245.6,40.4,3,0.51,0.16,0.456,74.4,0.6949270326615705,0.0106951871657754,468.83283454467716,570.456,0.91428,0.1301424
521000,Kanayada,Dabhoi,22.076657,73.405223,1421.0,266.0,687.0,734.0,31.53,3.769,0,0.0,0.0,0,2,0,5.0,40.0,100.0,13.5,1.893,0.001,1111.0,244.0,36.3,2,0.56,0.3,0.424,88.1,0.5017561465127948,0.009900990099009901,384.0304182509506,602.504,1.598056,0.1336872
521010,Chanwada,Dabhoi,22.064168,73.468113,1686.0,361.0,888.0,798.0,30.66,3.587,1,1.0,0.0,0,3,1,11.0,41.0,92.5,11.7,1.007,0.001,1100.2,245.6,42.5,3,0.56,0.29,0.486,118.9,0.903342366757001,0.0106951871657754,548.181365221724,819.396,1.743282,0.1490076
521004,Para,Dabhoi,22.072918,73.531128,211.0,53.0,111.0,100.0,54.5,1.192,0,0.0,0.0,0,2,0,16.0,48.0,90.0,11.7,0.009,0.002,1091.2,245.6,50.4,3,0.48,0.1,0.549,14.3,9.174311926605505,0.01098901098901099,1081.4667988107037,115.83900000000001,0.654408,0.29920500000000005
521006,Asgol,Dabhoi,22.064052,73.533433,352.0,84.0,186.0,166.0,17.05,1.66,0,0.0,0.0,0,2,1,17.0,49.0,90.0,10.8,0.834,0.002,1085.8,246.4,45.1,3,0.5,0.13,0.494,22.1,1.0706638115631693,0.01098901098901099,592.0392584514722,173.888,0.82004,0.08422700000000001
521007,Araniya,Dabhoi,22.058945,73.527337,417.0,98.0,231.0,186.0,34.29,1.976,1,0.0,1.0,0,2,0,15.0,47.0,87.5,11.25,0.537,0.002,1084.0,247.2,48.8,3,0.51,0.16,0.528,28.7,1.5698587127158556,0.011299435028248588,705.270006506181,220.17600000000002,1.043328,0.1810512
521013,Ten Talav,Dabhoi,22.049604,73.413979,3013.0,658.0,1562.0,1451.0,47.93,2.151,1,0.0,1.0,2,2,1,12.0,42.0,105.0,14.85,1.94,0.0,1109.2,245.6,36.7,3,0.51,0.17,0.413,163.8,0.49019607843137253,0.009433962264150943,377.2789115646259,1244.369,0.8883629999999999,0.19795089999999999
521009,Asodara,Dabhoi,22.048387,73.5033,746.0,158.0,371.0,375.0,90.62,1.122,1,1.0,0.0,2,2,0,15.0,47.0,90.0,11.7,1.521,0.003,1084.0,246.4,39.9,3,0.48,0.09,0.443,40.5,0.6169031462060457,0.01098901098901099,429.9880999603332,330.478,0.49704600000000004,0.4014466
521008,Nagdol,Dabhoi,22.053618,73.516519,557.0,132.0,280.0,277.0,64.63,1.982,1,1.0,0.0,0,2,0,17.0,49.0,87.5,11.25,0.371,0.002,1085.8,247.2,49.8,3,0.51,0.16,0.539,39.2,2.1231422505307855,0.011299435028248588,791.9766593727206,300.223,1.068298,0.3483557
521011,Ordi,Dabhoi,22.050937,73.459476,742.0,145.0,384.0,358.0,29.78,2.821,1,1.0,1.0,0,2,0,13.0,43.0,85.0,10.8,0.614,0.001,1091.2,245.6,48.6,3,0.53,0.23,0.536,55.0,1.400560224089636,0.011627906976744186,676.0842627013632,397.71200000000005,1.5120560000000003,0.1596208
521022,Paragam,Dabhoi,22.040225,73.47484,582.0,126.0,305.0,277.0,31.96,2.61,0,0.0,0.0,0,2,0,10.0,40.0,82.5,10.35,0.823,0.001,1096.6,247.2,48.3,3,0.53,0.21,0.533,42.2,1.0834236186348862,0.011976047904191617,601.5359297860668,310.206,1.39113,0.17034680000000002
521021,Rajpura,Dabhoi,22.034954,73.452827,759.0,165.0,395.0,364.0,38.21,2.59,1,1.0,1.0,1,2,1,17.0,57.0,90.0,10.8,0.936,0.001,1109.2,247.2,44.0,3,0.53,0.21,0.492,50.8,0.9652509652509652,0.01098901098901099,572.9338842975206,373.428,1.2742799999999999,0.1879932
521026,Gumanpura,Dabhoi,22.027967,73.466711,365.0,75.0,178.0,187.0,15.62,1.789,1,1.0,1.0,0,1,0,14.0,40.0,90.0,11.7,0.641,0.001,1075.0,246.4,46.1,3,0.5,0.14,0.508,23.8,1.349527665317139,0.01098901098901099,655.0883607556368,185.42000000000002,0.908812,0.0793496
521025,Bhumasiya,Dabhoi,22.029212,73.484929,427.0,88.0,225.0,202.0,59.72,3.991,0,0.0,0.0,0,2,0,15.0,45.0,92.5,12.15,0.439,0.001,1087.6,245.6,47.1,3,0.57,0.32,0.528,33.5,1.8552875695732838,0.0106951871657754,755.802640722724,225.45600000000002,2.1072480000000002,0.3153216
521024,Sompura,Dabhoi,22.025399,73.498561,581.0,131.0,299.0,282.0,26.16,2.728,0,0.0,0.0,0,2,0,12.0,42.0,97.5,12.15,0.865,0.0,1076.8,245.6,43.9,3,0.53,0.22,0.492,39.2,1.0362694300518136,0.01015228426395939,577.372654155496,285.852,1.342176,0.1287072
521030,Jesangpura,Dabhoi,22.019937,73.480743,102.0,24.0,53.0,49.0,100.0,0.343,0,0.0,0.0,0,2,0,12.0,42.0,92.5,12.15,0.578,0.0,1082.2,246.4,46.0,3,0.44,0.05,0.499,6.0,1.4749262536873158,0.0106951871657754,685.8048162230673,50.898,0.171157,0.499
521027,Sanor,Dabhoi,22.01772,73.454152,1258.0,296.0,654.0,604.0,39.9,1.972,1,0.0,1.0,0,2,1,23.0,58.0,110.0,15.3,1.511,0.001,1098.4,245.6,39.3,3,0.51,0.16,0.443,72.7,0.6207324643078833,0.009009009009009009,437.43528474711275,557.294,0.873596,0.176757
521031,Bhalodra,Dabhoi,22.010556,73.493043,657.0,137.0,342.0,315.0,57.69,1.413,1,1.0,0.0,0,2,0,25.0,60.0,97.5,13.05,0.735,0.0,1073.2,244.8,45.1,3,0.49,0.11,0.494,40.5,1.1976047904191618,0.01015228426395939,618.5590778097984,324.558,0.698022,0.2849886
521028,Mandva,Dabhoi,22.001965,73.434328,2792.0,627.0,1460.0,1332.0,29.12,2.405,1,1.0,0.0,0,3,0,20.0,50.0,95.0,13.05,1.832,0.0,1094.8,245.6,37.4,3,0.52,0.19,0.423,158.1,0.5175983436853001,0.010416666666666666,386.5819209039548,1181.016,1.017315,0.1231776
521033,Gamdi,Dabhoi,21.999967,73.472539,138.0,29.0,74.0,64.0,92.03,0.407,1,1.0,0.0,1,2,0,23.0,43.0,90.0,11.7,0.818,0.001,1084.0,247.2,45.1,3,0.46,0.05,0.49,8.0,1.0893246187363834,0.01098901098901099,596.2596259625963,67.62,0.19943,0.450947
521029,Fulwadi,Dabhoi,22.007016,73.452339,593.0,125.0,311.0,282.0,61.55,1.382,0,0.0,0.0,0,3,0,20.0,50.0,102.5,13.5,2.135,0.001,1098.4,245.6,34.9,2,0.49,0.11,0.397,29.4,0.447427293064877,0.00966183574879227,350.3668261562999,235.42100000000002,0.548654,0.24435349999999997
521034,Chandod,Dabhoi,21.991799,73.460127,3019.0,742.0,1530.0,1489.0,14.87,46.446,1,1.0,1.0,1,3,1,20.0,50.0,92.5,12.15,1.168,0.001,1085.8,247.2,42.5,3,0.85,0.75,0.519,308.5,0.7886435331230284,0.0106951871657754,500.830258302583,1566.861,24.105474,0.0771753
521219,Nana Karala,Sinor,22.018617,73.417563,1173.0,244.0,599.0,574.0,41.77,2.168,1,0.0,1.0,2,1,1,14.0,50.0,107.5,14.4,3.755,0.05,1096.6,246.4,23.6,2,0.52,0.17,0.288,44.5,0.2594033722438392,0.009216589861751152,230.6203995793901,337.82399999999996,0.624384,0.12029759999999999
521234,Satisana,Sinor,22.001769,73.406543,937.0,208.0,470.0,467.0,49.63,1.396,0,0.0,0.0,2,3,0,16.0,52.0,105.0,14.4,2.629,0.0,1098.4,245.6,31.7,2,0.49,0.11,0.362,42.4,0.36643459142543056,0.009433962264150943,302.67291264811246,339.194,0.5053519999999999,0.1796606
521032,Baglipura,Dabhoi,22.003732,73.504446,422.0,82.0,221.0,201.0,6.16,4.637,0,0.0,0.0,0,2,1,20.0,53.0,97.5,12.6,1.686,0.0,1078.6,245.6,37.9,3,0.59,0.37,0.443,28.8,0.5599104143337066,0.01015228426395939,401.56366344005954,186.946,2.054191,0.027288800000000002
520985,Bhimpura Kukad,Dabhoi,22.139255,73.508042,1347.0,319.0,711.0,636.0,54.86,2.026,0,0.0,0.0,0,2,0,10.0,40.0,87.5,11.25,0.469,0.001,1089.4,247.2,48.8,3,0.51,0.16,0.532,93.5,1.7574692442882252,0.011299435028248588,741.5929203539824,716.604,1.077832,0.2918552
520984,Karnet,Dabhoi,22.114336,73.484308,2044.0,415.0,1029.0,1015.0,74.02,2.668,0,0.0,0.0,0,1,1,8.0,40.0,87.5,11.25,0.694,0.001,1093.0,248.0,46.9,3,0.53,0.21,0.52,144.7,1.2594458438287155,0.011299435028248588,645.2184179456907,1062.88,1.3873600000000001,0.384904
520983,Boriyad,Dabhoi,22.120655,73.460479,1024.0,226.0,525.0,499.0,70.7,3.151,1,0.0,1.0,2,2,0,3.0,30.0,95.0,12.15,2.601,0.001,1100.2,245.6,31.7,2,0.54,0.25,0.372,53.6,0.3702332469455757,0.010416666666666666,305.52624271035825,380.928,1.172172,0.263004
520988,Dharmpuri,Dabhoi,22.10525,73.445468,1732.0,390.0,876.0,856.0,57.45,1.912,1,1.0,1.0,2,3,0,4.0,35.0,92.5,12.15,0.812,0.0,1116.4,244.8,44.5,3,0.51,0.15,0.492,110.2,1.0964912280701753,0.0106951871657754,616.1147902869758,852.144,0.940704,0.282654
520986,Juni Mangrol,Dabhoi,22.104319,73.475881,475.0,102.0,249.0,226.0,23.79,2.14,1,1.0,0.0,0,2,0,7.0,38.0,90.0,12.15,0.574,0.001,1093.0,247.2,46.5,3,0.51,0.17,0.514,32.1,1.483679525222552,0.01098901098901099,694.4091486658197,244.15,1.09996,0.1222806
251213,Dabhoi,Dabhoi,22.132821,73.43051,51240.0,10259.0,0.0,0.0,28.63,2.3600000000000003,0,0.0,0.0,0,0,0,0.0,35.0,92.5,12.15,2.806,0.0,1103.8,246.4,30.4,2,0.51,0.16,0.353,2360.4,0.3441156228492773,0.0106951871657754,290.01576458223855,18087.719999999998,0.83308,0.1010639
521017,Kayavarohan,Dabhoi,22.075851,73.250283,8409.0,1899.0,4370.0,4039.0,34.37,2.502,1,0.0,1.0,1,3,1,18.0,30.0,95.0,12.6,1.087,0.001,1100.2,248.0,43.1,3,0.52,0.2,0.476,540.4,0.8424599831508003,0.010416666666666666,527.1681839961668,4002.6839999999997,1.1909519999999998,0.16360119999999997
520995,Puniyad,Dabhoi,22.100616,73.213227,1544.0,322.0,806.0,738.0,34.72,2.792,1,1.0,1.0,2,2,1,13.0,22.0,97.5,13.05,0.73,0.001,1112.8,248.0,45.5,3,0.53,0.22,0.502,106.4,1.2048192771084338,0.01015228426395939,643.2369942196532,775.088,1.401584,0.17429440000000002
520992,Kothara,Dabhoi,22.101065,73.306994,824.0,185.0,427.0,397.0,60.44,1.93,0,0.0,0.0,0,2,0,15.0,32.0,92.5,11.7,0.783,0.001,1080.4,245.6,44.6,3,0.51,0.15,0.494,52.7,1.1325028312570782,0.0106951871657754,605.9450364554123,407.056,0.9534199999999999,0.29857359999999994
520990,Sathod,Dabhoi,22.088947,73.380113,3682.0,788.0,1898.0,1784.0,46.44,2.039,1,0.0,1.0,0,3,1,5.0,35.0,92.5,12.15,0.545,0.001,1089.4,245.6,45.6,3,0.51,0.16,0.511,245.5,1.5503875968992247,0.0106951871657754,705.1132686084144,1881.502,1.041929,0.2373084
520997,Sultanpura,Dabhoi,22.081722,73.275647,559.0,111.0,288.0,271.0,48.48,2.254,0,0.0,0.0,0,2,0,18.0,21.0,95.0,12.6,0.556,0.001,1087.6,248.0,46.1,3,0.52,0.18,0.513,38.1,1.524390243902439,0.010416666666666666,698.9717223650384,286.767,1.156302,0.2487024
520996,Fofaliya,Dabhoi,22.077858,73.207523,985.0,199.0,516.0,469.0,37.56,2.165,1,0.0,1.0,2,1,0,13.0,22.0,97.5,13.05,1.785,0.001,1125.4,248.8,38.4,3,0.51,0.17,0.426,55.2,0.5305039787798409,0.01015228426395939,404.09335727109516,419.61,0.9222899999999999,0.16000560000000003
521015,Pisai,Dabhoi,22.065104,73.353468,1396.0,326.0,710.0,686.0,44.48,2.053,0,0.0,0.0,1,2,0,12.0,44.0,97.5,12.6,1.804,0.0,1102.0,245.6,37.4,3,0.51,0.16,0.423,77.1,0.5252100840336134,0.01015228426395939,393.0099857346647,590.508,0.8684189999999999,0.1881504
521014,Shirola,Dabhoi,22.056849,73.383541,1599.0,356.0,845.0,754.0,23.7,2.596,1,1.0,0.0,2,3,0,9.0,42.0,100.0,13.5,0.738,0.0,1118.2,244.8,45.2,3,0.53,0.21,0.5,108.8,1.1933174224343677,0.009900990099009901,643.3831990794016,799.5,1.298,0.1185
521016,Karmal,Dabhoi,22.058746,73.302368,1401.0,333.0,745.0,656.0,47.39,3.052,1,0.0,1.0,2,2,1,14.0,40.0,92.5,12.15,1.473,0.0,1111.0,245.6,39.6,3,0.54,0.24,0.451,88.1,0.6357279084551811,0.0106951871657754,449.2519207440356,631.851,1.376452,0.2137289
521018,Lingsthali,Dabhoi,22.042229,73.252039,1935.0,447.0,1036.0,899.0,43.93,2.245,1,1.0,1.0,1,1,1,26.0,36.0,102.5,13.95,0.944,0.0,1107.4,248.0,44.5,3,0.52,0.18,0.486,124.8,0.9578544061302682,0.00966183574879227,569.6502057613169,940.41,1.09107,0.21349980000000002
521019,Bananj,Dabhoi,22.024348,73.233382,835.0,197.0,438.0,397.0,62.87,1.998,1,1.0,1.0,0,2,0,14.0,34.0,97.5,13.05,2.609,0.0,1100.2,248.0,32.5,2,0.51,0.16,0.368,40.1,0.36913990402362495,0.01015228426395939,304.84898863951236,307.28,0.735264,0.23136159999999997
521143,Dhanora,Karjan,22.081782,73.187754,741.0,162.0,365.0,376.0,29.28,2.301,1,1.0,0.0,1,2,0,8.0,34.0,95.0,12.6,1.787,0.001,1116.4,246.4,37.9,3,0.52,0.18,0.426,41.9,0.5299417064122947,0.010416666666666666,400.57409400789385,315.666,0.980226,0.1247328
521144,Gandhara,Karjan,22.053571,73.215055,1828.0,413.0,953.0,875.0,33.04,2.344,1,1.0,1.0,1,3,0,9.0,35.0,100.0,13.95,2.43,0.0,1103.8,248.8,33.5,2,0.52,0.19,0.382,93.5,0.39525691699604737,0.009900990099009901,321.80758017492707,698.296,0.895408,0.12621279999999999
521145,Ganpatpura,Karjan,22.055872,73.196843,1466.0,304.0,778.0,688.0,50.82,1.837,0,0.0,0.0,1,3,1,7.0,30.0,102.5,13.95,1.483,0.0,1111.0,248.8,40.3,3,0.51,0.15,0.447,84.8,0.6317119393556537,0.00966183574879227,447.4426097462746,655.302,0.821139,0.2271654
521156,Dhavat,Karjan,22.033506,73.18218,2340.0,539.0,1232.0,1108.0,47.44,1.84,1,1.0,0.0,1,3,0,6.0,40.0,100.0,13.5,1.587,0.001,1109.2,248.0,39.4,3,0.51,0.15,0.439,132.9,0.5927682276229994,0.009900990099009901,428.7591805179745,1027.26,0.80776,0.2082616
521157,Kurali,Karjan,22.024655,73.212051,1924.0,459.0,1005.0,919.0,59.56,3.255,1,1.0,1.0,1,3,1,10.0,40.0,102.5,13.95,3.849,0.05,1121.8,248.8,23.5,2,0.55,0.26,0.287,78.3,0.2532286654849329,0.00966183574879227,231.34666941637448,552.188,0.9341849999999999,0.17093719999999998
521158,Vemar,Karjan,22.001203,73.236051,2655.0,570.0,1348.0,1307.0,52.32,2.541,1,1.0,1.0,1,3,1,11.0,42.0,92.5,12.15,0.825,0.001,1093.0,249.6,44.6,3,0.53,0.2,0.496,177.8,1.0810810810810811,0.0106951871657754,598.9041095890411,1316.8799999999999,1.260336,0.2595072
521160,Kasampur,Karjan,22.010784,73.197272,601.0,143.0,319.0,282.0,56.41,1.247,1,1.0,0.0,1,1,0,12.0,40.0,102.5,14.4,2.555,0.001,1118.2,247.2,32.4,2,0.49,0.1,0.368,27.4,0.3766478342749529,0.00966183574879227,314.54289732770746,221.168,0.458896,0.20758879999999996
521159,Kothav,Karjan,22.000365,73.216065,998.0,198.0,518.0,480.0,33.07,1.976,0,0.0,0.0,1,2,0,10.0,39.0,107.5,14.85,1.8,0.001,1107.4,247.2,38.2,3,0.51,0.16,0.424,55.2,0.5263157894736842,0.009216589861751152,395.50000000000006,423.152,0.837824,0.1402168
521172,Nishaliya,Karjan,21.994476,73.203651,533.0,114.0,278.0,255.0,51.59,1.89,1,0.0,1.0,1,2,0,12.0,41.0,105.0,14.4,1.945,0.001,1105.6,247.2,36.9,3,0.51,0.15,0.414,28.5,0.48899755501222497,0.009433962264150943,375.41595925297105,220.66199999999998,0.7824599999999999,0.2135826
521171,Choranda,Karjan,21.988212,73.178437,3674.0,731.0,1901.0,1773.0,23.84,3.016,1,1.0,0.0,1,1,1,10.0,35.0,100.0,13.5,2.626,0.001,1103.8,248.8,31.9,2,0.54,0.24,0.371,190.1,0.36683785766691124,0.009900990099009901,304.41257584114726,1363.054,1.118936,0.0884464
521217,Sandha,Sinor,22.051567,73.333742,714.0,165.0,395.0,319.0,41.88,2.462,0,0.0,0.0,2,1,0,12.0,45.0,97.5,13.05,2.664,0.0,1094.8,246.4,31.4,2,0.52,0.2,0.365,35.2,0.361794500723589,0.01015228426395939,298.79912663755454,260.61,0.89863,0.152862
521218,Damnagar,Sinor,22.048448,73.35436,587.0,134.0,311.0,276.0,42.25,1.784,1,0.0,1.0,0,2,0,12.0,44.0,90.0,11.7,3.085,0.05,1093.0,245.6,28.3,2,0.5,0.14,0.336,25.3,0.3139717425431711,0.01098901098901099,267.56425948592414,197.232,0.5994240000000001,0.14196
521216,Garadi,Sinor,22.046886,73.313492,1223.0,242.0,642.0,581.0,12.76,3.227,0,0.0,0.0,2,2,0,10.0,45.0,97.5,13.05,2.705,0.0,1109.2,245.6,30.9,2,0.55,0.26,0.366,63.4,0.35650623885918004,0.01015228426395939,299.3792172739541,447.618,1.181082,0.046701599999999996
521215,Nana Habipura,Sinor,22.045817,73.288605,771.0,171.0,399.0,372.0,43.06,2.394,1,0.0,1.0,2,2,0,20.0,40.0,92.5,12.15,2.197,0.0,1103.8,248.8,34.9,2,0.52,0.19,0.398,41.1,0.4353504571179799,0.0106951871657754,345.26118235846104,306.858,0.9528120000000001,0.17137880000000003
521225,Achisara,Sinor,22.032329,73.319689,937.0,212.0,466.0,471.0,45.57,1.28,1,0.0,1.0,2,2,0,20.0,5.0,100.0,13.5,2.405,0.0,1111.0,246.4,33.1,2,0.49,0.1,0.378,43.8,0.3992015968063872,0.009900990099009901,326.2848751835536,354.186,0.48384,0.1722546
521222,Puniyad,Sinor,22.034808,73.362022,1426.0,343.0,731.0,695.0,45.65,2.088,1,0.0,1.0,2,1,0,13.0,45.0,92.5,12.15,1.594,0.0,1103.8,247.2,39.3,3,0.51,0.17,0.438,82.2,0.5903187721369539,0.0106951871657754,425.5204317656129,624.588,0.914544,0.19994699999999999
521221,Anandi,Sinor,22.027457,73.377876,1470.0,332.0,744.0,726.0,42.86,1.939,1,0.0,1.0,2,2,1,12.0,44.0,97.5,13.5,2.147,0.0,1096.6,245.6,35.2,2,0.51,0.16,0.399,76.5,0.44503782821539833,0.01015228426395939,348.45884969812516,586.5300000000001,0.773661,0.1710114
521223,Bhekhada,Sinor,22.034538,73.340775,572.0,139.0,299.0,273.0,53.15,2.846,0,0.0,0.0,2,1,1,16.0,51.0,105.0,14.4,2.361,0.0,1100.2,245.6,33.5,2,0.54,0.23,0.388,30.7,0.40633888663145057,0.009433962264150943,327.34305266289795,221.936,1.1042480000000001,0.206222
521214,Timbarva,Sinor,22.02638,73.271644,2047.0,504.0,1078.0,969.0,47.19,1.32,1,0.0,1.0,2,2,1,24.0,40.0,102.5,13.5,3.403,0.05,1107.4,247.2,25.9,2,0.49,0.11,0.309,79.0,0.28546959748786754,0.00966183574879227,251.51033386327504,632.523,0.40788,0.1458171
521224,Chhanbhoi,Sinor,22.018022,73.343451,817.0,203.0,432.0,385.0,62.79,1.559,1,0.0,1.0,2,1,0,16.0,45.0,92.5,12.15,0.842,0.0,1112.8,248.0,44.7,3,0.5,0.12,0.49,50.4,1.0615711252653928,0.0106951871657754,604.1259500542888,400.33,0.76391,0.30767100000000003
521231,Avakhal,Sinor,22.0029,73.3245,3162.0,753.0,1629.0,1533.0,45.51,2.353,0,0.0,0.0,2,3,1,19.0,48.0,92.5,12.15,0.371,0.001,1109.2,246.4,47.7,3,0.52,0.19,0.525,222.2,2.1231422505307855,0.0106951871657754,809.0444930707513,1660.0500000000002,1.2353250000000002,0.23892750000000001
521232,Malpur,Sinor,22.006701,73.353646,1179.0,246.0,612.0,567.0,46.99,2.557,1,0.0,1.0,2,3,0,18.0,45.0,102.5,13.95,0.713,0.0,1116.4,244.8,45.2,3,0.53,0.2,0.502,79.9,1.2300123001230012,0.00966183574879227,651.7221249270286,591.858,1.283614,0.2358898
521226,Tarva,Sinor,22.00933,73.267989,808.0,179.0,412.0,396.0,68.32,1.548,0,0.0,0.0,2,2,0,25.0,42.0,102.5,13.95,2.563,0.002,1107.4,248.0,32.3,2,0.5,0.12,0.369,37.6,0.37551633496057074,0.00966183574879227,310.8055009823183,298.152,0.571212,0.25210079999999996
521233,Segva,Sinor,22.006763,73.374721,1414.0,308.0,760.0,654.0,48.16,3.121,0,0.0,0.0,2,3,1,14.0,50.0,100.0,13.5,2.3,0.0,1111.0,246.4,33.9,2,0.54,0.25,0.393,78.1,0.4166666666666667,0.009900990099009901,336.6666666666667,555.702,1.226553,0.1892688
521230,Sadhli,Sinor,21.990856,73.297683,6269.0,1284.0,3234.0,3035.0,23.91,5.533,1,0.0,1.0,2,3,1,20.0,40.0,107.5,14.85,0.896,0.001,1111.0,249.6,44.7,3,0.62,0.44,0.505,512.9,1.0040160642570282,0.009216589861751152,585.9704641350211,3165.8450000000003,2.794165,0.1207455
521108,Sampla,Padra,22.092733,72.917623,1449.0,310.0,762.0,687.0,16.7,1.664,1,1.0,1.0,1,2,0,9.0,25.0,92.5,12.15,1.565,0.001,1098.4,247.2,40.1,3,0.5,0.13,0.439,80.9,0.6006006006006006,0.0106951871657754,428.22612085769987,636.111,0.7304959999999999,0.07331299999999999
521107,Shanpur,Padra,22.104415,72.950166,1367.0,277.0,707.0,660.0,11.85,2.639,0,0.0,0.0,1,2,0,16.0,50.0,92.5,12.15,0.232,0.0,1089.4,244.8,48.8,3,0.53,0.21,0.536,99.7,3.012048192771084,0.0106951871657754,884.2532467532468,732.712,1.414504,0.063516
521090,Kanzat,Padra,22.108455,72.889902,4659.0,1005.0,2435.0,2224.0,6.48,6.373,1,0.0,1.0,1,3,1,10.0,48.0,95.0,12.6,0.487,0.001,1093.0,247.2,48.1,3,0.62,0.51,0.532,421.1,1.7035775127768313,0.010416666666666666,735.0369872225958,2478.588,3.3904360000000002,0.03447360000000001
521110,Bhanpur,Padra,22.090872,72.938779,801.0,164.0,419.0,382.0,2.12,2.543,1,1.0,1.0,1,2,0,14.0,41.0,95.0,12.6,0.787,0.001,1102.0,245.6,45.3,3,0.53,0.2,0.497,53.7,1.1273957158962795,0.010416666666666666,616.6759932848349,398.097,1.263871,0.0105364
521111,Vanchhara,Padra,22.075925,72.949723,1460.0,315.0,782.0,678.0,34.86,1.7,1,1.0,1.0,1,2,1,18.0,4.0,95.0,12.6,0.364,0.001,1082.2,245.6,48.3,3,0.5,0.14,0.522,97.7,2.1551724137931036,0.010416666666666666,793.4017595307919,762.12,0.8874,0.18196920000000003
521109,Danoli,Padra,22.069706,72.919621,1017.0,232.0,554.0,463.0,9.14,2.11,1,0.0,1.0,1,2,0,12.0,48.0,92.5,12.15,2.303,0.001,1100.2,245.6,35.0,3,0.51,0.17,0.388,51.9,0.4161464835622139,0.0106951871657754,333.0911292764154,394.596,0.81868,0.03546320000000001
521118,Nedra,Padra,22.052913,72.928131,1030.0,226.0,516.0,514.0,39.42,1.876,1,1.0,0.0,1,2,0,18.0,50.0,95.0,12.6,0.564,0.001,1091.2,245.6,46.4,3,0.51,0.15,0.51,68.0,1.5060240963855422,0.010416666666666666,697.6982097186701,525.3,0.9567599999999999,0.201042
521227,Tinglod,Sinor,21.990449,73.25099,819.0,194.0,439.0,380.0,44.2,1.754,0,0.0,0.0,2,3,0,14.0,46.0,97.5,12.15,0.646,0.001,1102.0,248.8,45.8,3,0.5,0.14,0.504,52.9,1.3404825737265416,0.01015228426395939,669.501822600243,412.776,0.884016,0.222768
521122,Abhara,Karjan,22.088832,73.023087,1059.0,245.0,533.0,526.0,61.66,1.629,1,1.0,0.0,2,2,0,10.0,50.0,102.5,13.95,0.586,0.001,1102.0,246.4,45.9,3,0.5,0.13,0.507,68.3,1.457725947521866,0.00966183574879227,694.8297604035309,536.913,0.825903,0.31261619999999996
521142,Kandari,Karjan,22.080348,73.151713,4295.0,973.0,2231.0,2064.0,46.87,2.688,1,1.0,1.0,1,3,1,4.0,30.0,107.5,13.95,1.023,0.001,1109.2,246.4,43.5,3,0.53,0.22,0.481,283.5,0.8904719501335708,0.009216589861751152,548.2946119624321,2065.895,1.292928,0.22544469999999997
521132,Kurai,Karjan,22.077144,73.102052,1473.0,344.0,810.0,663.0,60.9,1.796,1,1.0,1.0,1,2,1,3.0,32.0,102.5,13.5,1.723,0.0,1096.6,245.6,38.3,3,0.5,0.14,0.427,80.7,0.5485463521667581,0.00966183574879227,402.71759089239805,628.971,0.766892,0.26004299999999997
521134,Handod,Karjan,22.074506,73.054631,2095.0,466.0,1083.0,1012.0,30.69,2.054,0,0.0,0.0,0,2,1,6.0,42.0,92.5,12.15,1.707,0.0,1105.6,246.4,38.6,3,0.51,0.16,0.43,117.6,0.5534034311012728,0.0106951871657754,408.4226080531954,900.85,0.8832199999999999,0.131967
521133,Khandha,Karjan,22.070567,73.073476,1362.0,259.0,694.0,668.0,23.42,1.694,1,1.0,1.0,0,2,0,4.0,38.0,92.5,12.6,1.451,0.0,1093.0,244.8,40.2,3,0.5,0.14,0.446,77.9,0.6447453255963893,0.0106951871657754,445.9404324765402,607.452,0.755524,0.10445320000000001
521136,Chorbhuj,Karjan,22.061192,73.010019,1128.0,254.0,586.0,542.0,28.99,1.332,1,0.0,1.0,1,2,0,12.0,50.0,92.5,12.6,1.545,0.001,1089.4,246.4,39.4,3,0.49,0.11,0.438,61.7,0.60790273556231,0.0106951871657754,428.0550098231828,494.064,0.583416,0.12697619999999998
521123,Sambhoi,Karjan,22.107029,73.03894,1257.0,253.0,651.0,606.0,32.22,1.765,1,1.0,0.0,1,2,0,12.0,45.0,100.0,12.6,0.375,0.001,1109.2,246.4,47.6,3,0.5,0.14,0.522,84.2,2.1052631578947367,0.009900990099009901,806.6909090909091,656.154,0.92133,0.1681884
521124,Surwada,Karjan,22.107989,73.055006,1382.0,299.0,715.0,667.0,23.44,2.838,0,0.0,0.0,1,2,0,9.0,42.0,92.5,13.05,0.719,0.001,1094.8,245.6,45.8,3,0.54,0.23,0.503,96.2,1.221001221001221,0.0106951871657754,636.8819080860966,695.146,1.427514,0.11790320000000001
521121,Virjai,Karjan,22.100334,73.001793,1738.0,397.0,906.0,832.0,29.92,1.647,1,1.0,0.0,2,2,1,11.0,60.0,92.5,12.15,1.105,0.001,1076.8,246.4,42.1,3,0.5,0.13,0.471,104.1,0.8298755186721991,0.0106951871657754,511.54394299287407,818.598,0.775737,0.1409232
521126,Pingalwada,Karjan,22.108714,73.097279,1508.0,359.0,771.0,737.0,31.83,1.926,1,1.0,0.0,1,3,1,8.0,40.0,92.5,12.15,0.653,0.001,1109.2,246.4,46.4,3,0.51,0.15,0.504,98.3,1.3280212483399734,0.0106951871657754,671.0223835450696,760.032,0.970704,0.1604232
521127,Harsunda,Karjan,22.10727,73.123008,463.0,105.0,239.0,224.0,58.53,2.74,1,1.0,0.0,1,2,0,7.0,40.0,95.0,12.6,0.231,0.001,1116.4,246.4,48.2,3,0.53,0.22,0.536,34.1,3.021148036253776,0.010416666666666666,906.9049553208773,248.168,1.4686400000000002,0.3137208
521125,Manpur,Karjan,22.098113,73.075975,1022.0,210.0,519.0,503.0,41.1,2.094,0,0.0,0.0,0,2,0,8.0,41.0,95.0,12.6,0.383,0.001,1091.2,245.6,48.5,3,0.51,0.17,0.522,70.2,2.070393374741201,0.010416666666666666,789.0093998553868,533.484,1.093068,0.21454200000000004
521131,Anastu,Karjan,22.086903,73.114773,1899.0,420.0,978.0,921.0,44.13,2.208,0,0.0,0.0,1,2,1,4.0,36.0,102.5,13.95,0.727,0.0,1132.6,246.4,46.2,3,0.52,0.18,0.5,126.0,1.2091898428053205,0.00966183574879227,655.819339895773,949.5,1.104,0.22065
521129,Manglej,Karjan,22.094203,73.173107,1297.0,276.0,679.0,618.0,45.1,2.362,0,0.0,0.0,1,3,0,8.0,32.0,90.0,11.7,0.02,0.001,1107.4,246.4,51.0,3,0.52,0.19,0.554,96.2,8.333333333333332,0.01098901098901099,1085.686274509804,718.538,1.3085480000000003,0.24985400000000002
521130,Kherda,Karjan,22.092915,73.136272,1211.0,221.0,599.0,612.0,17.34,2.533,1,1.0,0.0,1,2,0,6.0,40.0,95.0,12.6,0.651,0.001,1098.4,245.6,45.8,3,0.53,0.2,0.507,82.9,1.3315579227696406,0.010416666666666666,665.2937613567535,613.977,1.284231,0.0879138
521137,Umaj,Karjan,22.055899,72.964382,1167.0,245.0,614.0,553.0,34.53,2.185,1,1.0,0.0,1,2,1,16.0,50.0,92.5,12.15,1.217,0.001,1094.8,245.6,42.3,3,0.52,0.17,0.466,71.6,0.759301442672741,0.0106951871657754,493.8204781235904,543.822,1.01821,0.16090980000000002
521146,Vemardi,Karjan,22.052172,73.172982,1212.0,256.0,650.0,562.0,51.4,2.344,0,0.0,0.0,1,3,0,6.0,32.0,105.0,14.4,1.006,0.0,1123.6,246.4,43.5,3,0.52,0.19,0.481,78.0,0.9041591320072332,0.009433962264150943,560.1196410767695,582.972,1.1274639999999998,0.247234
521166,Mankan,Karjan,21.932658,73.069718,1792.0,335.0,930.0,862.0,25.22,4.87,1,1.0,0.0,1,2,0,2.0,65.0,100.0,13.5,1.228,0.001,1087.6,245.6,41.2,3,0.6,0.39,0.477,133.7,0.753012048192771,0.009900990099009901,488.1508078994614,854.784,2.32299,0.12029939999999999
521184,Sarupur Timbi,Karjan,21.929106,73.150558,768.0,158.0,402.0,366.0,45.57,2.279,1,1.0,1.0,1,2,0,19.0,55.0,102.5,13.95,0.274,0.001,1100.2,248.0,48.6,3,0.52,0.18,0.533,54.3,2.6737967914438503,0.00966183574879227,863.5792778649922,409.34400000000005,1.214707,0.24288810000000002
521183,Saniyad,Karjan,21.923933,73.173165,1228.0,259.0,630.0,598.0,60.02,1.785,0,0.0,0.0,0,1,1,7.0,55.0,95.0,12.6,1.516,0.001,1087.6,247.2,39.0,3,0.5,0.14,0.442,69.6,0.6188118811881188,0.010416666666666666,432.2734499205087,542.776,0.78897,0.26528840000000004
521163,Dethan,Karjan,21.977393,73.104835,2225.0,444.0,1139.0,1086.0,24.31,2.878,1,0.0,1.0,1,3,1,10.0,42.0,95.0,12.15,1.19,0.001,1080.4,246.4,41.5,3,0.54,0.23,0.471,145.0,0.7751937984496123,0.010416666666666666,493.33333333333337,1047.975,1.355538,0.11450009999999998
521164,Valan,Karjan,21.954884,73.075371,10182.0,1854.0,5232.0,4950.0,15.46,4.353,0,0.0,0.0,1,3,1,3.0,45.0,95.0,12.15,0.656,0.001,1096.6,247.2,45.4,3,0.58,0.35,0.515,796.4,1.3227513227513228,0.010416666666666666,662.1980676328501,5243.7300000000005,2.2417949999999998,0.07961900000000001
521169,Atali,Karjan,21.963404,73.147394,1222.0,262.0,632.0,590.0,35.52,1.711,1,0.0,1.0,1,2,0,10.0,45.0,97.5,13.05,3.145,0.05,1098.4,248.0,28.1,2,0.5,0.14,0.329,51.6,0.3081664098613251,0.01015228426395939,264.993968636912,402.038,0.5629190000000001,0.11686080000000001
521170,Bachar,Karjan,21.962801,73.17002,1253.0,252.0,622.0,631.0,28.57,2.021,1,1.0,1.0,1,2,1,20.0,60.0,100.0,13.05,1.028,0.001,1107.4,248.8,43.5,3,0.51,0.16,0.479,78.3,0.8865248226950354,0.009900990099009901,546.0552268244576,600.187,0.9680589999999999,0.1368503
521168,Kiya,Karjan,21.957047,73.121666,1410.0,273.0,721.0,689.0,22.91,1.502,1,1.0,1.0,0,2,0,5.0,42.0,95.0,12.6,2.098,0.001,1098.4,247.2,35.4,2,0.5,0.12,0.402,71.4,0.45495905368516837,0.010416666666666666,354.5513234344739,566.82,0.603804,0.0920982
521176,Urad,Karjan,21.941814,73.159467,1073.0,226.0,550.0,523.0,37.65,2.379,1,1.0,1.0,1,2,0,6.0,48.0,97.5,13.05,0.87,0.001,1105.6,248.0,44.3,3,0.52,0.19,0.491,70.5,1.0309278350515465,0.01015228426395939,591.2299465240641,526.843,1.168089,0.18486149999999998
521177,Koliyad,Karjan,21.927209,73.131173,2612.0,538.0,1364.0,1248.0,45.83,2.877,1,1.0,1.0,1,2,1,5.0,55.0,97.5,13.05,1.465,0.001,1102.0,248.0,40.3,3,0.54,0.23,0.452,163.4,0.6389776357827476,0.01015228426395939,447.05882352941177,1180.624,1.300404,0.2071516
521167,Divi,Karjan,21.933756,73.116397,844.0,162.0,457.0,387.0,38.51,1.967,0,0.0,0.0,1,2,0,4.0,45.0,95.0,12.6,2.596,0.001,1098.4,247.2,31.9,2,0.51,0.16,0.368,40.5,0.37091988130563797,0.010416666666666666,305.45050055617355,310.592,0.723856,0.1417168
521165,Mesrad,Karjan,21.930546,73.021135,2174.0,393.0,1119.0,1055.0,27.92,2.053,1,0.0,1.0,1,2,1,3.0,58.0,102.5,13.95,0.757,0.0,1109.2,245.6,45.0,3,0.51,0.16,0.496,140.7,1.1668611435239207,0.00966183574879227,631.3033579965851,1078.304,1.0182879999999999,0.1384832
521178,Sansrod,Karjan,21.912531,73.096947,5649.0,1129.0,2846.0,2803.0,26.87,6.068,1,1.0,0.0,1,3,1,6.0,65.0,100.0,13.95,1.492,0.001,1078.6,247.2,39.7,3,0.63,0.49,0.464,439.4,0.6281407035175879,0.009900990099009901,432.8250401284109,2621.136,2.815552,0.1246768
521182,Sanapura,Karjan,21.90548,73.145016,891.0,207.0,449.0,442.0,51.96,1.993,1,0.0,1.0,1,2,0,9.0,60.0,92.5,12.6,1.154,0.001,1089.4,247.2,42.3,3,0.51,0.16,0.469,54.5,0.7974481658692185,0.0106951871657754,505.7567316620242,417.87899999999996,0.934717,0.2436924
521181,Saring,Karjan,21.890801,73.129828,1731.0,385.0,909.0,822.0,41.19,1.947,1,1.0,1.0,1,2,0,14.0,58.0,97.5,13.05,1.773,0.001,1102.0,247.2,37.5,3,0.51,0.16,0.426,96.2,0.5339028296849974,0.01015228426395939,397.4035340786153,737.406,0.829422,0.1754694
521179,Haldarva,Karjan,21.896641,73.077939,2141.0,402.0,1085.0,1056.0,41.29,3.393,0,0.0,0.0,1,3,0,2.0,56.0,100.0,13.5,1.871,0.001,1089.4,247.2,37.1,3,0.55,0.27,0.425,130.0,0.5073566717402334,0.009900990099009901,379.4496691048416,909.925,1.442025,0.17548249999999999
521195,Karan,Karjan,21.89618,73.168278,703.0,151.0,374.0,329.0,39.4,1.538,1,0.0,1.0,1,2,0,11.0,62.0,95.0,12.6,2.119,0.0,1102.0,247.2,34.7,2,0.5,0.12,0.4,35.4,0.4506534474988733,0.010416666666666666,353.3183712728438,281.2,0.6152000000000001,0.1576
521180,Mantroj,Karjan,21.889077,73.10036,857.0,190.0,439.0,418.0,63.83,1.884,0,0.0,0.0,1,1,0,4.0,55.0,105.0,14.4,0.223,0.001,1087.6,246.4,48.6,3,0.51,0.15,0.534,59.2,3.095975232198142,0.009433962264150943,889.2886345053147,457.63800000000003,1.006056,0.3408522
521196,Pachhiyapura,Karjan,21.894566,73.156396,1144.0,254.0,603.0,541.0,29.11,1.692,0,0.0,0.0,1,2,1,8.0,54.0,97.5,13.05,1.024,0.001,1091.2,247.2,42.9,3,0.5,0.14,0.477,70.0,0.889679715302491,0.01015228426395939,539.1304347826087,545.688,0.8070839999999999,0.13885469999999997
521197,Delvada,Karjan,21.877363,73.14759,504.0,131.0,246.0,258.0,27.98,1.775,1,1.0,0.0,1,2,0,5.0,56.0,97.5,13.05,0.584,0.0,1102.0,248.8,45.8,3,0.5,0.14,0.508,32.8,1.4619883040935673,0.01015228426395939,695.7070707070707,256.032,0.9017,0.1421384
521199,Arjanpura,Karjan,21.867865,73.164557,368.0,75.0,182.0,186.0,15.49,3.041,0,0.0,0.0,0,2,0,11.0,61.0,97.5,13.05,1.078,0.001,1094.8,248.0,42.4,3,0.54,0.24,0.479,24.6,0.8488964346349744,0.01015228426395939,526.8527430221366,176.272,1.456639,0.0741971
521198,Somaj,Karjan,21.868243,73.149303,230.0,53.0,132.0,98.0,37.83,1.438,1,1.0,0.0,1,2,0,8.0,56.0,95.0,12.6,1.083,0.001,1111.0,247.2,44.1,3,0.49,0.12,0.471,13.6,0.8453085376162299,0.010416666666666666,533.3653384541526,108.33,0.677298,0.17817929999999998
521192,Samri,Karjan,21.935162,73.197469,1436.0,267.0,727.0,709.0,12.4,5.419,1,1.0,0.0,1,2,1,16.0,38.0,97.5,13.05,2.709,0.001,1118.2,248.0,31.3,2,0.61,0.43,0.376,86.9,0.35599857600569595,0.01015228426395939,301.48287948234025,539.936,2.037544,0.046624
521173,Methi,Karjan,21.973103,73.221783,1076.0,252.0,565.0,511.0,40.33,1.871,0,0.0,0.0,0,2,1,14.0,35.0,97.5,13.05,0.844,0.001,1102.0,250.4,44.9,3,0.51,0.15,0.492,68.5,1.0593220338983051,0.01015228426395939,597.6138828633406,529.3919999999999,0.920532,0.1984236
521174,Chhanchhva,Karjan,21.973599,73.197097,727.0,153.0,367.0,360.0,60.52,1.298,1,1.0,0.0,1,2,0,9.0,45.0,97.5,13.05,0.113,0.001,1102.0,248.8,50.5,3,0.49,0.1,0.54,48.6,4.694835680751173,0.01015228426395939,990.1168014375562,392.58000000000004,0.7009200000000001,0.32680800000000004
521175,Kala,Karjan,21.949247,73.1791,1323.0,253.0,669.0,654.0,15.42,3.5,1,0.0,1.0,1,2,0,20.0,42.0,92.5,13.05,0.367,0.001,1114.6,248.0,48.0,3,0.55,0.28,0.531,101.2,2.1413276231263385,0.0106951871657754,815.3621068032187,702.513,1.8585,0.0818802
521187,Simli,Karjan,21.952537,73.220691,1682.0,363.0,868.0,814.0,55.95,2.288,1,0.0,1.0,1,2,0,18.0,38.0,97.5,13.05,1.488,0.002,1102.0,247.2,40.1,3,0.52,0.18,0.447,99.8,0.6297229219143576,0.01015228426395939,442.9260450160772,751.854,1.0227359999999999,0.2500965
521186,Kanthariya,Karjan,21.947104,73.19995,574.0,137.0,304.0,270.0,45.12,1.421,1,1.0,0.0,1,2,0,20.0,45.0,100.0,13.5,2.212,0.001,1100.2,247.2,34.5,2,0.49,0.11,0.392,28.1,0.4325259515570934,0.009900990099009901,342.5280199252802,225.008,0.5570320000000001,0.1768704
521188,Kothiya,Karjan,21.943,73.238991,1072.0,249.0,568.0,504.0,27.61,2.325,1,1.0,1.0,0,2,0,22.0,50.0,102.5,13.95,0.843,0.001,1111.0,248.8,45.5,3,0.52,0.19,0.493,70.8,1.0604453870625663,0.00966183574879227,602.8214867064569,528.496,1.146225,0.1361173
521190,Deroli,Karjan,21.935378,73.221769,581.0,139.0,308.0,273.0,28.4,1.478,1,1.0,0.0,0,2,1,20.0,48.0,107.5,14.85,1.034,0.001,1087.6,249.6,43.3,3,0.49,0.12,0.476,34.8,0.8818342151675485,0.009216589861751152,534.7099311701081,276.556,0.7035279999999999,0.13518399999999997
521193,Samra,Karjan,21.918272,73.193568,936.0,191.0,481.0,455.0,24.89,1.498,1,1.0,0.0,0,2,0,19.0,40.0,97.5,13.05,3.06,0.05,1091.2,247.2,28.1,2,0.49,0.12,0.333,39.3,0.3164556962025316,0.01015228426395939,268.76847290640393,311.68800000000005,0.498834,0.0828837
521191,Fatepur,Karjan,21.918199,73.21762,668.0,146.0,342.0,326.0,55.39,1.403,1,1.0,1.0,0,2,0,20.0,55.0,97.5,13.95,0.678,0.001,1091.2,249.6,45.8,3,0.49,0.11,0.501,41.8,1.2853470437017995,0.01015228426395939,650.2979737783076,334.668,0.7029030000000001,0.2775039
521194,Sherpura,Karjan,21.905708,73.187584,238.0,50.0,119.0,119.0,66.39,1.46,0,0.0,0.0,0,2,0,15.0,65.0,92.5,12.15,3.651,0.05,1098.4,249.6,24.2,2,0.49,0.12,0.292,8.8,0.2665955745134631,0.0106951871657754,236.16426574930125,69.496,0.42632,0.1938588
521203,Kahona,Karjan,21.90302,73.210746,582.0,140.0,314.0,268.0,64.95,1.406,1,1.0,0.0,0,1,0,23.0,42.0,92.5,12.15,1.258,0.0,1091.2,250.4,41.4,3,0.49,0.11,0.46,33.4,0.7363770250368188,0.0106951871657754,483.25952170062004,267.72,0.64676,0.29877000000000004
521140,Kambola,Karjan,22.040465,73.053253,1244.0,311.0,620.0,624.0,53.54,1.296,0,0.0,0.0,1,2,0,8.0,43.0,92.5,12.15,1.748,0.0,1105.6,245.6,37.8,3,0.49,0.1,0.424,65.3,0.5411255411255411,0.0106951871657754,402.32896652110617,527.456,0.549504,0.22700959999999998
521202,Ropa,Karjan,21.890067,73.20414,729.0,156.0,377.0,352.0,60.22,3.878,1,0.0,1.0,0,2,0,20.0,55.0,100.0,13.5,1.983,0.0,1089.4,248.8,36.0,2,0.57,0.31,0.421,45.2,0.48007681228996635,0.009900990099009901,365.2028159570902,306.909,1.632638,0.2535262
521204,Hirjipura,Karjan,21.896063,73.215054,212.0,55.0,105.0,107.0,58.49,1.395,1,1.0,0.0,0,1,1,23.0,42.0,95.0,12.6,0.813,0.0,1100.2,249.6,44.4,3,0.49,0.11,0.491,13.0,1.095290251916758,0.010416666666666666,606.8394925537783,104.092,0.684945,0.2871859
521201,Rarod,Karjan,21.873413,73.196423,1335.0,313.0,686.0,649.0,53.26,1.943,0,0.0,0.0,0,2,1,8.0,65.0,87.5,11.25,3.436,0.05,1057.0,248.0,27.1,2,0.51,0.16,0.325,56.6,0.2828054298642534,0.011299435028248588,238.27772768259695,433.875,0.631475,0.173095
521200,Oz,Karjan,21.87564,73.180678,1616.0,341.0,824.0,792.0,46.35,1.758,0,0.0,0.0,1,2,0,12.0,62.0,95.0,12.6,2.402,0.0,1093.0,248.0,33.0,2,0.5,0.14,0.381,79.0,0.39968025579536365,0.010416666666666666,321.28159905937684,615.696,0.669798,0.17659350000000001
521205,Bakapur,Karjan,21.890455,73.218039,114.0,24.0,54.0,60.0,79.82,0.613,1,1.0,0.0,1,1,0,23.0,42.0,100.0,13.5,0.622,0.0,1094.8,240.8,52.9,4,0.47,0.05,0.498,6.7,1.3850415512465375,0.009900990099009901,674.9691738594328,56.772,0.305274,0.39750359999999996
521208,Malod,Karjan,21.875783,73.219811,587.0,115.0,314.0,273.0,13.63,3.413,1,0.0,1.0,0,1,0,20.0,55.0,100.0,13.5,1.277,0.0,1091.2,248.0,40.9,3,0.55,0.27,0.467,39.2,0.7262164124909223,0.009900990099009901,479.2270531400966,274.129,1.593871,0.0636521
521207,Sayar,Karjan,21.857272,73.234331,2364.0,491.0,1192.0,1172.0,16.07,2.926,1,1.0,0.0,1,2,0,15.0,67.0,100.0,13.5,1.034,0.001,1121.8,248.0,44.1,3,0.54,0.23,0.482,157.7,0.8818342151675485,0.009900990099009901,551.5240904621436,1139.4479999999999,1.410332,0.0774574
521209,Sagdol,Karjan,21.861315,73.214469,1022.0,231.0,521.0,501.0,55.77,2.044,0,0.0,0.0,1,2,0,15.0,70.0,95.0,12.6,2.723,0.0,1091.2,248.0,30.8,2,0.51,0.16,0.36,48.0,0.35423308537017356,0.010416666666666666,293.0969648133226,367.91999999999996,0.7358399999999999,0.20077200000000003
521210,Pura,Karjan,21.84658,73.185721,1149.0,239.0,608.0,541.0,48.74,2.082,1,1.0,0.0,0,2,0,16.0,76.0,102.5,14.4,1.525,0.0,1112.8,247.2,40.9,3,0.51,0.17,0.443,67.0,0.6153846153846154,0.00966183574879227,440.71287128712873,509.007,0.922326,0.2159182
521213,Nani Koral,Karjan,21.836794,73.222085,723.0,157.0,377.0,346.0,47.72,1.38,1,1.0,1.0,1,1,0,16.0,52.0,105.0,14.4,0.797,0.001,1094.8,245.6,45.6,3,0.49,0.11,0.49,44.2,1.1148272017837235,0.009433962264150943,609.2376182526432,354.27,0.6761999999999999,0.233828
521211,Moti Koral,Karjan,21.835705,73.206877,2809.0,602.0,1437.0,1372.0,7.19,4.168,1,1.0,0.0,0,2,1,15.0,78.0,100.0,13.5,0.955,0.001,1112.8,245.6,44.7,3,0.58,0.33,0.493,207.2,0.9478672985781991,0.009900990099009901,569.2071611253197,1384.837,2.054824,0.035446700000000005
521235,Mota Karala,Sinor,21.985864,73.394809,1932.0,460.0,998.0,934.0,72.15,2.128,0,0.0,0.0,2,2,1,15.0,52.0,102.5,13.95,3.118,0.05,1094.8,246.4,28.3,2,0.51,0.17,0.331,84.2,0.3107520198881293,0.00966183574879227,265.8572122389509,639.4920000000001,0.7043680000000001,0.23881650000000001
521236,Simli,Sinor,21.984892,73.361907,1695.0,377.0,902.0,793.0,61.06,2.008,0,0.0,0.0,2,3,1,18.0,52.0,97.5,13.5,1.356,0.0,1103.8,247.2,40.3,3,0.51,0.16,0.455,100.6,0.6868131868131867,0.01015228426395939,468.50594227504246,771.225,0.91364,0.27782300000000004
521229,Utraj,Sinor,21.982802,73.275034,1851.0,431.0,996.0,855.0,33.55,2.738,1,0.0,1.0,2,3,1,10.0,42.0,102.5,13.95,0.901,0.0,1096.6,249.6,44.1,3,0.53,0.22,0.491,124.7,0.9990009990009989,0.00966183574879227,576.8542872172541,908.841,1.344358,0.16473049999999997
521238,Tersa,Sinor,21.979599,73.329423,761.0,166.0,393.0,368.0,53.35,2.408,0,0.0,0.0,1,2,0,25.0,45.0,107.5,14.85,1.68,0.001,1100.2,247.2,38.6,3,0.52,0.19,0.434,44.2,0.5617977528089888,0.009216589861751152,410.52238805970154,330.274,1.045072,0.231539
521239,Manjrol,Sinor,21.958358,73.313963,1903.0,415.0,1004.0,899.0,29.16,2.068,1,0.0,1.0,0,2,0,28.0,45.0,97.5,13.05,0.228,0.0,1098.4,248.8,49.6,3,0.51,0.17,0.535,134.0,3.048780487804878,0.01015228426395939,894.4625407166125,1018.105,1.1063800000000001,0.15600600000000003
521237,Kukas,Sinor,21.968984,73.339508,1885.0,423.0,945.0,940.0,31.25,2.417,0,0.0,0.0,2,2,1,25.0,42.0,100.0,13.05,0.487,0.0,1103.8,248.0,46.5,3,0.52,0.19,0.518,130.7,1.7035775127768313,0.009900990099009901,742.2999327505042,976.4300000000001,1.252006,0.161875
521228,Bavaliya,Sinor,21.972337,73.245191,851.0,184.0,429.0,422.0,55.46,1.351,1,0.0,1.0,0,2,0,10.0,45.0,92.5,12.15,2.05,0.002,1094.8,248.8,35.6,2,0.49,0.11,0.404,42.9,0.46511627906976744,0.0106951871657754,358.95081967213116,343.80400000000003,0.5458040000000001,0.22405840000000002
521244,Mota Fofaliya,Sinor,21.962219,73.372037,2235.0,549.0,1191.0,1044.0,50.78,2.37,0,0.0,0.0,2,3,1,20.0,55.0,105.0,14.4,2.326,0.0,1100.2,244.0,33.4,2,0.52,0.19,0.387,115.8,0.4122011541632316,0.009433962264150943,330.78773301262777,864.945,0.9171900000000001,0.19651860000000002
521241,Diver,Sinor,21.948215,73.272071,1252.0,298.0,642.0,610.0,48.8,1.276,0,0.0,0.0,1,2,1,25.0,45.0,107.5,14.85,1.346,0.001,1087.6,250.4,40.7,3,0.49,0.1,0.454,70.3,0.6915629322268325,0.009216589861751152,463.5976129582267,568.408,0.579304,0.221552
521240,Mindhol,Sinor,21.952392,73.295069,1517.0,317.0,808.0,709.0,21.29,1.662,0,0.0,0.0,2,3,0,24.0,43.0,105.0,12.6,0.238,0.001,1085.8,249.6,48.8,3,0.5,0.13,0.533,102.8,2.958579881656805,0.009433962264150943,877.0597738287561,808.561,0.885846,0.1134757
521249,Kanjetha,Sinor,21.945834,73.354149,786.0,193.0,411.0,375.0,47.07,0.872,0,0.0,0.0,0,3,1,23.0,65.0,97.5,13.05,1.74,0.001,1091.2,246.4,38.0,3,0.48,0.07,0.423,40.0,0.5434782608695652,0.01015228426395939,398.24817518248176,332.478,0.36885599999999996,0.1991061
521253,Zanzad,Sinor,21.934401,73.397659,1418.0,362.0,751.0,667.0,43.58,1.682,0,0.0,0.0,1,2,1,23.0,60.0,105.0,14.4,1.923,0.0,1102.0,246.4,36.6,3,0.5,0.13,0.413,74.4,0.49431537320810676,0.009433962264150943,377.0099213137188,585.634,0.6946659999999999,0.1799854
521248,Ambali,Sinor,21.941445,73.383561,765.0,191.0,380.0,385.0,59.22,1.587,0,0.0,0.0,2,2,0,25.0,60.0,110.0,15.3,1.725,0.0,1103.8,245.6,37.5,3,0.5,0.13,0.427,41.5,0.547945205479452,0.009009009009009009,405.0642201834862,326.655,0.677649,0.25286939999999997
521243,Damapura,Sinor,21.938019,73.340071,692.0,159.0,362.0,330.0,42.34,1.524,0,0.0,0.0,0,3,0,24.0,60.0,102.5,13.95,2.048,0.001,1096.6,248.0,35.7,2,0.5,0.12,0.405,35.3,0.46554934823091243,0.00966183574879227,359.77690288713904,280.26,0.6172200000000001,0.17147700000000005
521242,Surasamal,Sinor,21.935182,73.299184,1982.0,407.0,994.0,988.0,32.19,1.787,0,0.0,0.0,2,3,0,25.0,48.0,95.0,12.6,1.372,0.0,1082.2,250.4,40.6,3,0.5,0.14,0.454,115.4,0.6793478260869564,0.010416666666666666,456.239460370995,899.828,0.811298,0.14614259999999998
521250,Sinor,Sinor,21.913786,73.32889,8041.0,1806.0,4135.0,3906.0,24.35,4.964,1,1.0,0.0,1,3,1,27.0,65.0,102.5,13.95,1.535,0.0,1102.0,250.4,39.4,3,0.6,0.4,0.457,578.8,0.6116207951070336,0.00966183574879227,434.71400394477314,3674.737,2.2685480000000005,0.11127950000000002
521251,Mandva,Sinor,21.916101,73.302506,1756.0,351.0,894.0,862.0,23.29,3.76,0,0.0,0.0,0,3,0,28.0,65.0,112.5,15.75,2.035,0.0,1089.4,248.0,35.5,2,0.56,0.3,0.415,106.6,0.46838407494145196,0.00881057268722467,358.9456342668863,728.74,1.5603999999999998,0.09665349999999999
521252,Malsar,Sinor,21.900312,73.310124,2284.0,564.0,1159.0,1125.0,46.23,2.827,1,1.0,0.0,1,2,1,32.0,63.0,117.5,16.2,1.418,0.0,1105.6,246.4,40.7,3,0.53,0.23,0.453,143.2,0.6587615283267457,0.008438818565400843,457.2373862696443,1034.652,1.280631,0.2094219
521139,Bodaka,Karjan,22.051885,73.042031,1292.0,291.0,664.0,628.0,31.81,2.091,1,1.0,0.0,0,2,0,12.0,47.0,97.5,13.05,0.945,0.0,1103.8,245.6,43.9,3,0.51,0.17,0.483,82.1,0.9569377990430623,0.01015228426395939,567.5064267352185,624.036,1.009953,0.15364229999999998
521148,Juni Jitharadi,Karjan,22.036119,73.142535,1417.0,328.0,731.0,686.0,45.31,3.499,1,1.0,0.0,1,3,1,3.0,7.0,105.0,14.4,1.564,0.001,1114.6,248.0,39.6,3,0.55,0.28,0.447,91.2,0.6009615384615384,0.009433962264150943,434.71138845553816,633.399,1.5640530000000001,0.2025357
521149,Miyagam,Karjan,22.024358,73.081515,5416.0,1106.0,2788.0,2628.0,9.47,2.49,1,0.0,1.0,1,3,1,3.0,45.0,95.0,12.6,1.155,0.001,1093.0,247.2,41.5,3,0.52,0.2,0.471,344.4,0.796812749003984,0.010416666666666666,507.1925754060324,2550.9359999999997,1.17279,0.0446037
521147,Navi Jithardi,Karjan,22.033466,73.159902,502.0,105.0,255.0,247.0,44.22,1.812,0,0.0,0.0,1,3,0,4.0,40.0,107.5,14.85,1.702,0.001,1112.8,247.2,38.8,3,0.5,0.14,0.429,27.6,0.5549389567147613,0.009216589861751152,411.8430792005922,215.358,0.777348,0.18970379999999998
521138,Sanpa,Karjan,22.034048,73.012524,2120.0,449.0,1082.0,1038.0,40.05,1.941,0,0.0,0.0,1,2,0,14.0,50.0,90.0,11.7,2.008,0.0,1096.6,246.4,37.1,3,0.51,0.16,0.413,114.3,0.47438330170777987,0.01098901098901099,364.56117021276594,875.56,0.8016329999999999,0.16540649999999998
521154,Bharthana,Karjan,22.010464,73.135645,1761.0,364.0,904.0,857.0,39.52,1.865,0,0.0,0.0,0,2,1,5.0,40.0,100.0,13.5,0.611,0.001,1098.4,247.2,46.5,3,0.51,0.15,0.507,115.5,1.4064697609001406,0.009900990099009901,681.8125387957791,892.827,0.945555,0.20036640000000003
521037,Karnali,Dabhoi,21.984619,73.497232,2084.0,470.0,1068.0,1016.0,47.36,1.857,1,1.0,1.0,0,2,1,22.0,56.0,90.0,11.7,1.338,0.001,1073.2,245.6,41.5,3,0.51,0.15,0.46,124.0,0.6954102920723226,0.01098901098901099,459.02480752780156,958.64,0.85422,0.21785600000000002
521035,Bhimpura,Dabhoi,21.987198,73.436545,232.0,63.0,125.0,107.0,84.05,0.847,1,1.0,0.0,0,2,0,22.0,56.0,95.0,13.05,0.197,0.0,1094.8,247.2,48.7,3,0.48,0.07,0.532,14.9,3.3670033670033663,0.010416666666666666,914.6198830409356,123.424,0.450604,0.44714600000000004
521036,Nanderiya,Dabhoi,21.977089,73.428682,554.0,132.0,297.0,257.0,32.49,1.063,1,1.0,0.0,0,2,0,22.0,57.0,102.5,13.95,0.922,0.0,1094.8,247.2,43.9,3,0.48,0.09,0.481,32.7,0.9784735812133072,0.00966183574879227,569.614984391259,266.474,0.511303,0.1562769
521245,Bithali,Sinor,21.968351,73.408341,1045.0,256.0,528.0,517.0,53.3,1.762,0,0.0,0.0,2,2,1,20.0,52.0,100.0,13.5,2.555,0.0,1107.4,244.8,32.4,2,0.5,0.14,0.369,49.5,0.3766478342749529,0.009900990099009901,311.5049226441632,385.605,0.650178,0.19667699999999996
521246,Dariapura,Sinor,21.961805,73.426855,315.0,80.0,177.0,138.0,62.54,1.312,0,0.0,0.0,0,2,0,15.0,56.0,107.5,14.85,1.315,0.0,1093.0,246.4,41.3,3,0.49,0.1,0.455,17.7,0.7067137809187279,0.009216589861751152,472.1382289416847,143.32500000000002,0.59696,0.284557
521247,Moletha,Sinor,21.942678,73.417418,1402.0,324.0,728.0,674.0,57.7,1.119,1,1.0,0.0,2,2,0,20.0,58.0,105.0,14.4,2.515,0.001,1075.0,248.0,32.5,2,0.48,0.09,0.37,63.6,0.3824091778202677,0.009433962264150943,305.8321479374111,518.74,0.41403,0.21349
521254,Barkal,Sinor,21.926138,73.414838,1896.0,466.0,986.0,910.0,54.27,3.286,1,0.0,1.0,1,0,1,25.0,56.0,115.0,16.2,1.342,0.001,1094.8,244.8,41.2,3,0.55,0.26,0.461,123.9,0.6934812760055478,0.008620689655172414,467.46370623398803,874.056,1.5148460000000001,0.25018470000000004
521150,Mangrol,Karjan,22.010746,73.042253,1485.0,316.0,785.0,700.0,45.05,1.672,0,0.0,0.0,0,3,0,9.0,47.0,95.0,12.6,0.767,0.001,1100.2,247.2,44.9,3,0.5,0.13,0.495,93.4,1.1534025374855825,0.010416666666666666,622.6372382569327,735.075,0.8276399999999999,0.2229975
521153,Vadava,Karjan,22.016245,73.117332,63.0,19.0,33.0,30.0,68.25,0.223,1,0.0,1.0,0,2,0,5.0,40.0,97.5,13.05,0.611,0.001,1102.0,247.2,45.9,3,0.46,0.05,0.5,3.7,1.4064697609001406,0.01015228426395939,684.0471756672874,31.5,0.1115,0.34125
521155,Bharthali,Karjan,22.012236,73.158012,697.0,158.0,355.0,342.0,58.97,1.636,1,0.0,1.0,0,2,0,4.0,40.0,102.5,13.95,0.26,0.001,1109.2,247.2,49.7,3,0.5,0.13,0.53,47.0,2.7777777777777777,0.00966183574879227,880.3174603174604,369.41,0.86708,0.312541
521161,Sandarna,Karjan,22.009674,73.171879,621.0,138.0,327.0,294.0,52.5,2.326,1,0.0,1.0,1,2,0,8.0,35.0,107.5,14.85,0.632,0.001,1118.2,246.4,45.8,3,0.52,0.19,0.507,42.2,1.366120218579235,0.009216589861751152,685.1715686274509,314.847,1.179282,0.266175
521053,Majatan,Padra,22.200015,72.946778,3288.0,629.0,1704.0,1584.0,1.61,7.195,1,0.0,1.0,1,2,0,17.0,42.0,100.0,13.5,1.851,0.0,1116.4,244.0,37.8,3,0.66,0.58,0.442,258.3,0.5125576627370579,0.009900990099009901,391.5819010873378,1453.296,3.18019,0.0071162
521068,Sandha,Padra,22.195533,72.9519,2600.0,531.0,1349.0,1251.0,0.96,7.715,1,0.0,1.0,1,2,0,16.0,45.0,97.5,13.05,1.412,0.0,1100.2,243.2,40.9,3,0.68,0.62,0.475,225.1,0.6613756613756614,0.01015228426395939,456.1359867330017,1235.0,3.6646249999999996,0.00456
521051,Dudhwada,Padra,22.188995,72.88756,1854.0,460.0,1001.0,853.0,17.96,3.02,1,0.0,1.0,1,2,1,26.0,46.0,90.0,11.7,1.525,0.001,1085.8,244.8,39.6,3,0.54,0.24,0.451,116.6,0.6153846153846154,0.01098901098901099,430.019801980198,836.154,1.36202,0.0809996
521069,Chitral,Padra,22.181074,72.94459,1728.0,351.0,885.0,843.0,4.34,4.645,0,0.0,0.0,1,1,1,19.0,35.0,105.0,14.4,0.343,0.001,1112.8,243.2,48.9,3,0.59,0.37,0.536,142.8,2.257336343115124,0.009433962264150943,828.5927029039464,926.2080000000001,2.4897199999999997,0.023262400000000003
521073,Gavasad,Padra,22.157491,72.945741,3613.0,780.0,1886.0,1727.0,9.38,3.815,1,0.0,1.0,1,3,1,18.0,35.0,95.0,12.6,0.205,0.001,1102.0,246.4,49.7,3,0.56,0.31,0.543,289.1,3.278688524590164,0.010416666666666666,914.5228215767635,1961.8590000000002,2.071545,0.05093340000000001
521070,Brahmanvasi,Padra,22.156645,72.87854,2175.0,430.0,1146.0,1029.0,5.24,3.68,1,0.0,1.0,1,2,0,10.0,46.0,95.0,12.6,1.139,0.001,1084.0,245.6,42.6,3,0.56,0.29,0.477,150.6,0.8071025020177562,0.010416666666666666,506.778868630201,1037.475,1.75536,0.0249948
521072,Gametha,Padra,22.158279,72.921893,3759.0,762.0,1967.0,1792.0,2.08,10.959,1,0.0,1.0,1,2,0,18.0,38.0,95.0,12.6,2.255,0.002,1093.0,246.4,34.3,2,0.78,0.75,0.432,319.7,0.42462845010615713,0.010416666666666666,335.7910906298003,1623.888,4.734287999999999,0.0089856
521071,Masar,Padra,22.138,72.902181,3552.0,764.0,1833.0,1719.0,11.97,2.61,1,0.0,1.0,1,3,1,13.0,45.0,92.5,12.15,0.556,0.001,1080.4,232.8,49.7,4,0.53,0.21,0.508,245.6,1.524390243902439,0.0106951871657754,694.3444730077122,1804.416,1.32588,0.0608076
521089,Kural,Padra,22.135169,72.92693,2659.0,569.0,1416.0,1243.0,11.36,4.731,1,0.0,1.0,1,3,0,15.0,38.0,95.0,12.6,2.358,0.001,1091.2,244.8,33.4,2,0.59,0.38,0.396,163.5,0.4068348250610252,0.010416666666666666,324.95533055390115,1052.964,1.8734760000000001,0.0449856
521092,Pindapa,Padra,22.118469,72.939888,1572.0,302.0,828.0,744.0,3.31,2.278,1,1.0,1.0,1,2,0,15.0,40.0,97.5,13.05,1.529,0.001,1103.8,244.8,41.8,3,0.52,0.18,0.443,92.4,0.6138735420503376,0.01015228426395939,436.4570976670621,696.396,1.009154,0.014663299999999999
521091,Abhor,Padra,22.113757,72.911893,2304.0,472.0,1193.0,1111.0,8.2,3.076,1,0.0,1.0,1,3,1,13.0,36.0,92.5,12.15,0.455,0.001,1085.8,247.2,47.8,3,0.53,0.25,0.521,168.8,1.8018018018018016,0.0106951871657754,746.254295532646,1200.384,1.6025960000000001,0.042721999999999996
521038,Mahmadpura,Padra,22.291407,72.940406,1481.0,323.0,793.0,688.0,1.35,1.438,1,1.0,0.0,1,2,0,18.0,40.0,90.0,11.7,0.774,0.001,1138.0,228.0,59.2,5,0.49,0.12,0.489,91.3,1.1441647597254005,0.01098901098901099,641.488162344983,724.209,0.703182,0.006601500000000001
521047,Dabka,Padra,22.256706,72.942834,7345.0,1545.0,3963.0,3382.0,3.38,3.854,1,1.0,0.0,1,2,1,15.0,35.0,90.0,11.7,0.766,0.001,1112.8,241.6,46.1,3,0.57,0.31,0.507,548.8,1.1547344110854503,0.01098901098901099,630.1245753114382,3723.915,1.953978,0.0171366
521046,Sultanpura,Padra,22.262225,72.953614,892.0,167.0,462.0,430.0,3.48,2.983,1,1.0,1.0,1,2,0,17.0,37.0,85.0,11.25,0.158,0.001,1096.6,232.8,61.3,5,0.51,0.24,0.559,69.6,3.875968992248062,0.011627906976744186,946.9775474956822,498.62800000000004,1.6674970000000002,0.0194532
521050,Tithor,Padra,22.236859,72.879837,4916.0,1078.0,2630.0,2286.0,2.2,1.997,1,1.0,0.0,1,1,1,28.0,50.0,25.0,0.2,4.786,0.05,850.0,120.0,35.1,2,0.51,0.16,0.452,290.0,0.20466639377814166,0.038461538461538464,146.90632561354997,2222.032,0.9026440000000001,0.009944000000000001
521048,Pavda,Padra,22.236162,72.947623,2113.0,453.0,1130.0,983.0,0.0,3.753,1,1.0,1.0,1,2,0,16.0,34.0,97.5,13.05,1.983,0.001,1091.2,248.8,36.0,2,0.56,0.3,0.419,129.5,0.48007681228996635,0.01015228426395939,365.8062353335568,885.347,1.5725069999999999,0.0
521049,Chokari,Padra,22.224893,72.932033,8884.0,1811.0,4706.0,4178.0,2.45,6.438,1,1.0,1.0,1,1,1,22.0,50.0,97.5,13.05,2.802,0.0,1084.0,248.8,30.4,2,0.64,0.52,0.374,568.2,0.34458993797381116,0.01015228426395939,285.1130983692793,3322.616,2.407812,0.009163000000000001
521052,Karkhadi,Padra,22.211761,72.909747,4791.0,1100.0,2511.0,2280.0,9.41,2.886,1,1.0,1.0,1,2,1,24.0,44.0,92.5,12.15,3.811,0.05,1085.8,246.4,23.2,2,0.54,0.23,0.287,190.3,0.25568908207619534,0.0106951871657754,225.69112450633963,1375.0169999999998,0.828282,0.027006699999999998
521066,Vadu,Padra,22.209616,72.986248,9626.0,1916.0,5027.0,4599.0,3.66,11.014,0,0.0,0.0,1,3,1,12.0,29.0,97.5,13.05,2.512,0.0,1075.0,244.8,32.4,2,0.78,0.75,0.414,784.6,0.3828483920367534,0.01015228426395939,306.09339407744875,3985.1639999999998,4.5597959999999995,0.0151524
521082,Chansad,Padra,22.205561,73.144045,2775.0,634.0,1438.0,1337.0,39.93,1.603,1,1.0,1.0,1,2,1,7.0,24.0,90.0,11.7,1.688,0.001,1076.8,245.6,38.5,3,0.5,0.13,0.434,153.1,0.5592841163310962,0.01098901098901099,400.59523809523813,1204.35,0.6957019999999999,0.17329619999999998
521064,Ranu,Padra,22.211772,73.031885,6092.0,1188.0,3208.0,2884.0,8.54,7.1,0,0.0,0.0,1,2,1,7.0,24.0,100.0,14.4,1.002,0.0,1085.8,247.2,43.8,3,0.66,0.57,0.502,540.2,0.9074410163339383,0.009900990099009901,542.3576423576424,3058.184,3.5642,0.042870799999999994
521065,Bhoj,Padra,22.193754,73.008189,7072.0,1403.0,3658.0,3414.0,4.19,6.134,1,1.0,0.0,1,2,1,14.0,34.0,90.0,11.7,1.839,0.001,1103.8,247.2,38.0,3,0.63,0.49,0.444,526.3,0.5157297576070139,0.01098901098901099,388.79887284255017,3139.968,2.7234960000000004,0.018603600000000005
521079,Sejakuva,Padra,22.198411,73.068203,2343.0,512.0,1212.0,1131.0,24.93,6.332,1,0.0,1.0,1,2,1,5.0,22.0,85.0,12.15,1.441,0.001,1093.0,244.8,43.1,3,0.64,0.51,0.494,196.6,0.6489292667099286,0.011627906976744186,447.76730848013113,1157.442,3.128008,0.12315419999999999
521078,Pipli,Padra,22.2017,73.053223,2046.0,406.0,1051.0,995.0,11.49,5.115,1,0.0,1.0,1,1,0,7.0,22.0,95.0,12.15,1.373,0.001,1091.2,246.4,40.8,3,0.6,0.41,0.467,151.6,0.678886625933469,0.010416666666666666,459.83986514959963,955.4820000000001,2.3887050000000003,0.053658300000000006
521081,Sareja,Padra,22.203683,73.113123,10.0,2.0,6.0,4.0,100.0,0.053,0,0.0,0.0,1,0,0,4.0,22.0,92.5,12.15,0.151,0.001,1084.0,244.8,48.4,3,0.45,0.05,0.529,0.6,3.9840637450199203,0.0106951871657754,941.789748045178,5.29,0.028037,0.529
521080,Goriyad,Padra,22.196894,73.091538,1943.0,429.0,1003.0,940.0,16.16,3.164,1,0.0,1.0,1,3,1,4.0,20.0,87.5,11.25,0.641,0.001,1085.8,244.8,47.0,3,0.54,0.25,0.524,143.2,1.349527665317139,0.011299435028248588,661.6697135892748,1018.1320000000001,1.657936,0.0846784
521067,Vishrampura,Padra,22.193413,72.967121,2997.0,606.0,1538.0,1459.0,2.64,12.753,1,0.0,1.0,1,2,1,15.0,35.0,90.0,11.7,1.694,0.0,1094.8,243.2,39.2,3,0.83,0.75,0.482,284.4,0.5574136008918618,0.01098901098901099,406.38455827765404,1444.5539999999999,6.146946,0.0127248
521083,Madapur,Padra,22.186936,73.111059,865.0,182.0,447.0,418.0,24.86,2.912,1,0.0,1.0,1,2,0,5.0,20.0,92.5,12.15,0.793,0.001,1076.8,246.4,44.0,3,0.54,0.23,0.499,59.7,1.1198208286674132,0.0106951871657754,600.5577244841048,431.635,1.453088,0.12405139999999999
521076,Karnakuva,Padra,22.187439,72.979074,1289.0,283.0,667.0,622.0,8.69,8.425,0,0.0,0.0,1,3,0,14.0,34.0,95.0,13.05,0.685,0.0,1096.6,245.6,46.2,3,0.7,0.67,0.53,128.4,1.2738853503184713,0.010416666666666666,650.8011869436201,683.1700000000001,4.46525,0.046057
521077,Vadadla,Padra,22.188515,73.028952,927.0,180.0,478.0,449.0,12.94,3.511,1,1.0,1.0,1,2,0,9.0,25.0,90.0,11.7,0.667,0.0,1093.0,246.4,46.4,3,0.56,0.28,0.515,68.7,1.303780964797914,0.01098901098901099,655.6688662267546,477.40500000000003,1.808165,0.06664099999999999
521085,Sadhi,Padra,22.161574,73.052519,3794.0,819.0,2007.0,1787.0,18.5,2.71,1,0.0,1.0,1,2,1,7.0,22.0,92.5,12.15,1.016,0.001,1084.0,246.4,42.9,3,0.53,0.22,0.481,250.5,0.8960573476702508,0.0106951871657754,537.6984126984127,1824.914,1.30351,0.088985
521084,Amla,Padra,22.163586,73.07259,2129.0,449.0,1063.0,1066.0,11.65,2.083,1,0.0,1.0,1,2,1,7.0,23.0,85.0,10.8,1.323,0.001,1082.2,244.8,43.4,3,0.51,0.17,0.483,135.4,0.7027406886858749,0.011627906976744186,465.8631080499355,1028.307,1.006089,0.0562695
521098,Saras Vani,Padra,22.172324,73.097141,2305.0,511.0,1195.0,1110.0,28.37,2.115,1,0.0,1.0,1,3,1,7.0,22.0,90.0,11.7,0.645,0.001,1073.2,246.4,45.5,3,0.51,0.17,0.509,154.4,1.342281879194631,0.01098901098901099,652.4012158054711,1173.2450000000001,1.076535,0.1444033
521074,Lola,Padra,22.177699,72.962268,1535.0,270.0,805.0,730.0,1.69,12.792,1,0.0,1.0,1,2,0,17.0,35.0,92.5,13.05,0.853,0.001,1105.6,245.6,44.8,3,0.83,0.75,0.538,162.6,1.0493179433368311,0.0106951871657754,596.6540744738262,825.83,6.882096000000001,0.0090922
521099,Shihor,Padra,22.173503,73.125801,915.0,184.0,477.0,438.0,28.63,1.993,1,1.0,1.0,1,2,0,6.0,18.0,92.5,12.15,0.053,0.001,1100.2,245.6,49.2,3,0.51,0.16,0.546,65.2,6.5359477124183005,0.0106951871657754,1044.8243114909783,499.59000000000003,1.088178,0.1563198
521075,Muval,Padra,22.170072,72.975278,4164.0,903.0,2177.0,1987.0,10.16,5.332,1,0.0,1.0,1,2,0,16.0,32.0,95.0,12.6,0.673,0.001,1078.6,245.6,45.5,3,0.61,0.43,0.517,346.3,1.2936610608020698,0.010416666666666666,644.7101016138672,2152.788,2.756644,0.052527199999999996
521086,Anti,Padra,22.165322,73.0332,5055.0,837.0,2602.0,2453.0,5.48,5.857,1,0.0,1.0,1,2,0,9.0,30.0,90.0,12.15,0.112,0.001,1094.8,246.4,51.3,3,0.63,0.47,0.564,471.5,4.716981132075471,0.01098901098901099,984.5323741007193,2851.0199999999995,3.3033479999999997,0.0309072
521087,Rajupura,Padra,22.168519,73.012009,1185.0,277.0,612.0,573.0,8.86,4.593,1,0.0,1.0,1,0,0,20.0,35.0,87.5,12.15,1.985,0.001,1091.2,245.6,38.7,3,0.59,0.37,0.438,80.0,0.47961630695443647,0.011299435028248588,365.5611390284757,519.03,2.011734,0.0388068
521088,Jalalpur,Padra,22.161426,72.996259,2069.0,434.0,1064.0,1005.0,9.57,4.857,1,1.0,1.0,1,2,1,15.0,33.0,92.5,11.7,2.464,0.0,1085.8,245.6,32.8,2,0.6,0.39,0.39,126.2,0.39001560062402496,0.0106951871657754,313.4526558891455,806.9100000000001,1.89423,0.037323
521100,Thikariya Mubarak,Padra,22.156815,73.117238,425.0,90.0,227.0,198.0,35.29,2.56,1,1.0,1.0,1,2,0,6.0,18.0,92.5,12.15,0.157,0.002,1091.2,245.6,48.7,3,0.53,0.2,0.541,31.0,3.8910505836575875,0.0106951871657754,943.1287813310286,229.925,1.3849600000000002,0.1909189
521096,Ambada,Padra,22.148851,73.018604,1021.0,244.0,561.0,460.0,11.85,1.34,1,0.0,1.0,1,2,1,14.0,20.0,92.5,11.7,2.156,0.001,1075.0,244.8,35.8,3,0.49,0.11,0.395,50.4,0.4432624113475177,0.0106951871657754,340.6210392902408,403.295,0.5293000000000001,0.0468075
521101,Virpur,Padra,22.145269,73.103502,310.0,71.0,168.0,142.0,34.19,1.065,1,1.0,1.0,1,3,0,10.0,30.0,97.5,13.05,0.008,0.001,1102.0,244.0,49.6,3,0.48,0.09,0.544,20.7,9.259259259259258,0.01015228426395939,1093.2539682539682,168.64000000000001,0.57936,0.1859936
521095,Kalyankui,Padra,22.14601,73.000385,627.0,141.0,326.0,301.0,11.0,2.93,1,1.0,1.0,1,2,0,15.0,15.0,90.0,11.7,2.51,0.0,1094.8,244.8,33.2,2,0.54,0.23,0.382,33.1,0.3831417624521073,0.01098901098901099,311.9088319088319,239.514,1.1192600000000001,0.04202
521093,Mobha,Padra,22.132009,72.969914,4796.0,973.0,2481.0,2315.0,3.98,3.609,1,0.0,1.0,1,2,1,22.0,38.0,92.5,12.15,1.41,0.001,1084.0,245.6,40.4,3,0.56,0.29,0.458,318.8,0.6622516556291391,0.0106951871657754,449.79253112033194,2196.568,1.652922,0.018228400000000002
521104,Bhadari,Padra,22.131602,73.046963,1111.0,217.0,554.0,557.0,19.71,2.971,1,0.0,1.0,1,1,0,14.0,28.0,90.0,11.7,0.537,0.001,1087.6,246.4,47.2,3,0.54,0.24,0.521,80.7,1.5698587127158556,0.01098901098901099,707.612231620039,578.831,1.5478910000000001,0.1026891
521094,Sadra,Padra,22.129314,72.989277,2275.0,465.0,1201.0,1074.0,6.55,2.902,1,1.0,1.0,1,2,0,23.0,32.0,92.5,12.15,1.529,0.0,1085.8,244.0,39.8,3,0.54,0.23,0.446,140.4,0.6138735420503376,0.0106951871657754,429.33965994464216,1014.65,1.294292,0.029213000000000003
521102,Medhad,Padra,22.130513,73.090522,695.0,147.0,378.0,317.0,62.16,1.651,1,1.0,0.0,1,3,0,10.0,30.0,95.0,12.6,0.097,0.002,1116.4,246.4,50.5,3,0.5,0.13,0.541,47.8,5.0761421319796955,0.010416666666666666,1017.6845943482225,375.995,0.8931910000000001,0.33628559999999996
521105,Gayapura,Padra,22.128234,73.022714,581.0,139.0,308.0,273.0,10.84,2.979,0,0.0,0.0,1,1,0,10.0,26.0,97.5,13.05,0.632,0.001,1078.6,244.0,45.7,3,0.54,0.24,0.509,41.3,1.366120218579235,0.01015228426395939,660.9068627450979,295.729,1.516311,0.0551756
521103,Husepur,Padra,22.125176,73.075912,709.0,186.0,368.0,341.0,61.35,1.649,1,1.0,1.0,1,1,1,12.0,28.0,97.5,12.6,1.012,0.002,1080.4,244.8,42.7,3,0.5,0.13,0.477,43.0,0.8992805755395683,0.01015228426395939,536.9781312127237,338.193,0.786573,0.2926395
521106,Kanda,Padra,22.124838,73.006094,763.0,169.0,392.0,371.0,15.47,1.847,1,0.0,1.0,1,2,0,16.0,33.0,95.0,12.6,0.494,0.0,1089.4,244.0,46.4,3,0.51,0.15,0.514,50.7,1.6835016835016836,0.010416666666666666,729.1834002677376,392.182,0.949358,0.0795158
521115,Sadad,Padra,22.114914,73.061825,727.0,164.0,370.0,357.0,22.15,1.817,1,1.0,0.0,1,0,0,14.0,36.0,87.5,11.25,0.183,0.001,1084.0,246.4,50.3,3,0.5,0.15,0.551,51.8,3.5335689045936394,0.011299435028248588,916.3144547759932,400.57700000000006,1.0011670000000001,0.1220465
521114,Thikariya Math,Padra,22.118614,73.022857,329.0,78.0,166.0,163.0,48.02,1.759,1,1.0,1.0,1,1,0,16.0,35.0,90.0,11.7,0.854,0.001,1078.6,244.8,44.5,3,0.5,0.14,0.492,20.8,1.0482180293501049,0.01098901098901099,581.7691477885652,161.868,0.865428,0.2362584
519872,Khalipur,Vadodara Rural,22.204744,73.165883,1054.0,226.0,531.0,523.0,43.64,2.173,0,0.0,0.0,0,2,0,10.0,15.0,92.5,12.15,0.214,0.001,1089.4,246.4,48.1,3,0.51,0.17,0.535,74.2,3.1847133757961785,0.0106951871657754,897.3640856672159,563.89,1.162555,0.23347400000000001
519882,Karali,Vadodara Rural,22.173667,73.153527,1075.0,225.0,569.0,506.0,25.58,3.391,1,1.0,1.0,1,0,0,8.0,24.0,92.5,12.15,0.84,0.001,1087.6,245.6,43.5,3,0.55,0.27,0.496,76.2,1.0638297872340425,0.0106951871657754,591.0869565217391,533.2,1.681936,0.12687679999999998
519883,Itola,Vadodara Rural,22.15177,73.142673,3600.0,801.0,1866.0,1734.0,39.06,2.317,1,0.0,1.0,2,2,1,8.0,25.0,95.0,12.6,1.04,0.001,1085.8,246.4,42.5,3,0.52,0.19,0.478,230.4,0.8771929824561403,0.010416666666666666,532.2549019607843,1720.8,1.107526,0.1867068
519895,Raman Gamdi,Vadodara Rural,22.128858,73.171689,559.0,126.0,281.0,278.0,51.52,2.227,1,0.0,1.0,2,2,0,20.0,20.0,25.0,0.2,0.726,0.001,850.0,120.0,60.8,3,0.51,0.18,0.733,54.4,1.2106537530266344,0.038461538461538464,492.468134414832,409.747,1.632391,0.37764159999999997
519896,Gosindra,Vadodara Rural,22.127304,73.126298,1021.0,219.0,519.0,502.0,43.49,1.404,1,0.0,1.0,0,0,0,23.0,24.0,92.5,12.15,0.437,0.001,1087.6,245.6,46.5,3,0.49,0.11,0.516,65.8,1.8621973929236497,0.0106951871657754,756.8545581071676,526.836,0.724464,0.2244084
519897,Untiya Medhad,Vadodara Rural,22.117336,73.107781,733.0,150.0,377.0,356.0,32.61,1.986,1,0.0,1.0,2,2,0,13.0,30.0,97.5,12.15,0.305,0.002,1089.4,246.4,48.1,3,0.51,0.16,0.528,50.5,2.4691358024691357,0.01015228426395939,834.7892720306514,387.024,1.048608,0.1721808
520921,Mahmadpura,Dabhoi,22.216605,73.282351,539.0,108.0,288.0,251.0,34.69,2.591,0,0.0,0.0,0,2,1,15.0,15.0,97.5,12.6,0.572,0.001,1093.0,245.6,45.8,3,0.5,0.21,0.508,37.3,1.4880952380952384,0.01015228426395939,695.29262086514,273.812,1.3162280000000002,0.1762252
520922,Palaswada,Dabhoi,22.209198,73.299901,1447.0,325.0,738.0,709.0,61.37,2.144,1,0.0,1.0,0,3,0,15.0,15.0,90.0,11.7,1.866,0.001,1096.6,241.6,36.4,2,0.51,0.17,0.421,80.2,0.5086469989827059,0.01098901098901099,382.62386601535235,609.187,0.902624,0.2583677
520938,Kaddhara,Dabhoi,22.206892,73.373629,985.0,220.0,514.0,471.0,43.25,1.389,0,0.0,0.0,2,2,1,12.0,16.0,100.0,13.05,1.577,0.001,1107.4,244.8,40.7,3,0.49,0.11,0.436,53.6,0.5963029218843172,0.009900990099009901,429.72448583624373,429.46,0.605604,0.18857
520920,Mosampura,Dabhoi,22.206209,73.27003,313.0,66.0,164.0,149.0,54.63,1.134,1,1.0,0.0,0,2,0,15.0,15.0,97.5,13.05,1.873,0.0,1098.4,244.0,37.2,3,0.46,0.09,0.41,15.7,0.5068423720223011,0.01015228426395939,382.31813435433344,128.32999999999998,0.4649399999999999,0.223983
520930,Valipura,Dabhoi,22.207937,73.317144,437.0,88.0,218.0,219.0,54.92,2.163,1,0.0,1.0,0,2,0,15.0,20.0,95.0,12.6,1.762,0.001,1082.2,243.2,36.8,2,0.5,0.17,0.423,24.3,0.5370569280343717,0.010416666666666666,391.81752353367125,184.851,0.9149489999999999,0.2323116
520937,Kaddharapura,Dabhoi,22.211852,73.35813,458.0,112.0,232.0,226.0,55.02,3.785,0,0.0,0.0,0,2,0,14.0,22.0,100.0,13.5,0.034,0.001,1112.8,243.2,52.2,4,0.56,0.3,0.553,37.0,7.462686567164178,0.009900990099009901,1076.2088974854933,253.27400000000003,2.0931050000000004,0.30426060000000005
520929,Bhavpura,Dabhoi,22.207408,73.328601,350.0,77.0,179.0,171.0,75.43,2.071,0,0.0,0.0,0,2,0,13.0,18.0,95.0,12.6,1.285,0.001,1073.2,244.8,40.5,3,0.5,0.17,0.457,21.1,0.7220216606498195,0.010416666666666666,469.671772428884,159.95000000000002,0.9464470000000001,0.34471510000000005
520940,Karali,Dabhoi,22.202326,73.400652,605.0,142.0,314.0,291.0,55.04,1.734,1,1.0,1.0,0,3,1,8.0,44.0,90.0,12.15,0.503,0.001,1105.6,244.8,46.9,3,0.49,0.14,0.515,40.0,1.658374792703151,0.01098901098901099,735.595475715236,311.575,0.89301,0.283456
520936,Abdalapura,Dabhoi,22.200262,73.353441,479.0,108.0,262.0,217.0,23.59,2.521,1,1.0,1.0,1,2,0,14.0,23.0,100.0,13.5,0.777,0.001,1105.6,243.2,46.0,3,0.53,0.2,0.497,32.1,1.1402508551881414,0.009900990099009901,622.1722003376476,238.063,1.252937,0.1172423
520935,Vayadpur,Dabhoi,22.198432,73.342671,943.0,199.0,485.0,458.0,67.34,2.807,0,0.0,0.0,0,1,0,14.0,23.0,97.5,13.05,0.518,0.001,1085.8,244.8,46.0,3,0.53,0.22,0.516,66.8,1.6181229773462784,0.01015228426395939,715.2832674571805,486.588,1.448412,0.3474744
520931,Kundhela,Dabhoi,22.188539,73.281796,2513.0,566.0,1323.0,1190.0,50.78,2.045,1,1.0,1.0,1,2,1,15.0,15.0,95.0,12.6,1.73,0.001,1091.2,243.2,37.6,3,0.5,0.16,0.426,139.7,0.5464480874316939,0.010416666666666666,399.7069597069597,1070.538,0.87117,0.2163228
520952,Gojali,Dabhoi,22.190698,73.378433,565.0,155.0,302.0,263.0,67.96,1.405,1,1.0,1.0,2,2,0,10.0,40.0,95.0,12.6,0.297,0.001,1107.4,245.6,47.9,3,0.49,0.11,0.525,37.0,2.5188916876574305,0.010416666666666666,853.8164996144951,296.625,0.7376250000000001,0.35679
520934,Bhilapur,Dabhoi,22.192919,73.325929,2290.0,512.0,1163.0,1127.0,52.53,4.039,1,1.0,1.0,1,3,1,14.0,14.0,100.0,13.5,0.968,0.001,1089.4,244.8,42.8,3,0.57,0.32,0.49,166.6,0.9363295880149812,0.009900990099009901,553.5569105691058,1122.1,1.97911,0.257397
520953,Banaiya,Dabhoi,22.184445,73.35092,338.0,77.0,173.0,165.0,41.42,2.238,1,1.0,0.0,0,2,0,11.0,25.0,87.5,11.25,0.569,0.001,1094.8,245.6,47.3,3,0.52,0.18,0.526,23.6,1.4947683109118088,0.011299435028248588,697.7692797960484,177.788,1.1771880000000001,0.2178692
520951,Vasai,Dabhoi,22.173534,73.392085,1860.0,408.0,958.0,902.0,56.56,2.204,1,0.0,1.0,0,3,1,5.0,32.0,92.5,12.15,0.53,0.001,1091.2,246.4,46.0,3,0.5,0.18,0.511,126.2,1.5873015873015872,0.0106951871657754,713.2026143790849,950.46,1.126244,0.2890216
520932,Baherampura,Dabhoi,22.176949,73.301674,514.0,130.0,264.0,250.0,75.29,1.408,1,0.0,1.0,0,2,0,13.0,16.0,95.0,12.6,0.446,0.001,1069.6,244.8,46.6,3,0.49,0.11,0.515,33.1,1.8315018315018314,0.010416666666666666,739.6957123098201,264.71,0.72512,0.3877435
520933,Navapur,Dabhoi,22.181324,73.316668,356.0,76.0,186.0,170.0,11.8,2.58,1,1.0,1.0,0,1,0,12.0,14.0,95.0,12.6,0.163,0.001,1078.6,245.6,48.4,3,0.53,0.21,0.541,26.2,3.8022813688212924,0.010416666666666666,927.4290627687016,192.596,1.3957800000000002,0.063838
520958,Ambav,Dabhoi,22.163756,73.364609,851.0,161.0,431.0,420.0,76.62,2.79,0,0.0,0.0,2,2,0,10.0,25.0,100.0,13.05,2.263,0.001,1087.6,246.4,33.9,2,0.53,0.22,0.394,46.0,0.4231908590774439,0.009900990099009901,333.312902237205,335.29400000000004,1.0992600000000001,0.3018828
520959,Puda,Dabhoi,22.17066,73.375582,858.0,186.0,452.0,406.0,41.49,1.535,1,0.0,1.0,0,2,0,5.0,27.0,92.5,11.25,0.913,0.001,1084.0,245.6,43.3,3,0.5,0.12,0.484,52.3,0.9871668311944718,0.0106951871657754,566.649242028228,415.272,0.7429399999999999,0.2008116
520957,Thuvavi,Dabhoi,22.160641,73.341034,2651.0,612.0,1405.0,1246.0,47.42,1.942,0,0.0,0.0,2,2,1,10.0,20.0,100.0,13.5,0.608,0.001,1107.4,244.8,47.1,3,0.51,0.16,0.506,175.1,1.4124293785310735,0.009900990099009901,688.681592039801,1341.406,0.982652,0.2399452
520954,Rajli,Dabhoi,22.165455,73.323543,789.0,183.0,406.0,383.0,47.66,2.497,1,0.0,1.0,2,2,0,10.0,20.0,100.0,13.5,0.558,0.001,1098.4,243.2,45.7,3,0.52,0.2,0.511,54.4,1.519756838905775,0.009900990099009901,705.0064184852375,403.17900000000003,1.275967,0.2435426
520955,Anguthan,Dabhoi,22.159431,73.3033,1177.0,299.0,605.0,572.0,55.48,1.555,1,1.0,0.0,2,2,1,12.0,25.0,100.0,14.4,0.612,0.001,1084.0,245.6,45.5,3,0.5,0.12,0.505,74.9,1.404494382022472,0.009900990099009901,672.4565756823821,594.385,0.785275,0.280174
520960,Hansapura,Dabhoi,22.153796,73.382468,430.0,97.0,225.0,205.0,43.49,1.438,0,0.0,0.0,0,2,0,5.0,25.0,90.0,11.7,1.811,0.0,1091.2,246.4,38.1,3,0.49,0.12,0.424,23.0,0.5232862375719518,0.01098901098901099,388.1892564923515,182.32,0.6097119999999999,0.1843976
520961,Kajapur,Dabhoi,22.154333,73.39991,694.0,154.0,341.0,353.0,10.23,3.672,1,0.0,1.0,2,3,0,5.0,35.0,90.0,11.7,0.224,0.0,1112.8,245.6,49.6,3,0.56,0.29,0.545,54.9,3.0864197530864197,0.01098901098901099,909.1503267973856,378.23,2.00124,0.055753500000000004
520972,Vega,Dabhoi,22.14562,73.385446,852.0,198.0,428.0,424.0,32.63,2.559,1,0.0,1.0,1,3,0,3.0,34.0,90.0,11.7,1.96,0.0,1096.6,245.6,36.4,2,0.53,0.2,0.419,48.2,0.4854368932038835,0.01098901098901099,370.47297297297297,356.988,1.072221,0.1367197
520974,Borbar,Dabhoi,22.136422,73.338357,1149.0,276.0,609.0,540.0,56.31,1.464,1,0.0,1.0,0,2,1,9.0,18.0,95.0,12.6,1.587,0.0,1085.8,245.6,38.5,3,0.48,0.12,0.434,62.8,0.5927682276229994,0.010416666666666666,419.7139543873212,498.666,0.6353759999999999,0.24438540000000003
520956,Nariya,Dabhoi,22.138527,73.302603,1139.0,251.0,600.0,539.0,45.65,1.68,1,0.0,1.0,0,2,0,17.0,25.0,105.0,14.4,1.927,0.001,1087.6,243.2,37.3,3,0.5,0.13,0.412,59.7,0.49333991119881593,0.009433962264150943,371.5749914588315,469.268,0.6921599999999999,0.18807799999999997
520971,Fartikui,Dabhoi,22.141432,73.372255,877.0,208.0,447.0,430.0,42.76,3.132,1,0.0,1.0,2,3,1,5.0,35.0,95.0,12.6,3.384,0.05,1087.6,247.2,25.8,2,0.54,0.25,0.318,39.2,0.2870264064293915,0.010416666666666666,248.08394160583939,278.886,0.9959760000000001,0.1359768
520975,Thikariya,Dabhoi,22.129972,73.310806,278.0,65.0,151.0,127.0,98.2,1.209,0,0.0,0.0,0,2,0,14.0,30.0,92.5,12.15,1.704,0.001,1089.4,244.8,38.2,3,0.49,0.1,0.427,14.7,0.5543237250554324,0.0106951871657754,402.8846153846155,118.706,0.516243,0.41931399999999996
520976,Dangikuva,Dabhoi,22.127059,73.277309,389.0,81.0,207.0,182.0,40.62,1.37,1,1.0,1.0,0,2,0,18.0,25.0,110.0,15.3,2.236,0.0,1084.0,242.4,34.9,3,0.49,0.11,0.388,18.8,0.42808219178082185,0.009009009009009009,334.98145859085287,150.93200000000002,0.53156,0.15760559999999998
519871,Mujar Gamdi,Vadodara Rural,22.208463,73.208264,494.0,114.0,252.0,242.0,35.22,2.176,0,0.0,0.0,1,2,0,12.0,12.0,92.5,11.7,1.614,0.001,1084.0,246.4,38.1,3,0.52,0.17,0.438,28.5,0.5834305717619602,0.0106951871657754,414.69013006886,216.372,0.953088,0.1542636
519870,Vora Gamdi,Vadodara Rural,22.212751,73.219301,688.0,147.0,348.0,340.0,21.22,1.751,0,0.0,0.0,2,2,0,11.0,11.0,90.0,11.7,1.202,0.001,1085.8,245.6,41.6,3,0.5,0.14,0.468,41.3,0.7680491551459293,0.01098901098901099,493.09718437783835,321.98400000000004,0.819468,0.09930960000000001
519869,Dhaniyavi,Vadodara Rural,22.206285,73.249285,2353.0,462.0,1208.0,1145.0,24.9,1.735,1,0.0,1.0,2,2,1,13.0,13.0,102.5,13.95,2.303,0.001,1080.4,245.6,33.7,2,0.5,0.14,0.387,116.8,0.4161464835622139,0.00966183574879227,327.09657886769605,910.611,0.6714450000000001,0.096363
519873,Varnama,Vadodara Rural,22.180305,73.185476,4251.0,951.0,2228.0,2023.0,30.82,2.413,0,0.0,0.0,2,2,1,12.0,12.0,95.0,12.6,1.62,0.0,1118.2,247.2,38.8,3,0.52,0.19,0.438,249.3,0.5813953488372092,0.010416666666666666,426.793893129771,1861.938,1.056894,0.13499160000000002
519874,Sundarpura,Vadodara Rural,22.184391,73.218524,1267.0,283.0,655.0,612.0,32.83,3.361,1,0.0,1.0,2,2,1,3.0,3.0,105.0,14.4,1.944,0.0,1082.2,246.4,35.8,2,0.55,0.27,0.42,76.0,0.4892367906066536,0.009433962264150943,367.5951086956522,532.14,1.41162,0.13788599999999998
519877,Raghavpura,Vadodara Rural,22.186983,73.262388,850.0,176.0,440.0,410.0,27.29,2.297,1,0.0,1.0,2,2,1,15.0,15.0,97.5,13.05,0.896,0.0,1087.6,248.0,43.3,3,0.52,0.18,0.489,55.2,1.0040160642570282,0.01015228426395939,573.6286919831224,415.65,1.1232330000000001,0.1334481
519879,Patarveni,Vadodara Rural,22.173582,73.25714,721.0,173.0,380.0,341.0,56.17,1.878,1,0.0,1.0,2,2,0,17.0,17.0,95.0,12.6,0.514,0.0,1094.8,246.4,46.1,3,0.51,0.15,0.514,47.9,1.6286644951140066,0.010416666666666666,723.1175693527081,370.594,0.9652919999999999,0.2887138
519875,Shahpura,Vadodara Rural,22.177526,73.236638,493.0,118.0,268.0,225.0,48.48,1.541,1,0.0,1.0,0,2,0,12.0,12.0,95.0,13.05,0.256,0.0,1084.0,248.0,47.8,3,0.5,0.12,0.531,33.0,2.808988764044944,0.010416666666666666,863.0573248407643,261.783,0.818271,0.2574288
519878,Samaspura,Vadodara Rural,22.177009,73.265683,961.0,224.0,504.0,457.0,59.94,2.794,1,1.0,1.0,2,2,0,24.0,24.0,97.5,12.6,0.008,0.0,1105.6,248.0,49.6,3,0.53,0.22,0.553,72.9,9.259259259259258,0.01015228426395939,1096.8253968253966,531.433,1.545082,0.3314682
519887,Hansapura,Vadodara Rural,22.163973,73.244571,308.0,76.0,162.0,146.0,47.08,1.596,1,1.0,1.0,1,2,0,15.0,15.0,95.0,12.6,1.366,0.001,1087.6,247.2,39.8,3,0.49,0.13,0.451,17.7,0.6821282401091404,0.010416666666666666,459.67878275570575,138.90800000000002,0.7197960000000001,0.21233080000000001
519888,Mastupur Gamdi,Vadodara Rural,22.163233,73.277417,430.0,94.0,229.0,201.0,41.16,2.905,1,1.0,1.0,1,2,0,19.0,19.0,105.0,14.4,1.072,0.001,1085.8,244.0,42.1,3,0.53,0.23,0.477,28.4,0.8532423208191126,0.009433962264150943,524.034749034749,205.10999999999999,1.3856849999999998,0.19633319999999999
519881,Fatepura,Vadodara Rural,22.166403,73.223225,278.0,63.0,146.0,132.0,17.99,1.607,0,0.0,0.0,0,1,0,15.0,15.0,97.5,12.6,0.114,0.001,1093.0,246.4,49.6,3,0.5,0.13,0.54,19.1,4.672897196261681,0.01015228426395939,981.1490125673249,150.12,0.86778,0.097146
519892,Ajitpura,Vadodara Rural,22.153972,73.234141,190.0,41.0,93.0,97.0,18.95,1.011,1,1.0,0.0,0,2,0,22.0,22.0,92.5,12.15,1.132,0.001,1075.0,246.4,41.9,3,0.48,0.08,0.466,10.8,0.8116883116883117,0.0106951871657754,504.2213883677299,88.54,0.471126,0.08830700000000001
519886,Kajapur,Vadodara Rural,22.156066,73.213603,462.0,108.0,228.0,234.0,5.63,1.711,1,1.0,1.0,1,2,0,22.0,22.0,97.5,13.05,0.375,0.001,1067.8,247.2,47.0,3,0.5,0.14,0.522,30.9,2.1052631578947367,0.01015228426395939,776.5818181818181,241.16400000000002,0.8931420000000001,0.029388599999999997
519891,Salad,Vadodara Rural,22.148334,73.2608,1501.0,324.0,766.0,735.0,57.89,1.869,1,0.0,1.0,2,2,1,20.0,20.0,100.0,13.5,1.224,0.001,1098.4,246.4,42.5,3,0.51,0.15,0.464,90.1,0.755287009063444,0.009900990099009901,493.8848920863309,696.464,0.867216,0.2686096
519885,Untiya Kajapur,Vadodara Rural,22.151983,73.198403,313.0,79.0,160.0,153.0,65.81,1.573,1,0.0,1.0,1,3,0,20.0,20.0,95.0,12.6,0.899,0.001,1084.0,246.4,43.1,3,0.5,0.13,0.485,19.3,1.001001001001001,0.010416666666666666,570.8267509215376,151.805,0.7629049999999999,0.3191785
519889,Kandkoi,Vadodara Rural,22.152256,73.280713,155.0,37.0,80.0,75.0,40.65,0.556,0,0.0,0.0,1,2,0,19.0,19.0,107.5,14.85,2.288,0.001,1087.6,243.2,34.8,3,0.47,0.05,0.382,7.0,0.4187604690117253,0.009216589861751152,330.77858880778587,59.21,0.21239200000000003,0.155283
519893,Dolatpura,Vadodara Rural,22.145677,73.218235,82.0,17.0,40.0,42.0,12.2,0.641,1,0.0,1.0,0,2,0,23.0,23.0,95.0,12.15,0.522,0.001,1080.4,247.2,45.9,3,0.47,0.05,0.507,4.9,1.607717041800643,0.010416666666666666,709.8554533508542,41.574,0.324987,0.061854
519894,Por,Vadodara Rural,22.134139,73.195065,7342.0,1627.0,3787.0,3555.0,24.38,11.977,1,1.0,1.0,2,2,1,15.0,15.0,90.0,11.7,0.603,0.001,1093.0,247.2,46.3,3,0.81,0.75,0.557,805.1,1.4224751066856332,0.01098901098901099,681.8465377417342,4089.4940000000006,6.671189000000001,0.13579660000000002
519900,Ankhi,Vadodara Rural,22.129567,73.203911,1179.0,243.0,605.0,574.0,19.76,3.127,1,0.0,1.0,2,2,0,16.0,16.0,92.5,11.7,1.27,0.001,1076.8,247.2,40.8,3,0.53,0.25,0.464,76.9,0.7299270072992701,0.0106951871657754,474.36123348017617,547.056,1.450928,0.09168640000000002
519903,Rasulpur,Vadodara Rural,22.140617,73.233564,68.0,13.0,32.0,36.0,58.82,0.459,1,0.0,1.0,1,2,0,23.0,23.0,100.0,13.5,0.347,0.001,1093.0,246.4,47.1,3,0.46,0.05,0.518,4.2,2.237136465324385,0.009900990099009901,811.4328136599852,35.224000000000004,0.23776200000000003,0.30468760000000006
519904,Runvad,Vadodara Rural,22.127215,73.239275,1400.0,315.0,734.0,666.0,44.5,2.205,1,0.0,1.0,2,2,0,23.0,23.0,95.0,12.6,1.37,0.0,1080.4,248.0,39.9,3,0.52,0.18,0.456,84.7,0.6802721088435373,0.010416666666666666,455.8649789029536,638.4,1.0054800000000002,0.20292000000000002
519902,Ramnath,Vadodara Rural,22.134989,73.223695,1239.0,228.0,638.0,601.0,2.1,4.302,1,0.0,1.0,2,2,1,23.0,23.0,92.5,12.15,1.031,0.001,1087.6,247.2,42.2,3,0.55,0.34,0.484,90.4,0.8841732979664014,0.0106951871657754,535.4997538158543,599.6759999999999,2.082168,0.010164000000000001
519901,Fajalpur Ankhi,Vadodara Rural,22.123439,73.221401,579.0,125.0,295.0,284.0,12.95,3.031,1,0.0,1.0,2,2,1,13.0,13.0,100.0,13.05,2.324,0.001,1098.4,247.2,33.4,2,0.53,0.24,0.39,31.5,0.41254125412541254,0.009900990099009901,330.4452466907341,225.81,1.18209,0.050505
521039,Jaspur,Padra,22.286455,73.060154,7658.0,1530.0,3996.0,3662.0,5.08,4.862,1,1.0,0.0,1,2,1,6.0,22.0,90.0,11.7,2.142,0.001,1102.0,247.2,36.2,3,0.59,0.39,0.416,498.2,0.44603033006244425,0.01098901098901099,350.73201782304267,3185.728,2.022592,0.021132799999999997
521043,Umaraya,Padra,22.268181,73.02998,4115.0,775.0,2146.0,1969.0,1.36,7.635,1,1.0,0.0,1,2,1,6.0,26.0,97.5,12.6,1.519,0.001,1096.6,246.4,39.9,3,0.64,0.61,0.463,345.1,0.6176652254478073,0.01015228426395939,435.3314807463278,1905.2450000000001,3.535005,0.006296800000000001
521041,Tajpura,Padra,22.266245,73.069227,1720.0,360.0,897.0,823.0,20.12,5.165,1,0.0,1.0,1,2,1,2.0,17.0,107.5,14.85,2.688,0.0,1102.0,245.6,31.2,2,0.6,0.41,0.375,102.3,0.35868005738880915,0.009216589861751152,298.8069414316703,645.0,1.9368750000000001,0.07545
521042,Luna,Padra,22.26456,73.049273,2739.0,521.0,1430.0,1309.0,9.6,6.114,1,0.0,1.0,1,2,0,3.0,20.0,90.0,12.6,3.248,0.05,1100.2,245.6,28.0,2,0.63,0.49,0.344,157.9,0.29868578255675027,0.01098901098901099,258.9924670433145,942.2159999999999,2.1032159999999998,0.033024
521040,Sangma,Padra,22.264793,73.087969,3096.0,664.0,1587.0,1509.0,13.02,9.41,1,1.0,1.0,1,3,1,2.0,10.0,105.0,14.4,2.153,0.001,1094.8,244.8,35.4,3,0.73,0.75,0.431,262.7,0.44385264092321347,0.009433962264150943,347.2248652077386,1334.376,4.05571,0.05611619999999999
521044,Ekalbara,Padra,22.256383,73.017797,4435.0,917.0,2308.0,2127.0,2.21,7.479,1,1.0,1.0,1,3,0,8.0,22.0,95.0,13.5,1.567,0.001,1093.0,245.6,39.7,3,0.67,0.6,0.464,370.4,0.5998800239952009,0.010416666666666666,425.7888585897935,2057.84,3.470256,0.0102544
521045,Mujpur,Padra,22.245552,72.992466,9410.0,1923.0,4887.0,4523.0,4.39,10.585,1,1.0,1.0,1,2,1,10.0,28.0,97.5,13.5,1.39,0.001,1107.4,248.0,41.1,3,0.77,0.75,0.492,911.5,0.6711409395973155,0.01015228426395939,463.3472803347281,4629.72,5.207820000000001,0.021598799999999998
521058,Dabhasa,Padra,22.23737,73.038788,8337.0,1708.0,4322.0,4015.0,8.29,6.953,1,0.0,1.0,1,3,1,4.0,20.0,95.0,12.6,2.848,0.0,1093.0,245.6,30.5,2,0.66,0.56,0.372,544.3,0.33921302578018997,0.010416666666666666,284.04365904365903,3101.364,2.586516,0.030838799999999996
521059,Sokhdakhurd,Padra,22.244837,73.11375,2139.0,462.0,1099.0,1040.0,24.4,4.785,1,0.0,1.0,1,2,1,2.0,14.0,97.5,13.5,0.774,0.001,1096.6,247.2,45.8,3,0.59,0.38,0.508,168.7,1.1441647597254005,0.01015228426395939,618.15107102593,1086.612,2.43078,0.12395199999999999
521057,Mahuvad,Padra,22.234796,73.013282,2564.0,534.0,1336.0,1228.0,9.56,5.308,1,1.0,0.0,1,3,1,7.0,23.0,102.5,13.95,3.495,0.05,1089.4,244.8,25.7,2,0.61,0.42,0.319,130.7,0.27816411682892905,0.00966183574879227,242.35817575083428,817.916,1.693252,0.030496400000000003
521061,Darapura,Padra,22.228044,73.106676,3032.0,666.0,1589.0,1443.0,15.2,7.431,1,0.0,1.0,1,2,0,3.0,18.0,87.5,11.25,0.815,0.0,1075.0,245.6,46.4,3,0.67,0.59,0.532,288.5,1.092896174863388,0.011299435028248588,592.2865013774104,1613.0240000000001,3.9532920000000003,0.080864
521060,Patod,Padra,22.225549,73.120499,2479.0,532.0,1288.0,1191.0,16.9,4.851,1,0.0,1.0,1,2,0,3.0,19.0,87.5,11.25,0.61,0.0,1082.2,247.2,48.2,3,0.6,0.39,0.536,207.8,1.4084507042253522,0.011299435028248588,672.1739130434784,1328.7440000000001,2.600136,0.090584
521055,Narsipura,Padra,22.229941,72.973697,3447.0,729.0,1747.0,1700.0,0.52,12.91,1,0.0,1.0,1,2,0,14.0,35.0,97.5,13.05,2.452,0.001,1094.8,245.6,33.3,2,0.84,0.75,0.427,289.8,0.39184952978056425,0.01015228426395939,317.1494785631518,1471.869,5.51257,0.0022204
521056,Dhobikuwa,Padra,22.22517,73.002439,3392.0,710.0,1739.0,1653.0,0.18,17.218,1,1.0,0.0,1,2,0,9.0,27.0,100.0,13.5,3.864,0.05,1091.2,245.6,22.9,2,0.85,0.75,0.33,220.4,0.2522704339051463,0.009900990099009901,224.34210526315792,1119.3600000000001,5.68194,0.000594
521063,Latipura,Padra,22.222343,73.058454,2702.0,592.0,1427.0,1275.0,20.91,7.72,0,0.0,0.0,1,2,0,3.0,18.0,92.5,12.6,1.698,0.001,1093.0,246.4,39.3,3,0.68,0.62,0.456,224.6,0.5561735261401557,0.0106951871657754,405.11489992587104,1232.112,3.52032,0.0953496
521062,Ghayaj,Padra,22.219221,73.082331,2667.0,594.0,1399.0,1268.0,25.12,3.614,1,1.0,1.0,1,3,0,2.0,19.0,92.5,12.15,0.541,0.001,1085.8,245.6,47.0,3,0.56,0.29,0.519,200.9,1.5600624024960998,0.0106951871657754,704.6073977936405,1384.173,1.875666,0.1303728
521054,Somjipura,Padra,22.215018,72.968122,2480.0,518.0,1292.0,1188.0,1.25,9.841,1,0.0,1.0,1,2,0,14.0,35.0,100.0,13.5,3.852,0.05,1096.6,243.2,22.5,2,0.75,0.75,0.315,153.8,0.25303643724696356,0.009900990099009901,226.00989282769987,781.2,3.0999149999999998,0.0039375
519844,Sindhrot,Vadodara Rural,22.328932,73.071113,7027.0,1480.0,3604.0,3423.0,2.8,6.394,1,1.0,1.0,2,3,1,12.0,12.0,90.0,11.25,0.615,0.001,1071.4,248.0,46.8,3,0.62,0.51,0.528,630.3,1.3986013986013988,0.01098901098901099,663.405572755418,3710.2560000000003,3.3760320000000004,0.014783999999999999
519842,Ankodiya,Vadodara Rural,22.334255,73.122831,4608.0,937.0,2406.0,2202.0,26.41,8.845,1,0.0,1.0,2,2,1,6.0,12.0,102.5,13.95,1.283,0.001,1098.4,246.4,40.9,3,0.72,0.71,0.491,435.3,0.7230657989877078,0.00966183574879227,481.1213315812528,2262.528,4.342895,0.12967309999999999
519825,Rayaka,Vadodara Rural,22.439928,73.10356,1981.0,361.0,1026.0,955.0,6.71,3.329,1,1.0,1.0,2,3,0,20.0,20.0,95.0,12.15,1.97,0.001,1080.4,247.2,35.5,2,0.54,0.27,0.417,118.0,0.48309178743961356,0.010416666666666666,363.7710437710438,826.077,1.388193,0.027980699999999997
519826,Sankarda,Vadodara Rural,22.433457,73.127512,7460.0,1472.0,3908.0,3552.0,5.12,10.163,0,0.0,0.0,2,2,1,14.0,14.0,92.5,12.15,0.706,0.001,1082.2,247.2,44.4,3,0.74,0.75,0.535,785.7,1.240694789081886,0.0106951871657754,634.3493552168817,3991.1000000000004,5.4372050000000005,0.027392000000000003
519828,Sokhda,Vadodara Rural,22.424976,73.16211,12610.0,2454.0,6546.0,6064.0,10.06,10.686,1,0.0,1.0,1,2,1,8.0,12.0,95.0,11.7,1.726,0.002,1087.6,246.4,36.8,2,0.77,0.75,0.468,1161.9,0.547645125958379,0.010416666666666666,398.9728539985326,5901.4800000000005,5.001048,0.047080800000000006
519829,Padmala,Vadodara Rural,22.415159,73.132252,5446.0,1059.0,2851.0,2595.0,10.72,7.836,1,0.0,1.0,2,3,1,18.0,18.0,95.0,12.6,1.325,0.001,1084.0,246.4,40.2,3,0.69,0.63,0.484,483.4,0.7017543859649122,0.010416666666666666,466.2365591397849,2635.864,3.792624,0.0518848
519832,Ajod,Vadodara Rural,22.40144,73.158016,2661.0,526.0,1388.0,1273.0,16.27,6.554,1,0.0,1.0,2,2,1,20.0,20.0,100.0,0.2,1.963,0.001,850.0,120.0,26.5,1,0.65,0.52,0.379,172.5,0.4847309743092583,0.009900990099009901,286.87141410732363,1008.519,2.483966,0.0616633
519831,Anagadh,Vadodara Rural,22.373755,73.080302,14780.0,2815.0,7650.0,7130.0,3.83,12.999,0,0.0,0.0,2,2,1,6.0,20.0,92.5,12.15,0.098,0.001,1102.0,248.0,49.9,3,0.81,0.75,0.588,1711.0,5.05050505050505,0.0106951871657754,1003.6429872495446,8690.64,7.643412,0.0225204
519836,Dhanora,Vadodara Rural,22.379574,73.097867,4006.0,864.0,2099.0,1907.0,7.16,10.711,1,0.0,1.0,2,2,1,5.0,18.0,90.0,11.7,1.065,0.001,1096.6,247.2,43.7,3,0.77,0.75,0.519,409.3,0.8583690987124464,0.01098901098901099,531.0411622276029,2079.114,5.5590090000000005,0.037160399999999996
519837,Kotna,Vadodara Rural,22.359605,73.058884,2902.0,594.0,1462.0,1440.0,0.48,7.01,1,0.0,1.0,2,2,1,8.0,25.0,92.5,12.15,1.13,0.001,1094.8,248.0,43.2,3,0.66,0.56,0.494,251.6,0.8130081300813008,0.0106951871657754,513.9906103286385,1433.588,3.4629399999999997,0.0023712
519848,Khanpur,Vadodara Rural,22.318836,73.118396,1466.0,304.0,799.0,667.0,13.17,7.596,1,0.0,1.0,2,3,0,12.0,12.0,25.0,0.2,0.822,0.001,850.0,120.0,60.2,3,0.68,0.61,0.752,199.7,1.0845986984815619,0.038461538461538464,466.5203073545554,1102.432,5.712192,0.09903840000000001
519843,Sherkhi,Vadodara Rural,22.33714,73.093718,9464.0,1841.0,4874.0,4590.0,4.21,7.663,0,0.0,0.0,2,3,1,13.0,13.0,105.0,14.4,1.714,0.001,1093.0,245.6,38.2,3,0.66,0.61,0.452,774.8,0.5512679162072767,0.009433962264150943,402.72660280029476,4277.728,3.4636760000000004,0.0190292
519859,Chapad,Vadodara Rural,22.229309,73.156898,2419.0,530.0,1256.0,1163.0,26.0,4.877,1,0.0,1.0,2,2,0,7.0,12.0,95.0,12.6,0.748,0.001,1087.6,246.4,45.7,3,0.6,0.39,0.511,193.3,1.179245283018868,0.010416666666666666,622.1967963386727,1236.109,2.492147,0.13286
519846,Ampad,Vadodara Rural,22.303464,73.085825,1610.0,296.0,827.0,783.0,2.8,3.508,0,0.0,0.0,2,2,1,7.0,10.0,90.0,12.15,1.537,0.001,1103.8,246.4,40.4,3,0.56,0.28,0.454,105.3,0.6108735491753207,0.01098901098901099,435.0808040993299,730.94,1.592632,0.012712
519847,Mahapura,Vadodara Rural,22.302753,73.103757,1601.0,268.0,806.0,795.0,4.62,12.315,1,0.0,1.0,2,2,0,8.0,8.0,102.5,13.95,0.686,0.0,1087.6,245.6,45.8,3,0.82,0.75,0.548,172.7,1.272264631043257,0.00966183574879227,645.0771055753262,877.3480000000001,6.74862,0.025317600000000003
519845,Hinglot,Vadodara Rural,22.293659,73.078092,1057.0,206.0,526.0,531.0,1.7,3.872,1,0.0,1.0,2,2,0,5.0,12.0,97.5,13.05,1.694,0.001,1094.8,247.2,38.8,3,0.57,0.31,0.44,68.5,0.5574136008918618,0.01015228426395939,406.38455827765404,465.08,1.7036799999999999,0.0074800000000000005
519851,Raypura,Vadodara Rural,22.279864,73.09255,5619.0,1085.0,2879.0,2740.0,0.61,12.514,0,0.0,0.0,2,2,1,8.0,8.0,95.0,12.6,1.848,0.0,1085.8,244.8,37.8,3,0.83,0.75,0.468,517.7,0.5133470225872689,0.010416666666666666,381.25,2629.692,5.856552,0.0028548
519852,Gokalpura,Vadodara Rural,22.266038,73.114605,1032.0,208.0,536.0,496.0,25.0,6.255,1,0.0,1.0,2,3,0,8.0,15.0,102.5,13.5,0.002,0.001,1103.8,244.8,50.8,3,0.64,0.5,0.568,98.9,9.80392156862745,0.00966183574879227,1101.5968063872256,586.1759999999999,3.5528399999999998,0.142
519853,Samiyala,Vadodara Rural,22.25584,73.124736,6364.0,1315.0,3249.0,3115.0,10.39,12.754,1,0.0,1.0,2,3,1,8.0,12.0,102.5,13.5,0.106,0.001,1102.0,246.4,50.3,3,0.83,0.75,0.59,739.2,4.854368932038835,0.00966183574879227,996.3833634719709,3754.7599999999998,7.524859999999999,0.061301
519830,Fajalpur Sankarda,Vadodara Rural,22.426235,73.087611,4740.0,950.0,2492.0,2248.0,3.76,7.72,1,1.0,1.0,1,3,0,15.0,15.0,92.5,12.15,1.8,0.002,1080.4,246.4,37.6,3,0.68,0.62,0.449,387.9,0.5263157894736842,0.0106951871657754,385.8571428571429,2128.26,3.46628,0.0168824
251214,Padra,Padra,22.244951,73.080335,46660.0,9579.0,0.0,0.0,28.63,2.3600000000000003,0,0.0,0.0,0,0,0,0.0,35.0,25.0,0.2,0.16,0.0,850.0,120.0,64.5,4,0.51,0.16,0.773,4706.9,3.846153846153846,0.038461538461538464,732.7586206896552,36068.18,1.8242800000000003,0.2213099
520926,Kunvarwada,Dabhoi,22.252725,73.337496,1014.0,215.0,533.0,481.0,34.32,1.657,1,1.0,1.0,2,2,0,20.0,20.0,90.0,11.7,1.686,0.001,1091.2,244.8,38.4,3,0.5,0.13,0.434,55.9,0.5599104143337066,0.01098901098901099,406.2546537602383,440.076,0.719138,0.1489488
520927,Vanadra,Dabhoi,22.238186,73.364509,2531.0,547.0,1296.0,1235.0,40.1,1.85,1,0.0,1.0,0,3,0,15.0,15.0,97.5,12.15,2.392,0.0,1107.4,243.2,33.4,2,0.5,0.15,0.379,124.1,0.4012841091492777,0.01015228426395939,326.47405660377365,959.249,0.70115,0.151979
520925,Saguwada,Dabhoi,22.240843,73.32019,840.0,162.0,417.0,423.0,38.57,1.883,1,0.0,1.0,0,1,1,16.0,16.0,90.0,11.7,1.437,0.001,1098.4,244.8,39.7,3,0.51,0.15,0.453,49.2,0.6506180871828237,0.01098901098901099,450.71809601969636,380.52000000000004,0.8529990000000001,0.1747221
520924,Malharpura,Dabhoi,22.238425,73.302594,370.0,85.0,195.0,175.0,13.51,2.079,1,0.0,1.0,0,1,0,12.0,12.0,90.0,11.7,0.188,0.001,1098.4,243.2,48.8,3,0.51,0.17,0.539,26.2,3.472222222222222,0.01098901098901099,924.5791245791247,199.43,1.1205810000000003,0.0728189
520939,Dholar,Dabhoi,22.222189,73.395816,2049.0,491.0,1069.0,980.0,42.46,2.419,1,1.0,1.0,0,3,1,10.0,46.0,97.5,12.6,1.076,0.001,1102.0,242.4,42.2,3,0.52,0.19,0.474,130.0,0.8503401360544216,0.01015228426395939,530.8285163776493,971.226,1.146606,0.2012604
520928,Mavli,Dabhoi,22.221537,73.342496,962.0,212.0,495.0,467.0,57.59,1.529,0,0.0,0.0,2,2,0,15.0,20.0,97.5,13.05,0.744,0.0,1082.2,241.6,44.7,3,0.5,0.12,0.494,59.9,1.1848341232227488,0.01015228426395939,620.5275229357799,475.228,0.7553259999999999,0.28449460000000004
520923,Rasulpura,Dabhoi,22.22173,73.317514,376.0,90.0,190.0,186.0,60.9,1.357,0,0.0,0.0,0,2,0,15.0,17.0,92.5,12.15,0.497,0.001,1084.0,243.2,46.3,3,0.48,0.11,0.509,23.9,1.6750418760469012,0.0106951871657754,724.1148964595859,191.38400000000001,0.690713,0.309981
519818,Indrad,Savli,22.439792,73.273307,1912.0,422.0,1004.0,908.0,36.77,1.828,1,1.0,1.0,2,2,0,15.0,20.0,92.5,12.15,0.947,0.001,1087.6,246.4,44.1,3,0.5,0.15,0.482,119.2,0.9551098376313276,0.0106951871657754,558.602978941962,921.584,0.881096,0.1772314
519817,Pilol,Savli,22.422196,73.230199,3242.0,646.0,1654.0,1588.0,16.19,5.376,1,1.0,0.0,2,2,0,20.0,10.0,90.0,11.7,0.339,0.001,1075.0,246.4,47.5,3,0.61,0.43,0.545,284.2,2.2779043280182227,0.01098901098901099,802.8379387602689,1766.89,2.9299200000000005,0.08823550000000001
519833,Asoj,Vadodara Rural,22.421,73.199415,3801.0,827.0,1992.0,1809.0,18.71,3.474,0,0.0,0.0,2,2,1,14.0,14.0,87.5,11.7,0.704,0.001,1080.4,247.2,46.1,3,0.55,0.28,0.522,285.7,1.2437810945273633,0.011299435028248588,634.0375586854461,1984.122,1.8134280000000003,0.09766620000000001
519834,Virod,Vadodara Rural,22.394473,73.226574,2461.0,506.0,1289.0,1172.0,47.3,2.254,1,0.0,1.0,2,2,1,9.0,9.0,85.0,10.8,1.235,0.001,1067.8,246.4,43.2,3,0.52,0.18,0.491,160.4,0.749063670411985,0.011627906976744186,477.76286353467555,1208.3509999999999,1.106714,0.23224299999999998
519839,Sukhlipur,Vadodara Rural,22.374111,73.255936,942.0,185.0,477.0,465.0,37.26,2.935,1,0.0,1.0,2,1,0,12.0,12.0,90.0,11.7,0.114,0.001,1094.8,247.2,50.1,3,0.52,0.23,0.548,71.4,4.672897196261681,0.01098901098901099,982.7648114901256,516.216,1.6083800000000001,0.2041848
519838,Dena,Vadodara Rural,22.365988,73.221735,2565.0,480.0,1350.0,1215.0,25.22,5.777,1,0.0,1.0,2,2,0,8.0,8.0,90.0,11.7,0.198,0.001,1096.6,247.2,48.8,3,0.62,0.46,0.557,234.7,3.355704697986577,0.01098901098901099,915.3589315525876,1428.7050000000002,3.2177890000000002,0.1404754
519841,Kotali,Vadodara Rural,22.35516,73.235373,1269.0,266.0,672.0,597.0,42.71,4.067,1,1.0,1.0,2,3,0,10.0,10.0,92.5,11.7,1.044,0.001,1100.2,246.4,42.3,3,0.56,0.33,0.484,91.9,0.8741258741258741,0.0106951871657754,538.2583170254403,614.196,1.968428,0.20671640000000002
519840,Amaliyara,Vadodara Rural,22.362429,73.256445,1618.0,344.0,857.0,761.0,57.42,3.35,1,0.0,1.0,2,3,1,12.0,12.0,97.5,12.6,1.12,0.001,1091.2,245.6,42.1,3,0.52,0.27,0.472,109.1,0.8196721311475409,0.01015228426395939,514.7169811320755,763.6959999999999,1.5812,0.2710224
519849,Ankhol,Vadodara Rural,22.304008,73.270046,1129.0,233.0,599.0,530.0,56.69,3.043,1,0.0,1.0,2,2,0,5.0,5.0,90.0,11.7,0.99,0.0,1084.0,244.8,44.0,3,0.54,0.24,0.488,76.9,0.9174311926605504,0.01098901098901099,544.7236180904523,550.952,1.484984,0.2766472
519850,Khatamba,Vadodara Rural,22.286521,73.27036,920.0,190.0,427.0,493.0,50.43,2.534,1,0.0,1.0,2,2,0,10.0,10.0,95.0,12.6,0.424,0.001,1091.2,244.8,47.6,3,0.53,0.2,0.522,64.8,1.9083969465648853,0.010416666666666666,766.2921348314608,480.24,1.322748,0.2632446
519854,Shankarpura,Vadodara Rural,22.275823,73.272863,751.0,167.0,376.0,375.0,36.09,1.911,1,0.0,1.0,2,3,0,12.0,12.0,87.5,11.25,0.14,0.001,1102.0,246.4,49.9,3,0.51,0.15,0.555,53.9,4.166666666666666,0.011299435028248588,966.6666666666665,416.80500000000006,1.060605,0.20029950000000005
519864,Tatarpura,Vadodara Rural,22.265645,73.294879,1046.0,233.0,530.0,516.0,45.89,2.193,0,0.0,0.0,2,2,0,9.0,9.0,87.5,11.25,0.948,0.001,1103.8,242.4,45.0,3,0.52,0.18,0.498,69.2,0.9541984732824427,0.011299435028248588,566.6324435318276,520.908,1.092114,0.22853220000000002
519855,Jobantekri,Vadodara Rural,22.267751,73.281069,430.0,92.0,210.0,220.0,81.86,4.624,0,0.0,0.0,1,2,0,9.0,9.0,85.0,11.7,0.253,0.001,1098.4,244.8,51.1,3,0.59,0.37,0.569,37.7,2.8328611898017,0.011627906976744186,876.6161213088587,244.67,2.6310559999999996,0.46578339999999996
519856,Ratanpur,Vadodara Rural,22.268483,73.256635,1508.0,344.0,784.0,724.0,41.45,5.112,1,0.0,1.0,2,3,0,8.0,8.0,87.5,11.25,0.82,0.001,1094.8,247.2,45.6,3,0.6,0.41,0.521,124.6,1.0869565217391306,0.011299435028248588,601.5384615384615,785.668,2.663352,0.21595450000000002
519868,Kelanpur,Vadodara Rural,22.242363,73.281591,2929.0,614.0,1479.0,1450.0,50.46,3.458,0,0.0,0.0,2,3,1,11.0,11.0,90.0,12.6,0.308,0.002,1103.8,244.8,47.4,3,0.55,0.28,0.538,226.9,2.4509803921568625,0.01098901098901099,843.8837920489296,1575.8020000000001,1.8604040000000002,0.2714748
519857,Vadadla,Vadodara Rural,22.248199,73.250718,2303.0,503.0,1194.0,1109.0,17.89,5.83,1,0.0,1.0,2,2,1,5.0,5.0,87.5,11.25,2.052,0.001,1076.8,245.6,36.5,2,0.62,0.47,0.437,166.4,0.4646840148698885,0.011299435028248588,352.8178243774574,1006.411,2.54771,0.07817930000000001
519865,Sultanpura,Vadodara Rural,22.245836,73.303381,298.0,75.0,160.0,138.0,34.56,1.319,1,0.0,1.0,1,2,0,11.0,11.0,90.0,11.25,0.296,0.001,1089.4,244.8,47.9,3,0.49,0.11,0.53,19.7,2.525252525252525,0.01098901098901099,840.5864197530865,157.94,0.69907,0.18316800000000003
519863,Navapura,Vadodara Rural,22.242051,73.265192,387.0,73.0,202.0,185.0,0.0,3.794,1,0.0,1.0,1,2,0,10.0,10.0,90.0,11.7,0.796,0.001,1096.6,247.2,44.1,3,0.56,0.3,0.506,28.6,1.1160714285714286,0.01098901098901099,610.5790645879732,195.822,1.919764,0.0
519862,Alhadpura,Vadodara Rural,22.230247,73.265911,991.0,217.0,521.0,470.0,34.01,1.955,1,0.0,1.0,0,2,0,7.0,7.0,92.5,12.15,0.139,0.0,1111.0,244.8,49.9,3,0.51,0.16,0.539,69.7,4.184100418410042,0.0106951871657754,975.4170324846357,534.149,1.0537450000000002,0.1833139
519867,Hetampura,Vadodara Rural,22.227236,73.2839,1504.0,317.0,785.0,719.0,1.2,6.04,1,0.0,1.0,2,1,0,14.0,14.0,90.0,11.7,0.84,0.001,1075.0,245.6,44.1,3,0.63,0.48,0.513,128.5,1.0638297872340425,0.01098901098901099,584.2391304347826,771.552,3.09852,0.006156
519866,Diwalipura,Vadodara Rural,22.228,73.295272,661.0,136.0,343.0,318.0,21.63,2.146,1,0.0,1.0,2,3,0,13.0,15.0,90.0,11.7,0.759,0.001,1091.2,244.0,44.6,3,0.51,0.17,0.5,43.5,1.1641443538998837,0.01098901098901099,620.3524729960205,330.5,1.073,0.10815
519860,Maretha,Vadodara Rural,22.223075,73.183108,1918.0,403.0,1021.0,897.0,18.2,7.959,1,1.0,1.0,2,2,0,10.0,10.0,97.5,13.05,0.479,0.001,1103.8,244.8,46.5,3,0.69,0.64,0.542,191.8,1.7271157167530227,0.01015228426395939,746.3150777552399,1039.556,4.313778,0.09864400000000001
251209,Vadodara,Vadodara Rural,22.306225,73.182732,1752371.0,393887.0,0.0,0.0,28.63,2.3600000000000003,0,0.0,0.0,0,0,0,0.0,35.0,25.0,0.2,0.277,0.001,850.0,120.0,63.7,4,0.51,0.16,0.765,174943.6,2.6525198938992043,0.038461538461538464,665.6225528582614,1340563.815,1.8054000000000003,0.2190195
519938,Panch Devla,Vaghodia,22.43723,73.378274,867.0,179.0,464.0,403.0,21.8,3.335,1,1.0,1.0,1,3,0,10.0,28.0,95.0,12.6,1.658,0.001,1062.4,245.6,37.7,3,0.55,0.27,0.439,54.4,0.5688282138794084,0.010416666666666666,399.699021820918,380.613,1.464065,0.095702
519939,Abhrampura,Vaghodia,22.430948,73.384792,627.0,147.0,318.0,309.0,19.62,1.39,1,1.0,1.0,1,2,0,20.0,30.0,95.0,13.05,1.641,0.001,1082.2,244.8,38.3,3,0.49,0.11,0.431,33.7,0.5743825387708213,0.010416666666666666,409.76902688375617,270.237,0.5990899999999999,0.0845622
519936,Kamrol,Vaghodia,22.426497,73.295766,2097.0,441.0,1068.0,1029.0,46.78,2.074,1,1.0,1.0,1,3,1,22.0,25.0,95.0,12.15,0.825,0.001,1084.0,246.4,44.7,3,0.51,0.17,0.492,135.8,1.0810810810810811,0.010416666666666666,593.9726027397261,1031.724,1.020408,0.2301576
519942,Kodarvaya,Vaghodia,22.415313,73.384313,398.0,88.0,206.0,192.0,71.11,1.579,1,0.0,1.0,1,2,0,18.0,27.0,97.5,13.05,2.881,0.0,1082.2,244.8,29.6,2,0.5,0.13,0.346,17.5,0.3354579000335458,0.01015228426395939,278.84565833548055,137.708,0.546334,0.24604059999999997
519935,Amreshwar,Vaghodia,22.413419,73.264611,480.0,106.0,249.0,231.0,45.0,1.943,1,0.0,1.0,1,2,0,17.0,17.0,97.5,13.05,1.513,0.001,1094.8,245.6,40.9,3,0.51,0.16,0.443,27.7,0.6199628022318661,0.01015228426395939,435.6545961002785,212.64000000000001,0.860749,0.19935
519950,Kotambi,Vaghodia,22.396152,73.312378,3740.0,755.0,1900.0,1840.0,47.57,1.918,1,1.0,1.0,1,3,0,14.0,14.0,90.0,11.7,0.35,0.001,1076.8,243.2,47.5,3,0.5,0.15,0.527,255.0,2.2222222222222223,0.01098901098901099,797.6296296296296,1970.98,1.010786,0.2506939
519937,Lilora,Vaghodia,22.428497,73.363664,1698.0,371.0,864.0,834.0,28.03,3.093,1,1.0,1.0,1,3,1,14.0,25.0,102.5,13.95,1.867,0.0,1091.2,244.0,38.1,3,0.54,0.25,0.422,100.8,0.5083884087442806,0.00966183574879227,380.60690617370074,716.5559999999999,1.305246,0.11828659999999999
519943,Vyankatpura,Vaghodia,22.404352,73.368516,592.0,134.0,298.0,294.0,63.68,1.194,1,0.0,1.0,1,2,0,15.0,25.0,100.0,13.5,1.44,0.0,1089.4,244.0,40.8,3,0.49,0.1,0.445,32.6,0.6493506493506493,0.009900990099009901,446.47540983606564,263.44,0.53133,0.283376
519945,Rahkui,Vaghodia,22.408263,73.335659,773.0,169.0,385.0,388.0,80.6,2.534,0,0.0,0.0,1,2,0,16.0,20.0,100.0,13.5,1.146,0.001,1085.8,244.0,42.7,3,0.53,0.2,0.471,49.2,0.8025682182985554,0.009900990099009901,505.96458527493013,364.08299999999997,1.1935139999999997,0.37962599999999996
519946,Ganeshpura,Vaghodia,22.402363,73.274967,981.0,204.0,502.0,479.0,40.06,1.666,1,0.0,1.0,1,2,0,16.0,16.0,97.5,12.6,1.281,0.001,1084.0,245.6,40.7,3,0.5,0.13,0.458,57.1,0.724112961622013,0.01015228426395939,475.23016220955725,449.298,0.763028,0.18347480000000002
519944,Amrutpura,Vaghodia,22.398513,73.352163,409.0,88.0,210.0,199.0,90.46,1.561,1,0.0,1.0,1,1,0,15.0,27.0,92.5,12.15,0.365,0.0,1084.0,244.0,46.8,3,0.5,0.12,0.522,26.9,2.1505376344086025,0.0106951871657754,794.1391941391942,213.49800000000002,0.814842,0.4722012
519947,Bhaniyara,Vaghodia,22.393587,73.264179,1796.0,405.0,929.0,867.0,26.28,2.595,1,1.0,1.0,1,3,1,13.0,13.0,92.5,12.15,0.018,0.001,1078.6,245.6,50.1,3,0.53,0.21,0.551,134.7,8.47457627118644,0.0106951871657754,1059.5284872298623,989.5960000000001,1.4298450000000003,0.14480280000000004
519954,Jafarpura,Vaghodia,22.389601,73.367701,358.0,81.0,192.0,166.0,53.35,2.452,0,0.0,0.0,1,1,0,18.0,25.0,95.0,12.6,0.236,0.0,1075.0,247.2,48.4,3,0.52,0.2,0.535,25.9,2.9761904761904767,0.010416666666666666,869.7411003236246,191.53,1.31182,0.2854225
519952,Intoli,Vaghodia,22.38544,73.332133,1060.0,204.0,527.0,533.0,2.92,4.69,0,0.0,0.0,1,2,0,12.0,12.0,92.5,12.6,1.382,0.001,1064.2,244.8,40.0,3,0.59,0.38,0.464,76.4,0.6747638326585695,0.0106951871657754,446.76742233417303,491.84000000000003,2.1761600000000003,0.013548800000000001
519953,Rasulabad,Vaghodia,22.379755,73.345826,2279.0,453.0,1150.0,1129.0,43.97,2.185,1,1.0,1.0,1,3,1,16.0,24.0,90.0,11.7,1.678,0.0,1076.8,244.8,38.2,3,0.52,0.17,0.437,131.1,0.562429696287964,0.01098901098901099,402.0911127707244,995.923,0.954845,0.19214889999999998
519957,Rayan Talavadi,Vaghodia,22.369731,73.378642,1597.0,336.0,856.0,741.0,24.67,2.442,1,1.0,1.0,1,1,1,15.0,20.0,92.5,12.15,1.758,0.0,1067.8,248.0,37.5,3,0.52,0.2,0.429,92.5,0.5382131324004306,0.0106951871657754,387.1646120377085,685.1129999999999,1.0476180000000002,0.1058343
519948,Bhaupura,Vaghodia,22.379426,73.279252,663.0,143.0,335.0,328.0,28.21,2.046,1,1.0,1.0,1,3,0,15.0,15.0,97.5,13.05,0.663,0.001,1087.6,246.4,45.4,3,0.51,0.16,0.503,43.5,1.310615989515072,0.01015228426395939,653.9987973541791,333.489,1.0291379999999999,0.1418963
519951,Sakariya,Vaghodia,22.370251,73.321545,654.0,163.0,330.0,324.0,62.84,1.546,1,1.0,1.0,1,2,0,12.0,12.0,92.5,12.15,1.932,0.001,1080.4,244.0,38.3,3,0.5,0.12,0.412,34.0,0.4921259842519685,0.0106951871657754,368.4856753069578,269.448,0.636952,0.25890080000000004
519949,Kumetha,Vaghodia,22.36591,73.282281,1595.0,298.0,840.0,755.0,18.06,2.058,1,1.0,1.0,1,2,1,12.0,12.0,90.0,12.15,2.163,0.0,1082.2,245.6,35.5,2,0.51,0.16,0.402,83.7,0.44189129474149363,0.01098901098901099,342.1435346190326,641.19,0.8273159999999999,0.07260119999999999
519958,Morlipura,Vaghodia,22.361659,73.295115,993.0,209.0,513.0,480.0,17.72,2.52,1,1.0,1.0,1,2,0,9.0,9.0,100.0,13.5,2.993,0.0,1084.0,244.8,30.1,2,0.53,0.2,0.342,45.8,0.3233107015842224,0.009900990099009901,271.4750813924368,339.60600000000005,0.86184,0.0606024
519962,Raval,Vaghodia,22.347207,73.346467,2702.0,575.0,1393.0,1309.0,40.64,2.183,1,1.0,1.0,1,3,1,9.0,15.0,100.0,13.5,2.003,0.0,1093.0,244.8,37.2,3,0.52,0.17,0.41,145.8,0.475511174512601,0.009900990099009901,363.96936396936394,1107.82,0.8950299999999999,0.166624
519963,Sanoli,Vaghodia,22.346867,73.382726,1202.0,250.0,616.0,586.0,50.42,1.164,1,1.0,1.0,1,1,0,7.0,22.0,100.0,13.05,1.506,0.0,1084.0,245.6,40.1,3,0.48,0.09,0.439,64.7,0.62266500622665,0.009900990099009901,432.5618515562649,527.678,0.510996,0.22134379999999998
519961,Nimetha,Vaghodia,22.346736,73.31377,2328.0,458.0,1189.0,1139.0,55.28,1.73,1,0.0,1.0,1,2,1,12.0,12.0,102.5,13.95,3.533,0.05,1087.6,244.0,24.8,2,0.5,0.14,0.3,89.6,0.2752546105147261,0.00966183574879227,239.9294065740128,698.4,0.519,0.16584
519960,Jesangpura,Vaghodia,22.337236,73.288132,811.0,162.0,423.0,388.0,29.84,3.06,1,0.0,1.0,1,2,0,10.0,10.0,95.0,12.6,1.906,0.0,1076.8,246.4,36.4,2,0.54,0.24,0.421,47.6,0.49850448654037893,0.010416666666666666,370.5437026841019,341.431,1.28826,0.1256264
519978,Chipad,Vaghodia,22.331109,73.336834,944.0,204.0,503.0,441.0,16.84,1.975,1,0.0,1.0,1,2,0,10.0,16.0,102.5,14.85,1.162,0.001,1093.0,244.8,44.6,3,0.51,0.16,0.468,57.7,0.7923930269413629,0.00966183574879227,505.5504162812211,441.79200000000003,0.9243000000000001,0.0788112
519984,Gajadra,Vaghodia,22.320324,73.360103,1685.0,366.0,851.0,834.0,45.22,1.95,0,0.0,0.0,1,2,0,9.0,15.0,100.0,13.05,0.636,0.001,1091.2,244.8,46.9,3,0.51,0.16,0.504,110.8,1.358695652173913,0.009900990099009901,666.9926650366748,849.24,0.9828,0.2279088
519979,Navi Jambuvai,Vaghodia,22.331554,73.307663,491.0,116.0,265.0,226.0,35.64,2.063,1,0.0,1.0,1,2,0,10.0,16.0,92.5,12.15,1.861,0.0,1082.2,244.0,36.8,3,0.51,0.17,0.418,27.0,0.5099439061703213,0.0106951871657754,378.2593498776652,205.238,0.862334,0.1489752
519959,Sikandarpura,Vaghodia,22.333964,73.270463,2905.0,653.0,1538.0,1367.0,11.6,18.043,1,0.0,1.0,1,1,0,7.0,7.0,97.5,13.05,2.805,0.0,1075.0,245.6,29.6,2,0.85,0.75,0.404,231.1,0.3442340791738382,0.01015228426395939,282.52299605781866,1173.6200000000001,7.289372,0.046864
519982,Shripore Timbi,Vaghodia,22.316,73.300323,670.0,142.0,348.0,322.0,40.6,1.393,1,1.0,0.0,1,2,0,6.0,6.0,100.0,13.95,0.677,0.001,1096.6,244.0,46.6,3,0.49,0.11,0.498,41.7,1.287001287001287,0.009900990099009901,653.9057841383423,333.66,0.693714,0.202188
519977,Khandha,Vaghodia,22.325434,73.374753,1128.0,223.0,578.0,550.0,52.3,2.93,1,0.0,1.0,1,2,0,6.0,22.0,97.5,13.05,0.051,0.0,1093.0,245.6,51.1,3,0.54,0.23,0.55,85.8,6.622516556291391,0.01015228426395939,1039.9619410085634,620.4000000000001,1.6115000000000002,0.28765
519976,Nava Ajva,Vaghodia,22.323725,73.395499,869.0,200.0,450.0,419.0,46.61,1.36,1,1.0,1.0,1,2,0,4.0,25.0,95.0,12.6,0.243,0.0,1082.2,247.2,47.7,3,0.49,0.11,0.53,57.5,2.915451895043732,0.010416666666666666,870.6355591311345,460.57000000000005,0.7208000000000001,0.24703300000000003
519980,Bakrol,Vaghodia,22.323132,73.284063,1017.0,190.0,509.0,508.0,49.26,1.496,1,1.0,0.0,1,2,0,6.0,6.0,100.0,13.5,1.03,0.0,1089.4,246.4,44.0,3,0.49,0.12,0.475,60.9,0.8849557522123893,0.009900990099009901,536.6502463054187,483.075,0.7106,0.23398499999999997
520006,Ropa,Vaghodia,22.267676,73.333045,633.0,127.0,327.0,306.0,30.02,3.659,1,0.0,1.0,1,0,0,13.0,13.0,92.5,12.15,0.119,0.001,1100.2,244.8,49.2,3,0.56,0.29,0.548,50.3,4.566210045662101,0.0106951871657754,983.1992850759607,346.884,2.005132,0.16450960000000003
519983,Bhadol Khurd,Vaghodia,22.318998,73.322901,458.0,101.0,238.0,220.0,22.27,2.091,1,0.0,1.0,1,2,0,11.0,18.0,105.0,13.95,1.922,0.001,1093.0,243.2,38.9,3,0.51,0.17,0.414,25.0,0.4945598417408507,0.009433962264150943,374.0588637919234,189.612,0.865674,0.0921978
519981,Hanumanpura,Vaghodia,22.315167,73.270079,504.0,121.0,255.0,249.0,41.47,2.008,1,1.0,0.0,1,2,0,6.0,6.0,92.5,12.15,1.83,0.0,1091.2,246.4,36.3,2,0.51,0.16,0.422,27.8,0.5181347150259067,0.0106951871657754,385.58303886925796,212.688,0.847376,0.1750034
520000,Alva,Vaghodia,22.308185,73.32646,2066.0,415.0,1052.0,1014.0,22.07,3.183,1,0.0,1.0,1,2,1,10.0,17.0,97.5,12.6,0.679,0.001,1084.0,244.0,45.4,3,0.55,0.25,0.507,147.3,1.2836970474967908,0.01015228426395939,645.6223942823109,1047.462,1.613781,0.1118949
520001,Amodar,Vaghodia,22.298566,73.303627,1591.0,348.0,805.0,786.0,21.43,4.749,0,0.0,0.0,1,3,0,4.0,4.0,102.5,13.95,0.875,0.001,1076.8,243.2,43.6,3,0.59,0.38,0.499,123.3,1.0256410256410258,0.00966183574879227,574.2933333333333,793.909,2.369751,0.1069357
520007,Limda,Vaghodia,22.283762,73.362083,2608.0,574.0,1319.0,1289.0,54.68,2.981,1,0.0,1.0,1,3,1,5.0,15.0,85.0,10.8,0.183,0.001,1094.8,245.6,51.1,3,0.54,0.24,0.567,206.3,3.5335689045936394,0.011627906976744186,925.4437869822484,1478.7359999999999,1.6902269999999997,0.31003559999999997
519999,Kamlapura,Vaghodia,22.287513,73.334125,433.0,81.0,215.0,218.0,66.97,1.498,1,0.0,1.0,1,2,0,10.0,25.0,92.5,12.15,1.613,0.001,1087.6,245.6,38.7,3,0.49,0.12,0.433,23.6,0.5837711617046117,0.0106951871657754,416.22655951014156,187.489,0.648634,0.28998009999999996
519998,Dattapura,Vaghodia,22.290134,73.350391,40.0,10.0,22.0,18.0,50.0,0.305,0,0.0,0.0,0,1,0,6.0,14.0,92.5,12.15,0.798,0.001,1084.0,245.6,45.0,3,0.46,0.05,0.486,2.3,1.1135857461024499,0.0106951871657754,602.8921023359288,19.439999999999998,0.14823,0.243
520003,Pipaliya,Vaghodia,22.286007,73.31567,1320.0,291.0,693.0,627.0,56.29,2.082,0,0.0,0.0,1,3,1,8.0,18.0,90.0,11.7,0.914,0.001,1076.8,244.0,44.1,3,0.51,0.17,0.489,85.0,0.9861932938856016,0.01098901098901099,562.5914315569487,645.48,1.018098,0.27525809999999995
520002,Pavlepur,Vaghodia,22.284299,73.289908,1313.0,308.0,681.0,632.0,38.23,1.966,0,0.0,0.0,1,3,0,4.0,4.0,92.5,12.15,0.834,0.001,1082.2,243.2,44.5,3,0.51,0.16,0.49,84.0,1.0706638115631693,0.0106951871657754,590.0763358778626,643.37,0.96334,0.187327
520008,Madheli,Vaghodia,22.265344,73.374207,2057.0,434.0,1061.0,996.0,37.72,2.345,1,0.0,1.0,1,3,0,8.0,18.0,90.0,11.7,1.307,0.001,1098.4,244.8,40.9,3,0.52,0.19,0.463,127.5,0.7107320540156361,0.01098901098901099,476.11616818378855,952.3910000000001,1.0857350000000001,0.1746436
520004,Umarva,Vaghodia,22.269155,73.310472,1090.0,265.0,594.0,496.0,34.95,1.652,0,0.0,0.0,1,1,1,9.0,9.0,95.0,13.05,1.056,0.001,1087.6,243.2,42.7,3,0.5,0.13,0.473,65.5,0.8650519031141868,0.010416666666666666,528.988326848249,515.5699999999999,0.7813959999999999,0.1653135
520005,Mastupura,Vaghodia,22.258596,73.318803,487.0,131.0,264.0,223.0,62.63,2.064,1,0.0,1.0,1,2,0,13.0,13.0,92.5,12.15,0.202,0.0,1100.2,244.0,48.9,3,0.51,0.17,0.534,34.2,3.311258278145695,0.0106951871657754,915.3078202995009,260.058,1.102176,0.3344442000000001
520019,Falod,Vaghodia,22.251891,73.393337,1903.0,422.0,977.0,926.0,23.7,5.143,1,1.0,1.0,1,2,0,8.0,30.0,100.0,13.5,0.473,0.001,1109.2,243.2,48.4,3,0.6,0.41,0.529,159.7,1.7452006980802794,0.009900990099009901,753.021045485404,1006.687,2.720647,0.125373
519927,Alamgir,Vadodara Rural,22.211725,73.197007,0.0,0.0,0.0,0.0,28.63,2.3600000000000003,0,0.0,1.0,0,0,0,0.0,35.0,85.0,10.8,1.239,0.0,1085.8,244.8,43.5,3,0.51,0.16,0.488,0.0,0.746825989544436,0.011627906976744186,484.94863778472535,0.0,1.15168,0.1397144
519906,Nandesari,Vadodara Rural,22.41435,73.095614,8290.0,1717.0,0.0,0.0,28.63,2.3600000000000003,0,0.0,1.0,0,0,0,0.0,35.0,25.0,0.2,1.095,0.001,850.0,120.0,58.5,3,0.51,0.16,0.708,765.9,0.8368200836820083,0.038461538461538464,405.727923627685,5869.32,1.6708800000000001,0.20270039999999998
519909,Bajwa,Vadodara Rural,22.366252,73.140935,9611.0,1906.0,0.0,0.0,28.63,2.3600000000000003,0,0.0,1.0,0,0,0,0.0,35.0,25.0,0.2,0.401,0.001,850.0,120.0,62.9,3,0.51,0.16,0.756,948.2,1.996007984031936,0.038461538461538464,606.7094932191292,7265.916,1.7841600000000002,0.2164428
519907,Ranoli,Vadodara Rural,22.398552,73.131306,11726.0,2511.0,0.0,0.0,28.63,2.3600000000000003,0,0.0,1.0,0,0,0,0.0,35.0,25.0,0.2,1.995,0.001,850.0,120.0,52.7,3,0.51,0.16,0.645,987.0,0.477326968973747,0.038461538461538464,283.80634390651085,7563.27,1.5222000000000002,0.1846635
519908,Karachiya,Vadodara Rural,22.379471,73.131637,7103.0,1565.0,0.0,0.0,28.63,2.3600000000000003,0,0.0,1.0,0,0,0,0.0,35.0,25.0,0.2,0.471,0.001,850.0,120.0,62.5,3,0.51,0.16,0.751,696.1,1.7513134851138354,0.038461538461538464,577.8382053025152,5334.353,1.7723600000000002,0.2150113
519910,Jawaharnagar Gujarat Refinery CT,Vadodara Rural,22.359056,73.132399,3417.0,884.0,0.0,0.0,28.63,2.3600000000000003,0,0.0,1.0,0,0,0,0.0,35.0,102.5,13.95,1.587,0.001,1103.8,245.6,38.7,3,0.51,0.16,0.438,195.3,0.5927682276229994,0.00966183574879227,426.6718206416699,1496.646,1.0336800000000002,0.1253994
802593,Nandesari INA,Vadodara Rural,22.403717,73.104746,3679.0,833.0,0.0,0.0,28.63,2.3600000000000003,0,0.0,1.0,0,0,0,0.0,35.0,90.0,11.7,0.155,0.001,1105.6,247.2,51.3,3,0.51,0.16,0.543,260.7,3.9215686274509802,0.01098901098901099,957.2294372294372,1997.6970000000001,1.2814800000000002,0.1554609
802595,GSFC Complex INA,Vadodara Rural,22.372328,73.152346,2242.0,574.0,0.0,0.0,28.63,2.3600000000000003,0,0.0,1.0,0,0,0,0.0,35.0,25.0,0.2,0.918,0.001,850.0,120.0,59.6,3,0.51,0.16,0.72,210.7,0.9823182711198428,0.038461538461538464,443.16996871741395,1614.24,1.6992000000000003,0.20613599999999999
802594,Petro Chemical Complex INA,Vadodara Rural,22.389119,73.111768,1951.0,603.0,0.0,0.0,28.63,2.3600000000000003,0,0.0,1.0,0,0,0,0.0,35.0,25.0,0.2,1.394,0.001,850.0,120.0,56.6,3,0.51,0.16,0.687,174.9,0.6693440428380187,0.038461538461538464,355.0543024227235,1340.3370000000002,1.6213200000000003,0.1966881
519911,Undera,Vadodara Rural,22.343372,73.137039,16902.0,3434.0,0.0,0.0,28.63,2.3600000000000003,0,0.0,1.0,0,0,0,0.0,35.0,25.0,0.2,0.478,0.001,850.0,120.0,62.4,3,0.51,0.16,0.751,1656.5,1.7301038062283738,0.038461538461538464,575.1014884979702,12693.402,1.7723600000000002,0.2150113
519919,Dasharath,Vadodara Rural,22.385983,73.157488,0.0,0.0,0.0,0.0,28.63,2.3600000000000003,0,0.0,1.0,0,0,0,0.0,35.0,25.0,0.2,1.656,0.001,850.0,120.0,54.9,3,0.51,0.16,0.668,0.0,0.5694760820045558,0.038461538461538464,320.0301204819277,0.0,1.5764800000000003,0.1912484
999999,Sayaji Sarovar,Vaghodia,22.380487,73.406611,0.0,0.0,0.0,0.0,28.63,2.3600000000000003,0,0.0,1.0,0,0,0,0.0,35.0,25.0,0.2,0.401,0.001,850.0,120.0,62.9,3,0.51,0.16,0.756,0.0,1.996007984031936,0.038461538461538464,606.7094932191292,0.0,1.7841600000000002,0.2164428
519923,Gorva OG,Vadodara Rural,22.338225,73.15438,0.0,0.0,0.0,0.0,28.63,2.3600000000000003,0,0.0,1.0,0,0,0,0.0,35.0,25.0,0.2,0.656,0.001,850.0,120.0,61.3,3,0.51,0.16,0.738,0.0,1.3227513227513228,0.038461538461538464,513.2850241545893,0.0,1.7416800000000001,0.2112894
519924,Sevasi,Vadodara Rural,22.306627,73.117423,0.0,0.0,0.0,0.0,28.63,2.3600000000000003,0,0.0,1.0,0,0,0,0.0,35.0,102.5,13.95,0.5,0.001,1098.4,244.8,46.3,3,0.51,0.16,0.514,0.0,1.6666666666666667,0.00966183574879227,732.2666666666668,0.0,1.2130400000000001,0.14715820000000002
519918,Kalali OG,Vadodara Rural,22.250808,73.16557,0.0,0.0,0.0,0.0,28.63,2.3600000000000003,0,0.0,1.0,0,0,0,0.0,35.0,102.5,12.6,0.171,0.0,1107.4,245.6,50.3,3,0.51,0.16,0.537,0.0,3.6900369003690034,0.00966183574879227,945.6874466268147,0.0,1.2673200000000002,0.15374310000000002
519925,Bhayli,Vadodara Rural,22.281721,73.121784,0.0,0.0,0.0,0.0,28.63,2.3600000000000003,0,0.0,1.0,0,0,0,0.0,35.0,100.0,13.5,0.847,0.001,1107.4,245.6,45.0,3,0.51,0.16,0.49,0.0,1.0559662090813096,0.009900990099009901,599.5668651867894,0.0,1.1564,0.140287
519926,Bil,Vadodara Rural,22.248134,73.140536,0.0,0.0,0.0,0.0,28.63,2.3600000000000003,0,0.0,1.0,0,0,0,0.0,35.0,90.0,11.7,1.387,0.002,1098.4,245.6,40.9,3,0.51,0.16,0.457,0.0,0.6724949562878278,0.01098901098901099,460.15919564306665,0.0,1.0785200000000001,0.1308391
519913,Karodiya OG,Vadodara Rural,22.349552,73.162735,0.0,0.0,0.0,0.0,28.63,2.3600000000000003,0,0.0,1.0,0,0,0,0.0,35.0,25.0,0.2,0.692,0.001,850.0,120.0,61.1,3,0.51,0.16,0.736,0.0,1.2626262626262628,0.038461538461538464,502.36406619385343,0.0,1.7369600000000003,0.21071679999999998
519912,Tarsali CT,Vadodara Rural,22.246946,73.229342,4929.0,1081.0,0.0,0.0,28.63,2.3600000000000003,0,0.0,1.0,0,0,0,0.0,35.0,92.5,12.15,0.233,0.001,1098.4,244.0,48.7,3,0.51,0.16,0.532,342.2,3.003003003003003,0.0106951871657754,890.8353609083537,2622.228,1.2555200000000002,0.15231160000000002
520022,Jarod CT,Vaghodia,22.429672,73.332882,7200.0,1601.0,0.0,0.0,28.63,2.3600000000000003,0,0.0,1.0,0,0,0,0.0,35.0,97.5,13.05,1.098,0.0,1069.6,244.0,42.7,3,0.51,0.16,0.472,443.5,0.8347245409015024,0.01015228426395939,509.8188751191611,3398.3999999999996,1.11392,0.1351336
520023,Vaghodia CT,Vaghodia,22.297497,73.39063,16604.0,3604.0,0.0,0.0,28.63,2.3600000000000003,0,0.0,1.0,0,0,0,0.0,35.0,25.0,0.2,1.441,0.0,850.0,120.0,56.3,3,0.51,0.16,0.683,1479.9,0.6489292667099286,0.038461538461538464,348.21794346579276,11340.532000000001,1.6118800000000004,0.19554290000000002
802598,Vaghodia INA,Vaghodia,22.311117,73.38898,248.0,60.0,0.0,0.0,28.63,2.3600000000000003,0,0.0,1.0,0,0,0,0.0,35.0,97.5,13.05,0.978,0.001,1087.6,246.4,42.6,3,0.51,0.16,0.481,15.6,0.9276437847866419,0.01015228426395939,549.8483316481294,119.288,1.1351600000000002,0.1377103
519921,Dumad,Vadodara Rural,22.376152,73.201184,0.0,0.0,0.0,0.0,28.63,2.3600000000000003,0,0.0,1.0,0,0,0,0.0,35.0,87.5,11.25,1.72,0.001,1089.4,247.2,40.1,3,0.51,0.16,0.445,0.0,0.5494505494505494,0.011299435028248588,400.514705882353,0.0,1.0502000000000002,0.1274035
519922,Vemali,Vadodara Rural,22.35407,73.209843,0.0,0.0,0.0,0.0,28.63,2.3600000000000003,0,0.0,1.0,0,0,0,0.0,35.0,87.5,11.25,0.193,0.001,1105.6,247.2,49.8,3,0.51,0.16,0.552,0.0,3.41296928327645,0.011299435028248588,926.7393126571667,0.0,1.3027200000000003,0.1580376
519916,Sayajipura OG,Vadodara Rural,22.325296,73.25876,0.0,0.0,0.0,0.0,28.63,2.3600000000000003,0,0.0,1.0,0,0,0,0.0,35.0,25.0,0.2,2.62,0.0,850.0,120.0,48.7,3,0.51,0.16,0.601,0.0,0.3676470588235294,0.038461538461538464,234.80662983425412,0.0,1.41836,0.1720663
519917,Bapod OG,Vadodara Rural,22.299225,73.259733,0.0,0.0,0.0,0.0,28.63,2.3600000000000003,0,0.0,1.0,0,0,0,0.0,35.0,85.0,10.8,1.728,0.0,1089.4,246.4,40.7,3,0.51,0.16,0.455,0.0,0.5470459518599562,0.011627906976744186,399.34017595307927,0.0,1.0738,0.1302665
519914,Harni OG,Vadodara Rural,22.344634,73.257466,0.0,0.0,0.0,0.0,28.63,2.3600000000000003,0,0.0,1.0,0,0,0,0.0,35.0,95.0,12.6,2.846,0.0,1100.2,245.6,29.4,2,0.51,0.16,0.35,0.0,0.3394433129667345,0.010416666666666666,286.0634425377015,0.0,0.8260000000000001,0.10020499999999999
520943,Bamboj,Dabhoi,22.211975,73.457983,1331.0,289.0,708.0,623.0,33.66,1.915,1,1.0,1.0,0,2,0,20.0,55.0,92.5,12.15,0.659,0.001,1094.8,245.6,45.3,3,0.5,0.15,0.502,86.4,1.3175230566534915,0.0106951871657754,659.915611814346,668.162,0.96133,0.1689732
520945,Lunadra,Dabhoi,22.206681,73.479518,245.0,55.0,131.0,114.0,71.02,1.017,0,0.0,0.0,1,2,0,17.0,45.0,95.0,13.05,0.048,0.001,1093.0,246.4,49.7,3,0.47,0.08,0.54,16.1,6.756756756756756,0.010416666666666666,1042.9389312977098,132.3,0.54918,0.383508
520942,Naranpura,Dabhoi,22.204176,73.42546,180.0,41.0,105.0,75.0,6.67,1.714,1,1.0,1.0,0,2,0,7.0,35.0,95.0,13.05,0.348,0.001,1089.4,247.2,47.4,3,0.5,0.14,0.524,12.1,2.232142857142857,0.010416666666666666,808.1602373887242,94.32000000000001,0.898136,0.0349508
520946,Simaliya,Dabhoi,22.19153,73.482411,3180.0,669.0,1632.0,1548.0,61.01,3.245,1,1.0,1.0,0,3,1,12.0,47.0,92.5,12.15,1.524,0.0,1091.2,246.4,39.3,3,0.52,0.26,0.444,200.1,0.6157635467980295,0.0106951871657754,432.3296354992076,1411.92,1.4407800000000002,0.27088439999999997
520947,Sunvalja,Dabhoi,22.193872,73.456124,492.0,100.0,258.0,234.0,12.8,1.907,0,0.0,0.0,0,2,0,7.0,45.0,97.5,13.05,1.0,0.001,1096.6,244.8,42.9,3,0.5,0.15,0.477,30.4,0.9090909090909091,0.01015228426395939,548.3,234.684,0.909639,0.061056
520941,Karalipura,Dabhoi,22.196452,73.417099,306.0,71.0,165.0,141.0,83.01,2.55,1,1.0,1.0,0,2,0,10.0,46.0,95.0,12.6,0.55,0.001,1087.6,247.2,46.0,3,0.53,0.2,0.514,21.2,1.5384615384615383,0.010416666666666666,701.6774193548387,157.284,1.3107,0.42667140000000003
520948,Dangiwada,Dabhoi,22.186472,73.434297,737.0,160.0,382.0,355.0,43.83,1.532,1,1.0,1.0,2,2,0,7.0,32.0,87.5,11.25,1.306,0.001,1098.4,246.4,42.1,3,0.49,0.12,0.47,43.6,0.7112375533428165,0.011299435028248588,476.3226366001735,346.39,0.72004,0.20600099999999996
520965,Gopalpura,Dabhoi,22.169907,73.49663,517.0,107.0,276.0,241.0,74.27,1.119,1,1.0,0.0,2,3,0,14.0,42.0,25.0,0.2,3.111,0.05,850.0,120.0,45.6,3,0.48,0.09,0.562,35.6,0.311429461227032,0.038461538461538464,206.76234492824128,290.55400000000003,0.628878,0.4173974
520950,Vasaipura,Dabhoi,22.178906,73.405451,534.0,120.0,281.0,253.0,11.24,3.017,0,0.0,0.0,0,3,0,6.0,37.0,87.5,12.15,0.663,0.001,1096.6,244.8,47.4,3,0.53,0.24,0.521,38.8,1.310615989515072,0.011299435028248588,659.4107035478052,278.214,1.571857,0.058560400000000006
520949,Pragpura,Dabhoi,22.180934,73.423394,425.0,93.0,229.0,196.0,75.29,1.66,1,1.0,1.0,1,2,1,7.0,35.0,87.5,11.7,0.888,0.001,1103.8,244.8,45.8,3,0.49,0.13,0.499,27.0,1.0121457489878543,0.011299435028248588,584.6398305084746,212.075,0.82834,0.3756971
520964,Akotadar,Dabhoi,22.17537,73.463987,1395.0,266.0,708.0,687.0,92.9,2.306,0,0.0,0.0,2,2,0,8.0,44.0,87.5,11.25,0.455,0.001,1085.8,245.6,49.1,3,0.52,0.18,0.534,98.9,1.8018018018018016,0.011299435028248588,746.254295532646,744.9300000000001,1.2314040000000002,0.496086
520963,Pansoli,Dabhoi,22.166243,73.452333,2213.0,425.0,1127.0,1086.0,72.39,2.878,1,1.0,0.0,2,3,0,9.0,40.0,87.5,11.7,0.279,0.0,1084.0,246.4,50.8,3,0.54,0.23,0.55,168.4,2.638522427440633,0.011299435028248588,847.5371383893668,1217.15,1.5829000000000002,0.398145
520962,Morpura,Dabhoi,22.16282,73.420509,492.0,95.0,254.0,238.0,48.37,6.15,1,1.0,0.0,0,2,0,5.0,30.0,87.5,11.25,1.118,0.0,1085.8,244.8,43.7,3,0.62,0.49,0.502,41.4,0.8210180623973726,0.011299435028248588,512.6534466477808,246.984,3.0873000000000004,0.2428174
520966,Vadhvana,Dabhoi,22.150349,73.491283,1357.0,301.0,694.0,663.0,50.33,1.744,1,1.0,1.0,1,1,1,8.0,46.0,92.5,12.15,2.571,0.001,1091.2,246.4,32.0,2,0.5,0.14,0.368,64.0,0.3743916136278547,0.0106951871657754,305.57266872024644,499.376,0.641792,0.18521439999999997
520967,Samsherpura,Dabhoi,22.150824,73.481159,383.0,93.0,195.0,188.0,99.48,3.948,1,1.0,1.0,0,1,0,7.0,46.0,92.5,12.15,2.305,0.0,1105.6,246.4,33.8,2,0.57,0.32,0.397,22.6,0.41580041580041577,0.0106951871657754,334.5234493192133,152.05100000000002,1.567356,0.39493560000000005
520968,Kukad,Dabhoi,22.143096,73.46806,1501.0,278.0,773.0,728.0,57.63,2.514,1,1.0,1.0,0,2,0,4.0,35.0,92.5,12.15,2.614,0.0,1093.0,246.4,31.3,2,0.5,0.2,0.365,74.0,0.36845983787767134,0.0106951871657754,302.4349750968456,547.865,0.9176099999999999,0.2103495
520969,Timbi,Dabhoi,22.15226,73.418344,1001.0,204.0,519.0,482.0,62.74,4.102,1,1.0,1.0,1,3,0,3.0,40.0,85.0,10.8,1.69,0.0,1100.2,246.4,40.4,3,0.57,0.33,0.467,69.9,0.5586592178770949,0.011627906976744186,408.9962825278811,467.46700000000004,1.9156340000000003,0.29299580000000003
520970,Tarsana,Dabhoi,22.143425,73.407585,1108.0,228.0,571.0,537.0,48.19,2.565,1,1.0,1.0,2,3,0,3.0,30.0,87.5,11.7,1.318,0.0,1091.2,247.2,42.4,3,0.53,0.21,0.476,71.8,0.7052186177715091,0.011299435028248588,470.75064710957724,527.408,1.22094,0.2293844
520944,Amreshwar,Dabhoi,22.227089,73.472862,788.0,212.0,411.0,377.0,46.83,1.373,1,0.0,1.0,0,2,1,17.0,50.0,97.5,13.05,0.626,0.001,1096.6,244.8,47.0,3,0.48,0.11,0.501,49.3,1.3774104683195594,0.01015228426395939,674.4157441574415,394.788,0.687873,0.2346183
519975,Madodhar,Vaghodia,22.324726,73.419003,4634.0,984.0,2433.0,2201.0,28.85,5.048,1,0.0,1.0,1,3,0,2.0,20.0,97.5,13.05,0.355,0.0,1080.4,246.4,47.2,3,0.6,0.4,0.538,392.7,2.197802197802198,0.01015228426395939,797.3431734317344,2493.092,2.715824,0.15521300000000002
519974,Sangadol,Vaghodia,22.317903,73.442354,2626.0,561.0,1361.0,1265.0,27.38,2.65,0,0.0,0.0,1,2,1,5.0,25.0,92.5,12.15,1.298,0.0,1089.4,246.4,40.5,3,0.53,0.21,0.462,165.1,0.7153075822603719,0.0106951871657754,474.0644038294169,1213.212,1.2243,0.1264956
519971,Chipat,Vaghodia,22.326852,73.514534,408.0,76.0,216.0,192.0,14.46,4.206,0,0.0,0.0,1,2,0,13.0,35.0,87.5,11.25,2.448,0.0,1080.4,247.2,34.2,2,0.58,0.34,0.404,24.8,0.3924646781789639,0.011299435028248588,313.34106728538285,164.83200000000002,1.6992240000000003,0.05841840000000001
520012,Kachhota,Vaghodia,22.265121,73.51416,263.0,70.0,143.0,120.0,34.6,0.892,1,1.0,1.0,1,2,0,14.0,34.0,102.5,13.95,1.042,0.001,1118.2,244.8,45.8,3,0.48,0.07,0.471,14.9,0.8756567425569176,0.00966183574879227,547.6003917727719,123.87299999999999,0.420132,0.162966
519988,Vedpur,Vaghodia,22.312013,73.529351,1603.0,343.0,823.0,780.0,18.4,1.929,1,1.0,1.0,1,2,1,16.0,40.0,85.0,11.25,2.195,0.0,1093.0,248.0,36.9,2,0.45,0.15,0.414,85.9,0.4357298474945534,0.011627906976744186,342.0970266040689,663.6419999999999,0.7986059999999999,0.076176
519986,Ghodadra,Vaghodia,22.305494,73.459221,1564.0,323.0,826.0,738.0,38.94,2.833,1,1.0,0.0,1,2,0,5.0,28.0,100.0,13.5,0.91,0.001,1094.8,246.4,43.8,3,0.53,0.23,0.489,105.8,0.9900990099009901,0.009900990099009901,573.1937172774868,764.7959999999999,1.385337,0.1904166
519987,Asha,Vaghodia,22.308156,73.496906,336.0,87.0,182.0,154.0,47.62,1.455,1,0.0,1.0,1,2,0,10.0,22.0,90.0,11.7,1.351,0.0,1075.0,248.0,41.0,3,0.47,0.12,0.454,19.2,0.6891798759476223,0.01098901098901099,457.25223309230114,152.544,0.6605700000000001,0.2161948
519989,Moti Manekpur,Vaghodia,22.298435,73.531655,806.0,158.0,410.0,396.0,23.95,1.288,1,1.0,1.0,1,2,0,18.0,42.0,87.5,11.25,1.071,0.0,1080.4,248.8,44.3,3,0.48,0.1,0.486,48.5,0.8539709649871904,0.011299435028248588,521.6803476581363,391.716,0.625968,0.11639699999999999
519993,Vasvel,Vaghodia,22.296555,73.472661,1880.0,436.0,994.0,886.0,50.11,2.321,0,0.0,0.0,1,2,1,6.0,25.0,92.5,12.15,1.535,0.0,1091.2,246.4,39.4,3,0.52,0.19,0.444,111.7,0.6116207951070336,0.0106951871657754,430.4536489151874,834.72,1.030524,0.2224884
519992,Saidal,Vaghodia,22.286926,73.50285,1792.0,358.0,923.0,869.0,60.32,1.939,1,1.0,1.0,1,2,0,11.0,32.0,95.0,12.6,2.245,0.0,1093.0,246.4,33.7,2,0.48,0.16,0.388,90.7,0.42643923240938164,0.010416666666666666,336.82588597842835,695.296,0.752332,0.2340416
519985,Timbi,Vaghodia,22.299284,73.418253,685.0,148.0,351.0,334.0,13.43,3.703,0,0.0,0.0,1,3,0,2.0,22.0,97.5,13.05,1.294,0.001,1091.2,245.6,40.3,3,0.56,0.3,0.466,46.7,0.7173601147776183,0.01015228426395939,475.6756756756757,319.21000000000004,1.725598,0.06258380000000001
519996,Dankheda,Vaghodia,22.286677,73.436341,794.0,161.0,405.0,389.0,50.76,3.452,1,1.0,0.0,1,3,0,12.0,22.0,95.0,12.6,0.289,0.001,1112.8,245.6,48.1,3,0.55,0.28,0.535,61.2,2.570694087403599,0.010416666666666666,863.3048875096974,424.79,1.8468200000000001,0.271566
519990,Nani Manekpur,Vaghodia,22.288167,73.543629,207.0,46.0,103.0,104.0,44.44,3.632,1,1.0,1.0,1,2,0,18.0,48.0,97.5,13.95,0.43,0.0,1094.8,248.0,47.0,3,0.56,0.29,0.528,15.9,1.8867924528301885,0.01015228426395939,765.5944055944055,109.296,1.917696,0.2346432
519997,Tavra,Vaghodia,22.286469,73.417679,1427.0,290.0,714.0,713.0,35.88,3.089,0,0.0,0.0,1,2,0,2.0,22.0,97.5,13.05,1.103,0.001,1093.0,247.2,42.2,3,0.54,0.25,0.477,95.7,0.8312551953449708,0.01015228426395939,519.733713742273,680.679,1.473453,0.17114759999999998
519994,Chandpur,Vaghodia,22.285523,73.475938,378.0,85.0,196.0,182.0,61.9,1.109,1,1.0,0.0,1,2,0,12.0,29.0,100.0,13.5,2.684,0.0,1123.6,248.0,32.7,3,0.48,0.09,0.358,16.6,0.35919540229885055,0.009900990099009901,304.9945711183496,135.32399999999998,0.397022,0.221602
520013,Rustampura,Vaghodia,22.276456,73.536888,1460.0,288.0,768.0,692.0,60.07,6.822,1,1.0,1.0,1,2,1,16.0,40.0,100.0,13.5,0.785,0.001,1096.6,247.2,46.8,3,0.65,0.55,0.516,131.4,1.1299435028248588,0.009900990099009901,614.3417366946778,753.36,3.520152,0.3099612
519995,Ambali,Vaghodia,22.278101,73.446408,934.0,206.0,487.0,447.0,35.01,2.42,1,1.0,0.0,1,3,0,9.0,24.0,97.5,13.05,0.688,0.001,1076.8,247.2,45.0,3,0.52,0.19,0.503,62.9,1.2690355329949239,0.01015228426395939,637.914691943128,469.802,1.21726,0.1761003
520010,Gugalpur,Vaghodia,22.267272,73.467115,448.0,105.0,221.0,227.0,50.89,1.085,1,0.0,1.0,1,3,1,7.0,27.0,95.0,13.05,2.216,0.0,1109.2,244.0,36.0,3,0.48,0.09,0.389,21.4,0.43177892918825556,0.010416666666666666,344.9004975124378,174.272,0.422065,0.1979621
520009,Vejalpur,Vaghodia,22.27193,73.405579,1589.0,346.0,841.0,748.0,38.77,3.765,1,1.0,1.0,1,1,0,5.0,25.0,95.0,12.6,0.919,0.001,1089.4,244.8,43.5,3,0.56,0.3,0.492,114.3,0.9813542688910696,0.010416666666666666,567.6915059927046,781.788,1.8523800000000001,0.1907484
520011,Khervadi,Vaghodia,22.262781,73.483262,1207.0,253.0,631.0,576.0,70.17,2.273,1,1.0,1.0,1,3,1,10.0,30.0,100.0,13.5,1.598,0.0,1112.8,243.2,41.4,3,0.52,0.18,0.438,70.2,0.5889281507656066,0.009900990099009901,428.3294842186297,528.666,0.9955740000000001,0.3073446
520018,Vyara,Vaghodia,22.252538,73.422919,4994.0,1097.0,2541.0,2453.0,63.42,2.198,1,1.0,1.0,1,2,0,7.0,30.0,90.0,12.6,1.556,0.001,1080.4,246.4,39.3,3,0.52,0.18,0.447,296.3,0.6038647342995168,0.01098901098901099,422.69170579029736,2232.318,0.982506,0.2834874
520014,Ghoda,Vaghodia,22.264944,73.528892,554.0,116.0,291.0,263.0,3.97,2.541,1,1.0,1.0,1,2,0,17.0,41.0,107.5,14.85,0.04,0.001,1112.8,245.6,53.1,4,0.53,0.2,0.549,41.1,7.142857142857142,0.009216589861751152,1070.0,304.146,1.3950090000000002,0.0217953
520015,Nurpuri,Vaghodia,22.255319,73.516521,356.0,86.0,179.0,177.0,4.21,1.29,1,1.0,1.0,1,3,0,20.0,38.0,102.5,13.05,0.412,0.001,1112.8,246.4,50.5,4,0.49,0.1,0.518,22.8,1.953125,0.00966183574879227,788.1019830028329,184.40800000000002,0.66822,0.0218078
520016,Tarsva,Vaghodia,22.247893,73.482445,1537.0,276.0,772.0,765.0,57.64,1.392,1,1.0,1.0,1,3,0,13.0,35.0,97.5,13.05,0.537,0.0,1105.6,243.2,49.4,4,0.49,0.11,0.508,97.5,1.5698587127158556,0.01015228426395939,719.3233571893298,780.796,0.707136,0.2928112
520017,Jambuwada,Vaghodia,22.235421,73.446638,1233.0,281.0,626.0,607.0,77.45,1.715,1,0.0,1.0,1,2,0,11.0,29.0,97.5,13.05,0.561,0.001,1098.4,245.6,47.4,3,0.5,0.14,0.508,80.3,1.51285930408472,0.01015228426395939,703.6515054452275,626.364,0.8712200000000001,0.393446
520020,Antoli,Vaghodia,22.221961,73.417043,1292.0,303.0,659.0,633.0,56.73,2.239,1,1.0,0.0,1,2,0,15.0,32.0,90.0,11.7,1.029,0.001,1084.0,247.2,42.9,3,0.52,0.18,0.484,83.0,0.8857395925597874,0.01098901098901099,534.2533267619517,625.328,1.0836759999999999,0.27457319999999996
520021,Karamliya Pura,Vaghodia,22.217807,73.437697,1336.0,275.0,695.0,641.0,69.39,2.201,1,0.0,1.0,1,2,1,12.0,32.0,90.0,11.7,0.386,0.001,1082.2,245.6,47.7,3,0.52,0.18,0.528,93.6,2.05761316872428,0.01098901098901099,780.8080808080807,705.408,1.162128,0.3663792
519991,Koba,Vaghodia,22.284556,73.521797,0.0,0.0,0.0,0.0,28.63,0.0,0,0.0,1.0,0,0,0,15.0,39.0,97.5,13.5,2.243,0.001,1080.4,247.2,34.7,2,0.34,0.05,0.367,0.0,0.42680324370465217,0.01015228426395939,333.14831945729264,0.0,0.0,0.1050721
519940,Adiran,Vaghodia,22.436866,73.411595,2423.0,518.0,1236.0,1187.0,12.34,3.139,1,1.0,1.0,1,1,0,18.0,24.0,92.5,12.15,0.16,0.0,1082.2,244.8,48.9,3,0.54,0.25,0.542,184.7,3.846153846153846,0.0106951871657754,932.9310344827587,1313.266,1.701338,0.0668828
519955,Navgam,Vaghodia,22.407331,73.435575,1353.0,312.0,695.0,658.0,22.91,3.324,1,1.0,1.0,1,3,0,20.0,26.0,97.5,12.6,1.187,0.0,1071.4,246.4,41.5,3,0.55,0.27,0.473,91.4,0.777000777000777,0.01015228426395939,489.8948331047096,639.9689999999999,1.5722519999999998,0.1083643
519941,Karmasiya Kheda,Vaghodia,22.410759,73.412333,3574.0,728.0,1849.0,1725.0,22.19,1.212,1,0.0,1.0,1,2,1,20.0,28.0,92.5,12.15,0.824,0.001,1075.0,245.6,44.3,3,0.49,0.1,0.489,216.3,1.0822510822510822,0.0106951871657754,589.3640350877193,1747.686,0.592668,0.10850910000000001
519956,Gutal,Vaghodia,22.373695,73.447886,3767.0,770.0,1885.0,1882.0,21.79,2.207,0,0.0,0.0,1,3,1,9.0,29.0,92.5,12.15,0.715,0.0,1096.6,246.4,46.2,3,0.52,0.18,0.501,250.5,1.2269938650306749,0.0106951871657754,639.4169096209913,1887.267,1.105707,0.1091679
519964,Juna Rampura,Vaghodia,22.3582,73.410424,1280.0,269.0,675.0,605.0,56.25,4.142,1,0.0,1.0,1,2,0,8.0,23.0,105.0,14.4,2.076,0.0,1093.0,244.8,37.7,3,0.57,0.33,0.413,79.1,0.45955882352941174,0.009433962264150943,355.33159947984393,528.64,1.710646,0.23231249999999998
519967,Dundelav,Vaghodia,22.347733,73.465353,599.0,117.0,302.0,297.0,40.73,2.674,0,0.0,0.0,1,2,0,9.0,29.0,97.5,13.05,0.557,0.001,1069.6,244.8,45.9,3,0.53,0.21,0.513,41.8,1.5220700152207,0.01015228426395939,686.9621066152857,307.28700000000003,1.371762,0.2089449
519973,Goraj,Vaghodia,22.332591,73.47929,5093.0,1073.0,2526.0,2567.0,42.67,3.564,1,1.0,1.0,1,2,1,10.0,30.0,97.5,13.05,0.313,0.001,1100.2,246.4,48.3,3,0.56,0.29,0.535,395.4,2.4213075060532687,0.01015228426395939,837.928408225438,2724.755,1.90674,0.22828450000000003
519965,Nava Rampura,Vaghodia,22.344775,73.408848,608.0,123.0,311.0,297.0,13.82,2.252,1,0.0,1.0,1,2,0,4.0,22.0,97.5,13.05,1.446,0.0,1093.0,244.8,40.6,3,0.52,0.18,0.449,36.2,0.6468305304010349,0.01015228426395939,446.852003270646,272.992,1.011148,0.0620518
519966,Vesaniya,Vaghodia,22.342325,73.438877,1007.0,224.0,529.0,478.0,4.77,2.358,1,0.0,1.0,1,3,0,7.0,27.0,100.0,13.5,2.788,0.0,1080.4,244.8,30.1,2,0.52,0.19,0.355,47.9,0.3462603878116344,0.009900990099009901,285.21647307286173,357.48499999999996,0.83709,0.016933499999999997
519968,Valva,Vaghodia,22.342418,73.503181,700.0,151.0,358.0,342.0,20.57,2.767,1,1.0,0.0,1,2,0,12.0,34.0,92.5,12.15,0.619,0.001,1094.8,246.4,45.8,3,0.53,0.22,0.509,48.9,1.3908205841446455,0.0106951871657754,676.2198888202594,356.3,1.408403,0.1047013
519969,Hamirpuri,Vaghodia,22.339955,73.525062,127.0,32.0,73.0,54.0,64.57,1.74,1,0.0,1.0,1,2,0,12.0,34.0,95.0,12.6,2.02,0.0,1082.2,248.0,35.5,2,0.5,0.14,0.407,6.6,0.4716981132075471,0.010416666666666666,358.34437086092714,51.689,0.7081799999999999,0.2627999
519970,Dharola,Vaghodia,22.334722,73.546397,283.0,60.0,151.0,132.0,27.56,0.493,0,0.0,0.0,1,2,0,15.0,37.0,97.5,11.7,3.608,0.05,1071.4,246.4,24.5,2,0.3,0.05,0.266,8.9,0.2696871628910464,0.01015228426395939,232.50868055555554,75.278,0.131138,0.0733096
519972,Gambhirpura,Vaghodia,22.333731,73.521104,711.0,137.0,350.0,361.0,35.3,8.887,1,0.0,1.0,1,2,0,13.0,35.0,92.5,12.15,2.311,0.0,1084.0,247.2,33.2,2,0.72,0.71,0.42,57.4,0.41476565740356697,0.0106951871657754,327.3935366958623,298.62,3.73254,0.14825999999999998
519768,Wankaner,Savli,22.552458,73.177017,8770.0,1598.0,4596.0,4174.0,7.17,5.344,1,1.0,1.0,2,2,1,5.0,36.0,92.5,11.7,2.523,0.001,1066.0,247.2,31.3,2,0.61,0.43,0.388,547.4,0.38124285169653066,0.0106951871657754,302.5830258302583,3402.76,2.073472,0.0278196
519787,Bhadarva,Savli,22.510437,73.129922,5951.0,1253.0,3069.0,2882.0,7.14,11.02,0,0.0,0.0,2,2,1,12.0,32.0,105.0,14.4,1.382,0.001,1082.2,247.2,39.6,3,0.78,0.75,0.494,578.8,0.6747638326585695,0.009433962264150943,454.32409739714535,2939.794,5.44388,0.03527159999999999
519794,Ranipura B,Savli,22.50843,73.174065,482.0,96.0,255.0,227.0,0.0,0.699,1,0.0,1.0,0,2,0,10.0,40.0,100.0,12.6,1.648,0.001,1076.8,246.4,37.7,2,0.47,0.06,0.428,24.6,0.5720823798627003,0.009900990099009901,406.6465256797583,206.296,0.299172,0.0
519790,Khandi,Savli,22.499195,73.100319,1467.0,300.0,763.0,704.0,0.95,13.216,1,1.0,0.0,0,2,0,19.0,22.0,97.5,12.15,1.105,0.001,1080.4,246.4,41.8,3,0.85,0.75,0.523,151.1,0.8298755186721991,0.01015228426395939,513.2541567695962,767.241,6.911968,0.0049685
519789,Jalampura,Savli,22.502329,73.105973,837.0,163.0,431.0,406.0,0.0,4.756,1,1.0,0.0,2,2,0,17.0,24.0,97.5,13.5,1.357,0.001,1071.4,248.0,40.1,3,0.59,0.38,0.467,60.7,0.6863417982155113,0.01015228426395939,454.5608824777259,390.879,2.2210520000000002,0.0
519792,Raniya,Savli,22.495709,73.133102,3279.0,705.0,1711.0,1568.0,10.95,4.822,1,0.0,1.0,2,2,0,13.0,26.0,107.5,14.85,2.948,0.001,1076.8,247.2,28.5,2,0.59,0.39,0.356,182.5,0.32808398950131235,0.009216589861751152,272.74569402228974,1167.3239999999998,1.716632,0.038981999999999996
519793,Mahapura,Savli,22.495327,73.160927,694.0,139.0,358.0,336.0,2.74,5.832,1,0.0,1.0,1,2,0,14.0,24.0,105.0,14.4,1.559,0.0,1078.6,246.4,38.4,3,0.62,0.47,0.457,52.5,0.6027727546714888,0.009433962264150943,421.49277061352086,317.158,2.665224,0.012521800000000001
519810,Anjesar,Savli,22.480895,73.17266,2334.0,438.0,1262.0,1072.0,14.4,4.387,1,1.0,0.0,1,2,0,12.0,24.0,90.0,11.7,0.322,0.001,1071.4,247.2,47.5,3,0.58,0.35,0.542,192.1,2.3696682464454972,0.01098901098901099,810.4387291981845,1265.028,2.377754,0.07804800000000002
519791,Poicha Raniya,Savli,22.475894,73.114821,2945.0,590.0,1553.0,1392.0,20.92,3.83,1,1.0,0.0,1,2,1,16.0,18.0,95.0,12.15,2.597,0.0,1084.0,248.0,31.1,2,0.56,0.31,0.376,163.2,0.3707823507601038,0.010416666666666666,301.36224631637475,1107.32,1.44008,0.07865920000000001
519811,Moksi,Savli,22.468066,73.147281,5706.0,1248.0,2974.0,2732.0,8.53,4.775,1,1.0,1.0,2,2,1,22.0,26.0,97.5,13.05,0.31,0.001,1073.2,248.8,46.9,3,0.59,0.38,0.541,479.2,2.4390243902439024,0.01015228426395939,819.236641221374,3086.9460000000004,2.5832750000000004,0.046147299999999995
519786,Bahidhara Alias Natvarnagar,Savli,22.512292,73.159483,3711.0,712.0,1930.0,1781.0,4.28,3.383,1,1.0,1.0,0,2,1,10.0,35.0,100.0,14.4,2.929,0.001,1075.0,246.4,28.6,2,0.55,0.27,0.351,186.1,0.3301419610432486,0.009900990099009901,273.60651565283786,1302.561,1.187433,0.015022800000000001
519788,Parthampura Khandi,Savli,22.511161,73.118198,898.0,195.0,466.0,432.0,17.15,2.906,1,1.0,1.0,2,2,0,15.0,26.0,92.5,12.15,0.84,0.001,1073.2,248.0,43.5,3,0.54,0.23,0.496,61.6,1.0638297872340425,0.0106951871657754,583.2608695652175,445.408,1.441376,0.08506399999999999
519824,Dodka,Vadodara Rural,22.455062,73.112726,3724.0,716.0,1969.0,1755.0,5.91,4.836,1,0.0,1.0,2,2,1,9.0,28.0,90.0,12.15,2.382,0.0,1093.0,248.8,33.0,2,0.6,0.39,0.402,234.1,0.40290088638195,0.01098901098901099,323.18154937906564,1497.048,1.9440720000000002,0.0237582
519827,Vasna Kotariya,Vadodara Rural,22.447266,73.154772,3974.0,796.0,2129.0,1845.0,5.23,7.964,1,0.0,1.0,2,2,1,10.0,22.0,97.5,13.05,0.691,0.001,1062.4,247.2,44.6,3,0.69,0.64,0.529,387.9,1.2642225031605563,0.01015228426395939,628.2672974571261,2102.246,4.212956,0.027666700000000006
519747,Ankaliya,Savli,22.616419,73.377167,1067.0,240.0,571.0,496.0,21.37,2.409,1,1.0,1.0,1,2,0,12.0,40.0,97.5,13.05,1.111,0.001,1075.0,248.0,41.7,3,0.52,0.19,0.474,67.7,0.8257638315441783,0.01015228426395939,509.23732828043586,505.758,1.1418659999999998,0.10129379999999999
519756,Lachhanpura,Savli,22.614795,73.22513,1201.0,252.0,623.0,578.0,14.32,4.882,0,0.0,0.0,0,2,0,9.0,45.0,87.5,11.25,1.113,0.001,1078.6,248.8,43.3,3,0.6,0.39,0.502,94.3,0.8244023083264632,0.011299435028248588,510.45906294368194,602.902,2.450764,0.0718864
519750,Mevli,Savli,22.614616,73.329978,3775.0,755.0,1989.0,1786.0,7.42,4.135,1,1.0,1.0,0,2,1,13.0,45.0,95.0,12.6,1.244,0.002,1075.0,249.6,41.0,3,0.57,0.33,0.473,267.2,0.744047619047619,0.010416666666666666,479.05525846702324,1785.5749999999998,1.955855,0.0350966
519748,Dhantej,Savli,22.597216,73.356397,5470.0,1173.0,2819.0,2651.0,11.81,3.438,1,1.0,0.0,1,2,1,16.0,40.0,95.0,12.6,0.272,0.001,1109.2,251.2,48.8,3,0.55,0.28,0.539,424.6,2.6881720430107525,0.010416666666666666,872.0125786163522,2948.3300000000004,1.8530820000000001,0.06365590000000002
519795,Namisara,Savli,22.515105,73.189227,2102.0,476.0,1113.0,989.0,14.03,2.158,1,1.0,1.0,0,2,1,9.0,34.0,85.0,11.25,0.896,0.001,1076.8,247.2,45.7,3,0.51,0.17,0.513,141.9,1.0040160642570282,0.011627906976744186,567.9324894514768,1078.326,1.107054,0.0719739
519734,Latva,Desar,22.667525,73.366624,1635.0,348.0,856.0,779.0,3.55,5.125,0,0.0,0.0,0,2,0,12.0,54.0,87.5,11.25,0.061,0.001,1078.6,250.4,50.7,3,0.6,0.41,0.576,149.4,6.211180124223603,0.011299435028248588,1016.588124410933,941.7599999999999,2.952,0.020447999999999997
519724,Bhila,Desar,22.666808,73.359725,325.0,80.0,176.0,149.0,0.0,2.642,0,0.0,0.0,0,2,0,13.0,55.0,90.0,11.7,0.512,0.001,1069.6,248.8,46.4,3,0.53,0.21,0.522,23.1,1.6339869281045751,0.01098901098901099,707.4074074074074,169.65,1.379124,0.0
519730,Vansiya,Desar,22.664588,73.398534,1144.0,256.0,607.0,537.0,4.11,4.417,0,0.0,0.0,1,2,0,19.0,61.0,87.5,11.25,0.361,0.001,1078.6,250.4,48.6,3,0.58,0.35,0.552,95.9,2.1691973969631237,0.011299435028248588,792.5055106539309,631.488,2.438184,0.022687200000000005
519722,Vaghanu Muvadu,Desar,22.657829,73.337583,361.0,84.0,198.0,163.0,1.66,1.823,0,0.0,0.0,0,3,0,14.0,56.0,90.0,11.25,2.02,0.002,1087.6,249.6,35.9,2,0.5,0.15,0.412,19.2,0.4716981132075471,0.01098901098901099,360.13245033112577,148.732,0.751076,0.006839199999999999
519721,Gorsan,Desar,22.66062,73.317646,717.0,136.0,368.0,349.0,0.0,3.515,1,1.0,0.0,0,3,0,18.0,51.0,85.0,11.25,0.56,0.002,1076.8,248.8,47.7,3,0.56,0.28,0.545,56.3,1.5151515151515151,0.011627906976744186,690.2564102564102,390.76500000000004,1.9156750000000002,0.0
519720,Shihora,Desar,22.657088,73.2868,6021.0,1208.0,3122.0,2899.0,7.64,4.848,1,1.0,0.0,0,3,0,15.0,48.0,90.0,11.7,1.574,0.003,1062.4,249.6,38.8,3,0.6,0.39,0.459,432.2,0.5973715651135005,0.01098901098901099,412.7428127428128,2763.639,2.225232,0.0350676
519733,Limdi,Desar,22.654626,73.385685,960.0,188.0,499.0,461.0,14.69,2.682,0,0.0,0.0,0,2,0,8.0,59.0,90.0,11.7,0.102,0.001,1084.0,250.4,50.5,3,0.53,0.21,0.552,72.1,4.9504950495049505,0.01098901098901099,983.666061705989,529.9200000000001,1.480464,0.0810888
519731,Ghanta,Desar,22.65819,73.403154,163.0,32.0,84.0,79.0,0.0,0.639,1,1.0,0.0,0,2,0,11.0,57.0,87.5,10.8,0.087,0.001,1078.6,250.4,50.9,3,0.47,0.05,0.555,10.7,5.347593582887701,0.011299435028248588,992.2723091076357,90.465,0.35464500000000004,0.0
519738,Nhara,Savli,22.646613,73.312436,2460.0,477.0,1271.0,1189.0,0.24,6.631,1,1.0,0.0,0,3,1,14.0,53.0,90.0,11.7,0.317,0.002,1066.0,249.6,47.6,3,0.65,0.53,0.554,234.6,2.398081534772182,0.01098901098901099,809.415337889142,1362.8400000000001,3.6735740000000003,0.0013296
519732,Andrakhiya,Desar,22.650172,73.392421,574.0,99.0,294.0,280.0,23.52,3.053,1,1.0,0.0,0,2,0,7.0,60.0,90.0,11.7,0.07,0.002,1075.0,250.4,50.8,3,0.54,0.24,0.555,44.4,5.88235294117647,0.01098901098901099,1004.6728971962616,318.57000000000005,1.694415,0.130536
519737,Gutardi,Savli,22.642703,73.334373,1726.0,345.0,876.0,850.0,10.43,3.332,1,1.0,0.0,0,2,0,22.0,60.0,87.5,11.25,0.345,0.001,1058.8,251.2,48.8,3,0.55,0.27,0.549,135.4,2.247191011235955,0.011299435028248588,787.2118959107806,947.5740000000001,1.8292680000000001,0.057260700000000005
519736,Sandhasal,Desar,22.644957,73.351477,4248.0,900.0,2199.0,2049.0,12.29,5.323,1,1.0,1.0,1,2,1,20.0,5.0,92.5,12.15,1.056,0.001,1078.6,250.4,42.0,3,0.61,0.43,0.492,336.2,0.8650519031141868,0.0106951871657754,524.6108949416342,2090.016,2.618916,0.060466799999999994
519735,Vav,Desar,22.641302,73.3653,1145.0,249.0,617.0,528.0,0.0,4.811,0,0.0,0.0,0,2,0,8.0,58.0,95.0,13.05,1.439,0.001,1093.0,248.0,40.5,3,0.59,0.38,0.462,82.1,0.649772579597141,0.010416666666666666,448.1344813448134,528.99,2.2226820000000003,0.0
519740,Ajabpura,Savli,22.641095,73.26504,2222.0,459.0,1122.0,1100.0,0.0,2.92,1,1.0,0.0,0,3,1,12.0,45.0,90.0,12.15,0.846,0.003,1071.4,248.0,43.7,3,0.54,0.23,0.5,153.7,1.0570824524312896,0.01098901098901099,580.3900325027086,1111.0,1.46,0.0
519741,Amarapura,Savli,22.630837,73.247017,2071.0,454.0,1092.0,979.0,3.43,3.711,1,1.0,0.0,0,3,0,10.0,42.0,87.5,11.25,0.215,0.002,1084.0,250.4,50.8,3,0.56,0.3,0.559,169.3,3.1746031746031744,0.011299435028248588,892.1810699588477,1157.689,2.074449,0.019173700000000005
519745,Zumkha,Savli,22.628964,73.320551,1164.0,220.0,610.0,554.0,24.57,4.583,1,1.0,0.0,0,2,0,16.0,55.0,95.0,12.6,1.354,0.002,1071.4,250.4,40.0,3,0.59,0.37,0.469,84.1,0.6877579092159559,0.010416666666666666,455.14018691588785,545.9159999999999,2.1494269999999998,0.1152333
519746,Dipapura,Savli,22.627892,73.344346,1022.0,216.0,523.0,499.0,22.02,3.395,1,1.0,1.0,0,2,0,14.0,45.0,92.5,11.7,0.833,0.001,1057.0,252.8,44.0,3,0.55,0.27,0.5,73.0,1.0718113612004287,0.0106951871657754,576.6503000545554,511.0,1.6975,0.1101
519751,Vitoj,Savli,22.612199,73.311078,1667.0,320.0,869.0,798.0,3.0,3.922,1,1.0,0.0,1,2,0,11.0,47.0,92.5,12.15,0.264,0.001,1103.8,250.4,49.2,3,0.57,0.31,0.542,133.2,2.7472527472527473,0.0106951871657754,873.2594936708861,903.514,2.1257240000000004,0.01626
519742,Kalupura,Savli,22.620001,73.252806,91.0,22.0,46.0,45.0,38.46,0.835,1,1.0,0.0,0,3,0,13.0,49.0,90.0,11.7,0.784,0.002,1073.2,251.2,44.6,3,0.39,0.07,0.483,5.3,1.1312217194570136,0.01098901098901099,601.5695067264575,43.952999999999996,0.40330499999999997,0.1857618
519749,Narpura,Savli,22.612873,73.347288,624.0,134.0,319.0,305.0,19.87,9.455,1,1.0,1.0,0,2,0,16.0,44.0,102.5,13.95,1.656,0.002,1091.2,246.4,39.0,3,0.73,0.75,0.467,57.4,0.5694760820045558,0.00966183574879227,410.84337349397595,291.408,4.415485,0.09279290000000001
519752,Samantpura,Savli,22.610941,73.290607,30.0,9.0,15.0,15.0,0.0,0.233,0,0.0,0.0,0,2,0,10.0,45.0,92.5,13.05,0.431,0.001,1066.0,250.4,46.9,3,0.46,0.05,0.514,1.8,1.8832391713747645,0.0106951871657754,744.9336128581411,15.42,0.11976200000000001,0.0
519757,Rupankui,Savli,22.603019,73.212801,1963.0,428.0,1039.0,924.0,0.66,3.367,0,0.0,0.0,0,2,0,7.0,37.0,90.0,11.25,1.679,0.001,1078.6,248.8,38.2,3,0.55,0.27,0.443,124.2,0.5621135469364811,0.01098901098901099,402.6129152668906,869.609,1.491581,0.0029238
519755,Rasawadi,Savli,22.606542,73.250407,1152.0,243.0,575.0,577.0,3.73,7.067,0,0.0,0.0,0,3,1,7.0,40.0,92.5,11.7,2.275,0.001,1066.0,251.2,33.6,2,0.66,0.57,0.415,84.4,0.42105263157894735,0.0106951871657754,325.4961832061069,478.08,2.932805,0.015479499999999998
519753,Gangadiyapura,Savli,22.602837,73.281439,416.0,100.0,228.0,188.0,7.21,4.522,0,0.0,0.0,0,2,0,9.0,43.0,90.0,11.7,0.871,0.001,1064.2,249.6,43.8,3,0.59,0.36,0.506,32.2,1.0298661174047374,0.01098901098901099,568.7867450561198,210.496,2.288132,0.0364826
519760,Dungrapura,Savli,22.599649,73.324299,358.0,95.0,203.0,155.0,0.0,0.307,1,1.0,1.0,1,2,0,7.0,48.0,92.5,12.15,0.27,0.001,1075.0,252.0,47.9,3,0.46,0.05,0.526,22.2,2.7027027027027026,0.0106951871657754,846.4566929133858,188.30800000000002,0.16148200000000001,0.0
519758,Kanoda,Savli,22.596876,73.199142,4854.0,1074.0,2447.0,2407.0,2.35,8.398,1,1.0,0.0,0,2,1,5.0,30.0,87.5,11.25,1.113,0.001,1062.4,248.0,42.8,3,0.7,0.67,0.516,470.6,0.8244023083264632,0.011299435028248588,502.7922385234265,2504.664,4.333368,0.012126
519759,Rasulpur,Savli,22.594845,73.232122,1466.0,306.0,747.0,719.0,15.69,3.674,1,0.0,1.0,1,3,0,5.0,38.0,87.5,10.8,2.111,0.0,1082.2,248.8,37.1,3,0.56,0.29,0.426,90.6,0.45228403437358655,0.011299435028248588,347.8624236579878,624.516,1.565124,0.0668394
519763,Vasanpura,Savli,22.584223,73.309628,920.0,220.0,484.0,436.0,6.96,1.013,0,0.0,0.0,0,2,1,7.0,40.0,92.5,12.15,2.404,0.001,1064.2,251.2,32.6,2,0.48,0.08,0.379,42.4,0.3993610223642173,0.0106951871657754,312.6321974148061,348.68,0.38392699999999996,0.0263784
519766,Poicha Kanoda,Savli,22.583638,73.180915,5020.0,1046.0,2590.0,2430.0,1.25,4.731,1,1.0,0.0,0,3,0,5.0,40.0,87.5,11.25,1.782,0.001,1078.6,247.2,38.1,2,0.59,0.38,0.453,353.0,0.5313496280552603,0.011299435028248588,387.70668583752695,2274.06,2.143143,0.005662500000000001
519764,Muval,Savli,22.578348,73.26441,1873.0,425.0,971.0,902.0,46.93,1.024,1,1.0,1.0,2,2,1,3.0,35.0,25.0,0.2,0.396,0.0,850.0,120.0,63.0,4,0.48,0.08,0.752,171.1,2.0161290322580645,0.038461538461538464,608.8825214899714,1408.496,0.7700480000000001,0.3529136
519761,Tulsipura,Savli,22.567101,73.363504,1344.0,278.0,664.0,680.0,37.5,1.287,1,1.0,0.0,0,2,0,14.0,54.0,95.0,12.6,2.099,0.001,1067.8,248.8,35.2,2,0.49,0.1,0.401,66.7,0.45475216007276026,0.010416666666666666,344.5627621813488,538.9440000000001,0.516087,0.150375
519762,Kamalpura,Savli,22.574665,73.339106,607.0,122.0,310.0,297.0,53.54,0.987,1,1.0,0.0,0,2,0,16.0,57.0,90.0,11.7,2.114,0.001,1076.8,248.0,35.2,2,0.48,0.08,0.402,29.6,0.4516711833785005,0.01098901098901099,345.7931920359666,244.014,0.396774,0.2152308
519767,Mevaliapura,Savli,22.571804,73.181615,1130.0,205.0,584.0,546.0,0.44,10.367,1,1.0,0.0,0,2,0,6.0,36.0,92.5,12.15,2.609,0.001,1075.0,248.8,32.3,2,0.76,0.75,0.405,90.1,0.36913990402362495,0.0106951871657754,297.86644499861455,457.65000000000003,4.198635,0.0017820000000000002
519765,Sardarpura,Savli,22.567424,73.196341,526.0,118.0,265.0,261.0,2.28,5.717,1,1.0,0.0,0,2,0,5.0,39.0,95.0,12.6,3.159,0.05,1082.2,247.2,27.8,2,0.62,0.46,0.345,29.8,0.3068425897514575,0.010416666666666666,260.206780476076,181.47,1.9723649999999997,0.007865999999999998
519771,Moti Bhadol,Savli,22.548218,73.316037,1557.0,346.0,797.0,760.0,16.18,1.719,1,0.0,1.0,0,3,0,11.0,39.0,90.0,11.7,1.445,0.0,1066.0,248.0,39.8,3,0.5,0.14,0.452,90.3,0.6472491909385113,0.01098901098901099,435.99182004089977,703.764,0.776988,0.0731336
519770,Charanpura,Savli,22.561883,73.301134,930.0,195.0,477.0,453.0,4.52,2.209,0,0.0,0.0,0,2,0,8.0,41.0,95.0,12.6,3.446,0.05,1075.0,248.0,25.4,2,0.52,0.18,0.311,38.4,0.2820078962210942,0.010416666666666666,241.79037336932075,289.23,0.686999,0.014057199999999999
519769,Javla,Savli,22.552921,73.254503,781.0,176.0,418.0,363.0,26.76,0.885,0,0.0,0.0,1,3,0,1.0,32.0,92.5,13.05,1.779,0.001,1080.4,248.8,37.2,3,0.48,0.07,0.422,39.7,0.532197977647685,0.0106951871657754,388.7729399064412,329.582,0.37346999999999997,0.11292719999999999
519772,Vadiya K,Savli,22.55089,73.339853,1396.0,317.0,719.0,677.0,17.48,2.441,1,1.0,0.0,0,3,1,13.0,50.0,92.5,12.15,1.222,0.0,1071.4,249.6,41.3,3,0.52,0.2,0.467,88.0,0.75642965204236,0.0106951871657754,482.1782178217822,651.932,1.139947,0.08163160000000001
519784,Gothada,Savli,22.535905,73.224501,9347.0,1902.0,4883.0,4464.0,7.57,3.821,1,1.0,1.0,0,3,1,2.0,30.0,85.0,10.8,1.339,0.001,1073.2,248.0,42.5,3,0.56,0.31,0.49,675.0,0.6949270326615705,0.011627906976744186,458.8285592133391,4580.03,1.87229,0.037093
519782,Sherpura,Savli,22.546389,73.290402,1461.0,315.0,777.0,684.0,14.58,1.442,0,0.0,0.0,0,3,0,7.0,40.0,95.0,12.6,2.688,0.0,1084.0,248.8,30.9,2,0.49,0.12,0.359,66.1,0.35868005738880915,0.010416666666666666,293.92624728850325,524.499,0.517678,0.052342200000000005
519773,Mal Ankaliya,Savli,22.546901,73.358528,1007.0,228.0,510.0,497.0,13.11,2.018,0,0.0,0.0,0,3,0,18.0,48.0,85.0,10.8,2.656,0.0,1071.4,248.8,33.9,2,0.51,0.16,0.391,51.4,0.36284470246734396,0.011627906976744186,293.0525164113786,393.737,0.7890379999999999,0.0512601
519774,Kambola,Savli,22.539939,73.389336,985.0,227.0,493.0,492.0,35.84,1.561,1,0.0,1.0,2,3,0,22.0,40.0,85.0,10.35,3.213,0.05,1066.0,249.6,29.5,2,0.5,0.12,0.351,43.6,0.30184123151222453,0.011627906976744186,253.02634702112508,345.73499999999996,0.5479109999999999,0.1257984
519779,Ranipura Samlaya,Savli,22.52818,73.342841,2038.0,451.0,1047.0,991.0,2.06,19.98,0,0.0,0.0,1,3,0,17.0,47.0,92.5,12.15,1.733,0.0,1071.4,248.8,37.7,3,0.85,0.75,0.48,192.6,0.5455537370430987,0.0106951871657754,392.0234174899378,978.24,9.5904,0.009888
519780,Nani Bhadol,Savli,22.522203,73.317746,1465.0,345.0,724.0,741.0,28.33,1.54,1,0.0,1.0,0,2,1,12.0,37.0,87.5,11.7,0.92,0.0,1069.6,249.6,44.9,3,0.5,0.12,0.5,92.3,0.9803921568627451,0.011299435028248588,557.0833333333333,732.5,0.77,0.14165
519783,Karachiya,Savli,22.526843,73.263858,1387.0,287.0,713.0,674.0,5.98,2.114,1,1.0,1.0,0,3,1,6.0,34.0,92.5,12.15,0.277,0.001,1075.0,236.0,56.4,4,0.51,0.17,0.526,96.0,2.6525198938992043,0.0106951871657754,841.8167580266248,729.562,1.111964,0.031454800000000005
519781,Samlaya,Savli,22.523995,73.290581,2232.0,469.0,1136.0,1096.0,14.52,1.876,1,1.0,1.0,2,2,1,10.0,30.0,92.5,12.15,0.634,0.001,1071.4,249.6,46.7,3,0.51,0.15,0.507,146.4,1.3623978201634879,0.0106951871657754,655.6915544675644,1131.624,0.951132,0.0736164
519785,Ranchhodpura,Savli,22.532442,73.183961,1569.0,289.0,805.0,764.0,0.0,12.552,1,0.0,1.0,0,2,0,7.0,40.0,97.5,12.6,2.142,0.0,1080.4,247.2,34.3,2,0.83,0.75,0.448,138.4,0.44603033006244425,0.01015228426395939,343.8574156588161,702.912,5.623296,0.0
519777,Mudhela,Savli,22.50827,73.397671,734.0,159.0,378.0,356.0,21.12,1.173,1,0.0,1.0,1,2,0,7.0,36.0,95.0,12.6,0.799,0.001,1082.2,246.4,44.3,3,0.49,0.09,0.491,44.2,1.1123470522803114,0.010416666666666666,601.5564202334631,360.394,0.575943,0.10369919999999999
519778,Ghantiyal,Savli,22.517542,73.377275,1385.0,311.0,701.0,684.0,13.43,2.037,1,0.0,1.0,1,2,0,23.0,40.0,95.0,12.6,0.591,0.0,1080.4,248.8,45.5,3,0.51,0.16,0.509,92.0,1.4471780028943562,0.010416666666666666,679.0697674418606,704.965,1.036833,0.06835870000000001
519796,Bautha,Savli,22.511578,73.213664,1541.0,321.0,802.0,739.0,14.41,3.74,1,1.0,0.0,1,2,1,6.0,30.0,87.5,11.25,0.59,0.001,1078.6,247.2,46.7,3,0.56,0.3,0.531,119.7,1.4492753623188408,0.011299435028248588,678.3647798742138,818.2710000000001,1.9859400000000003,0.0765171
519798,Pasva,Savli,22.501273,73.255812,1155.0,235.0,594.0,561.0,28.4,1.477,1,1.0,1.0,0,2,0,8.0,35.0,87.5,11.25,0.474,0.001,1087.6,246.4,47.7,3,0.49,0.12,0.529,77.0,1.7421602787456447,0.011299435028248588,737.8561736770691,610.995,0.781333,0.15023599999999998
519799,Mota Motipura,Savli,22.504195,73.273909,312.0,77.0,162.0,150.0,33.01,0.689,0,0.0,0.0,1,3,0,10.0,25.0,87.5,11.7,0.689,0.001,1076.8,246.4,46.1,3,0.47,0.06,0.511,19.0,1.267427122940431,0.011299435028248588,637.5370041444642,159.43200000000002,0.352079,0.1686811
519802,Lotna,Savli,22.504372,73.36037,1669.0,335.0,866.0,803.0,43.14,3.149,1,0.0,1.0,2,2,0,10.0,34.0,95.0,12.6,1.12,0.0,1064.2,248.8,42.0,3,0.54,0.25,0.477,112.0,0.8196721311475409,0.010416666666666666,501.9811320754717,796.1129999999999,1.502073,0.20577779999999998
519801,Gangadiya,Savli,22.505454,73.33713,2265.0,484.0,1200.0,1065.0,37.88,1.608,1,1.0,1.0,0,2,1,15.0,30.0,97.5,13.05,2.853,0.0,1076.8,247.2,30.2,2,0.5,0.13,0.349,100.5,0.3386386725364036,0.01015228426395939,279.4705424344666,790.4849999999999,0.561192,0.1322012
519800,Pratapnagar,Savli,22.499167,73.293923,1488.0,297.0,784.0,704.0,44.89,2.248,0,0.0,0.0,1,3,1,12.0,35.0,92.5,12.15,1.323,0.0,1080.4,244.8,41.3,3,0.52,0.18,0.458,90.5,0.7027406886858749,0.0106951871657754,465.0882479552304,681.504,1.029584,0.2055962
519805,Vadadala,Savli,22.486995,73.319058,966.0,190.0,475.0,491.0,7.87,1.728,1,0.0,1.0,1,3,0,17.0,27.0,90.0,11.25,0.568,0.0,1064.2,248.0,46.2,3,0.5,0.14,0.513,63.6,1.4970059880239523,0.01098901098901099,678.6989795918367,495.558,0.886464,0.0403731
519797,Lasundra,Savli,22.501698,73.232756,1261.0,259.0,652.0,609.0,27.84,2.537,1,1.0,0.0,1,2,1,7.0,28.0,87.5,11.7,0.504,0.001,1066.0,246.4,47.2,3,0.51,0.2,0.53,90.2,1.6556291390728477,0.011299435028248588,708.7765957446809,668.33,1.34461,0.147552
519803,Sadra,Savli,22.501871,73.377151,649.0,137.0,343.0,306.0,1.23,2.135,1,1.0,1.0,1,2,0,17.0,36.0,100.0,13.5,0.436,0.0,1078.6,248.0,46.7,3,0.51,0.17,0.52,44.4,1.8656716417910446,0.009900990099009901,751.1142061281337,337.48,1.1101999999999999,0.006396000000000001
519809,Tundav,Savli,22.482954,73.20198,6102.0,1116.0,3169.0,2933.0,14.31,4.264,1,0.0,1.0,0,3,1,10.0,22.0,85.0,11.25,1.079,0.001,1075.0,244.8,45.0,3,0.57,0.34,0.509,468.2,0.8481764206955046,0.011627906976744186,517.0755170755172,3105.918,2.170376,0.0728379
519804,Adalwada,Savli,22.483591,73.353783,672.0,141.0,328.0,344.0,26.64,1.163,0,0.0,0.0,1,2,1,18.0,31.0,87.5,11.25,0.991,0.001,1071.4,248.8,44.3,3,0.48,0.09,0.492,40.5,0.9165902841429882,0.011299435028248588,538.121546961326,330.624,0.572196,0.1310688
519807,Subhelav,Savli,22.48513,73.244201,590.0,137.0,280.0,310.0,33.9,1.329,1,1.0,1.0,1,1,0,12.0,30.0,85.0,11.25,1.028,0.001,1080.4,248.0,45.0,3,0.49,0.11,0.502,37.0,0.8865248226950354,0.011627906976744186,532.741617357002,296.18,0.667158,0.170178
519808,Paldi,Savli,22.480526,73.22466,749.0,151.0,398.0,351.0,22.3,2.291,0,0.0,0.0,0,2,0,13.0,30.0,87.5,12.15,1.26,0.001,1069.6,247.2,42.3,3,0.52,0.18,0.479,47.6,0.7352941176470588,0.011299435028248588,473.27433628318585,358.77099999999996,1.097389,0.106817
519822,Dhanora,Savli,22.46833,73.335342,1254.0,255.0,655.0,599.0,26.87,4.463,0,0.0,0.0,1,2,0,20.0,29.0,87.5,11.7,0.916,0.001,1073.2,236.0,52.6,4,0.58,0.36,0.507,97.3,0.984251968503937,0.011299435028248588,560.1252609603341,635.778,2.262741,0.1362309
519806,Chandranagar,Savli,22.474179,73.25903,191.0,38.0,100.0,91.0,47.64,0.369,0,0.0,0.0,1,2,0,12.0,24.0,92.5,12.15,2.186,0.001,1073.2,247.2,35.2,3,0.46,0.05,0.389,8.8,0.4374453193350831,0.0106951871657754,336.84871311989957,74.299,0.143541,0.1853196
519814,Lamdapura,Savli,22.468742,73.226131,880.0,161.0,504.0,376.0,47.16,2.716,1,0.0,1.0,0,2,0,15.0,22.0,90.0,11.7,1.817,0.001,1064.2,247.2,37.0,2,0.53,0.22,0.43,51.9,0.5216484089723527,0.01098901098901099,377.77777777777777,378.4,1.16788,0.20278799999999997
519813,Manjusar,Savli,22.443886,73.19595,5001.0,1024.0,2582.0,2419.0,16.5,3.559,1,1.0,1.0,2,3,1,13.0,19.0,87.5,11.25,1.162,0.001,1098.4,247.2,42.9,3,0.56,0.28,0.491,353.6,0.7923930269413629,0.011299435028248588,508.04810360777066,2455.491,1.7474690000000002,0.081015
519816,Alindra,Savli,22.453463,73.236236,622.0,151.0,324.0,298.0,34.89,0.739,1,1.0,1.0,0,2,0,15.0,22.0,92.5,12.15,1.129,0.0,1075.0,246.4,41.8,3,0.47,0.06,0.465,34.5,0.8136696501220504,0.0106951871657754,504.9318929074683,289.23,0.343635,0.1622385
519819,Khokhar,Savli,22.458132,73.261182,1108.0,230.0,562.0,546.0,13.36,3.212,1,0.0,1.0,0,2,1,20.0,22.0,97.5,13.05,1.027,0.0,1080.4,245.6,42.5,3,0.55,0.26,0.483,75.9,0.8873114463176575,0.01015228426395939,533.0044400592008,535.164,1.551396,0.0645288
519812,Kunpad,Savli,22.456832,73.177151,2788.0,581.0,1442.0,1346.0,4.38,5.31,0,0.0,0.0,0,2,0,12.0,15.0,95.0,12.6,0.275,0.001,1112.8,248.8,49.4,3,0.61,0.42,0.546,243.2,2.6666666666666665,0.010416666666666666,872.7843137254902,1522.248,2.89926,0.0239148
519823,Haripura,Savli,22.455581,73.339935,741.0,146.0,382.0,359.0,50.47,1.123,1,0.0,1.0,1,2,0,18.0,28.0,87.5,11.25,0.391,0.001,1075.0,245.6,48.3,3,0.48,0.09,0.533,48.4,2.0366598778004072,0.011299435028248588,772.8253055355859,394.95300000000003,0.5985590000000001,0.26900510000000005
519821,Garadhiya,Savli,22.452432,73.313987,1719.0,367.0,854.0,865.0,43.92,3.487,1,1.0,1.0,1,3,1,18.0,25.0,92.5,12.15,0.367,0.001,1085.8,248.8,47.0,3,0.55,0.28,0.531,131.4,2.1413276231263385,0.0106951871657754,794.2940746159474,912.7890000000001,1.8515970000000002,0.23321520000000004
519815,Zumkal,Savli,22.450561,73.219561,271.0,65.0,138.0,133.0,32.1,1.221,1,1.0,1.0,0,2,0,17.0,22.0,90.0,11.7,0.759,0.001,1071.4,246.4,44.7,3,0.49,0.1,0.498,16.7,1.1641443538998837,0.01098901098901099,609.0960773166573,134.958,0.608058,0.159858
519723,Raipura Chhatrapura,Desar,22.665258,73.347779,426.0,98.0,223.0,203.0,1.64,0.877,1,1.0,0.0,0,2,0,22.0,77.0,90.0,11.7,1.373,0.002,1071.4,249.6,40.3,3,0.48,0.07,0.455,23.3,0.678886625933469,0.01098901098901099,451.49599662874,193.83,0.39903500000000003,0.007461999999999999
519739,Gulabpura Shihora,Savli,22.632917,73.293216,581.0,125.0,309.0,272.0,0.0,2.441,1,1.0,1.0,1,2,0,14.0,47.0,90.0,11.7,0.185,0.002,1075.0,250.4,48.5,3,0.52,0.2,0.544,42.7,3.508771929824561,0.01098901098901099,907.1729957805907,316.064,1.327904,0.0
519744,Gokalpura Ganeshpura,Savli,22.617289,73.293158,588.0,170.0,301.0,287.0,0.0,1.633,1,1.0,0.0,1,2,0,12.0,45.0,92.5,12.15,1.101,0.002,1075.0,249.6,42.1,3,0.5,0.13,0.472,35.3,0.832639467110741,0.0106951871657754,511.6611137553546,277.536,0.770776,0.0
519743,Parthampura Shihora,Savli,22.614948,73.270947,2363.0,492.0,1229.0,1134.0,15.91,2.864,1,1.0,0.0,1,2,1,10.0,40.0,95.0,12.6,0.121,0.001,1066.0,248.8,49.1,3,0.54,0.23,0.547,178.9,4.524886877828054,0.010416666666666666,950.9366636931311,1292.5610000000001,1.566608,0.0870277
519754,Dungripura Shihora,Savli,22.603431,73.264854,490.0,125.0,260.0,230.0,0.0,2.832,1,1.0,0.0,0,2,0,9.0,43.0,90.0,11.7,1.487,0.001,1071.4,248.0,39.7,3,0.53,0.23,0.454,30.8,0.6301197227473219,0.01098901098901099,430.80016083634905,222.46,1.285728,0.0
519820,Vemar,Savli,22.469814,73.281217,1971.0,403.0,1024.0,947.0,19.74,2.355,0,0.0,0.0,1,2,0,18.0,30.0,95.0,12.6,1.289,0.0,1073.2,247.2,41.8,3,0.52,0.19,0.461,121.6,0.7199424046076314,0.010416666666666666,468.85102664919185,908.6310000000001,1.085655,0.0910014
519928,Bodidra,Vaghodia,22.478356,73.379884,1047.0,236.0,562.0,485.0,10.98,1.796,1,0.0,1.0,1,2,0,12.0,30.0,90.0,11.7,0.199,0.001,1075.0,246.4,48.6,3,0.5,0.14,0.539,72.4,3.34448160535117,0.01098901098901099,896.580483736447,564.3330000000001,0.9680440000000001,0.05918220000000001
519934,Paldi,Vaghodia,22.455265,73.359683,1260.0,249.0,650.0,610.0,29.05,2.199,1,1.0,1.0,1,2,1,15.0,25.0,85.0,10.8,0.57,0.001,1080.4,246.4,48.3,3,0.52,0.18,0.537,89.8,1.492537313432836,0.011627906976744186,688.1528662420384,676.62,1.180863,0.1559985
519933,Asoj,Vaghodia,22.458691,73.390985,1952.0,420.0,1015.0,937.0,24.59,3.06,1,0.0,1.0,1,3,1,12.0,30.0,25.0,0.2,0.191,0.001,850.0,120.0,64.3,4,0.54,0.24,0.775,211.0,3.4364261168384878,0.038461538461538464,713.6859781696054,1512.8,2.3715,0.1905725
253247,Savli,Savli,22.568753,73.224165,18467.0,3608.0,0.0,0.0,28.63,2.3600000000000003,0,0.0,0.0,0,0,0,0.0,35.0,82.5,0.2,1.157,0.001,850.0,120.0,35.1,2,0.51,0.16,0.452,1089.3,0.7955449482895783,0.011976047904191617,394.0658321743162,8347.084,1.0667200000000001,0.1294076
519688,Udalpur,Desar,22.802194,73.396022,859.0,167.0,464.0,395.0,22.35,2.197,1,1.0,0.0,1,3,1,19.0,78.0,87.5,11.25,0.163,0.001,1071.4,250.4,50.8,3,0.52,0.18,0.557,63.5,3.8022813688212924,0.011299435028248588,921.238177128117,478.463,1.223729,0.12448950000000002
519691,Jambu Goral,Desar,22.775084,73.333488,4203.0,870.0,2158.0,2045.0,6.71,2.972,1,1.0,0.0,0,2,1,27.0,27.0,90.0,11.25,0.982,0.0,1069.6,251.2,43.3,3,0.54,0.24,0.492,288.5,0.9242144177449167,0.01098901098901099,539.656912209889,2067.8759999999997,1.462224,0.0330132
519692,Varsada,Desar,22.762475,73.300533,8683.0,1762.0,4469.0,4214.0,7.16,4.139,1,1.0,1.0,2,3,1,23.0,70.0,90.0,11.7,2.541,0.0,1082.2,249.6,32.2,2,0.57,0.33,0.386,501.5,0.37864445285876563,0.01098901098901099,305.61988138943804,3351.638,1.5976540000000001,0.0276376
519701,Vejpur,Desar,22.742463,73.36421,3511.0,800.0,1815.0,1696.0,37.85,1.258,1,1.0,0.0,2,2,1,24.0,57.0,95.0,12.6,2.527,0.0,1064.2,249.6,31.9,2,0.49,0.1,0.371,161.2,0.38066235249333835,0.010416666666666666,301.72951516869864,1302.581,0.466718,0.1404235
519693,Waghpura,Desar,22.760329,73.26441,208.0,37.0,108.0,100.0,0.0,2.419,1,1.0,0.0,1,2,0,30.0,60.0,85.0,10.8,0.838,0.001,1069.6,249.6,46.0,3,0.52,0.19,0.52,14.5,1.0660980810234542,0.011627906976744186,581.9368879216539,108.16,1.25788,0.0
519694,Tansiya,Desar,22.750929,73.274869,917.0,149.0,469.0,448.0,0.0,5.955,0,0.0,0.0,0,2,0,27.0,57.0,82.5,10.35,1.912,0.001,1076.8,249.6,39.9,3,0.63,0.48,0.472,72.1,0.4970178926441352,0.011976047904191617,369.7802197802198,432.82399999999996,2.8107599999999997,0.0
519699,Desar,Desar,22.724372,73.31478,6396.0,1270.0,3296.0,3100.0,10.3,3.74,1,1.0,1.0,2,2,1,22.0,60.0,90.0,11.25,1.036,0.0,1076.8,234.4,48.2,4,0.56,0.3,0.484,452.7,0.880281690140845,0.01098901098901099,528.8801571709233,3095.6639999999998,1.81016,0.049852
519695,Himmatpura,Desar,22.742906,73.278312,1095.0,245.0,578.0,517.0,0.0,4.086,0,0.0,0.0,0,2,0,25.0,55.0,87.5,11.25,2.266,0.001,1067.8,249.6,34.9,2,0.57,0.33,0.417,68.3,0.42265426880811496,0.011299435028248588,326.9442743417024,456.61499999999995,1.703862,0.0
519696,Dungripura I,Desar,22.739024,73.271448,1110.0,210.0,593.0,517.0,0.0,6.201,0,0.0,0.0,0,2,0,25.0,54.0,85.0,10.8,1.561,0.001,1075.0,249.6,40.8,3,0.64,0.5,0.487,91.2,0.6020469596628537,0.011627906976744186,419.75790706755174,540.5699999999999,3.0198869999999998,0.0
519700,Valavav,Desar,22.723502,73.331573,904.0,185.0,459.0,445.0,27.88,1.837,1,0.0,1.0,1,3,1,19.0,55.0,95.0,12.6,0.02,0.0,1073.2,251.2,49.9,3,0.51,0.15,0.55,64.3,8.333333333333332,0.010416666666666666,1052.1568627450981,497.20000000000005,1.01035,0.15334
519697,Intvad,Desar,22.7274,73.271766,1693.0,353.0,895.0,798.0,2.78,2.072,1,1.0,0.0,0,2,1,25.0,60.0,85.0,11.25,1.594,0.001,1055.2,251.2,40.9,3,0.51,0.17,0.466,103.8,0.5903187721369539,0.011627906976744186,406.78488820354664,788.938,0.9655520000000001,0.0129548
519702,Jesar Gopari,Desar,22.707522,73.377173,1881.0,437.0,986.0,895.0,5.79,4.116,0,0.0,0.0,1,2,1,32.0,65.0,95.0,11.7,0.089,0.001,1069.6,251.2,49.2,3,0.57,0.33,0.554,155.9,5.291005291005291,0.010416666666666666,982.1854912764003,1042.074,2.280264,0.032076600000000004
519704,Kadachhala,Desar,22.70282,73.329977,1724.0,387.0,908.0,816.0,12.47,2.665,1,1.0,0.0,0,3,0,17.0,55.0,95.0,12.15,0.559,0.001,1069.6,249.6,45.6,3,0.53,0.21,0.515,120.9,1.5174506828528072,0.010416666666666666,686.0808210391275,887.86,1.3724750000000001,0.0642205
519703,Vaktapura,Desar,22.698117,73.353822,1184.0,227.0,636.0,548.0,0.51,3.044,0,0.0,0.0,1,2,1,21.0,62.0,87.5,10.8,0.022,0.001,1076.8,252.0,51.3,3,0.54,0.24,0.57,94.1,8.19672131147541,0.011299435028248588,1053.620352250489,674.88,1.73508,0.002907
519705,Manekla,Desar,22.704202,73.274686,572.0,118.0,310.0,262.0,0.0,4.175,1,1.0,0.0,0,2,0,22.0,77.0,87.5,11.25,1.317,0.001,1062.4,251.2,41.6,3,0.58,0.33,0.485,41.5,0.7057163020465772,0.011299435028248588,458.52395338800176,277.42,2.0248749999999998,0.0
519706,Moti Varnoli,Desar,22.692163,73.274425,1388.0,301.0,728.0,660.0,9.87,8.785,0,0.0,0.0,0,2,1,22.0,60.0,87.5,12.15,1.051,0.001,1071.4,249.6,44.8,3,0.71,0.7,0.523,138.8,0.8688097306689835,0.011299435028248588,522.3793271574841,725.924,4.594555000000001,0.0516201
519712,Pipalchhat Vanto,Desar,22.694689,73.38464,310.0,70.0,151.0,159.0,0.0,3.647,1,1.0,0.0,1,2,0,17.0,60.0,87.5,11.7,0.819,0.001,1084.0,250.4,45.6,3,0.56,0.29,0.517,23.3,1.0881392818280742,0.011299435028248588,595.9318306761958,160.27,1.885499,0.0
519707,Nani Varnoli,Desar,22.691971,73.291851,263.0,69.0,141.0,122.0,3.8,1.06,1,1.0,0.0,0,2,0,25.0,61.0,95.0,12.6,0.687,0.001,1053.4,248.8,44.2,3,0.48,0.08,0.498,15.9,1.2706480304955527,0.010416666666666666,624.4220509780677,130.974,0.52788,0.018924
519711,Dolatpura,Desar,22.692905,73.367228,484.0,122.0,249.0,235.0,27.07,3.585,1,1.0,0.0,1,2,0,17.0,71.0,87.5,11.7,0.618,0.001,1073.2,252.8,47.8,3,0.56,0.29,0.532,37.4,1.392757660167131,0.011299435028248588,663.2880098887516,257.488,1.9072200000000001,0.1440124
519713,Rampuri Narpuri,Desar,22.6889,73.381596,508.0,110.0,261.0,247.0,0.0,6.35,1,1.0,0.0,1,2,0,17.0,65.0,87.5,11.25,1.46,0.002,1073.2,251.2,41.2,3,0.64,0.51,0.484,41.8,0.641025641025641,0.011299435028248588,436.26016260162606,245.87199999999999,3.0734,0.0
519708,Chhalier,Desar,22.690042,73.310529,4027.0,859.0,2122.0,1905.0,5.31,4.941,1,1.0,0.0,0,2,1,22.0,57.0,90.0,11.7,0.271,0.001,1064.2,248.0,47.9,3,0.6,0.4,0.549,348.2,2.6954177897574123,0.01098901098901099,837.2934697088907,2210.8230000000003,2.712609,0.029151899999999998
519710,Ghemalpura,Desar,22.688546,73.3522,404.0,95.0,210.0,194.0,12.38,3.483,1,1.0,0.0,0,2,0,23.0,78.0,85.0,10.8,0.808,0.001,1082.2,249.6,47.1,3,0.55,0.28,0.527,30.7,1.1013215859030836,0.011627906976744186,598.5619469026549,212.90800000000002,1.835541,0.06524260000000001
519709,Vankaneda,Desar,22.689375,73.342643,1543.0,338.0,834.0,709.0,3.05,6.919,0,0.0,0.0,1,3,0,20.0,77.0,87.5,11.25,0.953,0.001,1069.6,251.2,44.6,3,0.66,0.55,0.523,140.7,0.9496676163342831,0.011299435028248588,547.6702508960574,806.989,3.618637,0.0159515
519718,Rajpur,Desar,22.681284,73.285408,578.0,126.0,301.0,277.0,0.0,1.628,1,1.0,0.0,0,2,0,19.0,52.0,87.5,11.25,1.712,0.001,1057.0,248.8,38.5,2,0.5,0.13,0.445,32.7,0.5518763796909492,0.011299435028248588,389.7492625368732,257.21,0.72446,0.0
519726,Pipalchhat,Desar,22.683959,73.394569,738.0,156.0,384.0,354.0,38.48,6.417,1,1.0,0.0,1,2,0,25.0,62.0,95.0,12.6,1.084,0.001,1066.0,250.4,42.1,3,0.64,0.51,0.495,62.1,0.8445945945945945,0.010416666666666666,511.5163147792706,365.31,3.176415,0.19047599999999998
519714,Vadiya Pandu,Desar,22.681779,73.372321,226.0,47.0,109.0,117.0,2.21,1.548,0,0.0,0.0,0,2,0,14.0,58.0,92.5,12.15,0.309,0.002,1082.2,253.6,48.5,3,0.5,0.12,0.53,15.1,2.4449877750611244,0.0106951871657754,826.7379679144386,119.78,0.8204400000000001,0.011713
519715,Rajupura,Desar,22.678101,73.357688,988.0,216.0,509.0,479.0,31.58,4.595,1,1.0,0.0,1,2,1,15.0,70.0,87.5,11.25,0.148,0.001,1105.6,249.6,53.0,4,0.59,0.37,0.568,86.5,4.032258064516129,0.011299435028248588,963.0662020905924,561.184,2.6099599999999996,0.17937439999999996
519716,Limdanu Muvadu,Desar,22.675546,73.343148,260.0,56.0,143.0,117.0,8.46,2.6,1,1.0,0.0,0,3,0,23.0,80.0,82.5,11.25,0.181,0.001,1071.4,250.4,52.5,3,0.53,0.21,0.579,20.5,3.558718861209964,0.011976047904191617,907.1972904318375,150.54,1.5053999999999998,0.0489834
519725,Pandu,Desar,22.67458,73.381692,1911.0,361.0,968.0,943.0,12.04,7.996,0,0.0,0.0,1,2,1,10.0,56.0,90.0,11.7,0.19,0.001,1076.8,252.8,48.9,3,0.69,0.64,0.57,201.0,3.4482758620689653,0.01098901098901099,904.8739495798319,1089.27,4.55772,0.068628
519727,Sanpiya,Desar,22.676801,73.404608,814.0,159.0,405.0,409.0,0.0,5.5,0,0.0,0.0,1,2,0,17.0,60.0,95.0,12.6,0.031,0.001,1071.4,252.0,49.4,3,0.62,0.44,0.566,74.6,7.633587786259541,0.010416666666666666,1039.185257032008,460.72399999999993,3.1129999999999995,0.0
519719,Pratappura,Desar,22.67092,73.295452,1904.0,399.0,1026.0,878.0,1.58,9.665,1,1.0,0.0,0,2,0,17.0,50.0,95.0,12.6,1.69,0.002,1067.8,250.4,37.8,3,0.74,0.75,0.468,175.4,0.5586592178770949,0.010416666666666666,396.9516728624535,891.072,4.52322,0.0073944000000000015
519698,Nani Varnoli Vanto,Desar,22.711908,73.279058,390.0,75.0,200.0,190.0,2.82,3.786,1,1.0,0.0,0,2,0,22.0,67.0,82.5,10.35,1.219,0.001,1062.4,249.6,44.4,3,0.56,0.3,0.51,29.1,0.758150113722517,0.011976047904191617,478.77422262280305,198.9,1.93086,0.014382
519717,Kalyan Patelnu Muvadu,Desar,22.67911,73.317626,218.0,46.0,113.0,105.0,0.0,1.033,1,1.0,0.0,1,2,0,30.0,60.0,90.0,11.7,0.116,0.001,1076.8,251.2,49.0,3,0.48,0.08,0.543,14.4,4.629629629629629,0.01098901098901099,964.874551971326,118.37400000000001,0.560919,0.0
519776,Singaniya,Savli,22.515372,73.408679,302.0,70.0,159.0,143.0,11.26,1.405,0,0.0,0.0,1,2,0,7.0,37.0,92.5,12.15,0.504,0.001,1075.0,246.4,46.1,3,0.49,0.11,0.511,19.3,1.6556291390728477,0.0106951871657754,714.7606382978723,154.322,0.717955,0.057538599999999995
519775,Khakhariya,Savli,22.541527,73.404569,2023.0,432.0,1041.0,982.0,24.47,2.915,0,0.0,0.0,1,3,1,10.0,40.0,85.0,10.8,2.794,0.0,1064.2,250.4,32.5,2,0.54,0.23,0.386,108.1,0.3455425017277125,0.011627906976744186,280.49551924090673,780.878,1.1251900000000001,0.0944542
519929,Rajpura,Vaghodia,22.49415,73.408481,2277.0,469.0,1168.0,1109.0,2.46,5.152,1,1.0,1.0,1,2,1,12.0,34.0,92.5,12.15,1.08,0.001,1076.8,247.2,41.9,3,0.6,0.41,0.488,176.3,0.8474576271186439,0.0106951871657754,517.6923076923076,1111.176,2.514176,0.0120048
519930,Sarnej,Vaghodia,22.479316,73.412146,2297.0,482.0,1172.0,1125.0,26.86,3.617,0,0.0,0.0,1,2,0,10.0,34.0,95.0,13.05,1.353,0.001,1076.8,247.2,40.4,3,0.56,0.29,0.463,154.3,0.6882312456985547,0.010416666666666666,457.6285592860179,1063.511,1.674671,0.12436180000000001
519932,Hansapura,Vaghodia,22.464653,73.405246,1216.0,266.0,641.0,575.0,9.46,6.989,1,1.0,1.0,1,3,0,12.0,32.0,90.0,11.25,0.008,0.001,1073.2,245.6,50.0,3,0.66,0.56,0.576,122.9,9.259259259259258,0.01098901098901099,1064.6825396825398,700.4159999999999,4.025664,0.0544896
519931,Khandiwada,Vaghodia,22.45873,73.420955,1033.0,220.0,537.0,496.0,23.81,4.591,1,1.0,1.0,1,2,1,8.0,34.0,90.0,11.25,0.922,0.001,1076.8,246.4,43.7,3,0.59,0.37,0.501,79.8,0.9784735812133072,0.01098901098901099,560.2497398543184,517.533,2.300091,0.1192881
519729,Kaslapura,Desar,22.661765,73.412087,758.0,162.0,400.0,358.0,9.37,2.641,0,0.0,0.0,1,2,0,23.0,63.0,92.5,12.15,0.855,0.001,1075.0,248.8,43.5,3,0.53,0.21,0.494,51.0,1.0471204188481675,0.0106951871657754,579.5148247978436,374.452,1.304654,0.0462878
519689,Tulsigam,Desar,22.772278,73.398801,1546.0,303.0,791.0,755.0,57.96,1.105,1,1.0,0.0,1,2,0,20.0,72.0,97.5,13.05,2.149,0.0,1080.4,249.6,34.8,2,0.48,0.09,0.396,75.1,0.4446420631391729,0.01015228426395939,343.0930454112417,612.216,0.43758,0.22952160000000002
519690,Vachchhesar,Desar,22.764564,73.401582,2695.0,516.0,1359.0,1336.0,18.63,4.891,1,1.0,0.0,1,2,1,25.0,68.0,95.0,12.6,3.025,0.05,1067.8,250.4,28.4,2,0.6,0.39,0.353,148.8,0.32,0.010416666666666666,265.29192546583846,951.3349999999999,1.7265229999999998,0.0657639
519728,Mokampura,Desar,22.670578,73.41003,795.0,170.0,417.0,378.0,10.94,5.599,0,0.0,0.0,1,2,0,25.0,64.0,92.5,12.15,0.72,0.001,1078.6,251.2,44.7,3,0.62,0.45,0.518,67.2,1.2195121951219512,0.0106951871657754,627.0930232558139,411.81,2.9002820000000002,0.0566692
