village_code,village_name,subdistrict,latitude,longitude,geo_area_ha,pct_forest,pct_barren_uncultivable,pct_net_sown,pct_fallow,pct_pastures,pct_non_agri_builtup,irrigation_coverage_pct,cover_management_index_C_proxy,slope_deg_EXTERNAL_TOFILL,slope_length_m_EXTERNAL_TOFILL,soil_type_EXTERNAL_TOFILL,soil_erodibility_K_EXTERNAL_TOFILL,rainfall_erosivity_R_EXTERNAL_TOFILL,support_practice_P_EXTERNAL_TOFILL,erosion_risk_score_TARGET,slope_steepness,rainfall_erosivity_calc,soil_resistance,vegetation_cover,bare_soil_ratio,erosion_risk_category
521212,Alampura,Karjan,21.852286,73.21197,195.0,0.0,7.69,89.23,0.0,1.03,2.05,100.0,0.338,13.5,212.0,Deep Black Cotton Soil,0.36,485.6,0.75,0.98,0.2334453638559054,485.6,2.7027027027027026,1.03,7.69,Very High
521189,Ranapur,Karjan,21.948871,73.255503,618.0,0.0,23.14,69.26,0.0,5.02,2.59,70.09,0.424,13.95,217.4,Deep Black Cotton Soil,0.369,479.0,0.9,0.98,0.24107506083303862,479.0,2.638522427440633,5.02,23.14,Very High
521185,Latipur Timbi,Karjan,21.946091,73.184216,230.0,0.0,1.87,90.19,0.0,0.0,2.34,100.0,0.287,13.5,212.0,Deep Black Cotton Soil,0.363,481.0,0.75,0.98,0.2334453638559054,481.0,2.680965147453083,0.0,1.87,Very High
521005,Surajghoda,Dabhoi,22.067393,73.538224,79.0,0.0,7.69,87.18,0.0,3.85,1.28,55.88,0.337,12.6,201.2,Deep Black Cotton Soil,0.368,477.7,0.75,0.98,0.21814324139654254,477.7,2.6455026455026456,3.85,7.69,Very High
521135,Kanabha,Karjan,22.0648,73.030688,451.0,0.0,1.01,77.37,17.78,2.63,1.21,75.72,0.352,12.15,195.8,Deep Black Cotton Soil,0.298,467.9,0.75,0.98,0.21047175982130567,467.9,3.2467532467532467,2.63,18.790000000000003,Very High
521141,Karamadi,Karjan,22.050547,73.08421,391.0,0.0,5.22,62.39,30.0,1.09,1.3,87.11,0.416,11.7,190.4,Deep Black Cotton Soil,0.311,473.8,0.9,0.98,0.20278729535651246,473.8,3.115264797507788,1.09,35.22,Very High
521220,Vaniyad,Sinor,22.028989,73.401592,632.0,0.0,0.79,82.12,0.0,2.22,14.87,92.5,0.257,14.4,222.8,Deep Black Cotton Soil,0.4,477.7,0.75,0.98,0.2486898871648548,477.7,2.4390243902439024,2.22,0.79,Very High
521206,Lilod,Karjan,21.882002,73.226019,387.0,0.0,19.57,57.25,13.04,8.45,1.69,75.95,0.439,13.5,212.0,Deep Black Cotton Soil,0.37,476.4,0.9,0.98,0.2334453638559054,476.4,2.6315789473684212,8.45,32.61,Very High
521097,Bhadara,Padra,22.141,73.033592,385.0,0.0,4.42,85.71,0.0,8.57,1.3,21.21,0.31,11.7,190.4,Alluvial Loamy Soil,0.293,473.1,0.75,0.98,0.20278729535651246,473.1,3.3003300330033003,8.57,4.42,Very High
519880,Rabhipura,Vadodara Rural,22.168777,73.231734,195.0,0.0,10.77,81.03,0.0,5.64,2.56,47.47,0.348,12.15,195.8,Alluvial Loamy Soil,0.303,469.9,0.75,0.98,0.21047175982130567,469.9,3.194888178913738,5.64,10.77,Very High
519890,Meghakui,Vadodara Rural,22.138633,73.278804,446.0,0.0,8.16,90.21,0.0,0.0,0.93,41.34,0.344,13.5,212.0,Alluvial Loamy Soil,0.309,471.2,0.75,0.98,0.2334453638559054,471.2,3.134796238244514,0.0,8.16,Very High
519858,Talsat,Vadodara Rural,22.238004,73.1711,230.0,0.0,0.44,76.42,0.0,4.8,12.23,34.29,0.24,14.4,222.8,Alluvial Loamy Soil,0.316,481.0,0.75,0.98,0.2486898871648548,481.0,3.067484662576687,4.8,0.44,Very High
519835,Sisva,Vadodara Rural,22.397016,73.178636,418.0,0.0,4.07,73.98,0.0,1.63,7.32,54.95,0.261,12.6,201.2,Alluvial Loamy Soil,0.29,474.5,0.75,0.98,0.21814324139654254,474.5,3.3333333333333335,1.63,4.07,Very High
519884,Vadsala,Vadodara Rural,22.157934,73.174287,695.0,0.0,0.0,70.61,0.9,14.54,0.45,4.25,0.239,13.05,206.6,Alluvial Loamy Soil,0.306,473.1,0.75,0.98,0.2258012668691037,473.1,3.1645569620253164,14.54,0.9,Very High
519876,Hansajipura,Vadodara Rural,22.205196,73.260987,254.0,0.0,0.8,88.35,4.02,4.82,0.8,2.27,0.304,13.95,217.4,Alluvial Loamy Soil,0.312,471.8,0.75,0.98,0.24107506083303862,471.8,3.1055900621118013,4.82,4.819999999999999,Very High
519861,Chikhodara,Vadodara Rural,22.233156,73.236326,591.0,0.0,0.0,89.68,0.0,4.91,5.41,23.44,0.276,12.15,195.8,Alluvial Loamy Soil,0.302,480.3,0.75,0.98,0.21047175982130567,480.3,3.2051282051282053,4.91,0.0,Very High
802597,Por Ramangamdi INA,Vadodara Rural,22.142991,73.180844,0.0,0.0,2.8899999999999997,83.32,0.0,4.495,3.5549999999999997,69.87,0.0,12.15,195.8,Alluvial Loamy Soil,0.31,478.4,0.9,0.02,0.21047175982130567,478.4,3.125,4.495,2.8899999999999997,Low
519915,Sama OG,Vadodara Rural,22.347302,73.207008,0.0,0.0,2.8899999999999997,83.32,0.0,4.495,3.5549999999999997,69.87,0.0,11.7,190.4,Alluvial Loamy Soil,0.31,479.0,0.9,0.02,0.20278729535651246,479.0,3.125,4.495,2.8899999999999997,Low
521151,Dhamanja,Karjan,21.998056,73.080688,581.0,0.0,4.48,89.85,0.0,5.16,0.52,76.63,0.318,11.7,190.4,Deep Black Cotton Soil,0.3,472.5,0.75,0.98,0.20278729535651246,472.5,3.2258064516129035,5.16,4.48,Very High
521152,Lakodara,Karjan,21.995859,73.111902,738.0,0.0,2.68,79.11,11.97,4.97,1.27,100.0,0.341,12.15,195.8,Deep Black Cotton Soil,0.307,475.1,0.75,0.98,0.21047175982130567,475.1,3.1545741324921135,4.97,14.65,Very High
521162,Osalam,Karjan,21.991137,73.145019,817.0,0.0,3.92,90.45,0.0,4.65,0.98,100.0,0.314,14.4,222.8,Deep Black Cotton Soil,0.323,482.9,0.75,0.98,0.2486898871648548,482.9,3.003003003003003,4.65,3.92,Very High
521112,Kotna,Padra,22.0948,72.981493,748.0,0.4,5.35,86.1,0.0,5.21,2.41,55.9,0.314,12.6,201.2,Alluvial Loamy Soil,0.306,477.7,0.75,0.98,0.21814324139654254,477.7,3.1645569620253164,5.61,5.35,Very High
521116,Kothwada,Padra,22.110103,73.07992,235.0,0.0,4.68,80.85,0.0,0.0,8.51,52.63,0.285,13.05,206.6,Alluvial Loamy Soil,0.305,480.3,0.75,0.98,0.2258012668691037,480.3,3.1746031746031744,0.0,4.68,Very High
521113,Shahera,Padra,22.100724,73.017333,310.0,0.32,4.84,81.94,0.0,7.1,5.81,39.37,0.3,12.15,195.8,Alluvial Loamy Soil,0.295,471.2,0.75,0.98,0.21047175982130567,471.2,3.278688524590164,7.42,4.84,Very High
521117,Vasnaref,Padra,22.08068,72.97523,434.0,0.0,3.23,85.94,0.0,5.07,5.76,71.85,0.294,11.7,190.4,Alluvial Loamy Soil,0.302,475.8,0.75,0.98,0.20278729535651246,475.8,3.2051282051282053,5.07,3.23,Very High
521119,Sokhdaraghu,Padra,22.064954,72.97663,351.0,0.0,0.57,87.78,0.0,5.11,3.98,16.5,0.276,13.5,212.0,Alluvial Loamy Soil,0.295,473.8,0.75,0.98,0.2334453638559054,473.8,3.278688524590164,5.11,0.57,Very High
519899,Kashipura,Vadodara Rural,22.116365,73.166323,469.0,0.0,0.84,84.63,12.63,1.47,0.42,55.97,0.339,12.6,201.2,Alluvial Loamy Soil,0.315,474.5,0.75,0.98,0.21814324139654254,474.5,3.0769230769230766,1.47,13.47,Very High
519898,Sarar,Vadodara Rural,22.104863,73.149804,1103.0,0.0,1.08,95.78,2.95,0.0,0.2,46.15,0.315,12.6,201.2,Alluvial Loamy Soil,0.313,478.4,0.75,0.98,0.21814324139654254,478.4,3.095975232198142,0.0,4.03,Very High
251215,Karjan,Karjan,22.053736,73.127378,0.0,0.0,2.8899999999999997,83.32,0.0,4.495,3.5549999999999997,69.87,0.0,0.2,52.4,Deep Black Cotton Soil,0.15,387.6,0.9,0.02,0.003490651415223732,387.6,6.25,4.495,2.8899999999999997,Low
520999,Mandala,Dabhoi,22.082633,73.328643,1879.0,7.03,1.6,87.17,0.0,3.78,0.43,45.05,0.283,11.7,190.4,Deep Black Cotton Soil,0.349,472.5,0.75,0.98,0.20278729535651246,472.5,2.785515320334262,10.81,1.6,Very High
520998,Parikha,Dabhoi,22.082741,73.291885,666.0,0.0,8.87,87.07,0.0,3.01,1.05,56.82,0.346,0.2,52.4,Deep Black Cotton Soil,0.15,387.6,0.75,0.044,0.003490651415223732,387.6,6.25,3.01,8.87,Low
520973,Nada,Dabhoi,22.131256,73.375066,1044.0,7.94,1.82,83.44,0.0,5.84,0.0,16.63,0.277,11.7,190.4,Deep Black Cotton Soil,0.351,475.1,0.75,0.98,0.20278729535651246,475.1,2.770083102493075,13.780000000000001,1.82,Very High
520979,Sejpura,Dabhoi,22.122262,73.298782,233.0,2.59,4.31,87.07,0.0,6.03,0.0,100.0,0.31,13.5,212.0,Deep Black Cotton Soil,0.312,471.2,0.75,0.98,0.2334453638559054,471.2,3.1055900621118013,8.620000000000001,4.31,Very High
520982,Tharvasa,Dabhoi,22.112532,73.392616,340.0,0.0,0.0,89.71,0.0,5.59,4.71,98.36,0.278,11.7,190.4,Deep Black Cotton Soil,0.348,477.1,0.75,0.98,0.20278729535651246,477.1,2.793296089385475,5.59,0.0,Very High
520981,Baripura,Dabhoi,22.112979,73.33336,388.0,0.0,3.87,79.9,0.0,0.0,16.24,80.65,0.275,12.6,201.2,Deep Black Cotton Soil,0.34,473.8,0.75,0.98,0.21814324139654254,473.8,2.8571428571428568,0.0,3.87,Very High
520980,Vakhatpura,Dabhoi,22.115875,73.315005,181.0,0.0,0.0,73.48,0.0,0.0,13.26,75.19,0.22,11.25,185.0,Deep Black Cotton Soil,0.343,477.7,0.75,0.98,0.19509032201612825,477.7,2.8328611898016995,0.0,0.0,Very High
520991,Habipura,Dabhoi,22.106409,73.353946,979.0,0.0,8.69,87.93,0.0,3.07,0.31,93.02,0.347,11.7,190.4,Deep Black Cotton Soil,0.349,472.5,0.75,0.98,0.20278729535651246,472.5,2.785515320334262,3.07,8.69,Very High
520978,Chhatral,Dabhoi,22.109304,73.290473,548.0,0.0,2.19,84.12,0.0,12.77,0.91,81.13,0.291,12.15,195.8,Deep Black Cotton Soil,0.308,468.6,0.75,0.98,0.21047175982130567,468.6,3.144654088050314,12.77,2.19,Very High
520977,Khanpur,Dabhoi,22.11699,73.276368,426.0,0.0,19.01,76.06,0.0,4.93,0.0,61.73,0.407,13.05,206.6,Deep Black Cotton Soil,0.304,471.8,0.75,0.98,0.2258012668691037,471.8,3.1847133757961785,4.93,19.01,Very High
520994,Menpura,Dabhoi,22.106381,73.232355,447.0,0.0,0.0,84.56,0.0,0.0,10.51,79.37,0.254,13.5,212.0,Deep Black Cotton Soil,0.321,484.3,0.75,0.98,0.2334453638559054,484.3,3.021148036253776,0.0,0.0,Very High
520993,Kunvarpura,Dabhoi,22.102555,73.268697,289.0,0.0,2.77,92.04,0.0,0.0,5.19,75.19,0.301,12.6,201.2,Deep Black Cotton Soil,0.309,475.1,0.75,0.98,0.21814324139654254,475.1,3.134796238244514,0.0,2.77,Very High
521128,Bamangam,Karjan,22.103873,73.192831,725.0,0.0,3.98,45.38,44.09,0.0,6.56,100.0,0.436,12.15,195.8,Deep Black Cotton Soil,0.304,483.6,0.9,0.98,0.21047175982130567,483.6,3.1847133757961785,0.0,48.07,Very High
519905,Samsabad,Vadodara Rural,22.120986,73.265597,617.0,0.0,2.32,92.86,0.0,2.14,0.71,28.85,0.303,13.05,206.6,Alluvial Loamy Soil,0.304,473.1,0.75,0.98,0.2258012668691037,473.1,3.1847133757961785,2.14,2.32,Very High
520987,Navi Mangrol,Dabhoi,22.095945,73.471121,235.0,0.0,0.0,80.08,0.0,7.63,12.29,100.0,0.252,10.8,179.6,Deep Black Cotton Soil,0.368,472.5,0.75,0.98,0.18738131458572463,472.5,2.6455026455026456,7.63,0.0,Very High
521020,Manpur,Dabhoi,22.05,73.448552,186.0,0.0,11.83,76.34,0.0,11.83,0.0,100.0,0.353,11.25,185.0,Deep Black Cotton Soil,0.367,482.9,0.75,0.98,0.19509032201612825,482.9,2.6525198938992043,11.83,11.83,Very High
521023,Akoti,Dabhoi,22.041523,73.490974,501.0,5.79,8.18,80.64,0.0,5.19,0.0,100.0,0.324,13.05,206.6,Deep Black Cotton Soil,0.364,472.5,0.75,0.98,0.2258012668691037,472.5,2.6737967914438503,10.98,8.18,Very High
521001,Sitpur,Dabhoi,22.08057,73.471272,943.0,0.0,0.0,74.44,0.0,25.56,0.0,43.02,0.262,11.7,190.4,Deep Black Cotton Soil,0.371,479.7,0.75,0.98,0.20278729535651246,479.7,2.6246719160104988,25.56,0.0,Very High
520989,Gamdi Kanayada,Dabhoi,22.095686,73.413239,433.0,0.0,9.95,84.49,0.0,0.69,4.86,72.6,0.344,12.15,195.8,Deep Black Cotton Soil,0.369,477.7,0.75,0.98,0.21047175982130567,477.7,2.638522427440633,0.69,9.95,Very High
521003,Dharmapura,Dabhoi,22.085604,73.534557,138.0,2.17,2.9,86.96,0.0,7.97,0.0,83.33,0.299,11.7,190.4,Deep Black Cotton Soil,0.377,473.8,0.75,0.98,0.20278729535651246,473.8,2.5839793281653747,10.14,2.9,Very High
521012,Vadaj,Dabhoi,22.075049,73.438367,1387.0,0.0,10.97,87.88,0.0,1.15,0.0,98.52,0.364,13.05,206.6,Deep Black Cotton Soil,0.386,479.0,0.75,0.98,0.2258012668691037,479.0,2.525252525252525,1.15,10.97,Very High
521002,Bhilodiya,Dabhoi,22.079777,73.507412,624.0,0.0,13.62,86.38,0.0,0.0,0.0,92.76,0.382,12.15,195.8,Deep Black Cotton Soil,0.384,477.1,0.75,0.98,0.21047175982130567,477.1,2.5380710659898478,0.0,13.62,Very High
521000,Kanayada,Dabhoi,22.076657,73.405223,377.0,0.0,2.92,85.41,0.0,5.57,6.1,53.42,0.291,13.5,212.0,Deep Black Cotton Soil,0.366,482.3,0.75,0.98,0.2334453638559054,482.3,2.6595744680851063,5.57,2.92,Very High
521010,Chanwada,Dabhoi,22.064168,73.468113,470.0,0.0,0.0,76.6,0.0,21.28,2.13,83.33,0.262,11.7,190.4,Deep Black Cotton Soil,0.361,478.4,0.75,0.98,0.20278729535651246,478.4,2.6954177897574123,21.28,0.0,Very High
521004,Para,Dabhoi,22.072918,73.531128,177.0,0.56,2.26,90.96,0.0,6.21,0.0,62.11,0.303,11.7,190.4,Deep Black Cotton Soil,0.373,475.1,0.75,0.98,0.20278729535651246,475.1,2.6109660574412534,6.77,2.26,Very High
521006,Asgol,Dabhoi,22.064052,73.533433,212.0,0.0,4.69,89.2,0.0,5.16,0.94,94.74,0.318,10.8,179.6,Deep Black Cotton Soil,0.371,473.1,0.75,0.98,0.18738131458572463,473.1,2.6246719160104988,5.16,4.69,Very High
521007,Araniya,Dabhoi,22.058945,73.527337,211.0,1.42,4.72,87.74,0.0,6.13,0.0,46.24,0.315,11.25,185.0,Deep Black Cotton Soil,0.373,472.5,0.75,0.98,0.19509032201612825,472.5,2.6109660574412534,7.55,4.72,Very High
521013,Ten Talav,Dabhoi,22.049604,73.413979,1401.0,2.28,6.99,82.24,0.0,8.49,0.0,100.0,0.323,14.85,228.2,Deep Black Cotton Soil,0.374,481.6,0.75,0.98,0.2562893731329966,481.6,2.6041666666666665,10.77,6.99,Very High
521009,Asodara,Dabhoi,22.048387,73.5033,665.0,0.0,19.1,80.45,0.0,0.3,0.15,93.46,0.414,11.7,190.4,Deep Black Cotton Soil,0.365,472.5,0.75,0.98,0.20278729535651246,472.5,2.6666666666666665,0.3,19.1,Very High
521008,Nagdol,Dabhoi,22.053618,73.516519,281.0,0.0,11.03,84.7,0.0,1.78,2.49,84.03,0.356,11.25,185.0,Deep Black Cotton Soil,0.378,473.1,0.75,0.98,0.19509032201612825,473.1,2.5773195876288657,1.78,11.03,Very High
521011,Ordi,Dabhoi,22.050937,73.459476,263.0,0.0,15.91,79.55,0.0,3.79,0.76,66.67,0.388,10.8,179.6,Deep Black Cotton Soil,0.365,475.1,0.75,0.98,0.18738131458572463,475.1,2.6666666666666665,3.79,15.91,Very High
521022,Paragam,Dabhoi,22.040225,73.47484,223.0,0.0,0.0,75.34,0.0,4.48,20.18,100.0,0.233,10.35,174.2,Deep Black Cotton Soil,0.37,477.1,0.75,0.98,0.17966074859319253,477.1,2.6315789473684212,4.48,0.0,Very High
521021,Rajpura,Dabhoi,22.034954,73.452827,293.0,0.0,10.54,85.37,0.0,3.4,0.68,100.0,0.356,10.8,179.6,Deep Black Cotton Soil,0.372,481.6,0.75,0.98,0.18738131458572463,481.6,2.6178010471204187,3.4,10.54,Very High
521026,Gumanpura,Dabhoi,22.027967,73.466711,204.0,0.0,22.55,70.59,0.0,6.86,0.0,100.0,0.425,11.7,190.4,Deep Black Cotton Soil,0.381,469.2,0.75,0.98,0.20278729535651246,469.2,2.557544757033248,6.86,22.55,Very High
521025,Bhumasiya,Dabhoi,22.029212,73.484929,107.0,0.0,0.0,11.21,0.0,88.79,0.0,100.0,0.167,12.15,195.8,Deep Black Cotton Soil,0.378,473.8,0.9,0.98,0.21047175982130567,473.8,2.5773195876288657,88.79,0.0,Very High
521024,Sompura,Dabhoi,22.025399,73.498561,213.0,2.35,2.82,90.14,0.0,3.29,1.41,100.0,0.301,12.15,195.8,Deep Black Cotton Soil,0.384,469.9,0.75,0.98,0.21047175982130567,469.9,2.5380710659898478,5.640000000000001,2.82,Very High
521030,Jesangpura,Dabhoi,22.019937,73.480743,297.0,11.78,0.0,41.41,0.0,46.46,0.34,100.0,0.196,12.15,195.8,Deep Black Cotton Soil,0.378,471.8,0.9,0.98,0.21047175982130567,471.8,2.5773195876288657,58.24,0.0,Very High
521027,Sanor,Dabhoi,22.01772,73.454152,638.0,0.0,12.09,87.13,0.0,0.78,0.0,100.0,0.371,15.3,233.6,Deep Black Cotton Soil,0.386,477.7,0.75,0.98,0.2638730499653729,477.7,2.525252525252525,0.78,12.09,Very High
521031,Bhalodra,Dabhoi,22.010556,73.493043,465.0,0.0,28.39,71.61,0.0,0.0,0.0,100.0,0.47,13.05,206.6,Deep Black Cotton Soil,0.381,468.6,0.75,0.98,0.2258012668691037,468.6,2.557544757033248,0.0,28.39,Very High
521028,Mandva,Dabhoi,22.001965,73.434328,1161.0,0.0,0.0,74.53,0.0,0.0,25.47,100.0,0.224,13.05,206.6,Deep Black Cotton Soil,0.381,476.4,0.75,0.98,0.2258012668691037,476.4,2.557544757033248,0.0,0.0,Very High
521033,Gamdi,Dabhoi,21.999967,73.472539,339.0,0.0,0.0,81.66,0.0,18.34,0.0,61.59,0.272,11.7,190.4,Deep Black Cotton Soil,0.386,472.5,0.75,0.98,0.20278729535651246,472.5,2.525252525252525,18.34,0.0,Very High
521029,Fulwadi,Dabhoi,22.007016,73.452339,429.0,0.0,24.53,50.47,0.0,21.03,3.97,100.0,0.404,13.5,212.0,Deep Black Cotton Soil,0.38,477.7,0.9,0.98,0.2334453638559054,477.7,2.564102564102564,21.03,24.53,Very High
521034,Chandod,Dabhoi,21.991799,73.460127,65.0,0.0,69.23,24.62,0.0,0.0,6.15,100.0,0.697,12.15,195.8,Deep Black Cotton Soil,0.376,473.1,0.9,0.98,0.21047175982130567,473.1,2.5906735751295336,0.0,69.23,Very High
521219,Nana Karala,Sinor,22.018617,73.417563,541.0,0.0,1.48,93.35,0.0,1.85,3.33,79.21,0.296,14.4,222.8,Deep Black Cotton Soil,0.387,477.1,0.75,0.98,0.2486898871648548,477.1,2.5188916876574305,1.85,1.48,Very High
521234,Satisana,Sinor,22.001769,73.406543,671.0,0.0,1.94,83.61,0.0,7.6,6.86,71.3,0.28,14.4,222.8,Deep Black Cotton Soil,0.385,477.7,0.75,0.98,0.2486898871648548,477.7,2.531645569620253,7.6,1.94,Very High
521032,Baglipura,Dabhoi,22.003732,73.504446,91.0,0.0,4.44,88.89,0.0,6.67,0.0,100.0,0.317,12.6,201.2,Deep Black Cotton Soil,0.39,470.5,0.75,0.98,0.21814324139654254,470.5,2.5,6.67,4.44,Very High
520985,Bhimpura Kukad,Dabhoi,22.139255,73.508042,665.0,0.0,15.34,73.68,0.0,5.86,5.11,81.63,0.368,11.25,185.0,Deep Black Cotton Soil,0.371,474.5,0.75,0.98,0.19509032201612825,474.5,2.6246719160104988,5.86,15.34,Very High
520984,Karnet,Dabhoi,22.114336,73.484308,766.0,0.65,7.04,75.88,0.0,5.22,11.21,85.91,0.299,11.25,185.0,Deep Black Cotton Soil,0.38,475.8,0.75,0.98,0.19509032201612825,475.8,2.564102564102564,5.87,7.04,Very High
520983,Boriyad,Dabhoi,22.120655,73.460479,325.0,1.23,9.2,64.11,0.0,3.68,21.78,52.15,0.281,12.15,195.8,Deep Black Cotton Soil,0.376,478.4,0.9,0.98,0.21047175982130567,478.4,2.5906735751295336,4.91,9.2,Very High
520988,Dharmpuri,Dabhoi,22.10525,73.445468,906.0,0.0,1.77,83.33,0.0,4.64,9.82,53.11,0.273,12.15,195.8,Deep Black Cotton Soil,0.369,484.3,0.75,0.98,0.21047175982130567,484.3,2.638522427440633,4.64,1.77,Very High
520986,Juni Mangrol,Dabhoi,22.104319,73.475881,222.0,0.0,4.5,63.51,0.0,0.9,9.01,100.0,0.232,12.15,195.8,Deep Black Cotton Soil,0.37,475.8,0.9,0.98,0.21047175982130567,475.8,2.6315789473684212,0.9,4.5,Very High
251213,Dabhoi,Dabhoi,22.132821,73.43051,0.0,0.0,2.8899999999999997,83.32,0.0,4.495,3.5549999999999997,69.87,0.0,12.15,195.8,Deep Black Cotton Soil,0.367,479.7,0.9,0.02,0.21047175982130567,479.7,2.6525198938992043,4.495,2.8899999999999997,Low
521017,Kayavarohan,Dabhoi,22.075851,73.250283,3361.0,1.67,2.98,91.46,0.0,3.9,0.0,100.0,0.307,12.6,201.2,Deep Black Cotton Soil,0.325,478.4,0.75,0.98,0.21814324139654254,478.4,2.9850746268656714,5.57,2.98,Very High
520995,Puniyad,Dabhoi,22.100616,73.213227,553.0,2.89,1.99,90.24,0.0,4.88,0.0,80.16,0.297,13.05,206.6,Deep Black Cotton Soil,0.32,482.9,0.75,0.98,0.2258012668691037,482.9,3.0303030303030303,7.77,1.99,Very High
520992,Kothara,Dabhoi,22.101065,73.306994,427.0,0.0,5.85,88.99,0.0,4.68,0.47,78.95,0.327,11.7,190.4,Deep Black Cotton Soil,0.356,471.2,0.75,0.98,0.20278729535651246,471.2,2.73224043715847,4.68,5.85,Very High
520990,Sathod,Dabhoi,22.088947,73.380113,1806.0,0.72,2.71,96.46,0.0,0.0,0.11,91.85,0.314,12.15,195.8,Deep Black Cotton Soil,0.35,474.5,0.75,0.98,0.21047175982130567,474.5,2.7777777777777777,0.72,2.71,Very High
520997,Sultanpura,Dabhoi,22.081722,73.275647,248.0,0.0,12.1,83.87,0.0,4.03,0.0,100.0,0.367,12.6,201.2,Deep Black Cotton Soil,0.315,473.8,0.75,0.98,0.21814324139654254,473.8,3.0769230769230766,4.03,12.1,Very High
520996,Fofaliya,Dabhoi,22.077858,73.207523,455.0,0.0,6.61,88.11,0.0,4.41,0.88,62.5,0.33,13.05,206.6,Deep Black Cotton Soil,0.318,487.5,0.75,0.98,0.2258012668691037,487.5,3.048780487804878,4.41,6.61,Very High
521015,Pisai,Dabhoi,22.065104,73.353468,680.0,0.0,7.49,87.22,0.0,5.29,0.0,100.0,0.337,12.6,201.2,Deep Black Cotton Soil,0.366,479.0,0.75,0.98,0.21814324139654254,479.0,2.6595744680851063,5.29,7.49,Very High
521014,Shirola,Dabhoi,22.056849,73.383541,616.0,0.0,0.0,87.34,0.0,12.66,0.0,100.0,0.281,13.5,212.0,Deep Black Cotton Soil,0.368,484.9,0.75,0.98,0.2334453638559054,484.9,2.6455026455026456,12.66,0.0,Very High
521016,Karmal,Dabhoi,22.058746,73.302368,459.0,0.0,7.19,87.58,0.0,5.23,0.0,100.0,0.335,12.15,195.8,Deep Black Cotton Soil,0.36,482.3,0.75,0.98,0.21047175982130567,482.3,2.7027027027027026,5.23,7.19,Very High
521018,Lingsthali,Dabhoi,22.042229,73.252039,862.0,0.0,7.19,89.56,0.0,3.25,0.0,90.67,0.338,13.95,217.4,Deep Black Cotton Soil,0.366,481.0,0.75,0.98,0.24107506083303862,481.0,2.6595744680851063,3.25,7.19,Very High
521019,Bananj,Dabhoi,22.024348,73.233382,418.0,0.0,2.63,83.05,0.0,14.32,0.0,100.0,0.294,13.05,206.6,Deep Black Cotton Soil,0.38,478.4,0.75,0.98,0.2258012668691037,478.4,2.564102564102564,14.32,2.63,Very High
521143,Dhanora,Karjan,22.081782,73.187754,322.0,0.0,0.61,84.55,4.85,4.55,3.03,71.68,0.295,12.6,201.2,Deep Black Cotton Soil,0.31,484.3,0.75,0.98,0.21814324139654254,484.3,3.125,4.55,5.46,Very High
521144,Gandhara,Karjan,22.053571,73.215055,780.0,0.0,8.97,85.64,0.0,4.1,1.28,90.57,0.344,13.95,217.4,Deep Black Cotton Soil,0.324,479.7,0.75,0.98,0.24107506083303862,479.7,2.994011976047904,4.1,8.97,Very High
521145,Ganpatpura,Karjan,22.055872,73.196843,798.0,0.0,4.01,89.35,0.0,3.76,2.51,91.16,0.31,13.95,217.4,Deep Black Cotton Soil,0.327,482.3,0.75,0.98,0.24107506083303862,482.3,2.9673590504451037,3.76,4.01,Very High
521156,Dhavat,Karjan,22.033506,73.18218,1272.0,0.0,0.94,86.56,0.0,4.01,8.18,81.83,0.274,13.5,212.0,Deep Black Cotton Soil,0.331,481.6,0.75,0.98,0.2334453638559054,481.6,2.9325513196480935,4.01,0.94,Very High
521157,Kurali,Karjan,22.024655,73.212051,591.0,0.0,0.34,90.52,0.0,4.74,4.4,100.0,0.282,13.95,217.4,Deep Black Cotton Soil,0.329,486.2,0.75,0.98,0.24107506083303862,486.2,2.949852507374631,4.74,0.34,Very High
521158,Vemar,Karjan,22.001203,73.236051,1045.0,0.0,2.3,86.12,0.0,4.5,7.08,100.0,0.286,12.15,195.8,Deep Black Cotton Soil,0.365,475.8,0.75,0.98,0.21047175982130567,475.8,2.6666666666666665,4.5,2.3,Very High
521160,Kasampur,Karjan,22.010784,73.197272,482.0,0.0,0.0,85.68,0.0,4.98,9.34,100.0,0.265,14.4,222.8,Deep Black Cotton Soil,0.323,484.9,0.75,0.98,0.2486898871648548,484.9,3.003003003003003,4.98,0.0,Very High
521159,Kothav,Karjan,22.000365,73.216065,505.0,0.0,6.92,87.94,0.0,4.15,0.99,100.0,0.332,14.85,228.2,Deep Black Cotton Soil,0.366,481.0,0.75,0.98,0.2562893731329966,481.0,2.6595744680851063,4.15,6.92,Very High
521172,Nishaliya,Karjan,21.994476,73.203651,282.0,0.0,14.89,80.14,0.0,4.96,0.0,100.0,0.382,14.4,222.8,Deep Black Cotton Soil,0.368,480.3,0.75,0.98,0.2486898871648548,480.3,2.6455026455026456,4.96,14.89,Very High
521171,Choranda,Karjan,21.988212,73.178437,1218.0,0.0,1.2,74.88,5.12,4.96,12.88,93.48,0.274,13.5,212.0,Deep Black Cotton Soil,0.372,479.7,0.75,0.98,0.2334453638559054,479.7,2.6178010471204187,4.96,6.32,Very High
521217,Sandha,Sinor,22.051567,73.333742,290.0,0.0,0.34,84.48,0.0,5.17,10.0,78.37,0.264,13.05,206.6,Deep Black Cotton Soil,0.365,476.4,0.75,0.98,0.2258012668691037,476.4,2.6666666666666665,5.17,0.34,Very High
521218,Damnagar,Sinor,22.048448,73.35436,329.0,0.0,0.0,87.5,0.0,4.88,7.62,89.86,0.27,11.7,190.4,Deep Black Cotton Soil,0.367,475.8,0.75,0.98,0.20278729535651246,475.8,2.6525198938992043,4.88,0.0,Very High
521216,Garadi,Sinor,22.046886,73.313492,379.0,0.0,0.79,87.11,0.0,5.79,6.32,90.94,0.277,13.05,206.6,Deep Black Cotton Soil,0.356,481.6,0.75,0.98,0.2258012668691037,481.6,2.73224043715847,5.79,0.79,Very High
521215,Nana Habipura,Sinor,22.045817,73.288605,322.0,0.0,1.66,89.4,0.0,7.62,1.32,100.0,0.295,12.15,195.8,Deep Black Cotton Soil,0.357,479.7,0.75,0.98,0.21047175982130567,479.7,2.7247956403269757,7.62,1.66,Very High
521225,Achisara,Sinor,22.032329,73.319689,732.0,0.0,8.06,86.89,0.0,3.69,1.37,81.45,0.339,13.5,212.0,Deep Black Cotton Soil,0.359,482.3,0.75,0.98,0.2334453638559054,482.3,2.710027100271003,3.69,8.06,Very High
521222,Puniyad,Sinor,22.034808,73.362022,683.0,0.0,2.2,82.87,0.0,4.69,10.25,87.46,0.275,12.15,195.8,Deep Black Cotton Soil,0.38,479.7,0.75,0.98,0.21047175982130567,479.7,2.564102564102564,4.69,2.2,Very High
521221,Anandi,Sinor,22.027457,73.377876,758.0,0.0,14.78,81.79,0.0,3.17,0.26,80.0,0.383,13.5,212.0,Deep Black Cotton Soil,0.382,477.1,0.75,0.98,0.2334453638559054,477.1,2.5510204081632653,3.17,14.78,Very High
521223,Bhekhada,Sinor,22.034538,73.340775,201.0,0.0,0.0,81.5,0.0,6.0,12.5,89.57,0.253,14.4,222.8,Deep Black Cotton Soil,0.373,478.4,0.75,0.98,0.2486898871648548,478.4,2.6109660574412534,6.0,0.0,Very High
521214,Timbarva,Sinor,22.02638,73.271644,1551.0,0.0,0.71,87.43,0.0,4.38,7.48,73.75,0.275,13.5,212.0,Deep Black Cotton Soil,0.368,481.0,0.75,0.98,0.2334453638559054,481.0,2.6455026455026456,4.38,0.71,Very High
521224,Chhanbhoi,Sinor,22.018022,73.343451,524.0,0.0,3.82,78.82,0.0,5.15,12.21,92.01,0.279,12.15,195.8,Deep Black Cotton Soil,0.387,482.9,0.75,0.98,0.21047175982130567,482.9,2.5188916876574305,5.15,3.82,Very High
521231,Avakhal,Sinor,22.0029,73.3245,1344.0,0.0,2.31,83.1,0.0,4.02,10.57,94.18,0.276,12.15,195.8,Deep Black Cotton Soil,0.391,481.6,0.75,0.98,0.21047175982130567,481.6,2.4937655860349124,4.02,2.31,Very High
521232,Malpur,Sinor,22.006701,73.353646,461.0,0.0,1.74,88.94,0.0,2.6,6.72,79.27,0.286,13.95,217.4,Deep Black Cotton Soil,0.388,484.3,0.75,0.98,0.24107506083303862,484.3,2.5125628140703515,2.6,1.74,Very High
521226,Tarva,Sinor,22.00933,73.267989,522.0,0.0,0.57,83.52,0.0,4.79,11.11,100.0,0.263,13.95,217.4,Deep Black Cotton Soil,0.375,481.0,0.75,0.98,0.24107506083303862,481.0,2.5974025974025974,4.79,0.57,Very High
521233,Segva,Sinor,22.006763,73.374721,453.0,0.0,0.79,72.64,21.26,4.33,0.98,86.72,0.359,13.5,212.0,Deep Black Cotton Soil,0.382,482.3,0.75,0.98,0.2334453638559054,482.3,2.5510204081632653,4.33,22.05,Very High
521230,Sadhli,Sinor,21.990856,73.297683,1133.0,0.0,0.88,89.4,0.0,4.15,5.57,95.55,0.282,14.85,228.2,Deep Black Cotton Soil,0.381,482.3,0.75,0.98,0.2562893731329966,482.3,2.557544757033248,4.15,0.88,Very High
521108,Sampla,Padra,22.092733,72.917623,871.0,0.0,3.1,85.65,0.0,3.44,7.81,46.92,0.29,12.15,195.8,Alluvial Loamy Soil,0.306,477.7,0.75,0.98,0.21047175982130567,477.7,3.1645569620253164,3.44,3.1,Very High
521107,Shanpur,Padra,22.104415,72.950166,518.0,0.0,2.12,85.33,0.0,4.05,8.49,11.31,0.281,12.15,195.8,Alluvial Loamy Soil,0.307,474.5,0.75,0.98,0.21047175982130567,474.5,3.1545741324921135,4.05,2.12,Very High
521090,Kanzat,Padra,22.108455,72.889902,731.0,8.48,1.78,87.55,0.0,0.0,1.09,62.5,0.28,12.6,201.2,Alluvial Loamy Soil,0.304,475.8,0.75,0.98,0.21814324139654254,475.8,3.1847133757961785,8.48,1.78,Very High
521110,Bhanpur,Padra,22.090872,72.938779,315.0,0.0,0.64,89.49,0.0,4.46,5.41,60.85,0.281,12.6,201.2,Alluvial Loamy Soil,0.314,479.0,0.75,0.98,0.21814324139654254,479.0,3.0864197530864197,4.46,0.64,Very High
521111,Vanchhara,Padra,22.075925,72.949723,859.0,0.0,3.61,84.63,0.0,5.36,5.36,13.76,0.294,12.6,201.2,Alluvial Loamy Soil,0.295,471.8,0.75,0.98,0.21814324139654254,471.8,3.278688524590164,5.36,3.61,Very High
521109,Danoli,Padra,22.069706,72.919621,482.0,0.0,2.9,82.16,0.0,4.36,10.58,30.38,0.279,12.15,195.8,Alluvial Loamy Soil,0.308,478.4,0.75,0.98,0.21047175982130567,478.4,3.144654088050314,4.36,2.9,Very High
521118,Nedra,Padra,22.052913,72.928131,549.0,0.0,7.28,87.16,0.0,5.56,0.0,78.02,0.335,12.6,201.2,Alluvial Loamy Soil,0.306,475.1,0.75,0.98,0.21814324139654254,475.1,3.1645569620253164,5.56,7.28,Very High
521227,Tinglod,Sinor,21.990449,73.25099,467.0,0.0,0.43,87.15,0.0,1.93,10.49,100.0,0.268,12.15,195.8,Deep Black Cotton Soil,0.362,479.0,0.75,0.98,0.21047175982130567,479.0,2.6881720430107525,1.93,0.43,Very High
521122,Abhara,Karjan,22.088832,73.023087,650.0,0.0,4.55,85.58,2.73,4.86,2.28,88.65,0.321,13.95,217.4,Deep Black Cotton Soil,0.294,479.0,0.75,0.98,0.24107506083303862,479.0,3.2894736842105265,4.86,7.279999999999999,Very High
521142,Kandari,Karjan,22.080348,73.151713,1598.0,0.0,7.0,87.0,0.0,5.24,0.76,100.0,0.332,13.95,217.4,Deep Black Cotton Soil,0.332,481.6,0.75,0.98,0.24107506083303862,481.6,2.923976608187134,5.24,7.0,Very High
521132,Kurai,Karjan,22.077144,73.102052,820.0,0.0,0.0,77.87,15.73,4.94,1.46,85.57,0.335,13.5,212.0,Deep Black Cotton Soil,0.327,477.1,0.75,0.98,0.2334453638559054,477.1,2.9673590504451037,4.94,15.73,Very High
521134,Handod,Karjan,22.074506,73.054631,1020.0,0.0,2.36,87.03,5.11,4.03,1.47,80.14,0.319,12.15,195.8,Deep Black Cotton Soil,0.318,480.3,0.75,0.98,0.21047175982130567,480.3,3.048780487804878,4.03,7.470000000000001,Very High
521133,Khandha,Karjan,22.070567,73.073476,804.0,0.0,2.2,81.48,13.89,1.74,0.69,71.02,0.35,12.6,201.2,Deep Black Cotton Soil,0.323,475.8,0.75,0.98,0.21814324139654254,475.8,3.003003003003003,1.74,16.09,Very High
521136,Chorbhuj,Karjan,22.061192,73.010019,847.0,0.0,4.96,87.89,0.0,5.21,1.94,81.27,0.316,12.6,201.2,Deep Black Cotton Soil,0.3,474.5,0.75,0.98,0.21814324139654254,474.5,3.2258064516129035,5.21,4.96,Very High
521123,Sambhoi,Karjan,22.107029,73.03894,712.0,0.0,7.63,71.35,16.06,4.28,0.67,85.93,0.385,12.6,201.2,Deep Black Cotton Soil,0.304,481.6,0.75,0.98,0.21814324139654254,481.6,3.1847133757961785,4.28,23.689999999999998,Very High
521124,Surwada,Karjan,22.107989,73.055006,487.0,0.0,3.23,84.04,4.04,7.07,1.62,73.32,0.316,13.05,206.6,Deep Black Cotton Soil,0.303,476.4,0.75,0.98,0.2258012668691037,476.4,3.194888178913738,7.07,7.27,Very High
521121,Virjai,Karjan,22.100334,73.001793,1055.0,0.0,0.0,83.29,10.84,4.97,0.9,89.15,0.322,12.15,195.8,Deep Black Cotton Soil,0.294,469.9,0.75,0.98,0.21047175982130567,469.9,3.2894736842105265,4.97,10.84,Very High
521126,Pingalwada,Karjan,22.108714,73.097279,783.0,0.0,3.07,86.59,0.0,5.24,4.09,78.61,0.295,12.15,195.8,Deep Black Cotton Soil,0.319,481.6,0.75,0.98,0.21047175982130567,481.6,3.03951367781155,5.24,3.07,Very High
521127,Harsunda,Karjan,22.10727,73.123008,169.0,0.0,3.55,87.57,0.0,4.73,4.14,86.49,0.302,12.6,201.2,Deep Black Cotton Soil,0.308,484.3,0.75,0.98,0.21814324139654254,484.3,3.144654088050314,4.73,3.55,Very High
521125,Manpur,Karjan,22.098113,73.075975,488.0,0.0,2.28,85.92,4.14,6.21,0.83,99.28,0.312,12.6,201.2,Deep Black Cotton Soil,0.307,475.1,0.75,0.98,0.21814324139654254,475.1,3.1545741324921135,6.21,6.42,Very High
521131,Anastu,Karjan,22.086903,73.114773,860.0,0.0,3.7,69.63,17.99,4.13,0.95,60.79,0.356,13.95,217.4,Deep Black Cotton Soil,0.32,490.1,0.9,0.98,0.24107506083303862,490.1,3.0303030303030303,4.13,21.689999999999998,Very High
521129,Manglej,Karjan,22.094203,73.173107,549.0,0.0,0.0,75.76,7.84,5.35,3.57,70.59,0.282,11.7,190.4,Deep Black Cotton Soil,0.312,481.0,0.75,0.98,0.20278729535651246,481.0,3.1055900621118013,5.35,7.84,Very High
521130,Kherda,Karjan,22.092915,73.136272,478.0,0.0,2.93,86.82,0.0,5.23,5.02,83.13,0.295,12.6,201.2,Deep Black Cotton Soil,0.307,477.7,0.75,0.98,0.21814324139654254,477.7,3.1545741324921135,5.23,2.93,Very High
521137,Umaj,Karjan,22.055899,72.964382,534.0,0.0,4.68,83.71,0.0,8.43,3.18,89.93,0.306,12.15,195.8,Deep Black Cotton Soil,0.29,476.4,0.75,0.98,0.21047175982130567,476.4,3.3333333333333335,8.43,4.68,Very High
521146,Vemardi,Karjan,22.052172,73.172982,517.0,0.0,8.06,86.18,1.54,3.45,0.38,100.0,0.345,14.4,222.8,Deep Black Cotton Soil,0.327,486.9,0.75,0.98,0.2486898871648548,486.9,2.9673590504451037,3.45,9.600000000000001,Very High
521166,Mankan,Karjan,21.932658,73.069718,368.0,0.0,3.92,86.42,7.83,0.78,1.04,90.63,0.343,13.5,212.0,Deep Black Cotton Soil,0.374,473.8,0.75,0.98,0.2334453638559054,473.8,2.6041666666666665,0.78,11.75,Very High
521184,Sarupur Timbi,Karjan,21.929106,73.150558,337.0,0.0,5.34,87.54,0.0,3.86,3.26,67.8,0.316,13.95,217.4,Deep Black Cotton Soil,0.367,478.4,0.75,0.98,0.24107506083303862,478.4,2.6525198938992043,3.86,5.34,Very High
521183,Saniyad,Karjan,21.923933,73.173165,688.0,0.0,3.86,82.76,10.21,1.1,2.07,75.0,0.346,12.6,201.2,Deep Black Cotton Soil,0.357,473.8,0.75,0.98,0.21814324139654254,473.8,2.7247956403269757,1.1,14.07,Very High
521163,Dethan,Karjan,21.977393,73.104835,773.0,0.0,1.08,82.31,13.72,2.29,0.6,100.0,0.342,12.15,195.8,Deep Black Cotton Soil,0.323,471.2,0.75,0.98,0.21047175982130567,471.2,3.003003003003003,2.29,14.8,Very High
521164,Valan,Karjan,21.954884,73.075371,2339.0,0.94,1.76,87.67,5.14,1.76,0.99,100.0,0.313,12.15,195.8,Deep Black Cotton Soil,0.32,477.1,0.75,0.98,0.21047175982130567,477.1,3.0303030303030303,2.7,6.8999999999999995,Very High
521169,Atali,Karjan,21.963404,73.147394,714.0,0.0,1.82,83.5,0.0,4.48,9.37,80.57,0.274,13.05,206.6,Deep Black Cotton Soil,0.368,477.7,0.75,0.98,0.2258012668691037,477.7,2.6455026455026456,4.48,1.82,Very High
521170,Bachar,Karjan,21.962801,73.17002,620.0,0.0,0.44,76.44,17.38,4.71,1.03,80.54,0.345,13.05,206.6,Deep Black Cotton Soil,0.369,481.0,0.75,0.98,0.2258012668691037,481.0,2.638522427440633,4.71,17.82,Very High
521168,Kiya,Karjan,21.957047,73.121666,939.0,0.0,1.6,91.37,0.0,3.83,3.19,53.38,0.294,12.6,201.2,Deep Black Cotton Soil,0.359,477.7,0.75,0.98,0.21814324139654254,477.7,2.710027100271003,3.83,1.6,Very High
521176,Urad,Karjan,21.941814,73.159467,451.0,0.0,9.85,81.62,2.63,4.81,1.09,80.43,0.357,13.05,206.6,Deep Black Cotton Soil,0.361,480.3,0.75,0.98,0.2258012668691037,480.3,2.6954177897574123,4.81,12.48,Very High
521177,Koliyad,Karjan,21.927209,73.131173,908.0,0.0,6.61,88.11,0.0,3.85,1.43,75.0,0.33,13.05,206.6,Deep Black Cotton Soil,0.362,479.0,0.75,0.98,0.2258012668691037,479.0,2.6881720430107525,3.85,6.61,Very High
521167,Divi,Karjan,21.933756,73.116397,429.0,0.0,11.16,82.56,0.0,4.88,1.4,64.23,0.355,12.6,201.2,Deep Black Cotton Soil,0.365,477.7,0.75,0.98,0.21814324139654254,477.7,2.6666666666666665,4.88,11.16,Very High
521165,Mesrad,Karjan,21.930546,73.021135,1059.0,0.0,0.66,90.18,0.0,6.42,0.66,62.83,0.286,13.95,217.4,Deep Black Cotton Soil,0.381,481.6,0.75,0.98,0.24107506083303862,481.6,2.557544757033248,6.42,0.66,Very High
521178,Sansrod,Karjan,21.912531,73.096947,931.0,0.0,0.43,89.14,0.0,0.43,2.61,51.77,0.272,13.95,217.4,Deep Black Cotton Soil,0.377,470.5,0.75,0.98,0.24107506083303862,470.5,2.5839793281653747,0.43,0.43,Very High
521182,Sanapura,Karjan,21.90548,73.145016,447.0,0.0,0.0,78.88,14.91,4.35,1.86,100.0,0.333,12.6,201.2,Deep Black Cotton Soil,0.361,474.5,0.75,0.98,0.21814324139654254,474.5,2.6954177897574123,4.35,14.91,Very High
521181,Saring,Karjan,21.890801,73.129828,889.0,0.0,2.45,79.77,10.65,5.86,1.28,80.11,0.334,13.05,206.6,Deep Black Cotton Soil,0.376,479.0,0.75,0.98,0.2258012668691037,479.0,2.5906735751295336,5.86,13.100000000000001,Very High
521179,Haldarva,Karjan,21.896641,73.077939,631.0,0.0,3.14,92.14,1.57,1.73,1.42,76.79,0.317,13.5,212.0,Deep Black Cotton Soil,0.379,474.5,0.75,0.98,0.2334453638559054,474.5,2.570694087403599,1.73,4.71,Very High
521195,Karan,Karjan,21.89618,73.168278,457.0,0.0,0.0,71.12,22.87,5.62,0.39,100.0,0.359,12.6,201.2,Deep Black Cotton Soil,0.37,479.0,0.75,0.98,0.21814324139654254,479.0,2.6315789473684212,5.62,22.87,Very High
521180,Mantroj,Karjan,21.889077,73.10036,455.0,0.0,6.0,69.6,18.0,4.4,2.0,86.21,0.377,14.4,222.8,Deep Black Cotton Soil,0.382,473.8,0.9,0.98,0.2486898871648548,473.8,2.5510204081632653,4.4,24.0,Very High
521196,Pachhiyapura,Karjan,21.894566,73.156396,676.0,0.0,2.65,81.15,0.88,4.86,1.91,88.93,0.28,13.05,206.6,Deep Black Cotton Soil,0.365,475.1,0.75,0.98,0.2258012668691037,475.1,2.6666666666666665,4.86,3.53,Very High
521197,Delvada,Karjan,21.877363,73.14759,284.0,0.0,16.56,47.13,19.75,4.46,0.96,60.81,0.416,13.05,206.6,Deep Black Cotton Soil,0.366,479.0,0.9,0.98,0.2258012668691037,479.0,2.6595744680851063,4.46,36.31,Very High
521199,Arjanpura,Karjan,21.867865,73.164557,121.0,0.0,3.23,70.97,4.84,19.35,1.61,68.18,0.3,13.05,206.6,Deep Black Cotton Soil,0.383,476.4,0.75,0.98,0.2258012668691037,476.4,2.544529262086514,19.35,8.07,Very High
521198,Somaj,Karjan,21.868243,73.149303,160.0,0.0,16.77,50.93,0.0,11.18,2.48,74.07,0.32,12.6,201.2,Deep Black Cotton Soil,0.376,482.3,0.9,0.98,0.21814324139654254,482.3,2.5906735751295336,11.18,16.77,Very High
521192,Samri,Karjan,21.935162,73.197469,265.0,0.0,0.0,83.15,5.86,5.49,5.49,88.11,0.293,13.05,206.6,Deep Black Cotton Soil,0.362,484.9,0.75,0.98,0.2258012668691037,484.9,2.6881720430107525,5.49,5.86,Very High
521173,Methi,Karjan,21.973103,73.221783,575.0,0.0,1.57,86.09,0.0,4.87,7.48,100.0,0.28,13.05,206.6,Deep Black Cotton Soil,0.366,479.0,0.75,0.98,0.2258012668691037,479.0,2.6595744680851063,4.87,1.57,Very High
521174,Chhanchhva,Karjan,21.973599,73.197097,560.0,0.0,0.0,89.75,0.0,5.22,5.04,100.0,0.277,13.05,206.6,Deep Black Cotton Soil,0.361,479.0,0.75,0.98,0.2258012668691037,479.0,2.6954177897574123,5.22,0.0,Very High
521175,Kala,Karjan,21.949247,73.1791,378.0,0.0,0.0,80.25,13.33,4.69,1.73,100.0,0.328,13.05,206.6,Deep Black Cotton Soil,0.368,483.6,0.75,0.98,0.2258012668691037,483.6,2.6455026455026456,4.69,13.33,Very High
521187,Simli,Karjan,21.952537,73.220691,735.0,0.0,1.09,86.12,0.0,4.9,7.89,82.15,0.276,13.05,206.6,Deep Black Cotton Soil,0.365,479.0,0.75,0.98,0.2258012668691037,479.0,2.6666666666666665,4.9,1.09,Very High
521186,Kanthariya,Karjan,21.947104,73.19995,404.0,0.0,1.73,86.14,0.0,4.95,7.18,100.0,0.281,13.5,212.0,Deep Black Cotton Soil,0.368,478.4,0.75,0.98,0.2334453638559054,478.4,2.6455026455026456,4.95,1.73,Very High
521188,Kothiya,Karjan,21.943,73.238991,461.0,0.0,15.63,63.53,15.23,3.61,2.0,88.33,0.428,13.95,217.4,Deep Black Cotton Soil,0.366,482.3,0.9,0.98,0.24107506083303862,482.3,2.6595744680851063,3.61,30.86,Very High
521190,Deroli,Karjan,21.935378,73.221769,393.0,0.0,13.3,67.46,13.3,4.04,1.9,70.42,0.408,14.85,228.2,Deep Black Cotton Soil,0.373,473.8,0.9,0.98,0.2562893731329966,473.8,2.6109660574412534,4.04,26.6,Very High
521193,Samra,Karjan,21.918272,73.193568,625.0,0.0,4.63,80.56,7.1,4.63,3.09,91.95,0.333,13.05,206.6,Deep Black Cotton Soil,0.372,475.1,0.75,0.98,0.2258012668691037,475.1,2.6178010471204187,4.63,11.73,Very High
521191,Fatepur,Karjan,21.918199,73.21762,476.0,0.0,25.0,68.96,1.67,3.12,1.25,90.63,0.447,13.95,217.4,Deep Black Cotton Soil,0.369,475.1,0.9,0.98,0.24107506083303862,475.1,2.638522427440633,3.12,26.67,Very High
521194,Sherpura,Karjan,21.905708,73.187584,163.0,0.0,5.2,76.3,11.56,5.78,1.16,53.03,0.354,12.15,195.8,Deep Black Cotton Soil,0.37,477.7,0.75,0.98,0.21047175982130567,477.7,2.6315789473684212,5.78,16.76,Very High
521203,Kahona,Karjan,21.90302,73.210746,414.0,0.0,12.77,76.87,0.0,5.54,4.82,87.77,0.354,12.15,195.8,Deep Black Cotton Soil,0.37,475.1,0.75,0.98,0.21047175982130567,475.1,2.6315789473684212,5.54,12.77,Very High
521140,Kambola,Karjan,22.040465,73.053253,960.0,0.0,4.18,80.6,8.96,5.07,1.19,75.31,0.341,12.15,195.8,Deep Black Cotton Soil,0.303,480.3,0.75,0.98,0.21047175982130567,480.3,3.194888178913738,5.07,13.14,Very High
521202,Ropa,Karjan,21.890067,73.20414,188.0,0.0,10.11,81.91,0.0,5.32,2.66,64.94,0.345,13.5,212.0,Deep Black Cotton Soil,0.375,474.5,0.75,0.98,0.2334453638559054,474.5,2.5974025974025974,5.32,10.11,Very High
521204,Hirjipura,Karjan,21.896063,73.215054,152.0,0.0,13.91,74.17,0.0,5.3,6.62,79.46,0.356,12.6,201.2,Deep Black Cotton Soil,0.372,478.4,0.75,0.98,0.21814324139654254,478.4,2.6178010471204187,5.3,13.91,Very High
521201,Rarod,Karjan,21.873413,73.196423,687.0,0.0,2.66,81.91,7.29,6.31,1.82,85.62,0.323,11.25,185.0,Deep Black Cotton Soil,0.366,462.7,0.75,0.98,0.19509032201612825,462.7,2.6595744680851063,6.31,9.95,Very High
521200,Oz,Karjan,21.87564,73.180678,919.0,0.0,13.61,73.19,7.54,3.77,1.88,71.39,0.393,12.6,201.2,Deep Black Cotton Soil,0.372,475.8,0.75,0.98,0.21814324139654254,475.8,2.6178010471204187,3.77,21.15,Very High
521205,Bakapur,Karjan,21.890455,73.218039,186.0,0.0,12.9,75.27,0.0,4.84,6.99,67.86,0.349,13.5,212.0,Deep Black Cotton Soil,0.374,476.4,0.75,0.98,0.2334453638559054,476.4,2.6041666666666665,4.84,12.9,Very High
521208,Malod,Karjan,21.875783,73.219811,172.0,0.0,1.64,80.87,12.02,4.37,1.09,32.43,0.336,13.5,212.0,Deep Black Cotton Soil,0.381,475.1,0.75,0.98,0.2334453638559054,475.1,2.557544757033248,4.37,13.66,Very High
521207,Sayar,Karjan,21.857272,73.234331,808.0,0.0,27.85,66.71,0.0,3.22,2.23,92.76,0.456,13.5,212.0,Deep Black Cotton Soil,0.389,486.2,0.9,0.98,0.2334453638559054,486.2,2.506265664160401,3.22,27.85,Very High
521209,Sagdol,Karjan,21.861315,73.214469,500.0,0.0,15.6,82.2,0.0,1.6,0.6,80.78,0.389,12.6,201.2,Deep Black Cotton Soil,0.364,475.1,0.75,0.98,0.21814324139654254,475.1,2.6737967914438503,1.6,15.6,Very High
521210,Pura,Karjan,21.84658,73.185721,552.0,0.0,0.35,69.76,6.99,3.32,19.58,100.0,0.259,14.4,222.8,Deep Black Cotton Soil,0.384,482.9,0.9,0.98,0.2486898871648548,482.9,2.5380710659898478,3.32,7.34,Very High
521213,Nani Koral,Karjan,21.836794,73.222085,524.0,0.0,16.41,77.29,0.0,4.77,1.53,100.0,0.387,14.4,222.8,Deep Black Cotton Soil,0.381,476.4,0.75,0.98,0.2486898871648548,476.4,2.557544757033248,4.77,16.41,Very High
521211,Moti Koral,Karjan,21.835705,73.206877,674.0,0.0,12.02,78.49,0.0,3.12,6.38,100.0,0.348,13.5,212.0,Deep Black Cotton Soil,0.364,482.9,0.75,0.98,0.2334453638559054,482.9,2.6737967914438503,3.12,12.02,Very High
521235,Mota Karala,Sinor,21.985864,73.394809,908.0,0.0,0.55,85.56,0.0,2.98,8.49,77.32,0.266,13.95,217.4,Deep Black Cotton Soil,0.384,476.4,0.75,0.98,0.24107506083303862,476.4,2.5380710659898478,2.98,0.55,Very High
521236,Simli,Sinor,21.984892,73.361907,844.0,0.0,0.59,86.02,0.0,4.98,8.41,95.04,0.271,13.5,212.0,Deep Black Cotton Soil,0.377,479.7,0.75,0.98,0.2334453638559054,479.7,2.5839793281653747,4.98,0.59,Very High
521229,Utraj,Sinor,21.982802,73.275034,676.0,0.0,0.89,93.35,0.0,2.66,3.1,87.03,0.292,13.95,217.4,Deep Black Cotton Soil,0.364,477.1,0.75,0.98,0.24107506083303862,477.1,2.6737967914438503,2.66,0.89,Very High
521238,Tersa,Sinor,21.979599,73.329423,316.0,0.0,0.32,82.59,0.0,6.01,11.08,96.17,0.26,14.85,228.2,Deep Black Cotton Soil,0.395,478.4,0.75,0.98,0.2562893731329966,478.4,2.4691358024691357,6.01,0.32,Very High
521239,Manjrol,Sinor,21.958358,73.313963,920.0,0.0,1.96,85.0,0.0,4.24,8.8,94.25,0.279,13.05,206.6,Deep Black Cotton Soil,0.366,477.7,0.75,0.98,0.2258012668691037,477.7,2.6595744680851063,4.24,1.96,Very High
521237,Kukas,Sinor,21.968984,73.339508,780.0,0.0,1.03,90.0,0.0,3.33,5.64,97.44,0.284,13.05,206.6,Deep Black Cotton Soil,0.381,479.7,0.75,0.98,0.2258012668691037,479.7,2.557544757033248,3.33,1.03,Very High
521228,Bavaliya,Sinor,21.972337,73.245191,630.0,0.0,3.99,81.87,6.45,4.45,3.23,75.05,0.327,12.15,195.8,Deep Black Cotton Soil,0.363,476.4,0.75,0.98,0.21047175982130567,476.4,2.680965147453083,4.45,10.440000000000001,Very High
521244,Mota Fofaliya,Sinor,21.962219,73.372037,943.0,0.0,1.38,83.58,0.0,5.51,9.53,97.47,0.271,14.4,222.8,Deep Black Cotton Soil,0.393,478.4,0.75,0.98,0.2486898871648548,478.4,2.4813895781637716,5.51,1.38,Very High
521241,Diver,Sinor,21.948215,73.272071,981.0,0.0,10.7,77.17,0.0,5.1,7.03,100.0,0.335,14.85,228.2,Deep Black Cotton Soil,0.368,473.8,0.75,0.98,0.2562893731329966,473.8,2.6455026455026456,5.1,10.7,Very High
521240,Mindhol,Sinor,21.952392,73.295069,913.0,0.0,1.64,88.39,0.0,5.7,4.27,93.43,0.288,12.6,201.2,Deep Black Cotton Soil,0.378,473.1,0.75,0.98,0.21814324139654254,473.1,2.5773195876288657,5.7,1.64,Very High
521249,Kanjetha,Sinor,21.945834,73.354149,901.0,0.0,11.54,79.69,0.0,4.55,4.22,91.09,0.35,13.05,206.6,Deep Black Cotton Soil,0.378,475.1,0.75,0.98,0.2258012668691037,475.1,2.5773195876288657,4.55,11.54,Very High
521253,Zanzad,Sinor,21.934401,73.397659,843.0,0.0,16.37,74.5,0.0,5.22,3.91,65.39,0.379,14.4,222.8,Deep Black Cotton Soil,0.368,479.0,0.75,0.98,0.2486898871648548,479.0,2.6455026455026456,5.22,16.37,Very High
521248,Ambali,Sinor,21.941445,73.383561,482.0,0.0,7.9,83.37,0.0,4.57,4.16,77.56,0.328,15.3,233.6,Deep Black Cotton Soil,0.392,479.7,0.75,0.98,0.2638730499653729,479.7,2.487562189054726,4.57,7.9,Very High
521243,Damapura,Sinor,21.938019,73.340071,454.0,0.0,9.89,78.24,0.0,5.05,6.81,81.74,0.331,13.95,217.4,Deep Black Cotton Soil,0.384,477.1,0.75,0.98,0.24107506083303862,477.1,2.5380710659898478,5.05,9.89,Very High
521242,Surasamal,Sinor,21.935182,73.299184,1109.0,0.0,7.76,83.48,0.0,4.87,3.88,100.0,0.328,12.6,201.2,Deep Black Cotton Soil,0.373,471.8,0.75,0.98,0.21814324139654254,471.8,2.6109660574412534,4.87,7.76,Very High
521250,Sinor,Sinor,21.913786,73.32889,1620.0,0.0,0.0,70.37,0.0,5.93,23.7,82.72,0.22,13.95,217.4,Deep Black Cotton Soil,0.381,479.0,0.75,0.98,0.24107506083303862,479.0,2.557544757033248,5.93,0.0,Very High
521251,Mandva,Sinor,21.916101,73.302506,467.0,0.0,11.78,77.3,0.0,5.57,5.35,90.03,0.346,15.75,239.0,Deep Black Cotton Soil,0.382,474.5,0.75,0.98,0.27144044986507426,474.5,2.5510204081632653,5.57,11.78,Very High
521252,Malsar,Sinor,21.900312,73.310124,808.0,0.0,15.35,73.39,0.0,5.45,5.82,83.98,0.366,16.2,244.4,Deep Black Cotton Soil,0.384,480.3,0.75,0.98,0.2789911060392293,480.3,2.5380710659898478,5.45,15.35,Very High
521139,Bodaka,Karjan,22.051885,73.042031,618.0,0.0,1.39,85.14,8.67,4.02,0.77,63.64,0.326,13.05,206.6,Deep Black Cotton Soil,0.303,479.7,0.75,0.98,0.2258012668691037,479.7,3.194888178913738,4.02,10.06,Very High
521148,Juni Jitharadi,Karjan,22.036119,73.142535,405.0,0.0,1.23,83.46,0.0,4.69,10.62,100.0,0.268,14.4,222.8,Deep Black Cotton Soil,0.326,483.6,0.75,0.98,0.2486898871648548,483.6,2.976190476190476,4.69,1.23,Very High
521149,Miyagam,Karjan,22.024358,73.081515,2175.0,0.0,3.22,91.45,0.0,1.01,4.32,62.85,0.305,12.6,201.2,Deep Black Cotton Soil,0.32,475.8,0.75,0.98,0.21814324139654254,475.8,3.0303030303030303,1.01,3.22,Very High
521147,Navi Jithardi,Karjan,22.033466,73.159902,277.0,0.0,1.44,80.51,0.0,5.42,12.64,100.0,0.263,14.85,228.2,Deep Black Cotton Soil,0.33,482.9,0.75,0.98,0.2562893731329966,482.9,2.941176470588235,5.42,1.44,Very High
521138,Sanpa,Karjan,22.034048,73.012524,1092.0,0.0,1.01,90.2,0.0,3.85,3.75,80.0,0.285,11.7,190.4,Deep Black Cotton Soil,0.306,477.1,0.75,0.98,0.20278729535651246,477.1,3.1645569620253164,3.85,1.01,Very High
521154,Bharthana,Karjan,22.010464,73.135645,944.0,0.0,0.8,83.62,10.25,4.62,0.7,94.83,0.326,13.5,212.0,Deep Black Cotton Soil,0.33,477.7,0.75,0.98,0.2334453638559054,477.7,2.941176470588235,4.62,11.05,Very High
521037,Karnali,Dabhoi,21.984619,73.497232,1122.0,0.0,15.24,70.5,0.0,11.32,2.94,100.0,0.366,11.7,190.4,Deep Black Cotton Soil,0.382,468.6,0.75,0.98,0.20278729535651246,468.6,2.5510204081632653,11.32,15.24,Very High
521035,Bhimpura,Dabhoi,21.987198,73.436545,274.0,0.0,33.21,66.06,0.0,0.0,0.73,100.0,0.497,13.05,206.6,Deep Black Cotton Soil,0.384,476.4,0.9,0.98,0.2258012668691037,476.4,2.5380710659898478,0.0,33.21,Very High
521036,Nanderiya,Dabhoi,21.977089,73.428682,521.0,2.11,11.52,78.31,0.0,8.06,0.0,100.0,0.351,13.95,217.4,Deep Black Cotton Soil,0.388,476.4,0.75,0.98,0.24107506083303862,476.4,2.5125628140703515,10.17,11.52,Very High
521245,Bithali,Sinor,21.968351,73.408341,593.0,0.0,0.67,85.33,0.0,5.23,8.77,80.24,0.27,13.5,212.0,Deep Black Cotton Soil,0.386,481.0,0.75,0.98,0.2334453638559054,481.0,2.525252525252525,5.23,0.67,Very High
521246,Dariapura,Sinor,21.961805,73.426855,240.0,0.0,15.77,69.71,0.0,7.05,7.47,51.79,0.362,14.85,228.2,Deep Black Cotton Soil,0.387,475.8,0.9,0.98,0.2562893731329966,475.8,2.5188916876574305,7.05,15.77,Very High
521247,Moletha,Sinor,21.942678,73.417418,1253.0,0.0,27.53,65.36,0.0,3.59,3.51,59.83,0.449,14.4,222.8,Deep Black Cotton Soil,0.389,469.2,0.9,0.98,0.2486898871648548,469.2,2.506265664160401,3.59,27.53,Very High
521254,Barkal,Sinor,21.926138,73.414838,577.0,0.0,32.64,54.51,0.0,2.78,10.07,85.99,0.461,16.2,244.4,Deep Black Cotton Soil,0.375,476.4,0.9,0.98,0.2789911060392293,476.4,2.5974025974025974,2.78,32.64,Very High
521150,Mangrol,Karjan,22.010746,73.042253,888.0,0.0,9.57,85.47,0.0,4.17,0.79,65.88,0.349,12.6,201.2,Deep Black Cotton Soil,0.323,478.4,0.75,0.98,0.21814324139654254,478.4,3.003003003003003,4.17,9.57,Very High
521153,Vadava,Karjan,22.016245,73.117332,282.0,0.0,1.69,82.77,9.46,4.73,1.35,72.24,0.327,13.05,206.6,Deep Black Cotton Soil,0.327,479.0,0.75,0.98,0.2258012668691037,479.0,2.9673590504451037,4.73,11.15,Very High
521155,Bharthali,Karjan,22.012236,73.158012,426.0,0.0,0.0,82.68,13.16,3.73,0.44,100.0,0.333,13.95,217.4,Deep Black Cotton Soil,0.33,481.6,0.75,0.98,0.24107506083303862,481.6,2.941176470588235,3.73,13.16,Very High
521161,Sandarna,Karjan,22.009674,73.171879,267.0,0.0,0.35,82.69,11.31,5.3,0.35,91.88,0.327,14.85,228.2,Deep Black Cotton Soil,0.326,484.9,0.75,0.98,0.2562893731329966,484.9,2.976190476190476,5.3,11.66,Very High
521053,Majatan,Padra,22.200015,72.946778,457.0,1.1,1.1,90.79,0.0,3.29,3.73,18.8,0.287,13.5,212.0,Alluvial Loamy Soil,0.303,484.3,0.75,0.98,0.2334453638559054,484.3,3.194888178913738,4.390000000000001,1.1,Very High
521068,Sandha,Padra,22.195533,72.9519,337.0,0.0,0.59,93.18,0.0,0.0,1.19,89.17,0.285,13.05,206.6,Alluvial Loamy Soil,0.302,478.4,0.75,0.98,0.2258012668691037,478.4,3.2051282051282053,0.0,0.59,Very High
521051,Dudhwada,Padra,22.188995,72.88756,614.0,0.0,0.0,90.72,0.0,2.44,6.68,81.15,0.276,11.7,190.4,Alluvial Loamy Soil,0.306,473.1,0.75,0.98,0.20278729535651246,473.1,3.1645569620253164,2.44,0.0,Very High
521069,Chitral,Padra,22.181074,72.94459,372.0,0.0,0.81,87.9,0.0,1.34,9.95,70.03,0.273,14.4,222.8,Alluvial Loamy Soil,0.298,482.9,0.75,0.98,0.2486898871648548,482.9,3.2467532467532467,1.34,0.81,Very High
521073,Gavasad,Padra,22.157491,72.945741,947.0,0.0,10.98,87.54,0.0,1.37,0.11,91.07,0.363,12.6,201.2,Alluvial Loamy Soil,0.302,479.0,0.75,0.98,0.21814324139654254,479.0,3.2051282051282053,1.37,10.98,Very High
521070,Brahmanvasi,Padra,22.156645,72.87854,591.0,0.0,1.02,84.43,0.0,3.05,11.51,50.1,0.267,12.6,201.2,Alluvial Loamy Soil,0.301,472.5,0.75,0.98,0.21814324139654254,472.5,3.215434083601286,3.05,1.02,Very High
521072,Gametha,Padra,22.158279,72.921893,343.0,0.0,3.79,84.26,0.0,0.58,11.37,55.36,0.288,12.6,201.2,Alluvial Loamy Soil,0.304,475.8,0.75,0.98,0.21814324139654254,475.8,3.1847133757961785,0.58,3.79,Very High
521071,Masar,Padra,22.138,72.902181,1361.0,0.0,0.96,89.2,0.0,1.98,7.86,69.19,0.279,12.15,195.8,Alluvial Loamy Soil,0.306,471.2,0.75,0.98,0.21047175982130567,471.2,3.1645569620253164,1.98,0.96,Very High
521089,Kural,Padra,22.135169,72.92693,562.0,0.0,12.12,83.07,0.0,1.07,3.74,24.84,0.36,12.6,201.2,Alluvial Loamy Soil,0.305,475.1,0.75,0.98,0.21814324139654254,475.1,3.1746031746031744,1.07,12.12,Very High
521092,Pindapa,Padra,22.118469,72.939888,690.0,0.0,0.0,95.07,0.0,4.35,0.58,47.26,0.292,13.05,206.6,Alluvial Loamy Soil,0.302,479.7,0.75,0.98,0.2258012668691037,479.7,3.2051282051282053,4.35,0.0,Very High
521091,Abhor,Padra,22.113757,72.911893,749.0,8.28,1.07,84.11,0.0,4.67,0.4,53.97,0.271,12.15,195.8,Alluvial Loamy Soil,0.298,473.1,0.75,0.98,0.21047175982130567,473.1,3.2467532467532467,12.95,1.07,Very High
521038,Mahmadpura,Padra,22.291407,72.940406,1030.0,0.0,20.51,63.21,0.0,5.6,0.11,50.17,0.383,11.7,190.4,Alluvial Loamy Soil,0.29,492.1,0.9,0.98,0.20278729535651246,492.1,3.3333333333333335,5.6,20.51,Very High
521047,Dabka,Padra,22.256706,72.942834,1906.0,0.0,4.94,50.05,24.78,1.97,9.87,64.2,0.346,11.7,190.4,Alluvial Loamy Soil,0.285,482.9,0.9,0.98,0.20278729535651246,482.9,3.3898305084745766,1.97,29.720000000000002,Very High
521046,Sultanpura,Padra,22.262225,72.953614,299.0,14.33,3.0,43.67,0.0,27.67,11.33,49.62,0.202,11.25,185.0,Alluvial Loamy Soil,0.291,477.1,0.9,0.98,0.19509032201612825,477.1,3.3222591362126246,42.0,3.0,Very High
521050,Tithor,Padra,22.236859,72.879837,2462.0,0.71,9.18,24.05,28.95,2.4,3.88,50.0,0.332,0.2,52.4,Alluvial Loamy Soil,0.15,387.6,0.9,0.05,0.003490651415223732,387.6,6.25,3.11,38.129999999999995,Low
521048,Pavda,Padra,22.236162,72.947623,563.0,0.0,1.11,79.81,2.96,11.48,0.56,58.14,0.284,13.05,206.6,Alluvial Loamy Soil,0.301,475.1,0.75,0.98,0.2258012668691037,475.1,3.215434083601286,11.48,4.07,Very High
521049,Chokari,Padra,22.224893,72.932033,1380.0,0.0,0.0,33.5,13.99,10.14,41.68,79.33,0.2,13.05,206.6,Alluvial Loamy Soil,0.306,472.5,0.9,0.98,0.2258012668691037,472.5,3.1645569620253164,10.14,13.99,Very High
521052,Karkhadi,Padra,22.211761,72.909747,1660.0,0.0,11.14,56.45,0.0,6.39,26.02,78.12,0.279,12.15,195.8,Alluvial Loamy Soil,0.296,473.1,0.9,0.98,0.21047175982130567,473.1,3.2679738562091503,6.39,11.14,Very High
521066,Vadu,Padra,22.209616,72.986248,874.0,0.0,1.03,92.79,0.0,1.95,4.0,59.19,0.291,13.05,206.6,Alluvial Loamy Soil,0.306,469.2,0.75,0.98,0.2258012668691037,469.2,3.1645569620253164,1.95,1.03,Very High
521082,Chansad,Padra,22.205561,73.144045,1731.0,1.33,8.66,87.71,0.58,0.35,0.58,62.5,0.345,11.7,190.4,Alluvial Loamy Soil,0.306,469.9,0.75,0.98,0.20278729535651246,469.9,3.1645569620253164,1.6800000000000002,9.24,Very High
521064,Ranu,Padra,22.211772,73.031885,858.0,0.0,4.66,88.81,0.0,1.4,5.13,74.54,0.31,14.4,222.8,Alluvial Loamy Soil,0.311,473.1,0.75,0.98,0.2486898871648548,473.1,3.115264797507788,1.4,4.66,Very High
521065,Bhoj,Padra,22.193754,73.008189,1153.0,0.0,10.68,88.19,0.0,1.13,0.0,69.88,0.362,11.7,190.4,Alluvial Loamy Soil,0.309,479.7,0.75,0.98,0.20278729535651246,479.7,3.134796238244514,1.13,10.68,Very High
521079,Sejakuva,Padra,22.198411,73.068203,370.0,0.0,11.08,87.03,0.0,0.81,1.08,46.58,0.362,12.15,195.8,Alluvial Loamy Soil,0.298,475.8,0.75,0.98,0.21047175982130567,475.8,3.2467532467532467,0.81,11.08,Very High
521078,Pipli,Padra,22.2017,73.053223,400.0,0.0,10.5,88.25,0.0,0.5,0.75,53.82,0.36,12.15,195.8,Alluvial Loamy Soil,0.306,475.1,0.75,0.98,0.21047175982130567,475.1,3.1645569620253164,0.5,10.5,Very High
521081,Sareja,Padra,22.203683,73.113123,190.0,0.52,0.52,96.35,1.04,0.0,1.56,21.62,0.3,12.15,195.8,Alluvial Loamy Soil,0.303,472.5,0.75,0.98,0.21047175982130567,472.5,3.194888178913738,0.52,1.56,Very High
521080,Goriyad,Padra,22.196894,73.091538,614.0,0.0,7.17,82.57,0.0,1.95,7.65,81.66,0.315,11.25,185.0,Alluvial Loamy Soil,0.298,473.1,0.75,0.98,0.19509032201612825,473.1,3.2467532467532467,1.95,7.17,Very High
521067,Vishrampura,Padra,22.193413,72.967121,235.0,0.0,0.43,89.36,0.0,4.26,5.96,80.95,0.278,11.7,190.4,Alluvial Loamy Soil,0.305,476.4,0.75,0.98,0.20278729535651246,476.4,3.1746031746031744,4.26,0.43,Very High
521083,Madapur,Padra,22.186936,73.111059,297.0,0.0,2.02,89.56,0.0,0.67,5.72,62.78,0.288,12.15,195.8,Alluvial Loamy Soil,0.308,469.9,0.75,0.98,0.21047175982130567,469.9,3.144654088050314,0.67,2.02,Very High
521076,Karnakuva,Padra,22.187439,72.979074,153.0,0.0,6.49,90.26,1.3,1.95,0.0,75.54,0.34,13.05,206.6,Alluvial Loamy Soil,0.305,477.1,0.75,0.98,0.2258012668691037,477.1,3.1746031746031744,1.95,7.79,Very High
521077,Vadadla,Padra,22.188515,73.028952,264.0,0.0,1.14,79.92,0.0,1.89,17.05,71.09,0.253,11.7,190.4,Alluvial Loamy Soil,0.298,475.8,0.75,0.98,0.20278729535651246,475.8,3.2467532467532467,1.89,1.14,Very High
521085,Sadhi,Padra,22.161574,73.052519,1400.0,0.0,5.14,91.86,0.0,1.86,1.14,60.26,0.325,12.15,195.8,Alluvial Loamy Soil,0.304,472.5,0.75,0.98,0.21047175982130567,472.5,3.1847133757961785,1.86,5.14,Very High
521084,Amla,Padra,22.163586,73.07259,1022.0,0.0,5.22,92.71,0.0,0.79,1.28,60.15,0.326,10.8,179.6,Alluvial Loamy Soil,0.301,471.8,0.75,0.98,0.18738131458572463,471.8,3.215434083601286,0.79,5.22,Very High
521098,Saras Vani,Padra,22.172324,73.097141,1090.0,0.0,0.64,86.17,2.18,5.64,2.27,62.41,0.286,11.7,190.4,Alluvial Loamy Soil,0.297,468.6,0.75,0.98,0.20278729535651246,468.6,3.257328990228013,5.64,2.8200000000000003,Very High
521074,Lola,Padra,22.177699,72.962268,120.0,0.0,10.83,81.67,0.0,5.0,2.5,75.51,0.35,13.05,206.6,Alluvial Loamy Soil,0.292,480.3,0.75,0.98,0.2258012668691037,480.3,3.3112582781456954,5.0,10.83,Very High
521099,Shihor,Padra,22.173503,73.125801,459.0,0.0,7.41,87.8,0.0,3.92,0.22,25.56,0.336,12.15,195.8,Alluvial Loamy Soil,0.312,478.4,0.75,0.98,0.21047175982130567,478.4,3.1055900621118013,3.92,7.41,Very High
521075,Muval,Padra,22.170072,72.975278,781.0,0.0,0.26,85.92,0.0,4.35,8.32,55.89,0.267,12.6,201.2,Alluvial Loamy Soil,0.298,470.5,0.75,0.98,0.21814324139654254,470.5,3.2467532467532467,4.35,0.26,Very High
521086,Anti,Padra,22.165322,73.0332,863.0,0.33,1.11,85.25,8.65,0.33,3.77,58.91,0.318,12.15,195.8,Alluvial Loamy Soil,0.301,476.4,0.75,0.98,0.21047175982130567,476.4,3.215434083601286,0.66,9.76,Very High
521087,Rajupura,Padra,22.168519,73.012009,258.0,0.0,10.85,85.27,0.0,2.71,1.16,60.0,0.358,12.15,195.8,Alluvial Loamy Soil,0.295,475.1,0.75,0.98,0.21047175982130567,475.1,3.278688524590164,2.71,10.85,Very High
521088,Jalalpur,Padra,22.161426,72.996259,426.0,0.0,10.56,85.68,0.0,3.52,0.23,69.86,0.357,11.7,190.4,Alluvial Loamy Soil,0.302,473.1,0.75,0.98,0.20278729535651246,473.1,3.2051282051282053,3.52,10.56,Very High
521100,Thikariya Mubarak,Padra,22.156815,73.117238,166.0,0.0,0.0,87.35,0.0,10.84,0.6,37.93,0.278,12.15,195.8,Alluvial Loamy Soil,0.3,475.1,0.75,0.98,0.21047175982130567,475.1,3.2258064516129035,10.84,0.0,Very High
521096,Ambada,Padra,22.148851,73.018604,762.0,0.0,6.56,87.8,0.0,4.33,1.31,54.86,0.329,11.7,190.4,Alluvial Loamy Soil,0.299,469.2,0.75,0.98,0.20278729535651246,469.2,3.236245954692557,4.33,6.56,Very High
521101,Virpur,Padra,22.145269,73.103502,291.0,0.0,0.34,86.99,0.0,4.11,3.77,37.01,0.27,13.05,206.6,Alluvial Loamy Soil,0.305,479.0,0.75,0.98,0.2258012668691037,479.0,3.1746031746031744,4.11,0.34,Very High
521095,Kalyankui,Padra,22.14601,73.000385,214.0,0.0,5.61,87.85,0.0,4.67,1.87,50.53,0.321,11.7,190.4,Alluvial Loamy Soil,0.309,476.4,0.75,0.98,0.20278729535651246,476.4,3.134796238244514,4.67,5.61,Very High
521093,Mobha,Padra,22.132009,72.969914,1329.0,0.0,1.05,84.05,0.0,2.33,12.57,59.62,0.265,12.15,195.8,Alluvial Loamy Soil,0.301,472.5,0.75,0.98,0.21047175982130567,472.5,3.215434083601286,2.33,1.05,Very High
521104,Bhadari,Padra,22.131602,73.046963,374.0,0.0,1.34,88.24,0.0,5.88,4.55,39.39,0.286,11.7,190.4,Alluvial Loamy Soil,0.303,473.8,0.75,0.98,0.20278729535651246,473.8,3.194888178913738,5.88,1.34,Very High
521094,Sadra,Padra,22.129314,72.989277,784.0,0.0,2.55,88.9,0.0,2.93,3.7,24.39,0.294,12.15,195.8,Alluvial Loamy Soil,0.303,473.1,0.75,0.98,0.21047175982130567,473.1,3.194888178913738,2.93,2.55,Very High
521102,Medhad,Padra,22.130513,73.090522,421.0,0.0,1.81,79.46,12.64,4.29,0.45,22.73,0.337,12.6,201.2,Alluvial Loamy Soil,0.309,484.3,0.75,0.98,0.21814324139654254,484.3,3.134796238244514,4.29,14.450000000000001,Very High
521105,Gayapura,Padra,22.128234,73.022714,195.0,0.0,5.13,87.18,0.0,3.59,2.05,23.53,0.313,13.05,206.6,Alluvial Loamy Soil,0.293,470.5,0.75,0.98,0.2258012668691037,470.5,3.3003300330033003,3.59,5.13,Very High
521103,Husepur,Padra,22.125176,73.075912,430.0,0.0,0.0,84.55,4.55,4.77,5.68,80.65,0.288,12.6,201.2,Alluvial Loamy Soil,0.312,471.2,0.75,0.98,0.21814324139654254,471.2,3.1055900621118013,4.77,4.55,Very High
521106,Kanda,Padra,22.124838,73.006094,413.0,0.0,4.12,40.68,0.0,0.48,0.97,29.76,0.16,12.6,201.2,Alluvial Loamy Soil,0.3,474.5,0.9,0.98,0.21814324139654254,474.5,3.2258064516129035,0.48,4.12,Very High
521115,Sadad,Padra,22.114914,73.061825,400.0,0.0,2.59,88.08,0.0,6.48,1.3,70.59,0.297,11.25,185.0,Alluvial Loamy Soil,0.295,472.5,0.75,0.98,0.19509032201612825,472.5,3.278688524590164,6.48,2.59,Very High
521114,Thikariya Math,Padra,22.118614,73.022857,187.0,0.0,4.81,83.96,0.0,1.07,6.95,50.96,0.297,11.7,190.4,Alluvial Loamy Soil,0.293,470.5,0.75,0.98,0.20278729535651246,470.5,3.3003300330033003,1.07,4.81,Very High
519872,Khalipur,Vadodara Rural,22.204744,73.165883,485.0,1.33,0.0,51.22,7.54,5.54,14.41,25.97,0.207,12.15,195.8,Alluvial Loamy Soil,0.317,474.5,0.9,0.98,0.21047175982130567,474.5,3.058103975535168,6.87,7.54,Very High
519882,Karali,Vadodara Rural,22.173667,73.153527,317.0,0.0,3.16,85.44,6.33,1.58,2.53,62.96,0.325,12.15,195.8,Alluvial Loamy Soil,0.31,473.8,0.75,0.98,0.21047175982130567,473.8,3.125,1.58,9.49,Very High
519883,Itola,Vadodara Rural,22.15177,73.142673,1554.0,0.0,8.82,86.1,0.0,4.57,0.51,10.46,0.345,12.6,201.2,Alluvial Loamy Soil,0.322,473.1,0.75,0.98,0.21814324139654254,473.1,3.012048192771084,4.57,8.82,Very High
519895,Raman Gamdi,Vadodara Rural,22.128858,73.171689,251.0,4.76,1.19,86.11,0.0,6.75,1.19,27.65,0.28,0.2,52.4,Alluvial Loamy Soil,0.15,387.6,0.75,0.035,0.003490651415223732,387.6,6.25,11.51,1.19,Low
519896,Gosindra,Vadodara Rural,22.127304,73.126298,727.0,0.57,0.43,98.01,0.0,0.43,0.57,49.28,0.299,12.15,195.8,Alluvial Loamy Soil,0.308,473.8,0.75,0.98,0.21047175982130567,473.8,3.144654088050314,1.0,0.43,Very High
519897,Untiya Medhad,Vadodara Rural,22.117336,73.107781,369.0,0.0,0.0,87.74,0.0,5.57,6.69,31.75,0.272,12.15,195.8,Alluvial Loamy Soil,0.314,474.5,0.75,0.98,0.21047175982130567,474.5,3.0864197530864197,5.57,0.0,Very High
520921,Mahmadpura,Dabhoi,22.216605,73.282351,208.0,12.5,1.44,78.37,0.0,7.69,0.0,87.04,0.262,12.6,201.2,Deep Black Cotton Soil,0.306,475.8,0.75,0.98,0.21814324139654254,475.8,3.1645569620253164,20.19,1.44,Very High
520922,Palaswada,Dabhoi,22.209198,73.299901,675.0,0.0,0.0,83.83,0.0,16.17,0.0,100.0,0.276,11.7,190.4,Deep Black Cotton Soil,0.295,477.1,0.75,0.98,0.20278729535651246,477.1,3.278688524590164,16.17,0.0,Very High
520938,Kaddhara,Dabhoi,22.206892,73.373629,709.0,0.0,3.39,85.75,0.0,0.0,10.86,97.86,0.288,13.05,206.6,Deep Black Cotton Soil,0.316,481.0,0.75,0.98,0.2258012668691037,481.0,3.067484662576687,0.0,3.39,Very High
520920,Mosampura,Dabhoi,22.206209,73.27003,276.0,9.78,1.45,86.59,0.0,2.17,0.0,100.0,0.278,13.05,206.6,Deep Black Cotton Soil,0.318,477.7,0.75,0.98,0.2258012668691037,477.7,3.048780487804878,11.95,1.45,Very High
520930,Valipura,Dabhoi,22.207937,73.317144,202.0,5.94,0.0,87.62,0.0,5.45,0.99,100.0,0.272,12.6,201.2,Deep Black Cotton Soil,0.297,471.8,0.75,0.98,0.21814324139654254,471.8,3.257328990228013,11.39,0.0,Very High
520937,Kaddharapura,Dabhoi,22.211852,73.35813,121.0,0.0,4.1,85.25,0.0,0.0,10.66,100.0,0.293,13.5,212.0,Deep Black Cotton Soil,0.311,482.9,0.75,0.98,0.2334453638559054,482.9,3.115264797507788,0.0,4.1,Very High
520929,Bhavpura,Dabhoi,22.207408,73.328601,169.0,5.92,2.37,86.98,0.0,4.73,0.0,100.0,0.291,12.6,201.2,Deep Black Cotton Soil,0.31,468.6,0.75,0.98,0.21814324139654254,468.6,3.125,10.65,2.37,Very High
520940,Karali,Dabhoi,22.202326,73.400652,349.0,4.87,4.87,84.53,0.0,5.73,0.0,100.0,0.307,12.15,195.8,Deep Black Cotton Soil,0.348,480.3,0.75,0.98,0.21047175982130567,480.3,2.793296089385475,10.600000000000001,4.87,Very High
520936,Abdalapura,Dabhoi,22.200262,73.353441,190.0,0.0,4.74,84.21,0.0,0.0,11.05,68.75,0.295,13.5,212.0,Deep Black Cotton Soil,0.315,480.3,0.75,0.98,0.2334453638559054,480.3,3.0769230769230766,0.0,4.74,Very High
520935,Vayadpur,Dabhoi,22.198432,73.342671,336.0,0.0,4.76,84.23,0.0,0.0,11.01,98.94,0.296,13.05,206.6,Deep Black Cotton Soil,0.307,473.1,0.75,0.98,0.2258012668691037,473.1,3.1545741324921135,0.0,4.76,Very High
520931,Kundhela,Dabhoi,22.188539,73.281796,1229.0,8.06,3.34,77.46,0.0,11.15,0.0,31.51,0.281,12.6,201.2,Deep Black Cotton Soil,0.306,475.1,0.75,0.98,0.21814324139654254,475.1,3.1645569620253164,19.21,3.34,Very High
520952,Gojali,Dabhoi,22.190698,73.378433,402.0,0.0,13.43,81.34,0.0,5.22,0.0,100.0,0.373,12.6,201.2,Deep Black Cotton Soil,0.345,481.0,0.75,0.98,0.21814324139654254,481.0,2.8169014084507045,5.22,13.43,Very High
520934,Bhilapur,Dabhoi,22.192919,73.325929,567.0,0.0,1.24,79.51,0.0,0.0,19.26,98.67,0.25,13.5,212.0,Deep Black Cotton Soil,0.316,474.5,0.75,0.98,0.2334453638559054,474.5,3.067484662576687,0.0,1.24,Very High
520953,Banaiya,Dabhoi,22.184445,73.35092,151.0,0.0,21.19,77.48,0.0,1.32,0.0,91.45,0.425,11.25,185.0,Deep Black Cotton Soil,0.306,476.4,0.75,0.98,0.19509032201612825,476.4,3.1645569620253164,1.32,21.19,Very High
520951,Vasai,Dabhoi,22.173534,73.392085,844.0,7.7,17.54,69.91,0.0,4.86,0.0,100.0,0.376,12.15,195.8,Deep Black Cotton Soil,0.342,475.1,0.9,0.98,0.21047175982130567,475.1,2.840909090909091,12.56,17.54,Very High
520932,Baherampura,Dabhoi,22.176949,73.301674,365.0,0.0,11.78,83.29,0.0,4.93,0.0,67.11,0.363,12.6,201.2,Deep Black Cotton Soil,0.31,467.3,0.75,0.98,0.21814324139654254,467.3,3.125,4.93,11.78,Very High
520933,Navapur,Dabhoi,22.181324,73.316668,138.0,0.0,2.88,82.01,0.0,0.0,12.23,56.14,0.272,12.6,201.2,Deep Black Cotton Soil,0.309,470.5,0.75,0.98,0.21814324139654254,470.5,3.134796238244514,0.0,2.88,Very High
520958,Ambav,Dabhoi,22.163756,73.364609,305.0,0.0,1.64,92.13,0.0,0.33,5.9,100.0,0.292,13.05,206.6,Deep Black Cotton Soil,0.349,473.8,0.75,0.98,0.2258012668691037,473.8,2.785515320334262,0.33,1.64,Very High
520959,Puda,Dabhoi,22.17066,73.375582,559.0,0.0,6.79,86.79,0.0,6.43,0.0,58.85,0.331,11.25,185.0,Deep Black Cotton Soil,0.344,472.5,0.75,0.98,0.19509032201612825,472.5,2.824858757062147,6.43,6.79,Very High
520957,Thuvavi,Dabhoi,22.160641,73.341034,1365.0,0.0,0.88,86.89,0.0,5.27,6.96,70.49,0.276,13.5,212.0,Deep Black Cotton Soil,0.31,481.0,0.75,0.98,0.2334453638559054,481.0,3.125,5.27,0.88,Very High
520954,Rajli,Dabhoi,22.165455,73.323543,316.0,0.0,2.54,84.76,0.0,6.35,6.35,100.0,0.287,13.5,212.0,Deep Black Cotton Soil,0.305,477.7,0.75,0.98,0.2334453638559054,477.7,3.1746031746031744,6.35,2.54,Very High
520955,Anguthan,Dabhoi,22.159431,73.3033,757.0,0.0,10.29,81.4,0.0,4.49,3.83,100.0,0.344,14.4,222.8,Deep Black Cotton Soil,0.299,472.5,0.75,0.98,0.2486898871648548,472.5,3.236245954692557,4.49,10.29,Very High
520960,Hansapura,Dabhoi,22.153796,73.382468,299.0,0.0,11.07,79.87,0.0,5.03,4.03,100.0,0.347,11.7,190.4,Deep Black Cotton Soil,0.356,475.1,0.75,0.98,0.20278729535651246,475.1,2.73224043715847,5.03,11.07,Very High
520961,Kajapur,Dabhoi,22.154333,73.39991,189.0,0.0,3.16,84.21,0.0,12.63,0.0,100.0,0.3,11.7,190.4,Deep Black Cotton Soil,0.357,482.9,0.75,0.98,0.20278729535651246,482.9,2.7247956403269757,12.63,3.16,Very High
520972,Vega,Dabhoi,22.14562,73.385446,333.0,0.0,18.07,75.3,0.0,4.22,2.41,23.2,0.395,11.7,190.4,Deep Black Cotton Soil,0.361,477.1,0.75,0.98,0.20278729535651246,477.1,2.6954177897574123,4.22,18.07,Very High
520974,Borbar,Dabhoi,22.136422,73.338357,785.0,7.14,3.06,84.44,0.0,5.36,0.0,75.53,0.29,12.6,201.2,Deep Black Cotton Soil,0.339,473.1,0.75,0.98,0.21814324139654254,473.1,2.8653295128939824,12.5,3.06,Very High
520956,Nariya,Dabhoi,22.138527,73.302603,678.0,0.0,2.65,84.07,0.0,13.27,0.0,56.14,0.296,14.4,222.8,Deep Black Cotton Soil,0.31,473.8,0.75,0.98,0.2486898871648548,473.8,3.125,13.27,2.65,Very High
520971,Fartikui,Dabhoi,22.141432,73.372255,280.0,0.0,9.32,85.3,0.0,5.38,0.0,15.97,0.348,12.6,201.2,Deep Black Cotton Soil,0.345,473.8,0.75,0.98,0.21814324139654254,473.8,2.8169014084507045,5.38,9.32,Very High
520975,Thikariya,Dabhoi,22.129972,73.310806,230.0,0.0,6.52,88.26,0.0,5.22,0.0,92.61,0.331,12.15,195.8,Deep Black Cotton Soil,0.311,474.5,0.75,0.98,0.21047175982130567,474.5,3.115264797507788,5.22,6.52,Very High
520976,Dangikuva,Dabhoi,22.127059,73.277309,284.0,0.0,0.35,89.44,0.0,10.21,0.0,78.74,0.287,15.3,233.6,Deep Black Cotton Soil,0.31,472.5,0.75,0.98,0.2638730499653729,472.5,3.125,10.21,0.35,Very High
519871,Mujar Gamdi,Vadodara Rural,22.208463,73.208264,227.0,0.0,4.85,87.22,0.0,5.73,1.32,22.73,0.314,11.7,190.4,Alluvial Loamy Soil,0.309,472.5,0.75,0.98,0.20278729535651246,472.5,3.134796238244514,5.73,4.85,Very High
519870,Vora Gamdi,Vadodara Rural,22.212751,73.219301,393.0,0.0,7.89,80.66,0.0,4.83,1.27,6.31,0.32,11.7,190.4,Alluvial Loamy Soil,0.317,473.1,0.75,0.98,0.20278729535651246,473.1,3.058103975535168,4.83,7.89,Very High
519869,Dhaniyavi,Vadodara Rural,22.206285,73.249285,1356.0,0.5,0.0,66.04,31.01,0.0,1.13,7.6,0.384,13.95,217.4,Alluvial Loamy Soil,0.302,471.2,0.9,0.98,0.24107506083303862,471.2,3.2051282051282053,0.5,31.01,Very High
519873,Varnama,Vadodara Rural,22.180305,73.185476,1762.0,0.0,0.0,73.63,2.57,4.12,0.39,17.03,0.242,12.6,201.2,Alluvial Loamy Soil,0.309,484.9,0.75,0.98,0.21814324139654254,484.9,3.134796238244514,4.12,2.57,Very High
519874,Sundarpura,Vadodara Rural,22.184391,73.218524,377.0,0.0,8.22,86.74,0.0,4.77,0.27,46.63,0.341,14.4,222.8,Alluvial Loamy Soil,0.316,471.8,0.75,0.98,0.2486898871648548,471.8,3.067484662576687,4.77,8.22,Very High
519877,Raghavpura,Vadodara Rural,22.186983,73.262388,370.0,0.0,0.46,47.7,29.49,5.07,5.53,48.31,0.332,13.05,206.6,Alluvial Loamy Soil,0.31,473.8,0.9,0.98,0.2258012668691037,473.8,3.125,5.07,29.95,Very High
519879,Patarveni,Vadodara Rural,22.173582,73.25714,384.0,0.0,3.86,81.23,2.57,2.83,1.29,22.15,0.298,12.6,201.2,Alluvial Loamy Soil,0.307,476.4,0.75,0.98,0.21814324139654254,476.4,3.1545741324921135,2.83,6.43,Very High
519875,Shahpura,Vadodara Rural,22.177526,73.236638,320.0,0.0,0.0,71.07,0.0,5.97,8.18,22.12,0.222,13.05,206.6,Alluvial Loamy Soil,0.303,472.5,0.75,0.98,0.2258012668691037,472.5,3.194888178913738,5.97,0.0,Very High
519878,Samaspura,Vadodara Rural,22.177009,73.265683,344.0,0.0,3.82,79.3,0.0,3.18,3.5,68.27,0.277,12.6,201.2,Alluvial Loamy Soil,0.311,480.3,0.75,0.98,0.21814324139654254,480.3,3.115264797507788,3.18,3.82,Very High
519887,Hansapura,Vadodara Rural,22.163973,73.244571,193.0,1.55,10.88,64.25,0.0,6.74,16.06,40.32,0.301,12.6,201.2,Alluvial Loamy Soil,0.306,473.8,0.9,0.98,0.21814324139654254,473.8,3.1645569620253164,8.290000000000001,10.88,Very High
519888,Mastupur Gamdi,Vadodara Rural,22.163233,73.277417,148.0,1.46,2.19,84.67,0.0,2.19,1.46,51.72,0.277,14.4,222.8,Alluvial Loamy Soil,0.312,473.1,0.75,0.98,0.2486898871648548,473.1,3.1055900621118013,3.65,2.19,Very High
519881,Fatepura,Vadodara Rural,22.166403,73.223225,173.0,0.0,0.0,87.93,3.45,5.75,1.15,19.61,0.293,12.6,201.2,Alluvial Loamy Soil,0.305,475.8,0.75,0.98,0.21814324139654254,475.8,3.1746031746031744,5.75,3.45,Very High
519892,Ajitpura,Vadodara Rural,22.153972,73.234141,188.0,0.0,0.0,79.26,0.0,3.72,5.85,26.85,0.243,12.15,195.8,Alluvial Loamy Soil,0.308,469.2,0.75,0.98,0.21047175982130567,469.2,3.144654088050314,3.72,0.0,Very High
519886,Kajapur,Vadodara Rural,22.156066,73.213603,270.0,0.0,0.0,89.26,0.0,5.19,5.19,24.9,0.276,13.05,206.6,Alluvial Loamy Soil,0.303,466.6,0.75,0.98,0.2258012668691037,466.6,3.194888178913738,5.19,0.0,Very High
519891,Salad,Vadodara Rural,22.148334,73.2608,803.0,0.5,4.86,88.54,0.0,0.37,0.5,8.44,0.31,13.5,212.0,Alluvial Loamy Soil,0.305,477.7,0.75,0.98,0.2334453638559054,477.7,3.1746031746031744,0.87,4.86,Very High
519885,Untiya Kajapur,Vadodara Rural,22.151983,73.198403,199.0,0.0,0.0,78.89,0.0,7.04,10.55,25.48,0.247,12.6,201.2,Alluvial Loamy Soil,0.306,472.5,0.75,0.98,0.21814324139654254,472.5,3.1645569620253164,7.04,0.0,Very High
519889,Kandkoi,Vadodara Rural,22.152256,73.280713,279.0,0.0,0.0,83.04,13.15,1.38,1.38,12.5,0.33,14.85,228.2,Alluvial Loamy Soil,0.304,473.8,0.75,0.98,0.2562893731329966,473.8,3.1847133757961785,1.38,13.15,Very High
519893,Dolatpura,Vadodara Rural,22.145677,73.218235,128.0,0.0,1.56,70.31,0.0,3.12,1.56,33.33,0.23,12.15,195.8,Alluvial Loamy Soil,0.311,471.2,0.75,0.98,0.21047175982130567,471.2,3.115264797507788,3.12,1.56,Very High
519894,Por,Vadodara Rural,22.134139,73.195065,613.0,0.0,0.0,63.62,0.0,12.89,19.58,41.03,0.21,11.7,190.4,Alluvial Loamy Soil,0.311,475.8,0.9,0.98,0.20278729535651246,475.8,3.115264797507788,12.89,0.0,Very High
519900,Ankhi,Vadodara Rural,22.129567,73.203911,377.0,5.03,2.38,86.51,0.0,0.0,6.08,30.58,0.282,11.7,190.4,Alluvial Loamy Soil,0.309,469.9,0.75,0.98,0.20278729535651246,469.9,3.134796238244514,5.03,2.38,Very High
519903,Rasulpur,Vadodara Rural,22.140617,73.233564,148.0,0.0,0.0,74.32,0.0,4.73,6.76,36.36,0.23,13.5,212.0,Alluvial Loamy Soil,0.304,475.8,0.75,0.98,0.2334453638559054,475.8,3.1847133757961785,4.73,0.0,Very High
519904,Runvad,Vadodara Rural,22.127215,73.239275,635.0,0.31,0.0,95.75,0.0,0.79,1.57,26.32,0.288,12.6,201.2,Alluvial Loamy Soil,0.315,471.2,0.75,0.98,0.21814324139654254,471.2,3.0769230769230766,1.1,0.0,Very High
519902,Ramnath,Vadodara Rural,22.134989,73.223695,288.0,15.97,1.74,78.47,0.0,0.0,3.82,35.4,0.254,12.15,195.8,Alluvial Loamy Soil,0.302,473.8,0.75,0.98,0.21047175982130567,473.8,3.2051282051282053,15.97,1.74,Very High
519901,Fajalpur Ankhi,Vadodara Rural,22.123439,73.221401,191.0,5.76,8.9,84.82,0.0,0.0,0.52,37.04,0.336,13.05,206.6,Alluvial Loamy Soil,0.302,477.7,0.75,0.98,0.2258012668691037,477.7,3.2051282051282053,5.76,8.9,Very High
521039,Jaspur,Padra,22.286455,73.060154,1575.0,0.89,8.25,61.9,0.0,0.0,28.95,45.33,0.26,11.7,190.4,Alluvial Loamy Soil,0.311,479.0,0.9,0.98,0.20278729535651246,479.0,3.115264797507788,0.89,8.25,Very High
521043,Umaraya,Padra,22.268181,73.02998,539.0,18.25,8.38,59.59,0.0,5.03,7.45,93.75,0.265,12.6,201.2,Alluvial Loamy Soil,0.309,477.1,0.9,0.98,0.21814324139654254,477.1,3.134796238244514,23.28,8.38,Very High
521041,Tajpura,Padra,22.266245,73.069227,333.0,0.0,0.65,96.75,0.0,1.62,0.97,67.11,0.299,14.85,228.2,Alluvial Loamy Soil,0.306,479.0,0.75,0.98,0.2562893731329966,479.0,3.1645569620253164,1.62,0.65,Very High
521042,Luna,Padra,22.26456,73.049273,448.0,0.0,0.6,61.11,24.21,1.59,12.1,64.94,0.336,12.6,201.2,Alluvial Loamy Soil,0.309,478.4,0.9,0.98,0.21814324139654254,478.4,3.134796238244514,1.59,24.810000000000002,Very High
521040,Sangma,Padra,22.264793,73.087969,329.0,0.0,6.08,86.02,0.0,1.22,3.65,75.97,0.315,14.4,222.8,Alluvial Loamy Soil,0.31,476.4,0.75,0.98,0.2486898871648548,476.4,3.125,1.22,6.08,Very High
521044,Ekalbara,Padra,22.256383,73.017797,593.0,0.0,11.91,77.66,0.0,9.57,0.43,68.49,0.355,13.5,212.0,Alluvial Loamy Soil,0.307,475.8,0.75,0.98,0.2334453638559054,475.8,3.1545741324921135,9.57,11.91,Very High
521045,Mujpur,Padra,22.245552,72.992466,889.0,0.0,7.31,72.55,0.0,4.95,15.19,53.49,0.291,13.5,212.0,Alluvial Loamy Soil,0.313,481.0,0.75,0.98,0.2334453638559054,481.0,3.095975232198142,4.95,7.31,Very High
521058,Dabhasa,Padra,22.23737,73.038788,1199.0,0.0,3.25,81.9,0.17,0.33,14.35,77.92,0.276,12.6,201.2,Alluvial Loamy Soil,0.307,475.8,0.75,0.98,0.21814324139654254,475.8,3.1545741324921135,0.33,3.42,Very High
521059,Sokhdakhurd,Padra,22.244837,73.11375,447.0,0.22,0.44,95.78,1.78,0.44,0.22,48.72,0.303,13.5,212.0,Alluvial Loamy Soil,0.316,477.1,0.75,0.98,0.2334453638559054,477.1,3.067484662576687,0.66,2.22,Very High
521057,Mahuvad,Padra,22.234796,73.013282,483.0,0.0,1.25,87.53,0.0,3.33,7.9,92.64,0.279,13.95,217.4,Alluvial Loamy Soil,0.306,474.5,0.75,0.98,0.24107506083303862,474.5,3.1645569620253164,3.33,1.25,Very High
521061,Darapura,Padra,22.228044,73.106676,408.0,0.0,0.49,80.49,0.98,0.24,17.8,90.91,0.252,11.25,185.0,Alluvial Loamy Soil,0.301,469.2,0.75,0.98,0.19509032201612825,469.2,3.215434083601286,0.24,1.47,Very High
521060,Patod,Padra,22.225549,73.120499,511.0,0.0,0.78,87.18,1.17,1.55,6.02,2.45,0.278,11.25,185.0,Alluvial Loamy Soil,0.31,471.8,0.75,0.98,0.19509032201612825,471.8,3.125,1.55,1.95,Very High
521055,Narsipura,Padra,22.229941,72.973697,267.0,0.0,10.49,82.77,0.0,1.12,3.0,88.24,0.344,13.05,206.6,Alluvial Loamy Soil,0.299,476.4,0.75,0.98,0.2258012668691037,476.4,3.236245954692557,1.12,10.49,Very High
521056,Dhobikuwa,Padra,22.22517,73.002439,197.0,0.0,0.0,90.86,0.0,0.0,9.14,72.07,0.273,13.5,212.0,Alluvial Loamy Soil,0.311,475.1,0.75,0.98,0.2334453638559054,475.1,3.115264797507788,0.0,0.0,Very High
521063,Latipura,Padra,22.222343,73.058454,350.0,0.0,0.27,84.49,12.83,0.53,0.0,78.48,0.334,12.6,201.2,Alluvial Loamy Soil,0.303,475.8,0.75,0.98,0.21814324139654254,475.8,3.194888178913738,0.53,13.1,Very High
521062,Ghayaj,Padra,22.219221,73.082331,738.0,1.35,1.48,86.68,2.69,2.96,3.5,83.85,0.294,12.15,195.8,Alluvial Loamy Soil,0.323,473.1,0.75,0.98,0.21047175982130567,473.1,3.003003003003003,4.3100000000000005,4.17,Very High
521054,Somjipura,Padra,22.215018,72.968122,252.0,0.0,0.4,87.7,0.0,3.17,7.94,89.14,0.271,13.5,212.0,Alluvial Loamy Soil,0.304,477.1,0.75,0.98,0.2334453638559054,477.1,3.1847133757961785,3.17,0.4,Very High
519844,Sindhrot,Vadodara Rural,22.328932,73.071113,1099.0,13.19,0.0,59.6,0.0,6.73,15.92,65.65,0.192,11.25,185.0,Alluvial Loamy Soil,0.308,467.9,0.9,0.98,0.19509032201612825,467.9,3.144654088050314,19.92,0.0,Very High
519842,Ankodiya,Vadodara Rural,22.334255,73.122831,521.0,0.0,0.18,57.27,17.51,2.28,0.0,30.58,0.282,13.95,217.4,Alluvial Loamy Soil,0.302,477.7,0.9,0.98,0.24107506083303862,477.7,3.2051282051282053,2.28,17.69,Very High
519825,Rayaka,Vadodara Rural,22.439928,73.10356,595.0,5.03,10.05,71.69,7.37,0.0,2.01,35.05,0.351,12.15,195.8,Alluvial Loamy Soil,0.296,471.2,0.75,0.98,0.21047175982130567,471.2,3.2679738562091503,5.03,17.42,Very High
519826,Sankarda,Vadodara Rural,22.433457,73.127512,734.0,6.12,2.99,84.76,0.0,4.9,0.0,72.23,0.29,12.15,195.8,Alluvial Loamy Soil,0.301,471.8,0.75,0.98,0.21047175982130567,471.8,3.215434083601286,11.02,2.99,Very High
519828,Sokhda,Vadodara Rural,22.424976,73.16211,1180.0,0.0,0.23,78.83,15.47,0.7,4.69,39.64,0.332,11.7,190.4,Alluvial Loamy Soil,0.297,473.8,0.75,0.98,0.20278729535651246,473.8,3.257328990228013,0.7,15.700000000000001,Very High
519829,Padmala,Vadodara Rural,22.415159,73.132252,695.0,0.0,5.9,77.7,0.0,5.9,10.36,83.33,0.295,12.6,201.2,Alluvial Loamy Soil,0.303,472.5,0.75,0.98,0.21814324139654254,472.5,3.194888178913738,5.9,5.9,Very High
519832,Ajod,Vadodara Rural,22.40144,73.158016,406.0,0.0,0.0,75.41,0.0,4.37,12.02,45.29,0.233,0.2,52.4,Alluvial Loamy Soil,0.15,387.6,0.75,0.029,0.003490651415223732,387.6,6.25,4.37,0.0,Low
519831,Anagadh,Vadodara Rural,22.373755,73.080302,1137.0,12.5,2.02,56.69,0.0,0.0,10.92,89.29,0.191,12.15,195.8,Alluvial Loamy Soil,0.306,479.0,0.9,0.98,0.21047175982130567,479.0,3.1645569620253164,12.5,2.02,Very High
519836,Dhanora,Vadodara Rural,22.379574,73.097867,374.0,0.0,7.64,79.62,0.0,6.37,6.37,14.0,0.317,11.7,190.4,Alluvial Loamy Soil,0.307,477.1,0.75,0.98,0.20278729535651246,477.1,3.1545741324921135,6.37,7.64,Very High
519837,Kotna,Vadodara Rural,22.359605,73.058884,414.0,0.0,15.5,60.53,0.0,4.84,4.84,60.8,0.328,12.15,195.8,Alluvial Loamy Soil,0.301,476.4,0.9,0.98,0.21047175982130567,476.4,3.215434083601286,4.84,15.5,Very High
519848,Khanpur,Vadodara Rural,22.318836,73.118396,193.0,0.0,0.47,64.79,18.78,8.45,0.47,43.48,0.324,0.2,52.4,Alluvial Loamy Soil,0.15,387.6,0.9,0.049,0.003490651415223732,387.6,6.25,8.45,19.25,Low
519843,Sherkhi,Vadodara Rural,22.33714,73.093718,1235.0,10.85,0.0,68.91,0.0,0.0,14.17,91.66,0.209,14.4,222.8,Alluvial Loamy Soil,0.31,475.8,0.9,0.98,0.2486898871648548,475.8,3.125,10.85,0.0,Very High
519859,Chapad,Vadodara Rural,22.229309,73.156898,496.0,0.0,0.0,87.1,0.0,9.07,2.02,45.14,0.275,12.6,201.2,Alluvial Loamy Soil,0.316,473.8,0.75,0.98,0.21814324139654254,473.8,3.067484662576687,9.07,0.0,Very High
519846,Ampad,Vadodara Rural,22.303464,73.085825,459.0,0.0,0.0,90.07,0.0,3.16,6.55,57.64,0.275,12.15,195.8,Alluvial Loamy Soil,0.311,479.7,0.75,0.98,0.21047175982130567,479.7,3.115264797507788,3.16,0.0,Very High
519847,Mahapura,Vadodara Rural,22.302753,73.103757,130.0,0.0,0.0,90.77,0.0,0.0,0.0,84.75,0.272,13.95,217.4,Alluvial Loamy Soil,0.309,473.8,0.75,0.98,0.24107506083303862,473.8,3.134796238244514,0.0,0.0,Very High
519845,Hinglot,Vadodara Rural,22.293659,73.078092,273.0,0.0,0.0,86.81,0.0,2.2,1.83,50.63,0.264,13.05,206.6,Alluvial Loamy Soil,0.302,476.4,0.75,0.98,0.2258012668691037,476.4,3.2051282051282053,2.2,0.0,Very High
519851,Raypura,Vadodara Rural,22.279864,73.09255,449.0,0.0,10.96,65.79,6.14,1.1,1.32,26.67,0.335,12.6,201.2,Alluvial Loamy Soil,0.31,473.1,0.9,0.98,0.21814324139654254,473.1,3.125,1.1,17.1,Very High
519852,Gokalpura,Vadodara Rural,22.266038,73.114605,165.0,0.0,9.43,89.94,0.0,0.63,0.0,79.02,0.356,13.5,212.0,Alluvial Loamy Soil,0.318,479.7,0.75,0.98,0.2334453638559054,479.7,3.048780487804878,0.63,9.43,Very High
519853,Samiyala,Vadodara Rural,22.25584,73.124736,499.0,0.0,3.7,77.78,0.0,2.61,5.66,57.98,0.271,13.5,212.0,Alluvial Loamy Soil,0.315,479.0,0.75,0.98,0.2334453638559054,479.0,3.0769230769230766,2.61,3.7,Very High
519830,Fajalpur Sankarda,Vadodara Rural,22.426235,73.087611,614.0,0.0,27.69,64.98,0.0,0.0,6.19,27.57,0.444,12.15,195.8,Alluvial Loamy Soil,0.299,471.2,0.9,0.98,0.21047175982130567,471.2,3.236245954692557,0.0,27.69,Very High
251214,Padra,Padra,22.244951,73.080335,0.0,0.0,2.8899999999999997,83.32,0.0,4.495,3.5549999999999997,69.87,0.0,0.2,52.4,Alluvial Loamy Soil,0.15,387.6,0.9,0.02,0.003490651415223732,387.6,6.25,4.495,2.8899999999999997,Low
520926,Kunvarwada,Dabhoi,22.252725,73.337496,612.0,0.0,1.47,83.69,0.0,14.85,0.0,100.0,0.287,11.7,190.4,Deep Black Cotton Soil,0.301,475.1,0.75,0.98,0.20278729535651246,475.1,3.215434083601286,14.85,1.47,Very High
520927,Vanadra,Dabhoi,22.238186,73.364509,1368.0,5.12,0.8,87.06,0.0,0.0,0.0,62.97,0.269,12.15,195.8,Deep Black Cotton Soil,0.307,481.0,0.75,0.98,0.21047175982130567,481.0,3.1545741324921135,5.12,0.8,Very High
520925,Saguwada,Dabhoi,22.240843,73.32019,446.0,0.0,15.7,83.18,0.0,0.0,1.12,100.0,0.391,11.7,190.4,Deep Black Cotton Soil,0.308,477.7,0.75,0.98,0.20278729535651246,477.7,3.144654088050314,0.0,15.7,Very High
520924,Malharpura,Dabhoi,22.238425,73.302594,178.0,0.0,0.0,79.66,0.0,6.21,6.21,26.24,0.248,11.7,190.4,Deep Black Cotton Soil,0.295,477.7,0.75,0.98,0.20278729535651246,477.7,3.278688524590164,6.21,0.0,Very High
520939,Dholar,Dabhoi,22.222189,73.395816,847.0,3.03,5.48,81.45,2.33,7.7,0.0,85.96,0.32,12.6,201.2,Deep Black Cotton Soil,0.344,479.0,0.75,0.98,0.21814324139654254,479.0,2.824858757062147,10.73,7.8100000000000005,Very High
520928,Mavli,Dabhoi,22.221537,73.342496,629.0,0.0,8.74,83.31,0.0,7.95,0.0,91.6,0.341,13.05,206.6,Deep Black Cotton Soil,0.31,471.8,0.75,0.98,0.2258012668691037,471.8,3.125,7.95,8.74,Very High
520923,Rasulpura,Dabhoi,22.22173,73.317514,277.0,6.12,0.0,84.53,0.0,5.04,0.0,48.94,0.262,12.15,195.8,Deep Black Cotton Soil,0.312,472.5,0.75,0.98,0.21047175982130567,472.5,3.1055900621118013,11.16,0.0,Very High
519818,Indrad,Savli,22.439792,73.273307,1046.0,0.0,3.92,83.44,0.0,5.93,6.7,80.28,0.294,12.15,195.8,Alluvial Loamy Soil,0.309,473.8,0.75,0.98,0.21047175982130567,473.8,3.134796238244514,5.93,3.92,Very High
519817,Pilol,Savli,22.422196,73.230199,603.0,0.0,6.8,66.17,0.0,11.28,15.75,38.6,0.277,11.7,190.4,Alluvial Loamy Soil,0.296,469.2,0.9,0.98,0.20278729535651246,469.2,3.2679738562091503,11.28,6.8,Very High
519833,Asoj,Vadodara Rural,22.421,73.199415,1094.0,0.0,1.95,92.09,0.0,5.21,0.74,62.63,0.302,11.7,190.4,Alluvial Loamy Soil,0.284,471.2,0.75,0.98,0.20278729535651246,471.2,3.4013605442176873,5.21,1.95,Very High
519834,Virod,Vadodara Rural,22.394473,73.226574,1092.0,0.0,10.01,71.73,0.0,4.73,0.56,10.34,0.312,10.8,179.6,Alluvial Loamy Soil,0.3,466.6,0.75,0.98,0.18738131458572463,466.6,3.2258064516129035,4.73,10.01,Very High
519839,Sukhlipur,Vadodara Rural,22.374111,73.255936,321.0,7.31,0.0,74.09,0.0,5.65,2.66,13.45,0.232,11.7,190.4,Alluvial Loamy Soil,0.306,476.4,0.75,0.98,0.20278729535651246,476.4,3.1645569620253164,12.96,0.0,Very High
519838,Dena,Vadodara Rural,22.365988,73.221735,444.0,0.0,8.56,82.43,0.0,5.41,0.0,43.72,0.332,11.7,190.4,Alluvial Loamy Soil,0.307,477.1,0.75,0.98,0.20278729535651246,477.1,3.1545741324921135,5.41,8.56,Very High
519841,Kotali,Vadodara Rural,22.35516,73.235373,312.0,8.07,0.0,71.93,0.0,4.56,8.42,4.88,0.224,11.7,190.4,Alluvial Loamy Soil,0.307,478.4,0.75,0.98,0.20278729535651246,478.4,3.1545741324921135,12.629999999999999,0.0,Very High
519840,Amaliyara,Vadodara Rural,22.362429,73.256445,483.0,13.5,0.0,64.16,0.0,2.88,12.83,34.48,0.199,12.6,201.2,Alluvial Loamy Soil,0.31,475.1,0.9,0.98,0.21814324139654254,475.1,3.125,16.38,0.0,Very High
519849,Ankhol,Vadodara Rural,22.304008,73.270046,371.0,1.08,8.36,84.91,0.0,5.66,0.0,19.05,0.339,11.7,190.4,Alluvial Loamy Soil,0.318,472.5,0.75,0.98,0.20278729535651246,472.5,3.048780487804878,6.74,8.36,Very High
519850,Khatamba,Vadodara Rural,22.286521,73.27036,363.0,0.0,1.38,72.73,0.0,12.4,8.54,13.26,0.249,12.6,201.2,Alluvial Loamy Soil,0.303,475.1,0.75,0.98,0.21814324139654254,475.1,3.194888178913738,12.4,1.38,Very High
519854,Shankarpura,Vadodara Rural,22.275823,73.272863,393.0,0.0,0.0,93.64,0.0,2.8,0.0,16.3,0.285,11.25,185.0,Alluvial Loamy Soil,0.307,479.0,0.75,0.98,0.19509032201612825,479.0,3.1545741324921135,2.8,0.0,Very High
519864,Tatarpura,Vadodara Rural,22.265645,73.294879,477.0,0.0,0.46,76.43,0.0,4.58,1.6,23.95,0.24,11.25,185.0,Alluvial Loamy Soil,0.303,479.7,0.75,0.98,0.19509032201612825,479.7,3.194888178913738,4.58,0.46,Very High
519855,Jobantekri,Vadodara Rural,22.267751,73.281069,93.0,0.0,1.83,62.39,29.36,5.5,0.0,29.41,0.388,11.7,190.4,Alluvial Loamy Soil,0.302,477.7,0.9,0.98,0.20278729535651246,477.7,3.2051282051282053,5.5,31.189999999999998,Very High
519856,Ratanpur,Vadodara Rural,22.268483,73.256635,295.0,0.0,0.0,73.02,10.79,5.04,0.36,27.09,0.291,11.25,185.0,Alluvial Loamy Soil,0.302,476.4,0.75,0.98,0.19509032201612825,476.4,3.2051282051282053,5.04,10.79,Very High
519868,Kelanpur,Vadodara Rural,22.242363,73.281591,847.0,0.26,0.51,76.73,0.0,15.73,0.77,13.33,0.258,12.6,201.2,Alluvial Loamy Soil,0.303,479.7,0.75,0.98,0.21814324139654254,479.7,3.194888178913738,15.99,0.51,Very High
519857,Vadadla,Vadodara Rural,22.248199,73.250718,395.0,0.0,1.01,71.65,0.0,6.08,0.0,10.6,0.233,11.25,185.0,Alluvial Loamy Soil,0.304,469.9,0.75,0.98,0.19509032201612825,469.9,3.1847133757961785,6.08,1.01,Very High
519865,Sultanpura,Vadodara Rural,22.245836,73.303381,226.0,0.44,0.0,88.89,7.11,1.78,0.89,20.0,0.312,11.25,185.0,Alluvial Loamy Soil,0.304,474.5,0.75,0.98,0.19509032201612825,474.5,3.1847133757961785,2.22,7.11,Very High
519863,Navapura,Vadodara Rural,22.242051,73.265192,102.0,1.0,1.0,75.0,0.0,2.0,0.0,53.33,0.237,11.7,190.4,Alluvial Loamy Soil,0.308,477.1,0.75,0.98,0.20278729535651246,477.1,3.144654088050314,3.0,1.0,Very High
519862,Alhadpura,Vadodara Rural,22.230247,73.265911,507.0,0.0,4.54,78.11,0.0,6.71,10.65,30.3,0.285,12.15,195.8,Alluvial Loamy Soil,0.303,482.3,0.75,0.98,0.21047175982130567,482.3,3.194888178913738,6.71,4.54,Very High
519867,Hetampura,Vadodara Rural,22.227236,73.2839,249.0,0.82,1.23,93.44,0.0,1.23,1.23,21.93,0.293,11.7,190.4,Alluvial Loamy Soil,0.307,469.2,0.75,0.98,0.20278729535651246,469.2,3.1545741324921135,2.05,1.23,Very High
519866,Diwalipura,Vadodara Rural,22.228,73.295272,308.0,0.3,0.61,70.73,18.9,0.0,0.3,68.97,0.331,11.7,190.4,Alluvial Loamy Soil,0.302,475.1,0.75,0.98,0.20278729535651246,475.1,3.2051282051282053,0.3,19.509999999999998,Very High
519860,Maretha,Vadodara Rural,22.223075,73.183108,241.0,0.0,4.58,86.67,0.0,5.42,0.83,48.08,0.309,13.05,206.6,Alluvial Loamy Soil,0.307,479.7,0.75,0.98,0.2258012668691037,479.7,3.1545741324921135,5.42,4.58,Very High
251209,Vadodara,Vadodara Rural,22.306225,73.182732,0.0,0.0,2.8899999999999997,83.32,0.0,4.495,3.5549999999999997,69.87,0.0,0.2,52.4,Alluvial Loamy Soil,0.15,387.6,0.9,0.02,0.003490651415223732,387.6,6.25,4.495,2.8899999999999997,Low
519938,Panch Devla,Vaghodia,22.43723,73.378274,260.0,0.0,32.43,50.19,0.0,16.99,0.39,38.46,0.468,12.6,201.2,Alluvial Loamy Soil,0.306,464.7,0.9,0.98,0.21814324139654254,464.7,3.1645569620253164,16.99,32.43,Very High
519939,Abhrampura,Vaghodia,22.430948,73.384792,451.0,0.0,0.0,89.38,0.0,3.76,6.86,22.28,0.274,13.05,206.6,Alluvial Loamy Soil,0.316,471.8,0.75,0.98,0.2258012668691037,471.8,3.067484662576687,3.76,0.0,Very High
519936,Kamrol,Vaghodia,22.426497,73.295766,1011.0,0.0,0.0,33.59,58.8,2.09,5.45,72.77,0.457,12.15,195.8,Alluvial Loamy Soil,0.304,472.5,0.9,0.98,0.21047175982130567,472.5,3.1847133757961785,2.09,58.8,Very High
519942,Kodarvaya,Vaghodia,22.415313,73.384313,252.0,0.0,7.11,85.77,0.0,2.37,4.74,100.0,0.325,13.05,206.6,Alluvial Loamy Soil,0.306,471.8,0.75,0.98,0.2258012668691037,471.8,3.1645569620253164,2.37,7.11,Very High
519935,Amreshwar,Vaghodia,22.413419,73.264611,247.0,0.0,0.0,79.76,0.0,2.83,17.41,50.76,0.244,13.05,206.6,Alluvial Loamy Soil,0.307,476.4,0.75,0.98,0.2258012668691037,476.4,3.1545741324921135,2.83,0.0,Very High
519950,Kotambi,Vaghodia,22.396152,73.312378,1950.0,5.18,2.54,84.26,0.1,3.94,1.04,100.0,0.283,11.7,190.4,Alluvial Loamy Soil,0.313,469.9,0.75,0.98,0.20278729535651246,469.9,3.095975232198142,9.12,2.64,Very High
519937,Lilora,Vaghodia,22.428497,73.363664,549.0,0.0,0.0,82.66,0.0,7.66,8.21,57.4,0.259,13.95,217.4,Alluvial Loamy Soil,0.308,475.1,0.75,0.98,0.24107506083303862,475.1,3.144654088050314,7.66,0.0,Very High
519943,Vyankatpura,Vaghodia,22.404352,73.368516,496.0,0.0,0.2,65.66,0.0,0.0,23.23,95.38,0.199,13.5,212.0,Alluvial Loamy Soil,0.306,474.5,0.9,0.98,0.2334453638559054,474.5,3.1645569620253164,0.0,0.2,Very High
519945,Rahkui,Vaghodia,22.408263,73.335659,305.0,0.0,2.96,79.28,0.0,6.25,11.51,62.24,0.274,13.5,212.0,Alluvial Loamy Soil,0.312,473.1,0.75,0.98,0.2334453638559054,473.1,3.1055900621118013,6.25,2.96,Very High
519946,Ganeshpura,Vaghodia,22.402363,73.274967,589.0,0.0,0.0,81.66,0.0,5.09,13.24,51.98,0.253,12.6,201.2,Alluvial Loamy Soil,0.309,472.5,0.75,0.98,0.21814324139654254,472.5,3.134796238244514,5.09,0.0,Very High
519944,Amrutpura,Vaghodia,22.398513,73.352163,262.0,0.0,1.9,59.7,0.0,3.42,34.98,100.0,0.201,12.15,195.8,Alluvial Loamy Soil,0.316,472.5,0.9,0.98,0.21047175982130567,472.5,3.067484662576687,3.42,1.9,Very High
519947,Bhaniyara,Vaghodia,22.393587,73.264179,692.0,0.0,2.45,86.58,0.0,5.05,5.92,55.83,0.289,12.15,195.8,Alluvial Loamy Soil,0.314,470.5,0.75,0.98,0.21047175982130567,470.5,3.0864197530864197,5.05,2.45,Very High
519954,Jafarpura,Vaghodia,22.389601,73.367701,146.0,0.0,7.48,78.23,0.0,10.2,4.08,100.0,0.317,12.6,201.2,Alluvial Loamy Soil,0.316,469.2,0.75,0.98,0.21814324139654254,469.2,3.067484662576687,10.2,7.48,Very High
519952,Intoli,Vaghodia,22.38544,73.332133,226.0,0.0,6.17,78.41,0.0,11.89,3.52,56.18,0.309,12.6,201.2,Alluvial Loamy Soil,0.308,465.3,0.75,0.98,0.21814324139654254,465.3,3.144654088050314,11.89,6.17,Very High
519953,Rasulabad,Vaghodia,22.379755,73.345826,1043.0,0.0,0.0,89.64,0.0,0.38,7.68,48.18,0.269,11.7,190.4,Alluvial Loamy Soil,0.304,469.9,0.75,0.98,0.20278729535651246,469.9,3.1847133757961785,0.38,0.0,Very High
519957,Rayan Talavadi,Vaghodia,22.369731,73.378642,654.0,0.0,1.37,66.26,0.0,4.58,27.79,59.91,0.218,12.15,195.8,Alluvial Loamy Soil,0.314,466.6,0.9,0.98,0.21047175982130567,466.6,3.0864197530864197,4.58,1.37,Very High
519948,Bhaupura,Vaghodia,22.379426,73.279252,324.0,0.0,9.29,82.97,0.0,4.02,3.41,69.03,0.339,13.05,206.6,Alluvial Loamy Soil,0.307,473.8,0.75,0.98,0.2258012668691037,473.8,3.1545741324921135,4.02,9.29,Very High
519951,Sakariya,Vaghodia,22.370251,73.321545,423.0,0.0,1.66,86.73,0.0,5.21,6.4,65.57,0.283,12.15,195.8,Alluvial Loamy Soil,0.317,471.2,0.75,0.98,0.21047175982130567,471.2,3.058103975535168,5.21,1.66,Very High
519949,Kumetha,Vaghodia,22.36591,73.282281,775.0,0.0,4.52,84.39,0.0,3.48,6.84,61.16,0.299,12.15,195.8,Alluvial Loamy Soil,0.311,471.8,0.75,0.98,0.21047175982130567,471.8,3.115264797507788,3.48,4.52,Very High
519958,Morlipura,Vaghodia,22.361659,73.295115,394.0,0.0,2.54,84.99,0.0,5.09,6.62,85.63,0.285,13.5,212.0,Alluvial Loamy Soil,0.307,472.5,0.75,0.98,0.2334453638559054,472.5,3.1545741324921135,5.09,2.54,Very High
519962,Raval,Vaghodia,22.347207,73.346467,1238.0,0.0,2.18,79.82,0.0,4.6,13.4,100.0,0.266,13.5,212.0,Alluvial Loamy Soil,0.311,475.8,0.75,0.98,0.2334453638559054,475.8,3.115264797507788,4.6,2.18,Very High
519963,Sanoli,Vaghodia,22.346867,73.382726,1033.0,0.0,0.19,86.35,0.0,6.39,7.07,44.96,0.27,13.05,206.6,Alluvial Loamy Soil,0.31,472.5,0.75,0.98,0.2258012668691037,472.5,3.125,6.39,0.19,Very High
519961,Nimetha,Vaghodia,22.346736,73.31377,1346.0,0.0,0.0,91.23,0.0,7.36,1.41,75.47,0.285,13.95,217.4,Alluvial Loamy Soil,0.311,473.8,0.75,0.98,0.24107506083303862,473.8,3.115264797507788,7.36,0.0,Very High
519960,Jesangpura,Vaghodia,22.337236,73.288132,265.0,0.0,0.75,82.33,0.0,5.26,7.52,66.67,0.262,12.6,201.2,Alluvial Loamy Soil,0.315,469.9,0.75,0.98,0.21814324139654254,469.9,3.0769230769230766,5.26,0.75,Very High
519978,Chipad,Vaghodia,22.331109,73.336834,478.0,0.0,1.26,88.7,0.0,5.02,5.02,54.48,0.285,14.85,228.2,Alluvial Loamy Soil,0.318,475.8,0.75,0.98,0.2562893731329966,475.8,3.048780487804878,5.02,1.26,Very High
519984,Gajadra,Vaghodia,22.320324,73.360103,864.0,0.0,1.51,88.64,0.0,9.85,0.0,40.52,0.294,13.05,206.6,Alluvial Loamy Soil,0.312,475.1,0.75,0.98,0.2258012668691037,475.1,3.1055900621118013,9.85,1.51,Very High
519979,Navi Jambuvai,Vaghodia,22.331554,73.307663,238.0,0.0,1.67,75.73,0.0,5.86,16.74,44.2,0.251,12.15,195.8,Alluvial Loamy Soil,0.314,471.8,0.75,0.98,0.21047175982130567,471.8,3.0864197530864197,5.86,1.67,Very High
519959,Sikandarpura,Vaghodia,22.333964,73.270463,161.0,0.0,0.62,78.26,0.0,5.59,15.53,69.84,0.249,13.05,206.6,Alluvial Loamy Soil,0.318,469.2,0.75,0.98,0.2258012668691037,469.2,3.048780487804878,5.59,0.62,Very High
519982,Shripore Timbi,Vaghodia,22.316,73.300323,481.0,0.0,1.66,33.26,0.0,4.57,60.5,31.25,0.122,13.95,217.4,Alluvial Loamy Soil,0.32,477.1,0.9,0.98,0.24107506083303862,477.1,3.0303030303030303,4.57,1.66,Very High
519977,Khandha,Vaghodia,22.325434,73.374753,385.0,0.0,1.94,90.58,0.0,6.37,1.11,15.29,0.299,13.05,206.6,Alluvial Loamy Soil,0.314,475.8,0.75,0.98,0.2258012668691037,475.8,3.0864197530864197,6.37,1.94,Very High
519976,Nava Ajva,Vaghodia,22.323725,73.395499,639.0,0.0,2.35,86.07,0.0,5.01,6.57,7.27,0.287,12.6,201.2,Alluvial Loamy Soil,0.305,471.8,0.75,0.98,0.21814324139654254,471.8,3.1746031746031744,5.01,2.35,Very High
519980,Bakrol,Vaghodia,22.323132,73.284063,680.0,0.0,0.88,90.88,0.0,3.53,4.71,50.16,0.286,13.5,212.0,Alluvial Loamy Soil,0.315,474.5,0.75,0.98,0.2334453638559054,474.5,3.0769230769230766,3.53,0.88,Very High
520006,Ropa,Vaghodia,22.267676,73.333045,173.0,0.0,2.31,84.39,0.0,4.62,8.67,61.64,0.281,12.15,195.8,Alluvial Loamy Soil,0.301,478.4,0.75,0.98,0.21047175982130567,478.4,3.215434083601286,4.62,2.31,Very High
519983,Bhadol Khurd,Vaghodia,22.318998,73.322901,219.0,0.0,0.0,89.95,0.0,5.02,5.02,51.27,0.277,13.95,217.4,Alluvial Loamy Soil,0.311,475.8,0.75,0.98,0.24107506083303862,475.8,3.115264797507788,5.02,0.0,Very High
519981,Hanumanpura,Vaghodia,22.315167,73.270079,251.0,0.0,0.0,84.06,0.0,5.58,10.36,52.13,0.261,12.15,195.8,Alluvial Loamy Soil,0.314,475.1,0.75,0.98,0.21047175982130567,475.1,3.0864197530864197,5.58,0.0,Very High
520000,Alva,Vaghodia,22.308185,73.32646,649.0,0.0,3.4,87.5,0.0,4.63,4.48,70.55,0.3,12.6,201.2,Alluvial Loamy Soil,0.311,472.5,0.75,0.98,0.21814324139654254,472.5,3.115264797507788,4.63,3.4,Very High
520001,Amodar,Vaghodia,22.298566,73.303627,335.0,0.0,1.19,86.61,0.0,4.76,7.44,100.0,0.278,13.95,217.4,Alluvial Loamy Soil,0.307,469.9,0.75,0.98,0.24107506083303862,469.9,3.1545741324921135,4.76,1.19,Very High
520007,Limda,Vaghodia,22.283762,73.362083,875.0,0.0,1.14,94.06,0.0,4.8,0.0,58.32,0.3,10.8,179.6,Alluvial Loamy Soil,0.294,476.4,0.75,0.98,0.18738131458572463,476.4,3.2894736842105265,4.8,1.14,Very High
519999,Kamlapura,Vaghodia,22.287513,73.334125,289.0,0.0,1.38,92.39,0.0,4.5,1.73,63.67,0.296,12.15,195.8,Alluvial Loamy Soil,0.305,473.8,0.75,0.98,0.21047175982130567,473.8,3.1746031746031744,4.5,1.38,Very High
519998,Dattapura,Vaghodia,22.290134,73.350391,131.0,0.0,0.72,74.82,11.51,3.6,9.35,48.08,0.305,12.15,195.8,Alluvial Loamy Soil,0.305,472.5,0.75,0.98,0.21047175982130567,472.5,3.1746031746031744,3.6,12.23,Very High
520003,Pipaliya,Vaghodia,22.286007,73.31567,634.0,0.0,1.89,87.7,0.0,5.36,5.05,16.01,0.288,11.7,190.4,Alluvial Loamy Soil,0.309,469.9,0.75,0.98,0.20278729535651246,469.9,3.134796238244514,5.36,1.89,Very High
520002,Pavlepur,Vaghodia,22.284299,73.289908,668.0,0.0,4.19,86.55,0.0,2.84,4.63,62.18,0.302,12.15,195.8,Alluvial Loamy Soil,0.307,471.8,0.75,0.98,0.21047175982130567,471.8,3.1545741324921135,2.84,4.19,Very High
520008,Madheli,Vaghodia,22.265344,73.374207,877.0,0.0,1.82,89.05,0.0,4.68,4.45,33.29,0.291,11.7,190.4,Alluvial Loamy Soil,0.304,477.7,0.75,0.98,0.20278729535651246,477.7,3.1847133757961785,4.68,1.82,Very High
520004,Umarva,Vaghodia,22.269155,73.310472,660.0,0.0,2.12,91.52,0.0,3.64,2.73,74.5,0.299,13.05,206.6,Alluvial Loamy Soil,0.308,473.8,0.75,0.98,0.2258012668691037,473.8,3.144654088050314,3.64,2.12,Very High
520005,Mastupura,Vaghodia,22.258596,73.318803,236.0,0.0,2.53,83.12,0.0,6.33,8.02,84.26,0.282,12.15,195.8,Alluvial Loamy Soil,0.291,478.4,0.75,0.98,0.21047175982130567,478.4,3.3222591362126246,6.33,2.53,Very High
520019,Falod,Vaghodia,22.251891,73.393337,370.0,0.0,2.7,85.41,0.0,5.95,5.95,47.47,0.289,13.5,212.0,Alluvial Loamy Soil,0.321,481.6,0.75,0.98,0.2334453638559054,481.6,3.021148036253776,5.95,2.7,Very High
519927,Alamgir,Vadodara Rural,22.211725,73.197007,0.0,0.0,2.8899999999999997,83.32,0.0,4.495,3.5549999999999997,69.87,0.0,10.8,179.6,Alluvial Loamy Soil,0.308,473.1,0.9,0.02,0.18738131458572463,473.1,3.144654088050314,4.495,2.8899999999999997,Low
519906,Nandesari,Vadodara Rural,22.41435,73.095614,0.0,0.0,2.8899999999999997,83.32,0.0,4.495,3.5549999999999997,69.87,0.0,0.2,52.4,Alluvial Loamy Soil,0.15,387.6,0.9,0.02,0.003490651415223732,387.6,6.25,4.495,2.8899999999999997,Low
519909,Bajwa,Vadodara Rural,22.366252,73.140935,0.0,0.0,2.8899999999999997,83.32,0.0,4.495,3.5549999999999997,69.87,0.0,0.2,52.4,Alluvial Loamy Soil,0.15,387.6,0.9,0.02,0.003490651415223732,387.6,6.25,4.495,2.8899999999999997,Low
519907,Ranoli,Vadodara Rural,22.398552,73.131306,0.0,0.0,2.8899999999999997,83.32,0.0,4.495,3.5549999999999997,69.87,0.0,0.2,52.4,Alluvial Loamy Soil,0.15,387.6,0.9,0.02,0.003490651415223732,387.6,6.25,4.495,2.8899999999999997,Low
519908,Karachiya,Vadodara Rural,22.379471,73.131637,0.0,0.0,2.8899999999999997,83.32,0.0,4.495,3.5549999999999997,69.87,0.0,0.2,52.4,Alluvial Loamy Soil,0.15,387.6,0.9,0.02,0.003490651415223732,387.6,6.25,4.495,2.8899999999999997,Low
519910,Jawaharnagar Gujarat Refinery CT,Vadodara Rural,22.359056,73.132399,0.0,0.0,2.8899999999999997,83.32,0.0,4.495,3.5549999999999997,69.87,0.0,13.95,217.4,Alluvial Loamy Soil,0.306,479.7,0.9,0.02,0.24107506083303862,479.7,3.1645569620253164,4.495,2.8899999999999997,Low
802593,Nandesari INA,Vadodara Rural,22.403717,73.104746,0.0,0.0,2.8899999999999997,83.32,0.0,4.495,3.5549999999999997,69.87,0.0,11.7,190.4,Alluvial Loamy Soil,0.303,480.3,0.9,0.02,0.20278729535651246,480.3,3.194888178913738,4.495,2.8899999999999997,Low
802595,GSFC Complex INA,Vadodara Rural,22.372328,73.152346,0.0,0.0,2.8899999999999997,83.32,0.0,4.495,3.5549999999999997,69.87,0.0,0.2,52.4,Alluvial Loamy Soil,0.15,387.6,0.9,0.02,0.003490651415223732,387.6,6.25,4.495,2.8899999999999997,Low
802594,Petro Chemical Complex INA,Vadodara Rural,22.389119,73.111768,0.0,0.0,2.8899999999999997,83.32,0.0,4.495,3.5549999999999997,69.87,0.0,0.2,52.4,Alluvial Loamy Soil,0.15,387.6,0.9,0.02,0.003490651415223732,387.6,6.25,4.495,2.8899999999999997,Low
519911,Undera,Vadodara Rural,22.343372,73.137039,0.0,0.0,2.8899999999999997,83.32,0.0,4.495,3.5549999999999997,69.87,0.0,0.2,52.4,Alluvial Loamy Soil,0.15,387.6,0.9,0.02,0.003490651415223732,387.6,6.25,4.495,2.8899999999999997,Low
519919,Dasharath,Vadodara Rural,22.385983,73.157488,0.0,0.0,2.8899999999999997,83.32,0.0,4.495,3.5549999999999997,69.87,0.0,0.2,52.4,Alluvial Loamy Soil,0.15,387.6,0.9,0.02,0.003490651415223732,387.6,6.25,4.495,2.8899999999999997,Low
999999,Sayaji Sarovar,Vaghodia,22.380487,73.406611,0.0,0.0,2.8899999999999997,83.32,0.0,4.495,3.5549999999999997,69.87,0.0,0.2,52.4,Alluvial Loamy Soil,0.15,387.6,0.9,0.02,0.003490651415223732,387.6,6.25,4.495,2.8899999999999997,Low
519923,Gorva OG,Vadodara Rural,22.338225,73.15438,0.0,0.0,2.8899999999999997,83.32,0.0,4.495,3.5549999999999997,69.87,0.0,0.2,52.4,Alluvial Loamy Soil,0.15,387.6,0.9,0.02,0.003490651415223732,387.6,6.25,4.495,2.8899999999999997,Low
519924,Sevasi,Vadodara Rural,22.306627,73.117423,0.0,0.0,2.8899999999999997,83.32,0.0,4.495,3.5549999999999997,69.87,0.0,13.95,217.4,Alluvial Loamy Soil,0.306,477.7,0.9,0.02,0.24107506083303862,477.7,3.1645569620253164,4.495,2.8899999999999997,Low
519918,Kalali OG,Vadodara Rural,22.250808,73.16557,0.0,0.0,2.8899999999999997,83.32,0.0,4.495,3.5549999999999997,69.87,0.0,12.6,201.2,Alluvial Loamy Soil,0.315,481.0,0.9,0.02,0.21814324139654254,481.0,3.0769230769230766,4.495,2.8899999999999997,Low
519925,Bhayli,Vadodara Rural,22.281721,73.121784,0.0,0.0,2.8899999999999997,83.32,0.0,4.495,3.5549999999999997,69.87,0.0,13.5,212.0,Alluvial Loamy Soil,0.314,481.0,0.9,0.02,0.2334453638559054,481.0,3.0864197530864197,4.495,2.8899999999999997,Low
519926,Bil,Vadodara Rural,22.248134,73.140536,0.0,0.0,2.8899999999999997,83.32,0.0,4.495,3.5549999999999997,69.87,0.0,11.7,190.4,Alluvial Loamy Soil,0.305,477.7,0.9,0.02,0.20278729535651246,477.7,3.1746031746031744,4.495,2.8899999999999997,Low
519913,Karodiya OG,Vadodara Rural,22.349552,73.162735,0.0,0.0,2.8899999999999997,83.32,0.0,4.495,3.5549999999999997,69.87,0.0,0.2,52.4,Alluvial Loamy Soil,0.15,387.6,0.9,0.02,0.003490651415223732,387.6,6.25,4.495,2.8899999999999997,Low
519912,Tarsali CT,Vadodara Rural,22.246946,73.229342,0.0,0.0,2.8899999999999997,83.32,0.0,4.495,3.5549999999999997,69.87,0.0,12.15,195.8,Alluvial Loamy Soil,0.312,477.7,0.9,0.02,0.21047175982130567,477.7,3.1055900621118013,4.495,2.8899999999999997,Low
520022,Jarod CT,Vaghodia,22.429672,73.332882,0.0,0.0,2.8899999999999997,83.32,0.0,4.495,3.5549999999999997,69.87,0.0,13.05,206.6,Alluvial Loamy Soil,0.309,467.3,0.9,0.02,0.2258012668691037,467.3,3.134796238244514,4.495,2.8899999999999997,Low
520023,Vaghodia CT,Vaghodia,22.297497,73.39063,0.0,0.0,2.8899999999999997,83.32,0.0,4.495,3.5549999999999997,69.87,0.0,0.2,52.4,Alluvial Loamy Soil,0.15,387.6,0.9,0.02,0.003490651415223732,387.6,6.25,4.495,2.8899999999999997,Low
802598,Vaghodia INA,Vaghodia,22.311117,73.38898,0.0,0.0,2.8899999999999997,83.32,0.0,4.495,3.5549999999999997,69.87,0.0,13.05,206.6,Alluvial Loamy Soil,0.298,473.8,0.9,0.02,0.2258012668691037,473.8,3.2467532467532467,4.495,2.8899999999999997,Low
519921,Dumad,Vadodara Rural,22.376152,73.201184,0.0,0.0,2.8899999999999997,83.32,0.0,4.495,3.5549999999999997,69.87,0.0,11.25,185.0,Alluvial Loamy Soil,0.291,474.5,0.9,0.02,0.19509032201612825,474.5,3.3222591362126246,4.495,2.8899999999999997,Low
519922,Vemali,Vadodara Rural,22.35407,73.209843,0.0,0.0,2.8899999999999997,83.32,0.0,4.495,3.5549999999999997,69.87,0.0,11.25,185.0,Alluvial Loamy Soil,0.307,480.3,0.9,0.02,0.19509032201612825,480.3,3.1545741324921135,4.495,2.8899999999999997,Low
519916,Sayajipura OG,Vadodara Rural,22.325296,73.25876,0.0,0.0,2.8899999999999997,83.32,0.0,4.495,3.5549999999999997,69.87,0.0,0.2,52.4,Alluvial Loamy Soil,0.15,387.6,0.9,0.02,0.003490651415223732,387.6,6.25,4.495,2.8899999999999997,Low
519917,Bapod OG,Vadodara Rural,22.299225,73.259733,0.0,0.0,2.8899999999999997,83.32,0.0,4.495,3.5549999999999997,69.87,0.0,10.8,179.6,Alluvial Loamy Soil,0.307,474.5,0.9,0.02,0.18738131458572463,474.5,3.1545741324921135,4.495,2.8899999999999997,Low
519914,Harni OG,Vadodara Rural,22.344634,73.257466,0.0,0.0,2.8899999999999997,83.32,0.0,4.495,3.5549999999999997,69.87,0.0,12.6,201.2,Alluvial Loamy Soil,0.303,478.4,0.9,0.02,0.21814324139654254,478.4,3.194888178913738,4.495,2.8899999999999997,Low
520943,Bamboj,Dabhoi,22.211975,73.457983,695.0,3.88,4.6,86.33,0.0,5.18,0.0,83.33,0.309,12.15,195.8,Deep Black Cotton Soil,0.351,476.4,0.75,0.98,0.21047175982130567,476.4,2.770083102493075,9.059999999999999,4.6,Very High
520945,Lunadra,Dabhoi,22.206681,73.479518,241.0,4.96,0.0,85.12,0.0,4.96,4.96,51.46,0.264,13.05,206.6,Deep Black Cotton Soil,0.355,475.8,0.75,0.98,0.2258012668691037,475.8,2.73972602739726,9.92,0.0,Very High
520942,Naranpura,Dabhoi,22.204176,73.42546,105.0,0.0,11.43,81.9,0.0,6.67,0.0,100.0,0.359,13.05,206.6,Deep Black Cotton Soil,0.346,474.5,0.75,0.98,0.2258012668691037,474.5,2.808988764044944,6.67,11.43,Very High
520946,Simaliya,Dabhoi,22.19153,73.482411,980.0,12.04,2.14,81.22,0.0,4.59,0.0,100.0,0.272,12.15,195.8,Deep Black Cotton Soil,0.353,475.1,0.75,0.98,0.21047175982130567,475.1,2.7548209366391188,16.63,2.14,Very High
520947,Sunvalja,Dabhoi,22.193872,73.456124,258.0,4.26,3.1,86.82,0.0,5.81,0.0,100.0,0.298,13.05,206.6,Deep Black Cotton Soil,0.349,477.1,0.75,0.98,0.2258012668691037,477.1,2.785515320334262,10.07,3.1,Very High
520941,Karalipura,Dabhoi,22.196452,73.417099,120.0,0.0,2.5,90.0,0.0,0.83,6.67,74.07,0.294,12.6,201.2,Deep Black Cotton Soil,0.349,473.8,0.75,0.98,0.21814324139654254,473.8,2.785515320334262,0.83,2.5,Very High
520948,Dangiwada,Dabhoi,22.186472,73.434297,481.0,4.37,4.57,85.86,0.0,5.2,0.0,75.06,0.307,11.25,185.0,Deep Black Cotton Soil,0.344,477.7,0.75,0.98,0.19509032201612825,477.7,2.824858757062147,9.57,4.57,Very High
520965,Gopalpura,Dabhoi,22.169907,73.49663,462.0,0.0,0.0,100.0,0.0,0.0,0.0,86.58,0.3,0.2,52.4,Deep Black Cotton Soil,0.15,387.6,0.75,0.038,0.003490651415223732,387.6,6.25,0.0,0.0,Low
520950,Vasaipura,Dabhoi,22.178906,73.405451,177.0,6.21,5.08,84.18,0.0,4.52,0.0,95.97,0.306,12.15,195.8,Deep Black Cotton Soil,0.35,477.1,0.75,0.98,0.21047175982130567,477.1,2.7777777777777777,10.73,5.08,Very High
520949,Pragpura,Dabhoi,22.180934,73.423394,256.0,5.06,3.89,83.66,0.0,7.39,0.0,100.0,0.298,11.7,190.4,Deep Black Cotton Soil,0.353,479.7,0.75,0.98,0.20278729535651246,479.7,2.7548209366391188,12.45,3.89,Very High
520964,Akotadar,Dabhoi,22.17537,73.463987,605.0,0.0,15.21,80.17,0.0,4.63,0.0,82.47,0.384,11.25,185.0,Deep Black Cotton Soil,0.36,473.1,0.75,0.98,0.19509032201612825,473.1,2.7027027027027026,4.63,15.21,Very High
520963,Pansoli,Dabhoi,22.166243,73.452333,769.0,0.0,5.45,87.14,0.26,4.81,0.0,37.26,0.319,11.7,190.4,Deep Black Cotton Soil,0.357,472.5,0.75,0.98,0.20278729535651246,472.5,2.7247956403269757,4.81,5.71,Very High
520962,Morpura,Dabhoi,22.16282,73.420509,80.0,7.59,3.8,83.54,0.0,5.06,0.0,100.0,0.294,11.25,185.0,Deep Black Cotton Soil,0.352,473.1,0.75,0.98,0.19509032201612825,473.1,2.7624309392265194,12.649999999999999,3.8,Very High
520966,Vadhvana,Dabhoi,22.150349,73.491283,778.0,0.0,34.19,62.08,0.0,3.73,0.0,100.0,0.5,12.15,195.8,Deep Black Cotton Soil,0.371,475.1,0.9,0.98,0.21047175982130567,475.1,2.6246719160104988,3.73,34.19,Very High
520967,Samsherpura,Dabhoi,22.150824,73.481159,97.0,0.0,12.37,84.54,0.0,3.09,0.0,100.0,0.37,12.15,195.8,Deep Black Cotton Soil,0.381,480.3,0.75,0.98,0.21047175982130567,480.3,2.557544757033248,3.09,12.37,Very High
520968,Kukad,Dabhoi,22.143096,73.46806,597.0,10.72,1.68,82.58,0.0,5.03,0.0,60.85,0.273,12.15,195.8,Deep Black Cotton Soil,0.378,475.8,0.75,0.98,0.21047175982130567,475.8,2.5773195876288657,15.75,1.68,Very High
520969,Timbi,Dabhoi,22.15226,73.418344,244.0,0.0,4.1,87.3,0.0,8.61,0.0,53.99,0.312,10.8,179.6,Deep Black Cotton Soil,0.352,478.4,0.75,0.98,0.18738131458572463,478.4,2.7624309392265194,8.61,4.1,Very High
520970,Tarsana,Dabhoi,22.143425,73.407585,432.0,0.0,5.09,84.26,0.0,5.79,4.86,100.0,0.307,11.7,190.4,Deep Black Cotton Soil,0.353,475.1,0.75,0.98,0.20278729535651246,475.1,2.7548209366391188,5.79,5.09,Very High
520944,Amreshwar,Dabhoi,22.227089,73.472862,574.0,3.3,2.61,86.96,0.0,5.39,0.0,50.0,0.293,13.05,206.6,Deep Black Cotton Soil,0.346,477.1,0.75,0.98,0.2258012668691037,477.1,2.808988764044944,8.69,2.61,Very High
519975,Madodhar,Vaghodia,22.324726,73.419003,918.0,0.0,10.24,84.31,0.0,5.01,0.44,50.26,0.353,13.05,206.6,Alluvial Loamy Soil,0.307,471.2,0.75,0.98,0.2258012668691037,471.2,3.1545741324921135,5.01,10.24,Very High
519974,Sangadol,Vaghodia,22.317903,73.442354,991.0,0.0,1.06,89.51,0.0,5.19,4.24,59.17,0.286,12.15,195.8,Alluvial Loamy Soil,0.348,474.5,0.75,0.98,0.21047175982130567,474.5,2.793296089385475,5.19,1.06,Very High
519971,Chipat,Vaghodia,22.326852,73.514534,97.0,0.0,11.34,86.6,0.0,1.03,1.03,47.62,0.363,11.25,185.0,Alluvial Loamy Soil,0.338,471.2,0.75,0.98,0.19509032201612825,471.2,2.8735632183908044,1.03,11.34,Very High
520012,Kachhota,Vaghodia,22.265121,73.51416,295.0,0.0,0.0,95.25,0.0,0.0,4.75,71.17,0.286,13.95,217.4,Alluvial Loamy Soil,0.345,484.9,0.75,0.98,0.24107506083303862,484.9,2.8169014084507045,0.0,0.0,Very High
519988,Vedpur,Vaghodia,22.312013,73.529351,831.0,27.28,7.45,60.34,0.0,0.84,0.84,100.0,0.255,11.25,185.0,Alluvial Loamy Soil,0.346,475.8,0.9,0.98,0.19509032201612825,475.8,2.808988764044944,28.12,7.45,Very High
519986,Ghodadra,Vaghodia,22.305494,73.459221,552.0,0.0,9.76,82.46,0.0,6.69,1.08,43.86,0.345,13.5,212.0,Alluvial Loamy Soil,0.351,476.4,0.75,0.98,0.2334453638559054,476.4,2.770083102493075,6.69,9.76,Very High
519987,Asha,Vaghodia,22.308156,73.496906,231.0,13.04,1.74,80.43,0.0,3.04,1.74,0.0,0.264,11.7,190.4,Alluvial Loamy Soil,0.333,469.2,0.75,0.98,0.20278729535651246,469.2,2.9154518950437316,16.08,1.74,Very High
519989,Moti Manekpur,Vaghodia,22.298435,73.531655,626.0,3.03,0.0,73.52,0.0,7.18,16.27,100.0,0.232,11.25,185.0,Alluvial Loamy Soil,0.344,471.2,0.75,0.98,0.19509032201612825,471.2,2.824858757062147,10.209999999999999,0.0,Very High
519993,Vasvel,Vaghodia,22.296555,73.472661,810.0,0.0,2.59,74.85,0.0,17.63,3.33,49.42,0.274,12.15,195.8,Alluvial Loamy Soil,0.357,475.1,0.75,0.98,0.21047175982130567,475.1,2.7247956403269757,17.63,2.59,Very High
519992,Saidal,Vaghodia,22.286926,73.50285,924.0,15.69,0.0,70.78,0.0,0.0,13.53,61.16,0.215,12.6,201.2,Alluvial Loamy Soil,0.354,475.8,0.75,0.98,0.21814324139654254,475.8,2.7472527472527473,15.69,0.0,Very High
519985,Timbi,Vaghodia,22.299284,73.418253,185.0,0.0,0.54,85.41,0.0,4.32,9.73,63.92,0.268,13.05,206.6,Alluvial Loamy Soil,0.303,475.1,0.75,0.98,0.2258012668691037,475.1,3.194888178913738,4.32,0.54,Very High
519996,Dankheda,Vaghodia,22.286677,73.436341,230.0,0.0,10.43,77.83,0.0,9.13,2.61,35.2,0.341,12.6,201.2,Alluvial Loamy Soil,0.353,482.9,0.75,0.98,0.21814324139654254,482.9,2.7548209366391188,9.13,10.43,Very High
519990,Nani Manekpur,Vaghodia,22.288167,73.543629,57.0,0.0,0.0,87.72,0.0,3.51,8.77,100.0,0.268,13.95,217.4,Alluvial Loamy Soil,0.353,476.4,0.75,0.98,0.24107506083303862,476.4,2.7548209366391188,3.51,0.0,Very High
519997,Tavra,Vaghodia,22.286469,73.417679,462.0,0.0,1.73,88.53,0.0,4.76,4.98,51.34,0.288,13.05,206.6,Alluvial Loamy Soil,0.311,475.8,0.75,0.98,0.2258012668691037,475.8,3.115264797507788,4.76,1.73,Very High
519994,Chandpur,Vaghodia,22.285523,73.475938,341.0,0.0,0.94,38.44,38.68,17.69,0.94,48.47,0.382,13.5,212.0,Alluvial Loamy Soil,0.315,486.9,0.9,0.98,0.2334453638559054,486.9,3.0769230769230766,17.69,39.62,Very High
520013,Rustampura,Vaghodia,22.276456,73.536888,214.0,0.0,13.15,70.89,0.0,7.04,0.47,72.85,0.342,13.5,212.0,Alluvial Loamy Soil,0.348,477.1,0.75,0.98,0.2334453638559054,477.1,2.793296089385475,7.04,13.15,Very High
519995,Ambali,Vaghodia,22.278101,73.446408,386.0,0.0,5.99,84.74,0.0,5.72,3.54,70.1,0.317,13.05,206.6,Alluvial Loamy Soil,0.347,469.9,0.75,0.98,0.2258012668691037,469.9,2.801120448179272,5.72,5.99,Very High
520010,Gugalpur,Vaghodia,22.267272,73.467115,413.0,0.0,13.8,76.03,0.0,5.33,4.84,63.69,0.36,13.05,206.6,Alluvial Loamy Soil,0.34,481.6,0.75,0.98,0.2258012668691037,481.6,2.8571428571428568,5.33,13.8,Very High
520009,Vejalpur,Vaghodia,22.27193,73.405579,422.0,0.0,1.9,85.27,0.0,5.46,7.36,58.22,0.281,12.6,201.2,Alluvial Loamy Soil,0.316,474.5,0.75,0.98,0.21814324139654254,474.5,3.067484662576687,5.46,1.9,Very High
520011,Khervadi,Vaghodia,22.262781,73.483262,531.0,0.0,0.75,90.19,0.0,1.89,7.17,62.76,0.28,13.5,212.0,Alluvial Loamy Soil,0.341,482.9,0.75,0.98,0.2334453638559054,482.9,2.849002849002849,1.89,0.75,Very High
520018,Vyara,Vaghodia,22.252538,73.422919,2272.0,0.0,10.33,82.07,0.0,6.04,0.22,92.64,0.348,12.6,201.2,Alluvial Loamy Soil,0.351,471.2,0.75,0.98,0.21814324139654254,471.2,2.770083102493075,6.04,10.33,Very High
520014,Ghoda,Vaghodia,22.264944,73.528892,218.0,0.0,0.0,83.94,0.0,3.67,12.39,100.0,0.257,14.85,228.2,Alluvial Loamy Soil,0.342,482.9,0.75,0.98,0.2562893731329966,482.9,2.840909090909091,3.67,0.0,Very High
520015,Nurpuri,Vaghodia,22.255319,73.516521,276.0,0.0,0.0,98.91,0.0,0.0,1.09,64.1,0.297,13.05,206.6,Alluvial Loamy Soil,0.345,482.9,0.75,0.98,0.2258012668691037,482.9,2.8169014084507045,0.0,0.0,Very High
520016,Tarsva,Vaghodia,22.247893,73.482445,1104.0,0.0,1.54,88.13,0.0,6.52,3.8,55.5,0.288,13.05,206.6,Alluvial Loamy Soil,0.341,480.3,0.75,0.98,0.2258012668691037,480.3,2.849002849002849,6.52,1.54,Very High
520017,Jambuwada,Vaghodia,22.235421,73.446638,719.0,0.0,2.78,83.45,0.0,5.01,6.95,71.67,0.283,13.05,206.6,Alluvial Loamy Soil,0.351,477.7,0.75,0.98,0.2258012668691037,477.7,2.770083102493075,5.01,2.78,Very High
520020,Antoli,Vaghodia,22.221961,73.417043,577.0,0.0,5.88,76.82,0.0,10.55,5.02,51.8,0.299,11.7,190.4,Alluvial Loamy Soil,0.351,472.5,0.75,0.98,0.20278729535651246,472.5,2.770083102493075,10.55,5.88,Very High
520021,Karamliya Pura,Vaghodia,22.217807,73.437697,607.0,0.0,5.61,77.39,0.0,14.19,2.81,85.29,0.304,11.7,190.4,Alluvial Loamy Soil,0.352,471.8,0.75,0.98,0.20278729535651246,471.8,2.7624309392265194,14.19,5.61,Very High
519991,Koba,Vaghodia,22.284556,73.521797,307.0,56.82,0.0,38.64,0.0,0.65,3.9,100.0,0.128,13.5,212.0,Alluvial Loamy Soil,0.327,471.2,0.9,0.98,0.2334453638559054,471.2,2.9673590504451037,57.47,0.0,Very High
519940,Adiran,Vaghodia,22.436866,73.411595,772.0,0.0,2.33,86.51,0.0,4.93,6.23,60.12,0.288,12.15,195.8,Alluvial Loamy Soil,0.294,471.8,0.75,0.98,0.21047175982130567,471.8,3.2894736842105265,4.93,2.33,Very High
519955,Navgam,Vaghodia,22.407331,73.435575,407.0,0.0,19.61,72.06,0.0,4.17,4.17,100.0,0.399,12.6,201.2,Alluvial Loamy Soil,0.313,467.9,0.75,0.98,0.21814324139654254,467.9,3.095975232198142,4.17,19.61,Very High
519941,Karmasiya Kheda,Vaghodia,22.410759,73.412333,2948.0,0.0,0.31,30.34,0.0,4.36,64.98,34.25,0.1,12.15,195.8,Alluvial Loamy Soil,0.312,469.2,0.9,0.98,0.21047175982130567,469.2,3.1055900621118013,4.36,0.31,Very High
519956,Gutal,Vaghodia,22.373695,73.447886,1707.0,0.0,2.28,80.96,0.0,12.83,3.93,84.15,0.283,12.15,195.8,Alluvial Loamy Soil,0.342,477.1,0.75,0.98,0.21047175982130567,477.1,2.840909090909091,12.83,2.28,Very High
519964,Juna Rampura,Vaghodia,22.3582,73.410424,309.0,0.0,3.56,93.53,0.0,2.91,0.0,29.07,0.317,14.4,222.8,Alluvial Loamy Soil,0.312,475.8,0.75,0.98,0.2486898871648548,475.8,3.1055900621118013,2.91,3.56,Very High
519967,Dundelav,Vaghodia,22.347733,73.465353,224.0,0.0,4.93,81.17,0.0,1.35,12.56,16.57,0.29,13.05,206.6,Alluvial Loamy Soil,0.343,467.3,0.75,0.98,0.2258012668691037,467.3,2.8328611898016995,1.35,4.93,Very High
519973,Goraj,Vaghodia,22.332591,73.47929,1429.0,0.0,7.07,76.28,0.0,5.25,1.89,77.06,0.3,13.05,206.6,Alluvial Loamy Soil,0.349,478.4,0.75,0.98,0.2258012668691037,478.4,2.785515320334262,5.25,7.07,Very High
519965,Nava Rampura,Vaghodia,22.344775,73.408848,270.0,0.0,4.09,91.08,0.0,4.83,0.0,55.1,0.317,13.05,206.6,Alluvial Loamy Soil,0.313,475.8,0.75,0.98,0.2258012668691037,475.8,3.095975232198142,4.83,4.09,Very High
519966,Vesaniya,Vaghodia,22.342325,73.438877,427.0,0.0,1.42,81.52,0.0,10.66,6.4,14.53,0.273,13.5,212.0,Alluvial Loamy Soil,0.341,471.2,0.75,0.98,0.2334453638559054,471.2,2.849002849002849,10.66,1.42,Very High
519968,Valva,Vaghodia,22.342418,73.503181,253.0,0.0,12.34,81.28,0.0,2.13,4.26,41.88,0.358,12.15,195.8,Alluvial Loamy Soil,0.342,476.4,0.75,0.98,0.21047175982130567,476.4,2.840909090909091,2.13,12.34,Very High
519969,Hamirpuri,Vaghodia,22.339955,73.525062,73.0,0.0,15.07,73.97,0.0,9.59,1.37,55.56,0.372,12.6,201.2,Alluvial Loamy Soil,0.329,471.8,0.75,0.98,0.21814324139654254,471.8,2.949852507374631,9.59,15.07,Very High
519970,Dharola,Vaghodia,22.334722,73.546397,574.0,79.97,1.05,17.77,0.0,0.0,1.22,49.02,0.079,11.7,190.4,Alluvial Loamy Soil,0.338,467.9,0.9,0.98,0.20278729535651246,467.9,2.8735632183908044,79.97,1.05,Very High
519972,Gambhirpura,Vaghodia,22.333731,73.521104,80.0,0.0,6.25,76.25,0.0,12.5,5.0,54.1,0.304,12.15,195.8,Alluvial Loamy Soil,0.33,472.5,0.75,0.98,0.21047175982130567,472.5,2.941176470588235,12.5,6.25,Very High
519768,Wankaner,Savli,22.552458,73.177017,1641.0,0.0,3.53,67.7,0.0,5.97,7.25,72.97,0.244,11.7,190.4,Alluvial Loamy Soil,0.293,466.0,0.9,0.98,0.20278729535651246,466.0,3.3003300330033003,5.97,3.53,Very High
519787,Bhadarva,Savli,22.510437,73.129922,540.0,0.0,8.16,57.09,8.51,20.92,5.32,37.27,0.327,14.4,222.8,Alluvial Loamy Soil,0.299,471.8,0.9,0.98,0.2486898871648548,471.8,3.236245954692557,20.92,16.67,Very High
519794,Ranipura B,Savli,22.50843,73.174065,690.0,0.0,0.0,7.04,92.02,0.0,0.94,72.22,0.573,12.6,201.2,Alluvial Loamy Soil,0.293,469.9,0.9,0.98,0.21814324139654254,469.9,3.3003300330033003,0.0,92.02,Very High
519790,Khandi,Savli,22.499195,73.100319,111.0,0.0,19.83,50.41,16.53,11.57,1.65,32.79,0.446,12.15,195.8,Alluvial Loamy Soil,0.307,471.2,0.9,0.98,0.21047175982130567,471.2,3.1545741324921135,11.57,36.36,Very High
519789,Jalampura,Savli,22.502329,73.105973,176.0,0.0,16.85,62.92,1.12,11.24,3.37,33.93,0.364,13.5,212.0,Alluvial Loamy Soil,0.305,467.9,0.9,0.98,0.2334453638559054,467.9,3.1746031746031744,11.24,17.970000000000002,Very High
519792,Raniya,Savli,22.495709,73.133102,680.0,0.0,0.62,86.0,1.23,4.46,7.69,53.67,0.278,14.85,228.2,Alluvial Loamy Soil,0.306,469.9,0.75,0.98,0.2562893731329966,469.9,3.1645569620253164,4.46,1.85,Very High
519793,Mahapura,Savli,22.495327,73.160927,119.0,0.0,0.85,86.32,6.84,4.27,0.85,79.21,0.314,14.4,222.8,Alluvial Loamy Soil,0.298,470.5,0.75,0.98,0.2486898871648548,470.5,3.2467532467532467,4.27,7.6899999999999995,Very High
519810,Anjesar,Savli,22.480895,73.17266,532.0,0.0,3.19,81.99,0.0,5.07,9.76,17.16,0.282,11.7,190.4,Alluvial Loamy Soil,0.294,467.9,0.75,0.98,0.20278729535651246,467.9,3.2894736842105265,5.07,3.19,Very High
519791,Poicha Raniya,Savli,22.475894,73.114821,769.0,0.0,3.9,84.79,0.0,5.07,6.24,47.55,0.297,12.15,195.8,Alluvial Loamy Soil,0.293,472.5,0.75,0.98,0.21047175982130567,472.5,3.3003300330033003,5.07,3.9,Very High
519811,Moksi,Savli,22.468066,73.147281,1195.0,0.0,0.0,87.97,6.43,2.75,2.85,60.02,0.307,13.05,206.6,Alluvial Loamy Soil,0.297,468.6,0.75,0.98,0.2258012668691037,468.6,3.257328990228013,2.75,6.43,Very High
519786,Bahidhara Alias Natvarnagar,Savli,22.512292,73.159483,1097.0,0.0,24.7,68.46,0.0,0.0,6.84,46.13,0.428,14.4,222.8,Alluvial Loamy Soil,0.291,469.2,0.9,0.98,0.2486898871648548,469.2,3.3222591362126246,0.0,24.7,Very High
519788,Parthampura Khandi,Savli,22.511161,73.118198,309.0,0.0,20.31,54.46,9.85,14.77,0.62,40.11,0.427,12.15,195.8,Alluvial Loamy Soil,0.302,468.6,0.9,0.98,0.21047175982130567,468.6,3.2051282051282053,14.77,30.159999999999997,Very High
519824,Dodka,Vadodara Rural,22.455062,73.112726,770.0,0.0,6.09,60.35,0.0,22.46,4.06,26.91,0.27,12.15,195.8,Alluvial Loamy Soil,0.29,475.8,0.9,0.98,0.21047175982130567,475.8,3.3333333333333335,22.46,6.09,Very High
519827,Vasna Kotariya,Vadodara Rural,22.447266,73.154772,499.0,0.0,3.61,74.1,0.0,7.03,7.03,43.36,0.265,13.05,206.6,Alluvial Loamy Soil,0.297,464.7,0.75,0.98,0.2258012668691037,464.7,3.257328990228013,7.03,3.61,Very High
519747,Ankaliya,Savli,22.616419,73.377167,443.0,0.0,4.74,88.71,0.0,0.9,5.64,76.34,0.31,13.05,206.6,Alluvial Loamy Soil,0.3,469.2,0.75,0.98,0.2258012668691037,469.2,3.2258064516129035,0.9,4.74,Very High
519756,Lachhanpura,Savli,22.614795,73.22513,246.0,0.0,40.89,56.28,0.0,0.0,2.83,71.94,0.537,11.25,185.0,Alluvial Loamy Soil,0.302,470.5,0.9,0.98,0.19509032201612825,470.5,3.2051282051282053,0.0,40.89,Very High
519750,Mevli,Savli,22.614616,73.329978,913.0,0.0,14.99,72.87,0.0,5.8,0.33,69.97,0.362,12.6,201.2,Alluvial Loamy Soil,0.307,469.2,0.75,0.98,0.21814324139654254,469.2,3.1545741324921135,5.8,14.99,Very High
519748,Dhantej,Savli,22.597216,73.356397,1591.0,0.0,5.03,84.4,0.0,5.09,5.47,55.81,0.306,12.6,201.2,Alluvial Loamy Soil,0.3,481.6,0.75,0.98,0.21814324139654254,481.6,3.2258064516129035,5.09,5.03,Very High
519795,Namisara,Savli,22.515105,73.189227,974.0,0.0,2.46,87.47,0.0,1.95,8.11,76.53,0.287,11.25,185.0,Alluvial Loamy Soil,0.284,469.9,0.75,0.98,0.19509032201612825,469.9,3.4013605442176873,1.95,2.46,Very High
519734,Latva,Desar,22.667525,73.366624,319.0,0.0,0.0,76.25,0.0,0.0,9.06,39.34,0.229,11.25,185.0,Alluvial Loamy Soil,0.294,470.5,0.75,0.98,0.19509032201612825,470.5,3.2894736842105265,0.0,0.0,Very High
519724,Bhila,Desar,22.666808,73.359725,123.0,0.0,43.9,52.03,0.0,0.0,4.07,46.88,0.551,11.7,190.4,Alluvial Loamy Soil,0.295,467.3,0.9,0.98,0.20278729535651246,467.3,3.278688524590164,0.0,43.9,Very High
519730,Vansiya,Desar,22.664588,73.398534,259.0,0.0,2.32,77.99,0.0,0.0,1.16,44.06,0.255,11.25,185.0,Alluvial Loamy Soil,0.35,470.5,0.75,0.98,0.19509032201612825,470.5,2.7777777777777777,0.0,2.32,Very High
519722,Vaghanu Muvadu,Desar,22.657829,73.337583,198.0,0.0,64.97,33.5,0.0,0.0,1.52,75.76,0.685,11.25,185.0,Alluvial Loamy Soil,0.299,473.8,0.9,0.98,0.19509032201612825,473.8,3.236245954692557,0.0,64.97,Very High
519721,Gorsan,Desar,22.66062,73.317646,204.0,0.0,23.53,72.06,0.0,0.0,4.41,100.0,0.428,11.25,185.0,Alluvial Loamy Soil,0.296,469.9,0.75,0.98,0.19509032201612825,469.9,3.2679738562091503,0.0,23.53,Very High
519720,Shihora,Desar,22.657088,73.2868,1242.0,0.0,44.57,44.01,0.0,0.4,7.8,91.41,0.534,11.7,190.4,Alluvial Loamy Soil,0.307,464.7,0.9,0.98,0.20278729535651246,464.7,3.1545741324921135,0.4,44.57,Very High
519733,Limdi,Desar,22.654626,73.385685,358.0,0.0,7.82,87.99,0.0,0.0,4.19,67.94,0.334,11.7,190.4,Alluvial Loamy Soil,0.356,472.5,0.75,0.98,0.20278729535651246,472.5,2.73224043715847,0.0,7.82,Very High
519731,Ghanta,Desar,22.65819,73.403154,255.0,0.0,28.24,69.02,0.0,0.0,2.75,43.18,0.461,10.8,179.6,Alluvial Loamy Soil,0.351,470.5,0.9,0.98,0.18738131458572463,470.5,2.770083102493075,0.0,28.24,Very High
519738,Nhara,Savli,22.646613,73.312436,371.0,0.0,39.89,57.41,0.0,0.0,2.7,52.11,0.531,11.7,190.4,Alluvial Loamy Soil,0.296,466.0,0.9,0.98,0.20278729535651246,466.0,3.2679738562091503,0.0,39.89,Very High
519732,Andrakhiya,Desar,22.650172,73.392421,188.0,0.0,9.63,87.17,0.0,0.0,3.21,61.35,0.348,11.7,190.4,Alluvial Loamy Soil,0.35,469.2,0.75,0.98,0.20278729535651246,469.2,2.7777777777777777,0.0,9.63,Very High
519737,Gutardi,Savli,22.642703,73.334373,518.0,0.0,23.7,67.82,0.0,0.0,6.74,45.74,0.417,11.25,185.0,Alluvial Loamy Soil,0.293,463.3,0.9,0.98,0.19509032201612825,463.3,3.3003300330033003,0.0,23.7,Very High
519736,Sandhasal,Desar,22.644957,73.351477,798.0,0.0,0.0,79.05,0.0,9.03,4.14,74.6,0.251,12.15,195.8,Alluvial Loamy Soil,0.3,470.5,0.75,0.98,0.21047175982130567,470.5,3.2258064516129035,9.03,0.0,Very High
519735,Vav,Desar,22.641302,73.3653,238.0,0.0,0.0,93.78,0.0,0.0,6.22,40.76,0.281,13.05,206.6,Alluvial Loamy Soil,0.306,475.8,0.75,0.98,0.2258012668691037,475.8,3.1645569620253164,0.0,0.0,Very High
519740,Ajabpura,Savli,22.641095,73.26504,761.0,0.0,48.09,49.41,0.0,0.0,2.5,74.47,0.581,12.15,195.8,Alluvial Loamy Soil,0.306,467.9,0.9,0.98,0.21047175982130567,467.9,3.1645569620253164,0.0,48.09,Very High
519741,Amarapura,Savli,22.630837,73.247017,558.0,0.0,30.47,46.77,0.0,0.0,22.76,45.98,0.415,11.25,185.0,Alluvial Loamy Soil,0.294,472.5,0.9,0.98,0.19509032201612825,472.5,3.2894736842105265,0.0,30.47,Very High
519745,Zumkha,Savli,22.628964,73.320551,254.0,0.0,16.86,80.0,0.0,0.0,3.14,60.29,0.392,12.6,201.2,Alluvial Loamy Soil,0.305,467.9,0.75,0.98,0.21814324139654254,467.9,3.1746031746031744,0.0,16.86,Very High
519746,Dipapura,Savli,22.627892,73.344346,301.0,0.0,12.62,79.73,0.0,0.0,7.64,62.5,0.353,11.7,190.4,Alluvial Loamy Soil,0.295,462.7,0.75,0.98,0.20278729535651246,462.7,3.278688524590164,0.0,12.62,Very High
519751,Vitoj,Savli,22.612199,73.311078,425.0,0.0,7.06,71.76,0.0,19.06,2.12,49.18,0.307,12.15,195.8,Alluvial Loamy Soil,0.303,479.7,0.75,0.98,0.21047175982130567,479.7,3.194888178913738,19.06,7.06,Very High
519742,Kalupura,Savli,22.620001,73.252806,109.0,42.2,19.27,37.61,0.0,0.0,0.92,48.78,0.295,11.7,190.4,Alluvial Loamy Soil,0.296,468.6,0.9,0.98,0.20278729535651246,468.6,3.2679738562091503,42.2,19.27,Very High
519749,Narpura,Savli,22.612873,73.347288,66.0,0.0,0.0,80.3,0.0,0.0,19.7,75.47,0.241,13.95,217.4,Alluvial Loamy Soil,0.301,475.1,0.75,0.98,0.24107506083303862,475.1,3.215434083601286,0.0,0.0,Very High
519752,Samantpura,Savli,22.610941,73.290607,129.0,0.0,27.91,67.44,0.0,0.0,4.65,68.97,0.454,13.05,206.6,Alluvial Loamy Soil,0.303,466.0,0.9,0.98,0.2258012668691037,466.0,3.194888178913738,0.0,27.91,Very High
519757,Rupankui,Savli,22.603019,73.212801,583.0,0.0,34.99,59.52,0.0,0.0,5.49,72.05,0.493,11.25,185.0,Alluvial Loamy Soil,0.284,470.5,0.9,0.98,0.19509032201612825,470.5,3.4013605442176873,0.0,34.99,Very High
519755,Rasawadi,Savli,22.606542,73.250407,163.0,0.0,0.61,82.82,0.0,4.91,11.66,74.07,0.261,11.7,190.4,Alluvial Loamy Soil,0.295,466.0,0.75,0.98,0.20278729535651246,466.0,3.278688524590164,4.91,0.61,Very High
519753,Gangadiyapura,Savli,22.602837,73.281439,92.0,0.0,0.0,89.01,0.0,0.0,10.99,75.31,0.267,11.7,190.4,Alluvial Loamy Soil,0.286,465.3,0.75,0.98,0.20278729535651246,465.3,3.3783783783783785,0.0,0.0,Very High
519760,Dungrapura,Savli,22.599649,73.324299,1168.0,0.0,8.14,68.72,0.0,0.0,23.14,87.28,0.279,12.15,195.8,Alluvial Loamy Soil,0.298,469.2,0.9,0.98,0.21047175982130567,469.2,3.2467532467532467,0.0,8.14,Very High
519758,Kanoda,Savli,22.596876,73.199142,578.0,0.0,32.64,60.45,0.0,0.0,6.91,85.71,0.475,11.25,185.0,Alluvial Loamy Soil,0.29,464.7,0.9,0.98,0.19509032201612825,464.7,3.3333333333333335,0.0,32.64,Very High
519759,Rasulpur,Savli,22.594845,73.232122,399.0,0.0,0.5,87.5,0.0,0.0,12.0,71.14,0.267,10.8,179.6,Alluvial Loamy Soil,0.305,471.8,0.75,0.98,0.18738131458572463,471.8,3.1746031746031744,0.0,0.5,Very High
519763,Vasanpura,Savli,22.584223,73.309628,908.0,0.0,2.39,79.78,2.61,4.78,10.43,86.1,0.284,12.15,195.8,Alluvial Loamy Soil,0.302,465.3,0.75,0.98,0.21047175982130567,465.3,3.2051282051282053,4.78,5.0,Very High
519766,Poicha Kanoda,Savli,22.583638,73.180915,1061.0,0.0,15.25,66.67,0.0,0.28,17.8,84.87,0.338,11.25,185.0,Alluvial Loamy Soil,0.286,470.5,0.9,0.98,0.19509032201612825,470.5,3.3783783783783785,0.28,15.25,Very High
519764,Muval,Savli,22.578348,73.26441,1829.0,0.0,1.26,69.37,0.0,9.9,19.47,100.0,0.234,0.2,52.4,Alluvial Loamy Soil,0.15,387.6,0.9,0.035,0.003490651415223732,387.6,6.25,9.9,1.26,Low
519761,Tulsipura,Savli,22.567101,73.363504,1044.0,0.0,4.21,83.62,0.0,4.89,7.28,60.14,0.296,12.6,201.2,Alluvial Loamy Soil,0.298,466.6,0.75,0.98,0.21814324139654254,466.6,3.2467532467532467,4.89,4.21,Very High
519762,Kamalpura,Savli,22.574665,73.339106,615.0,0.0,1.14,91.06,0.0,5.04,2.76,69.11,0.291,11.7,190.4,Alluvial Loamy Soil,0.298,469.9,0.75,0.98,0.20278729535651246,469.9,3.2467532467532467,5.04,1.14,Very High
519767,Mevaliapura,Savli,22.571804,73.181615,109.0,0.0,0.0,83.33,0.0,11.11,5.56,66.67,0.267,12.15,195.8,Alluvial Loamy Soil,0.289,469.2,0.75,0.98,0.21047175982130567,469.2,3.3444816053511706,11.11,0.0,Very High
519765,Sardarpura,Savli,22.567424,73.196341,92.0,0.0,0.0,90.22,0.0,5.43,4.35,60.24,0.279,12.6,201.2,Alluvial Loamy Soil,0.295,471.8,0.75,0.98,0.21814324139654254,471.8,3.278688524590164,5.43,0.0,Very High
519771,Moti Bhadol,Savli,22.548218,73.316037,906.0,0.0,0.77,90.29,0.0,8.94,0.0,77.14,0.291,11.7,190.4,Alluvial Loamy Soil,0.307,466.0,0.75,0.98,0.20278729535651246,466.0,3.1545741324921135,8.94,0.77,Very High
519770,Charanpura,Savli,22.561883,73.301134,421.0,0.0,0.0,95.48,0.0,2.38,1.9,94.76,0.29,12.6,201.2,Alluvial Loamy Soil,0.297,469.2,0.75,0.98,0.21814324139654254,469.2,3.257328990228013,2.38,0.0,Very High
519769,Javla,Savli,22.552921,73.254503,882.0,0.0,0.23,80.39,0.0,4.76,14.63,14.39,0.25,13.05,206.6,Alluvial Loamy Soil,0.311,471.2,0.75,0.98,0.2258012668691037,471.2,3.115264797507788,4.76,0.23,Very High
519772,Vadiya K,Savli,22.55089,73.339853,572.0,0.0,0.0,76.36,0.0,0.0,23.64,57.34,0.229,12.15,195.8,Alluvial Loamy Soil,0.294,467.9,0.75,0.98,0.21047175982130567,467.9,3.2894736842105265,0.0,0.0,Very High
519784,Gothada,Savli,22.535905,73.224501,2446.0,0.0,0.82,83.07,3.02,6.2,1.46,74.17,0.284,10.8,179.6,Alluvial Loamy Soil,0.285,468.6,0.75,0.98,0.18738131458572463,468.6,3.3898305084745766,6.2,3.84,Very High
519782,Sherpura,Savli,22.546389,73.290402,1013.0,0.0,0.79,94.08,0.0,1.88,3.26,98.64,0.292,12.6,201.2,Alluvial Loamy Soil,0.311,472.5,0.75,0.98,0.21814324139654254,472.5,3.115264797507788,1.88,0.79,Very High
519773,Mal Ankaliya,Savli,22.546901,73.358528,499.0,0.0,0.4,88.6,0.0,5.0,6.0,73.36,0.277,10.8,179.6,Alluvial Loamy Soil,0.299,467.9,0.75,0.98,0.18738131458572463,467.9,3.236245954692557,5.0,0.4,Very High
519774,Kambola,Savli,22.539939,73.389336,631.0,0.0,0.0,89.54,0.0,5.07,5.39,75.22,0.276,10.35,174.2,Alluvial Loamy Soil,0.297,466.0,0.75,0.98,0.17966074859319253,466.0,3.257328990228013,5.07,0.0,Very High
519779,Ranipura Samlaya,Savli,22.52818,73.342841,102.0,0.0,11.76,54.9,0.0,33.33,0.0,53.57,0.321,12.15,195.8,Alluvial Loamy Soil,0.3,467.9,0.9,0.98,0.21047175982130567,467.9,3.2258064516129035,33.33,11.76,Very High
519780,Nani Bhadol,Savli,22.522203,73.317746,951.0,0.0,1.26,72.87,0.0,5.05,20.82,72.15,0.238,11.7,190.4,Alluvial Loamy Soil,0.299,467.3,0.75,0.98,0.20278729535651246,467.3,3.236245954692557,5.05,1.26,Very High
519783,Karachiya,Savli,22.526843,73.263858,656.0,0.0,1.52,65.24,0.0,5.03,24.7,72.43,0.217,12.15,195.8,Alluvial Loamy Soil,0.311,469.2,0.9,0.98,0.21047175982130567,469.2,3.115264797507788,5.03,1.52,Very High
519781,Samlaya,Savli,22.523995,73.290581,1190.0,0.0,0.64,88.5,8.53,0.56,1.77,63.64,0.323,12.15,195.8,Alluvial Loamy Soil,0.306,467.9,0.75,0.98,0.21047175982130567,467.9,3.1645569620253164,0.56,9.17,Very High
519785,Ranchhodpura,Savli,22.532442,73.183961,125.0,0.0,0.0,85.6,0.0,0.0,14.4,100.0,0.257,12.6,201.2,Alluvial Loamy Soil,0.291,471.2,0.75,0.98,0.21814324139654254,471.2,3.3222591362126246,0.0,0.0,Very High
519777,Mudhela,Savli,22.50827,73.397671,626.0,0.0,2.93,69.6,7.72,0.93,18.67,66.96,0.283,12.6,201.2,Alluvial Loamy Soil,0.303,471.8,0.9,0.98,0.21814324139654254,471.8,3.194888178913738,0.93,10.65,Very High
519778,Ghantiyal,Savli,22.517542,73.377275,680.0,0.0,0.15,90.71,0.0,4.57,4.57,78.05,0.28,12.6,201.2,Alluvial Loamy Soil,0.299,471.2,0.75,0.98,0.21814324139654254,471.2,3.236245954692557,4.57,0.15,Very High
519796,Bautha,Savli,22.511578,73.213664,412.0,0.0,6.07,80.58,0.0,5.83,7.52,87.35,0.305,11.25,185.0,Alluvial Loamy Soil,0.29,470.5,0.75,0.98,0.19509032201612825,470.5,3.3333333333333335,5.83,6.07,Very High
519798,Pasva,Savli,22.501273,73.255812,782.0,0.0,2.94,87.72,0.0,5.12,3.2,51.17,0.297,11.25,185.0,Alluvial Loamy Soil,0.311,473.8,0.75,0.98,0.19509032201612825,473.8,3.115264797507788,5.12,2.94,Very High
519799,Mota Motipura,Savli,22.504195,73.273909,453.0,0.0,0.44,91.63,0.0,0.0,7.93,60.1,0.279,11.7,190.4,Alluvial Loamy Soil,0.312,469.9,0.75,0.98,0.20278729535651246,469.9,3.1055900621118013,0.0,0.44,Very High
519802,Lotna,Savli,22.504372,73.36037,530.0,0.0,2.26,89.62,0.0,4.53,3.4,68.35,0.296,12.6,201.2,Alluvial Loamy Soil,0.304,465.3,0.75,0.98,0.21814324139654254,465.3,3.1847133757961785,4.53,2.26,Very High
519801,Gangadiya,Savli,22.505454,73.33713,1409.0,0.0,1.99,86.72,0.0,4.4,6.89,50.12,0.285,13.05,206.6,Alluvial Loamy Soil,0.305,469.9,0.75,0.98,0.2258012668691037,469.9,3.1746031746031744,4.4,1.99,Very High
519800,Pratapnagar,Savli,22.499167,73.293923,662.0,0.0,0.0,86.84,0.0,2.27,7.72,52.26,0.264,12.15,195.8,Alluvial Loamy Soil,0.301,471.2,0.75,0.98,0.21047175982130567,471.2,3.215434083601286,2.27,0.0,Very High
519805,Vadadala,Savli,22.486995,73.319058,559.0,0.0,2.5,60.18,0.36,3.93,33.04,68.25,0.211,11.25,185.0,Alluvial Loamy Soil,0.303,465.3,0.9,0.98,0.19509032201612825,465.3,3.194888178913738,3.93,2.86,Very High
519797,Lasundra,Savli,22.501698,73.232756,497.0,5.84,4.02,80.89,0.0,2.01,0.6,42.39,0.283,11.7,190.4,Alluvial Loamy Soil,0.295,466.0,0.75,0.98,0.20278729535651246,466.0,3.278688524590164,7.85,4.02,Very High
519803,Sadra,Savli,22.501871,73.377151,304.0,0.0,1.32,86.18,0.0,5.59,6.91,75.48,0.279,13.5,212.0,Alluvial Loamy Soil,0.302,470.5,0.75,0.98,0.2334453638559054,470.5,3.2051282051282053,5.59,1.32,Very High
519809,Tundav,Savli,22.482954,73.20198,1431.0,3.42,2.73,84.7,0.0,1.4,7.76,49.92,0.281,11.25,185.0,Alluvial Loamy Soil,0.281,469.2,0.75,0.98,0.19509032201612825,469.2,3.4364261168384878,4.82,2.73,Very High
519804,Adalwada,Savli,22.483591,73.353783,578.0,0.0,1.38,62.13,1.38,4.3,30.81,96.67,0.214,11.25,185.0,Alluvial Loamy Soil,0.311,467.9,0.9,0.98,0.19509032201612825,467.9,3.115264797507788,4.3,2.76,Very High
519807,Subhelav,Savli,22.48513,73.244201,444.0,0.0,2.25,69.37,0.0,4.95,23.42,38.96,0.236,11.25,185.0,Alluvial Loamy Soil,0.31,471.2,0.9,0.98,0.19509032201612825,471.2,3.125,4.95,2.25,Very High
519808,Paldi,Savli,22.480526,73.22466,327.0,0.0,0.92,88.65,0.0,2.76,7.67,36.33,0.278,12.15,195.8,Alluvial Loamy Soil,0.294,467.3,0.75,0.98,0.21047175982130567,467.3,3.2894736842105265,2.76,0.92,Very High
519822,Dhanora,Savli,22.46833,73.335342,281.0,0.0,12.15,74.31,5.56,4.86,3.12,83.18,0.373,11.7,190.4,Alluvial Loamy Soil,0.309,468.6,0.75,0.98,0.20278729535651246,468.6,3.134796238244514,4.86,17.71,Very High
519806,Chandranagar,Savli,22.474179,73.25903,517.0,0.0,5.61,72.15,0.0,0.0,22.24,53.62,0.267,12.15,195.8,Alluvial Loamy Soil,0.303,468.6,0.75,0.98,0.21047175982130567,468.6,3.194888178913738,0.0,5.61,Very High
519814,Lamdapura,Savli,22.468742,73.226131,324.0,0.0,0.0,87.04,0.0,5.25,7.72,46.1,0.269,11.7,190.4,Alluvial Loamy Soil,0.284,465.3,0.75,0.98,0.20278729535651246,465.3,3.4013605442176873,5.25,0.0,Very High
519813,Manjusar,Savli,22.443886,73.19595,1405.0,0.0,4.91,58.08,0.0,0.64,36.37,87.75,0.219,11.25,185.0,Alluvial Loamy Soil,0.293,477.7,0.9,0.98,0.19509032201612825,477.7,3.3003300330033003,0.64,4.91,Very High
519816,Alindra,Savli,22.453463,73.236236,842.0,0.0,0.37,94.49,0.0,1.35,3.79,44.04,0.289,12.15,195.8,Alluvial Loamy Soil,0.292,469.2,0.75,0.98,0.21047175982130567,469.2,3.3112582781456954,1.35,0.37,Very High
519819,Khokhar,Savli,22.458132,73.261182,345.0,0.0,2.02,73.7,0.0,12.43,11.85,34.51,0.258,13.05,206.6,Alluvial Loamy Soil,0.309,471.2,0.75,0.98,0.2258012668691037,471.2,3.134796238244514,12.43,2.02,Very High
519812,Kunpad,Savli,22.456832,73.177151,525.0,0.0,1.33,90.29,0.0,4.38,4.0,42.19,0.289,12.6,201.2,Alluvial Loamy Soil,0.296,482.9,0.75,0.98,0.21814324139654254,482.9,3.2679738562091503,4.38,1.33,Very High
519823,Haripura,Savli,22.455581,73.339935,660.0,0.0,3.23,65.81,22.07,3.77,5.11,51.12,0.365,11.25,185.0,Alluvial Loamy Soil,0.303,469.2,0.9,0.98,0.19509032201612825,469.2,3.194888178913738,3.77,25.3,Very High
519821,Garadhiya,Savli,22.452432,73.313987,493.0,0.0,2.23,80.32,0.0,8.92,7.1,66.33,0.274,12.15,195.8,Alluvial Loamy Soil,0.3,473.1,0.75,0.98,0.21047175982130567,473.1,3.2258064516129035,8.92,2.23,Very High
519815,Zumkal,Savli,22.450561,73.219561,222.0,0.0,0.9,91.44,0.0,4.95,2.7,34.48,0.29,11.7,190.4,Alluvial Loamy Soil,0.29,467.9,0.75,0.98,0.20278729535651246,467.9,3.3333333333333335,4.95,0.9,Very High
519723,Raipura Chhatrapura,Desar,22.665258,73.347779,486.0,0.0,8.85,84.16,0.0,2.67,4.32,88.02,0.336,11.7,190.4,Alluvial Loamy Soil,0.296,467.9,0.75,0.98,0.20278729535651246,467.9,3.2679738562091503,2.67,8.85,Very High
519739,Gulabpura Shihora,Savli,22.632917,73.293216,238.0,0.0,57.38,42.62,0.0,0.0,0.0,69.31,0.644,11.7,190.4,Alluvial Loamy Soil,0.297,469.2,0.9,0.98,0.20278729535651246,469.2,3.257328990228013,0.0,57.38,Very High
519744,Gokalpura Ganeshpura,Savli,22.617289,73.293158,360.0,0.0,35.0,60.28,0.0,0.0,4.72,87.56,0.496,12.15,195.8,Alluvial Loamy Soil,0.301,469.2,0.9,0.98,0.21047175982130567,469.2,3.215434083601286,0.0,35.0,Very High
519743,Parthampura Shihora,Savli,22.614948,73.270947,825.0,0.0,6.55,78.42,0.0,7.39,1.94,26.12,0.305,12.6,201.2,Alluvial Loamy Soil,0.293,466.0,0.75,0.98,0.21814324139654254,466.0,3.3003300330033003,7.39,6.55,Very High
519754,Dungripura Shihora,Savli,22.603431,73.264854,173.0,0.0,30.64,65.9,0.0,0.0,3.47,87.72,0.473,11.7,190.4,Alluvial Loamy Soil,0.294,467.9,0.9,0.98,0.20278729535651246,467.9,3.2894736842105265,0.0,30.64,Very High
519820,Vemar,Savli,22.469814,73.281217,837.0,0.0,3.7,84.11,0.0,7.89,4.3,4.69,0.297,12.6,201.2,Alluvial Loamy Soil,0.305,468.6,0.75,0.98,0.21814324139654254,468.6,3.1746031746031744,7.89,3.7,Very High
519928,Bodidra,Vaghodia,22.478356,73.379884,583.0,0.0,1.03,79.38,0.0,5.15,14.43,45.45,0.255,11.7,190.4,Alluvial Loamy Soil,0.293,469.2,0.75,0.98,0.20278729535651246,469.2,3.3003300330033003,5.15,1.03,Very High
519934,Paldi,Vaghodia,22.455265,73.359683,573.0,0.0,2.3,49.67,11.84,7.89,28.29,59.6,0.253,10.8,179.6,Alluvial Loamy Soil,0.303,471.2,0.9,0.98,0.18738131458572463,471.2,3.194888178913738,7.89,14.14,Very High
519933,Asoj,Vaghodia,22.458691,73.390985,638.0,0.0,3.3,74.66,8.7,4.8,8.55,62.25,0.313,0.2,52.4,Alluvial Loamy Soil,0.15,387.6,0.75,0.039,0.003490651415223732,387.6,6.25,4.8,12.0,Low
253247,Savli,Savli,22.568753,73.224165,0.0,0.0,2.8899999999999997,83.32,0.0,4.495,3.5549999999999997,69.87,0.0,0.2,52.4,Alluvial Loamy Soil,0.15,387.6,0.9,0.02,0.003490651415223732,387.6,6.25,4.495,2.8899999999999997,Low
519688,Udalpur,Desar,22.802194,73.396022,391.0,0.0,5.38,70.51,0.0,4.1,20.0,58.91,0.266,11.25,185.0,Alluvial Loamy Soil,0.347,467.9,0.75,0.98,0.19509032201612825,467.9,2.801120448179272,4.1,5.38,Very High
519691,Jambu Goral,Desar,22.775084,73.333488,1414.0,0.0,16.47,78.8,0.0,1.2,3.53,80.72,0.386,11.25,185.0,Alluvial Loamy Soil,0.332,467.3,0.75,0.98,0.19509032201612825,467.3,2.923976608187134,1.2,16.47,Very High
519692,Varsada,Desar,22.762475,73.300533,2098.0,0.0,8.67,84.7,0.0,3.53,3.1,49.97,0.337,11.7,190.4,Alluvial Loamy Soil,0.31,471.8,0.75,0.98,0.20278729535651246,471.8,3.125,3.53,8.67,Very High
519701,Vejpur,Desar,22.742463,73.36421,2792.0,0.0,0.11,88.36,0.0,4.69,6.84,89.21,0.273,12.6,201.2,Alluvial Loamy Soil,0.331,465.3,0.75,0.98,0.21814324139654254,465.3,2.9325513196480935,4.69,0.11,Very High
519693,Waghpura,Desar,22.760329,73.26441,86.0,0.0,41.38,55.17,0.0,2.3,1.15,47.92,0.541,10.8,179.6,Alluvial Loamy Soil,0.298,467.3,0.9,0.98,0.18738131458572463,467.3,3.2467532467532467,2.3,41.38,Very High
519694,Tansiya,Desar,22.750929,73.274869,154.0,0.0,3.85,74.62,0.0,17.69,3.85,46.39,0.285,10.35,174.2,Alluvial Loamy Soil,0.295,469.9,0.75,0.98,0.17966074859319253,469.9,3.278688524590164,17.69,3.85,Very High
519699,Desar,Desar,22.724372,73.31478,1710.0,0.0,0.76,81.06,0.23,0.12,17.83,85.58,0.252,11.25,185.0,Alluvial Loamy Soil,0.304,469.9,0.75,0.98,0.19509032201612825,469.9,3.1847133757961785,0.12,0.99,Very High
519695,Himmatpura,Desar,22.742906,73.278312,268.0,0.0,23.51,73.51,0.0,1.49,1.49,59.9,0.434,11.25,185.0,Alluvial Loamy Soil,0.296,466.6,0.75,0.98,0.19509032201612825,466.6,3.2679738562091503,1.49,23.51,Very High
519696,Dungripura I,Desar,22.739024,73.271448,179.0,0.0,24.73,64.52,0.0,0.0,4.3,75.0,0.416,10.8,179.6,Alluvial Loamy Soil,0.309,469.2,0.9,0.98,0.18738131458572463,469.2,3.134796238244514,0.0,24.73,Very High
519700,Valavav,Desar,22.723502,73.331573,492.0,0.0,0.81,83.74,0.0,2.85,12.6,78.88,0.263,12.6,201.2,Alluvial Loamy Soil,0.309,468.6,0.75,0.98,0.21814324139654254,468.6,3.134796238244514,2.85,0.81,Very High
519697,Intvad,Desar,22.7274,73.271766,817.0,0.0,41.86,55.57,0.0,0.0,2.57,44.05,0.543,11.25,185.0,Alluvial Loamy Soil,0.31,462.0,0.9,0.98,0.19509032201612825,462.0,3.125,0.0,41.86,Very High
519702,Jesar Gopari,Desar,22.707522,73.377173,457.0,0.0,5.91,86.43,0.0,3.5,4.16,96.2,0.318,11.7,190.4,Alluvial Loamy Soil,0.336,467.3,0.75,0.98,0.20278729535651246,467.3,2.890173410404624,3.5,5.91,Very High
519704,Kadachhala,Desar,22.70282,73.329977,647.0,0.0,6.29,85.58,1.53,0.92,5.67,73.3,0.324,12.15,195.8,Alluvial Loamy Soil,0.305,467.3,0.75,0.98,0.21047175982130567,467.3,3.1746031746031744,0.92,7.82,Very High
519703,Vaktapura,Desar,22.698117,73.353822,389.0,0.0,38.56,59.38,0.0,0.0,2.06,86.58,0.525,10.8,179.6,Alluvial Loamy Soil,0.306,469.9,0.9,0.98,0.18738131458572463,469.9,3.1645569620253164,0.0,38.56,Very High
519705,Manekla,Desar,22.704202,73.274686,137.0,0.0,17.65,78.68,0.0,0.0,3.68,51.4,0.395,11.25,185.0,Alluvial Loamy Soil,0.305,464.7,0.75,0.98,0.19509032201612825,464.7,3.1746031746031744,0.0,17.65,Very High
519706,Moti Varnoli,Desar,22.692163,73.274425,158.0,0.0,8.86,74.68,0.0,10.13,6.33,84.75,0.319,12.15,195.8,Alluvial Loamy Soil,0.295,467.9,0.75,0.98,0.21047175982130567,467.9,3.278688524590164,10.13,8.86,Very High
519712,Pipalchhat Vanto,Desar,22.694689,73.38464,85.0,0.0,22.35,75.29,0.0,0.0,2.35,53.12,0.427,11.7,190.4,Alluvial Loamy Soil,0.332,472.5,0.75,0.98,0.20278729535651246,472.5,2.923976608187134,0.0,22.35,Very High
519707,Nani Varnoli,Desar,22.691971,73.291851,248.0,0.0,62.1,36.29,0.0,0.0,1.61,55.56,0.668,12.6,201.2,Alluvial Loamy Soil,0.293,461.4,0.9,0.98,0.21814324139654254,461.4,3.3003300330033003,0.0,62.1,Very High
519711,Dolatpura,Desar,22.692905,73.367228,135.0,0.0,14.81,80.74,0.0,0.0,4.44,49.54,0.376,11.7,190.4,Alluvial Loamy Soil,0.332,468.6,0.75,0.98,0.20278729535651246,468.6,2.923976608187134,0.0,14.81,Very High
519713,Rampuri Narpuri,Desar,22.6889,73.381596,80.0,0.0,17.5,80.0,0.0,0.0,2.5,53.12,0.397,11.25,185.0,Alluvial Loamy Soil,0.328,468.6,0.75,0.98,0.19509032201612825,468.6,2.9585798816568047,0.0,17.5,Very High
519708,Chhalier,Desar,22.690042,73.310529,815.0,0.0,11.17,88.22,0.0,0.0,0.61,43.12,0.365,11.7,190.4,Alluvial Loamy Soil,0.29,465.3,0.75,0.98,0.20278729535651246,465.3,3.3333333333333335,0.0,11.17,Very High
519710,Ghemalpura,Desar,22.688546,73.3522,116.0,0.0,8.62,82.76,0.0,0.0,8.62,72.92,0.326,10.8,179.6,Alluvial Loamy Soil,0.306,471.8,0.75,0.98,0.18738131458572463,471.8,3.1645569620253164,0.0,8.62,Very High
519709,Vankaneda,Desar,22.689375,73.342643,223.0,0.0,8.07,83.86,0.0,0.0,8.07,74.87,0.324,11.25,185.0,Alluvial Loamy Soil,0.3,467.3,0.75,0.98,0.19509032201612825,467.3,3.2258064516129035,0.0,8.07,Very High
519718,Rajpur,Desar,22.681284,73.285408,355.0,0.0,53.73,40.68,0.0,0.31,5.28,76.34,0.606,11.25,185.0,Alluvial Loamy Soil,0.301,462.7,0.9,0.98,0.19509032201612825,462.7,3.215434083601286,0.31,53.73,Very High
519726,Pipalchhat,Desar,22.683959,73.394569,115.0,0.0,5.26,91.23,0.0,0.0,3.51,48.08,0.321,12.6,201.2,Alluvial Loamy Soil,0.33,466.0,0.75,0.98,0.21814324139654254,466.0,2.941176470588235,0.0,5.26,Very High
519714,Vadiya Pandu,Desar,22.681779,73.372321,146.0,0.0,42.47,50.0,0.0,0.0,7.53,52.05,0.532,12.15,195.8,Alluvial Loamy Soil,0.294,471.8,0.9,0.98,0.21047175982130567,471.8,3.2894736842105265,0.0,42.47,Very High
519715,Rajupura,Desar,22.678101,73.357688,215.0,0.0,20.83,74.54,0.93,0.0,3.7,49.69,0.417,11.25,185.0,Alluvial Loamy Soil,0.298,480.3,0.75,0.98,0.19509032201612825,480.3,3.2467532467532467,0.0,21.759999999999998,Very High
519716,Limdanu Muvadu,Desar,22.675546,73.343148,100.0,0.0,6.0,90.0,0.0,0.0,4.0,77.78,0.324,11.25,185.0,Alluvial Loamy Soil,0.294,467.9,0.75,0.98,0.19509032201612825,467.9,3.2894736842105265,0.0,6.0,Very High
519725,Pandu,Desar,22.67458,73.381692,239.0,0.0,10.46,71.13,0.0,0.84,17.57,52.94,0.309,11.7,190.4,Alluvial Loamy Soil,0.33,469.9,0.75,0.98,0.20278729535651246,469.9,2.941176470588235,0.84,10.46,Very High
519727,Sanpiya,Desar,22.676801,73.404608,148.0,0.0,1.36,63.27,0.0,0.0,2.04,48.39,0.202,12.6,201.2,Alluvial Loamy Soil,0.338,467.9,0.9,0.98,0.21814324139654254,467.9,2.8735632183908044,0.0,1.36,Very High
519719,Pratappura,Desar,22.67092,73.295452,197.0,0.0,35.03,50.25,0.0,10.66,4.06,100.0,0.482,12.6,201.2,Alluvial Loamy Soil,0.298,466.6,0.9,0.98,0.21814324139654254,466.6,3.2467532467532467,10.66,35.03,Very High
519698,Nani Varnoli Vanto,Desar,22.711908,73.279058,103.0,0.0,5.77,89.42,0.0,0.0,3.85,75.27,0.32,10.35,174.2,Alluvial Loamy Soil,0.305,464.7,0.75,0.98,0.17966074859319253,464.7,3.1746031746031744,0.0,5.77,Very High
519717,Kalyan Patelnu Muvadu,Desar,22.67911,73.317626,211.0,0.94,14.15,83.96,0.0,0.0,0.94,44.94,0.379,11.7,190.4,Alluvial Loamy Soil,0.292,469.9,0.75,0.98,0.20278729535651246,469.9,3.3112582781456954,0.94,14.15,Very High
519776,Singaniya,Savli,22.515372,73.408679,215.0,0.0,3.26,84.65,0.0,5.12,6.98,57.69,0.291,12.15,195.8,Alluvial Loamy Soil,0.309,469.2,0.75,0.98,0.21047175982130567,469.2,3.134796238244514,5.12,3.26,Very High
519775,Khakhariya,Savli,22.541527,73.404569,694.0,0.0,0.58,85.01,0.0,5.19,9.22,79.49,0.268,10.8,179.6,Alluvial Loamy Soil,0.295,465.3,0.75,0.98,0.18738131458572463,465.3,3.278688524590164,5.19,0.58,Very High
519929,Rajpura,Vaghodia,22.49415,73.408481,442.0,0.0,2.52,48.32,13.87,2.52,32.77,86.96,0.255,12.15,195.8,Alluvial Loamy Soil,0.298,469.9,0.9,0.98,0.21047175982130567,469.9,3.2467532467532467,2.52,16.39,Very High
519930,Sarnej,Vaghodia,22.479316,73.412146,635.0,0.0,2.68,66.46,0.0,5.35,18.9,47.39,0.232,13.05,206.6,Alluvial Loamy Soil,0.29,469.9,0.9,0.98,0.2258012668691037,469.9,3.3333333333333335,5.35,2.68,Very High
519932,Hansapura,Vaghodia,22.464653,73.405246,174.0,0.0,8.0,57.14,0.0,4.57,22.29,40.0,0.25,11.25,185.0,Alluvial Loamy Soil,0.299,468.6,0.9,0.98,0.19509032201612825,468.6,3.236245954692557,4.57,8.0,Very High
519931,Khandiwada,Vaghodia,22.45873,73.420955,225.0,0.0,20.89,73.33,0.0,0.0,5.78,60.61,0.408,11.25,185.0,Alluvial Loamy Soil,0.295,469.9,0.75,0.98,0.19509032201612825,469.9,3.278688524590164,0.0,20.89,Very High
519729,Kaslapura,Desar,22.661765,73.412087,287.0,0.0,4.97,84.77,9.27,0.0,0.99,41.02,0.355,12.15,195.8,Alluvial Loamy Soil,0.337,469.2,0.75,0.98,0.21047175982130567,469.2,2.881844380403458,0.0,14.239999999999998,Very High
519689,Tulsigam,Desar,22.772278,73.398801,1399.0,0.0,0.21,88.14,0.0,2.07,9.57,85.9,0.269,13.05,206.6,Alluvial Loamy Soil,0.336,471.2,0.75,0.98,0.2258012668691037,471.2,2.890173410404624,2.07,0.21,Very High
519690,Vachchhesar,Desar,22.764564,73.401582,551.0,0.0,0.18,86.91,0.0,4.55,8.36,64.85,0.269,12.6,201.2,Alluvial Loamy Soil,0.328,466.6,0.75,0.98,0.21814324139654254,466.6,2.9585798816568047,4.55,0.18,Very High
519728,Mokampura,Desar,22.670578,73.41003,142.0,0.0,3.29,81.58,13.16,0.0,1.97,60.48,0.353,12.15,195.8,Alluvial Loamy Soil,0.334,470.5,0.75,0.98,0.21047175982130567,470.5,2.9069767441860463,0.0,16.45,Very High
