village_code,village_name,subdistrict,latitude,longitude,pct_forest,pct_barren_uncultivable,pct_pastures,elevation_m_EXTERNAL_TOFILL,slope_deg_EXTERNAL_TOFILL,aspect_deg_EXTERNAL_TOFILL,geology_lithology_EXTERNAL_TOFILL,soil_type_EXTERNAL_TOFILL,lineament_density_EXTERNAL_TOFILL,geomorphology_class_EXTERNAL_TOFILL,rainfall_annual_mm_EXTERNAL_TOFILL,drainage_density_km_per_km2_EXTERNAL_TOFILL,historical_landslide_present_EXTERNAL_TOFILL,landslide_susceptibility_score_TARGET,slope_radians,landslide_exposure,slope_risk_class,total_population,total_households,sc_st_population_share_pct,population_density_per_ha,geo_area_ha,pct_net_sown,irrigation_coverage_pct,road_connectivity_score,drainage_quality_score,nearest_town_dist_km,slope_x_lineament,slope_x_rain,elevation_x_slope,drainage_x_slope,bare_slope_risk,forest_protection,rain_per_slope
521212,Alampura,Karjan,21.852286,73.21197,0.0,7.69,1.03,100.0,13.5,156.0,Deccan Trap Basalt,Deep Black Cotton Soil,1.18,Alluvial Plain / Valley Fill,1120.0,0.001,0,0.631,0.2356194490192344,631.0,Gentle,639.0,138.0,59.47,3.277,195.0,89.23,100.0,1,1,15.0,15.93,15120.0,1350.0,0.0135,103.81500000000001,0.0,82.3529411764706
521189,Ranapur,Karjan,21.948871,73.255503,0.0,23.14,5.02,102.5,13.95,161.2,Deccan Trap Basalt,Deep Black Cotton Soil,1.22,Alluvial Plain / Valley Fill,1102.0,0.001,0,0.639,0.2434734306532089,639.0,Gentle,1166.0,271.0,26.07,1.887,618.0,69.26,70.09,2,1,20.0,17.019,15372.9,1429.875,0.013949999999999999,322.803,0.0,78.43416370106762
521185,Latipur Timbi,Karjan,21.946091,73.184216,0.0,1.87,0.0,100.0,13.5,156.0,Deccan Trap Basalt,Deep Black Cotton Soil,1.18,Alluvial Plain / Valley Fill,1107.4,0.001,0,0.629,0.2356194490192344,629.0,Gentle,908.0,181.0,12.67,3.948,230.0,90.19,100.0,2,0,20.0,15.93,14949.900000000001,1350.0,0.0135,25.245,0.0,81.4264705882353
521005,Surajghoda,Dabhoi,22.067393,73.538224,0.0,7.69,3.85,95.0,12.6,145.6,Deccan Trap Basalt,Deep Black Cotton Soil,1.11,Alluvial Plain / Valley Fill,1098.4,0.002,0,0.607,0.2199114857512855,607.0,Gentle,77.0,15.0,23.38,0.975,79.0,87.18,55.88,2,0,16.0,13.986,13839.84,1197.0,0.0252,96.894,0.0,86.48818897637797
521135,Kanabha,Karjan,22.0648,73.030688,0.0,1.01,2.63,92.5,12.15,140.4,Deccan Trap Basalt,Deep Black Cotton Soil,1.07,Alluvial Plain / Valley Fill,1071.4,0.0,0,0.592,0.212057504117311,592.0,Gentle,1574.0,316.0,10.42,3.49,451.0,77.37,75.72,2,0,10.0,13.0005,13017.510000000002,1123.875,0.0,12.2715,0.0,87.46122448979592
521141,Karamadi,Karjan,22.050547,73.08421,0.0,5.22,1.09,90.0,11.7,135.2,Quaternary Alluvium,Deep Black Cotton Soil,1.04,Alluvial Plain / Valley Fill,1087.6,0.0,0,0.585,0.2042035224833365,585.0,Gentle,1763.0,413.0,57.01,4.509,391.0,62.39,87.11,2,0,3.0,12.168,12724.919999999998,1053.0,0.0,61.07399999999999,0.0,92.16949152542372
521220,Vaniyad,Sinor,22.028989,73.401592,0.0,0.79,2.22,105.0,14.4,166.4,Deccan Trap Basalt,Deep Black Cotton Soil,1.25,Alluvial Plain / Valley Fill,1098.4,0.0,0,0.648,0.2513274122871834,648.0,Gentle,851.0,184.0,49.0,1.347,632.0,82.12,92.5,2,2,14.0,18.0,15816.960000000001,1512.0,0.0,11.376000000000001,0.0,75.75172413793103
521206,Lilod,Karjan,21.882002,73.226019,0.0,19.57,8.45,100.0,13.5,156.0,Deccan Trap Basalt,Deep Black Cotton Soil,1.18,Alluvial Plain / Valley Fill,1094.8,0.0,0,0.627,0.2356194490192344,627.0,Gentle,1223.0,268.0,28.37,3.16,387.0,57.25,75.95,2,1,18.0,15.93,14779.8,1350.0,0.0,264.195,0.0,80.5
521097,Bhadara,Padra,22.141,73.033592,0.0,4.42,8.57,95.0,11.7,135.2,Quaternary Alluvium,Alluvial Loamy Soil,1.04,Alluvial Plain / Valley Fill,1085.8,0.001,0,0.585,0.2042035224833365,585.0,Gentle,730.0,137.0,9.04,1.896,385.0,85.71,21.21,2,1,13.0,12.168,12703.859999999999,1111.5,0.0117,51.714,0.0,92.01694915254238
519880,Rabhipura,Vadodara Rural,22.168777,73.231734,0.0,10.77,5.64,87.5,12.15,140.4,Deccan Trap Basalt,Alluvial Loamy Soil,1.07,Alluvial Plain / Valley Fill,1076.8,0.001,0,0.593,0.212057504117311,593.0,Gentle,619.0,133.0,9.37,3.174,195.0,81.03,47.47,1,0,22.0,13.0005,13083.119999999999,1063.125,0.012150000000000001,130.8555,0.0,87.90204081632653
519890,Meghakui,Vadodara Rural,22.138633,73.278804,0.0,8.16,0.0,100.0,13.5,156.0,Deccan Trap Basalt,Alluvial Loamy Soil,1.18,Alluvial Plain / Valley Fill,1080.4,0.05,0,0.625,0.2356194490192344,625.0,Gentle,1208.0,266.0,26.9,2.709,446.0,90.21,41.34,2,2,21.0,15.93,14585.400000000001,1350.0,0.675,110.16,0.0,79.44117647058825
519858,Talsat,Vadodara Rural,22.238004,73.1711,0.0,0.44,4.8,105.0,14.4,166.4,Deccan Trap Basalt,Alluvial Loamy Soil,1.25,Alluvial Plain / Valley Fill,1107.4,0.001,0,0.649,0.2513274122871834,649.0,Gentle,1124.0,249.0,7.74,4.887,230.0,76.42,34.29,2,2,12.0,18.0,15946.560000000001,1512.0,0.014400000000000001,6.336,0.0,76.37241379310345
519835,Sisva,Vadodara Rural,22.397016,73.178636,0.0,4.07,1.63,95.0,12.6,145.6,Deccan Trap Basalt,Alluvial Loamy Soil,1.11,Alluvial Plain / Valley Fill,1089.4,0.0,0,0.606,0.2199114857512855,606.0,Gentle,2799.0,533.0,12.04,6.696,418.0,73.98,54.95,2,0,15.0,13.986,13726.44,1197.0,0.0,51.282000000000004,0.0,85.77952755905513
519884,Vadsala,Vadodara Rural,22.157934,73.174287,0.0,0.0,14.54,97.5,13.05,150.8,Deccan Trap Basalt,Alluvial Loamy Soil,1.14,Alluvial Plain / Valley Fill,1085.8,0.001,0,0.615,0.22776546738526,615.0,Gentle,3156.0,758.0,36.72,4.541,695.0,70.61,4.25,1,1,18.0,14.876999999999999,14169.69,1272.375,0.01305,0.0,0.0,82.57034220532319
519876,Hansajipura,Vadodara Rural,22.205196,73.260987,0.0,0.8,4.82,102.5,13.95,161.2,Deccan Trap Basalt,Alluvial Loamy Soil,1.22,Alluvial Plain / Valley Fill,1082.2,0.001,0,0.636,0.2434734306532089,636.0,Gentle,223.0,47.0,17.94,0.878,254.0,88.35,2.27,2,1,15.0,17.019,15096.69,1429.875,0.013949999999999999,11.16,0.0,77.02491103202848
519861,Chikhodara,Vadodara Rural,22.233156,73.236326,0.0,0.0,4.91,92.5,12.15,140.4,Deccan Trap Basalt,Alluvial Loamy Soil,1.07,Alluvial Plain / Valley Fill,1105.6,0.001,0,0.597,0.212057504117311,597.0,Gentle,1747.0,380.0,25.36,2.956,591.0,89.68,23.44,2,2,10.0,13.0005,13433.039999999999,1123.875,0.012150000000000001,0.0,0.0,90.25306122448978
802597,Por Ramangamdi INA,Vadodara Rural,22.142991,73.180844,0.0,2.89,4.495,92.5,12.15,140.4,Deccan Trap Basalt,Alluvial Loamy Soil,1.07,Alluvial Plain / Valley Fill,1100.2,0.001,0,0.596,0.212057504117311,596.0,Gentle,311.0,123.0,,,0.0,,,0,0,0.0,13.0005,13367.43,1123.875,0.012150000000000001,35.1135,0.0,89.81224489795919
519915,Sama OG,Vadodara Rural,22.347302,73.207008,0.0,2.89,4.495,90.0,11.7,135.2,Quaternary Alluvium,Alluvial Loamy Soil,1.04,Alluvial Plain / Valley Fill,1102.0,0.001,0,0.587,0.2042035224833365,587.0,Gentle,0.0,0.0,,,0.0,,,0,0,0.0,12.168,12893.4,1053.0,0.0117,33.813,0.0,93.38983050847459
521151,Dhamanja,Karjan,21.998056,73.080688,0.0,4.48,5.16,90.0,11.7,135.2,Quaternary Alluvium,Deep Black Cotton Soil,1.04,Alluvial Plain / Valley Fill,1084.0,0.001,0,0.584,0.2042035224833365,584.0,Gentle,890.0,175.0,57.3,1.532,581.0,89.85,76.63,2,0,8.0,12.168,12682.8,1053.0,0.0117,52.416000000000004,0.0,91.86440677966102
521152,Lakodara,Karjan,21.995859,73.111902,0.0,2.68,4.97,90.0,12.15,140.4,Deccan Trap Basalt,Deep Black Cotton Soil,1.07,Alluvial Plain / Valley Fill,1091.2,0.001,0,0.595,0.212057504117311,595.0,Gentle,1947.0,389.0,23.88,2.638,738.0,79.11,100.0,3,0,7.0,13.0005,13258.080000000002,1093.5,0.012150000000000001,32.562000000000005,0.0,89.07755102040817
521162,Osalam,Karjan,21.991137,73.145019,0.0,3.92,4.65,102.5,14.4,166.4,Deccan Trap Basalt,Deep Black Cotton Soil,1.25,Alluvial Plain / Valley Fill,1112.8,0.001,0,0.65,0.2513274122871834,650.0,Gentle,1678.0,335.0,46.42,2.054,817.0,90.45,100.0,2,1,12.0,18.0,16024.32,1476.0,0.014400000000000001,56.448,0.0,76.7448275862069
521112,Kotna,Padra,22.0948,72.981493,0.4,5.35,5.21,95.0,12.6,145.6,Deccan Trap Basalt,Alluvial Loamy Soil,1.11,Alluvial Plain / Valley Fill,1098.4,0.0,0,0.606,0.2199114857512855,606.0,Gentle,1214.0,257.0,30.56,1.623,748.0,86.1,55.9,2,1,15.0,13.986,13839.84,1197.0,0.0,67.41,0.03149606299212599,86.48818897637797
521116,Kothwada,Padra,22.110103,73.07992,0.0,4.68,0.0,100.0,13.05,150.8,Deccan Trap Basalt,Alluvial Loamy Soil,1.14,Alluvial Plain / Valley Fill,1105.6,0.001,0,0.618,0.22776546738526,618.0,Gentle,780.0,159.0,16.92,3.319,235.0,80.85,52.63,2,1,10.0,14.876999999999999,14428.08,1305.0,0.01305,61.074,0.0,84.07604562737642
521113,Shahera,Padra,22.100724,73.017333,0.32,4.84,7.1,92.5,12.15,140.4,Deccan Trap Basalt,Alluvial Loamy Soil,1.07,Alluvial Plain / Valley Fill,1080.4,0.001,0,0.593,0.212057504117311,593.0,Gentle,869.0,187.0,19.79,2.803,310.0,81.94,39.37,1,1,17.0,13.0005,13126.86,1123.875,0.012150000000000001,58.806,0.026122448979591838,88.19591836734695
521117,Vasnaref,Padra,22.08068,72.97523,0.0,3.23,5.07,90.0,11.7,135.2,Quaternary Alluvium,Alluvial Loamy Soil,1.04,Alluvial Plain / Valley Fill,1093.0,0.001,0,0.586,0.2042035224833365,586.0,Gentle,407.0,88.0,15.97,0.938,434.0,85.94,71.85,2,1,16.0,12.168,12788.099999999999,1053.0,0.0117,37.791,0.0,92.6271186440678
521119,Sokhdaraghu,Padra,22.064954,72.97663,0.0,0.57,5.11,97.5,13.5,156.0,Deccan Trap Basalt,Alluvial Loamy Soil,1.18,Alluvial Plain / Valley Fill,1087.6,0.001,0,0.626,0.2356194490192344,626.0,Gentle,2015.0,397.0,18.46,5.741,351.0,87.78,16.5,2,1,15.0,15.93,14682.599999999999,1316.25,0.0135,7.694999999999999,0.0,79.97058823529412
519899,Kashipura,Vadodara Rural,22.116365,73.166323,0.0,0.84,1.47,95.0,12.6,145.6,Deccan Trap Basalt,Alluvial Loamy Soil,1.11,Alluvial Plain / Valley Fill,1089.4,0.001,0,0.606,0.2199114857512855,606.0,Gentle,1117.0,241.0,50.49,2.382,469.0,84.63,55.97,2,2,8.0,13.986,13726.44,1197.0,0.0126,10.584,0.0,85.77952755905513
519898,Sarar,Vadodara Rural,22.104863,73.149804,0.0,1.08,0.0,95.0,12.6,145.6,Deccan Trap Basalt,Alluvial Loamy Soil,1.11,Alluvial Plain / Valley Fill,1100.2,0.001,0,0.607,0.2199114857512855,607.0,Gentle,2480.0,518.0,28.59,2.248,1103.0,95.78,46.15,2,2,8.0,13.986,13862.52,1197.0,0.0126,13.608,0.0,86.62992125984253
251215,Karjan,Karjan,22.053736,73.127378,0.0,2.89,4.495,25.0,0.2,0.0,Quaternary Alluvium,Deep Black Cotton Soil,0.12,Alluvial Plain / Valley Fill,850.0,0.0,0,0.286,0.0034906585039886,286.0,Flat,30405.0,6473.0,,,0.0,,,0,0,0.0,0.024,170.0,5.0,0.0,0.5780000000000001,0.0,2833.333333333333
520999,Mandala,Dabhoi,22.082633,73.328643,7.03,1.6,3.78,90.0,11.7,135.2,Quaternary Alluvium,Deep Black Cotton Soil,1.04,Alluvial Plain / Valley Fill,1084.0,0.001,0,0.574,0.2042035224833365,574.0,Gentle,3427.0,794.0,53.02,1.824,1879.0,87.17,45.05,3,2,10.0,12.168,12682.8,1053.0,0.0117,18.72,0.5957627118644069,91.86440677966102
520998,Parikha,Dabhoi,22.082741,73.291885,0.0,8.87,3.01,90.0,0.2,0.0,Quaternary Alluvium,Deep Black Cotton Soil,0.12,Alluvial Plain / Valley Fill,850.0,0.001,0,0.286,0.0034906585039886,286.0,Flat,1131.0,253.0,48.28,1.698,666.0,87.07,56.82,2,2,15.0,0.024,170.0,18.0,0.0002,1.774,0.0,2833.333333333333
520973,Nada,Dabhoi,22.131256,73.375066,7.94,1.82,5.84,90.0,11.7,135.2,Quaternary Alluvium,Deep Black Cotton Soil,1.04,Alluvial Plain / Valley Fill,1091.2,0.05,0,0.573,0.2042035224833365,573.0,Gentle,1826.0,462.0,52.52,1.749,1044.0,83.44,16.63,3,0,5.0,12.168,12767.039999999999,1053.0,0.585,21.294,0.6728813559322034,92.47457627118645
520979,Sejpura,Dabhoi,22.122262,73.298782,2.59,4.31,6.03,92.5,13.5,156.0,Deccan Trap Basalt,Deep Black Cotton Soil,1.18,Alluvial Plain / Valley Fill,1080.4,0.0,0,0.621,0.2356194490192344,621.0,Gentle,421.0,97.0,83.37,1.807,233.0,87.07,100.0,2,0,12.0,15.93,14585.400000000001,1248.75,0.0,58.184999999999995,0.19044117647058822,79.44117647058825
520982,Tharvasa,Dabhoi,22.112532,73.392616,0.0,0.0,5.59,92.5,11.7,135.2,Quaternary Alluvium,Deep Black Cotton Soil,1.04,Alluvial Plain / Valley Fill,1096.6,0.0,0,0.586,0.2042035224833365,586.0,Gentle,731.0,151.0,38.99,2.15,340.0,89.71,98.36,3,0,3.0,12.168,12830.219999999998,1082.25,0.0,0.0,0.0,92.9322033898305
520981,Baripura,Dabhoi,22.112979,73.33336,0.0,3.87,0.0,95.0,12.6,145.6,Deccan Trap Basalt,Deep Black Cotton Soil,1.11,Alluvial Plain / Valley Fill,1087.6,0.001,0,0.605,0.2199114857512855,605.0,Gentle,720.0,168.0,30.83,1.856,388.0,79.9,80.65,2,0,9.0,13.986,13703.759999999998,1197.0,0.0126,48.762,0.0,85.63779527559055
520980,Vakhatpura,Dabhoi,22.115875,73.315005,0.0,0.0,0.0,87.5,11.25,130.0,Quaternary Alluvium,Deep Black Cotton Soil,1.0,Alluvial Plain / Valley Fill,1098.4,0.001,0,0.576,0.196349540849362,576.0,Gentle,180.0,47.0,38.89,0.994,181.0,73.48,75.19,1,0,11.0,11.25,12357.000000000002,984.375,0.01125,0.0,0.0,96.77533039647578
520991,Habipura,Dabhoi,22.106409,73.353946,0.0,8.69,3.07,100.0,11.7,135.2,Quaternary Alluvium,Deep Black Cotton Soil,1.04,Alluvial Plain / Valley Fill,1084.0,0.0,0,0.584,0.2042035224833365,584.0,Gentle,1688.0,373.0,34.95,1.724,979.0,87.93,93.02,3,0,6.0,12.168,12682.8,1170.0,0.0,101.67299999999999,0.0,91.86440677966102
520978,Chhatral,Dabhoi,22.109304,73.290473,0.0,2.19,12.77,92.5,12.15,140.4,Deccan Trap Basalt,Deep Black Cotton Soil,1.07,Alluvial Plain / Valley Fill,1073.2,0.0,0,0.593,0.212057504117311,593.0,Gentle,1170.0,260.0,38.21,2.135,548.0,84.12,81.13,2,2,15.0,13.0005,13039.380000000001,1123.875,0.0,26.6085,0.0,87.60816326530613
520977,Khanpur,Dabhoi,22.11699,73.276368,0.0,19.01,4.93,97.5,13.05,150.8,Deccan Trap Basalt,Deep Black Cotton Soil,1.14,Alluvial Plain / Valley Fill,1082.2,0.0,0,0.614,0.22776546738526,614.0,Gentle,918.0,192.0,35.19,2.155,426.0,76.06,61.73,2,1,19.0,14.876999999999999,14122.710000000001,1272.375,0.0,248.08050000000003,0.0,82.29657794676807
520994,Menpura,Dabhoi,22.106381,73.232355,0.0,0.0,0.0,100.0,13.5,156.0,Deccan Trap Basalt,Deep Black Cotton Soil,1.18,Alluvial Plain / Valley Fill,1116.4,0.001,0,0.63,0.2356194490192344,630.0,Gentle,1048.0,241.0,57.25,2.345,447.0,84.56,79.37,2,2,22.0,15.93,15071.400000000001,1350.0,0.0135,0.0,0.0,82.08823529411765
520993,Kunvarpura,Dabhoi,22.102555,73.268697,0.0,2.77,0.0,92.5,12.6,145.6,Deccan Trap Basalt,Deep Black Cotton Soil,1.11,Alluvial Plain / Valley Fill,1091.2,0.001,0,0.606,0.2199114857512855,606.0,Gentle,482.0,109.0,16.8,1.668,289.0,92.04,75.19,0,1,20.0,13.986,13749.12,1165.5,0.0126,34.902,0.0,85.92125984251969
521128,Bamangam,Karjan,22.103873,73.192831,0.0,3.98,0.0,92.5,12.15,140.4,Deccan Trap Basalt,Deep Black Cotton Soil,1.07,Alluvial Plain / Valley Fill,1114.6,0.0,0,0.598,0.212057504117311,598.0,Gentle,1884.0,418.0,21.76,2.599,725.0,45.38,100.0,3,1,9.0,13.0005,13542.39,1123.875,0.0,48.357,0.0,90.98775510204081
519905,Samsabad,Vadodara Rural,22.120986,73.265597,0.0,2.32,2.14,97.5,13.05,150.8,Deccan Trap Basalt,Alluvial Loamy Soil,1.14,Alluvial Plain / Valley Fill,1085.8,0.0,0,0.615,0.22776546738526,615.0,Gentle,801.0,180.0,39.08,1.298,617.0,92.86,28.85,2,1,21.0,14.876999999999999,14169.69,1272.375,0.0,30.276,0.0,82.57034220532319
520987,Navi Mangrol,Dabhoi,22.095945,73.471121,0.0,0.0,7.63,85.0,10.8,124.8,Quaternary Alluvium,Deep Black Cotton Soil,0.96,Alluvial Plain / Valley Fill,1084.0,0.001,0,0.563,0.1884955592153876,563.0,Gentle,394.0,94.0,52.79,1.677,235.0,80.08,100.0,2,0,8.0,10.368,11707.2,918.0000000000001,0.0108,0.0,0.0,99.44954128440367
521020,Manpur,Dabhoi,22.05,73.448552,0.0,11.83,11.83,87.5,11.25,130.0,Quaternary Alluvium,Deep Black Cotton Soil,1.0,Alluvial Plain / Valley Fill,1112.8,0.0,0,0.578,0.196349540849362,578.0,Gentle,371.0,92.0,30.19,1.995,186.0,76.34,100.0,2,0,14.0,11.25,12519.0,984.375,0.0,133.0875,0.0,98.04405286343612
521023,Akoti,Dabhoi,22.041523,73.490974,5.79,8.18,5.19,97.5,13.05,150.8,Deccan Trap Basalt,Deep Black Cotton Soil,1.14,Alluvial Plain / Valley Fill,1084.0,0.002,0,0.606,0.22776546738526,606.0,Gentle,1091.0,225.0,34.1,2.178,501.0,80.64,100.0,3,0,10.0,14.876999999999999,14146.2,1272.375,0.0261,106.749,0.4403041825095057,82.43346007604562
521001,Sitpur,Dabhoi,22.08057,73.471272,0.0,0.0,25.56,90.0,11.7,135.2,Quaternary Alluvium,Deep Black Cotton Soil,1.04,Alluvial Plain / Valley Fill,1103.8,0.001,0,0.587,0.2042035224833365,587.0,Gentle,1813.0,415.0,47.05,1.923,943.0,74.44,43.02,3,0,8.0,12.168,12914.46,1053.0,0.0117,0.0,0.0,93.54237288135593
520989,Gamdi Kanayada,Dabhoi,22.095686,73.413239,0.0,9.95,0.69,92.5,12.15,140.4,Deccan Trap Basalt,Deep Black Cotton Soil,1.07,Alluvial Plain / Valley Fill,1098.4,0.001,0,0.596,0.212057504117311,596.0,Gentle,981.0,201.0,25.69,2.266,433.0,84.49,72.6,2,0,5.0,13.0005,13345.560000000001,1123.875,0.012150000000000001,120.8925,0.0,89.66530612244898
521003,Dharmapura,Dabhoi,22.085604,73.534557,2.17,2.9,7.97,90.0,11.7,135.2,Quaternary Alluvium,Deep Black Cotton Soil,1.04,Alluvial Plain / Valley Fill,1087.6,0.001,0,0.582,0.2042035224833365,582.0,Gentle,338.0,79.0,18.93,2.449,138.0,86.96,83.33,3,0,17.0,12.168,12724.919999999998,1053.0,0.0117,33.93,0.18389830508474578,92.16949152542372
521012,Vadaj,Dabhoi,22.075049,73.438367,0.0,10.97,1.15,97.5,13.05,150.8,Deccan Trap Basalt,Deep Black Cotton Soil,1.14,Alluvial Plain / Valley Fill,1102.0,0.0,0,0.617,0.22776546738526,617.0,Gentle,2266.0,493.0,64.34,1.634,1387.0,87.88,98.52,2,2,7.0,14.876999999999999,14381.1,1272.375,0.0,143.1585,0.0,83.80228136882128
521002,Bhilodiya,Dabhoi,22.079777,73.507412,0.0,13.62,0.0,92.5,12.15,140.4,Deccan Trap Basalt,Deep Black Cotton Soil,1.07,Alluvial Plain / Valley Fill,1096.6,0.003,0,0.596,0.212057504117311,596.0,Gentle,1251.0,321.0,28.54,2.005,624.0,86.38,92.76,3,0,15.0,13.0005,13323.689999999999,1123.875,0.03645,165.483,0.0,89.51836734693877
521000,Kanayada,Dabhoi,22.076657,73.405223,0.0,2.92,5.57,100.0,13.5,156.0,Deccan Trap Basalt,Deep Black Cotton Soil,1.18,Alluvial Plain / Valley Fill,1111.0,0.001,0,0.629,0.2356194490192344,629.0,Gentle,1421.0,266.0,31.53,3.769,377.0,85.41,53.42,2,0,5.0,15.93,14998.5,1350.0,0.0135,39.42,0.0,81.69117647058823
521010,Chanwada,Dabhoi,22.064168,73.468113,0.0,0.0,21.28,92.5,11.7,135.2,Quaternary Alluvium,Deep Black Cotton Soil,1.04,Alluvial Plain / Valley Fill,1100.2,0.001,0,0.587,0.2042035224833365,587.0,Gentle,1686.0,361.0,30.66,3.587,470.0,76.6,83.33,3,0,11.0,12.168,12872.34,1082.25,0.0117,0.0,0.0,93.23728813559323
521004,Para,Dabhoi,22.072918,73.531128,0.56,2.26,6.21,90.0,11.7,135.2,Quaternary Alluvium,Deep Black Cotton Soil,1.04,Alluvial Plain / Valley Fill,1091.2,0.002,0,0.585,0.2042035224833365,585.0,Gentle,211.0,53.0,54.5,1.192,177.0,90.96,62.11,2,0,16.0,12.168,12767.039999999999,1053.0,0.0234,26.441999999999997,0.047457627118644076,92.47457627118645
521006,Asgol,Dabhoi,22.064052,73.533433,0.0,4.69,5.16,90.0,10.8,124.8,Quaternary Alluvium,Deep Black Cotton Soil,0.96,Alluvial Plain / Valley Fill,1085.8,0.002,0,0.563,0.1884955592153876,563.0,Gentle,352.0,84.0,17.05,1.66,212.0,89.2,94.74,2,0,17.0,10.368,11726.64,972.0000000000001,0.0216,50.65200000000001,0.0,99.61467889908256
521007,Araniya,Dabhoi,22.058945,73.527337,1.42,4.72,6.13,87.5,11.25,130.0,Quaternary Alluvium,Deep Black Cotton Soil,1.0,Alluvial Plain / Valley Fill,1084.0,0.002,0,0.571,0.196349540849362,571.0,Gentle,417.0,98.0,34.29,1.976,211.0,87.74,46.24,2,0,15.0,11.25,12195.0,984.375,0.0225,53.099999999999994,0.1251101321585903,95.50660792951543
521013,Ten Talav,Dabhoi,22.049604,73.413979,2.28,6.99,8.49,105.0,14.85,171.6,Deccan Trap Basalt,Deep Black Cotton Soil,1.29,Alluvial Plain / Valley Fill,1109.2,0.0,0,0.657,0.2591813939211579,657.0,Gentle,3013.0,658.0,47.93,2.151,1401.0,82.24,100.0,2,2,12.0,19.1565,16471.62,1559.25,0.0,103.8015,0.15250836120401337,74.19397993311037
521009,Asodara,Dabhoi,22.048387,73.5033,0.0,19.1,0.3,90.0,11.7,135.2,Quaternary Alluvium,Deep Black Cotton Soil,1.04,Alluvial Plain / Valley Fill,1084.0,0.003,0,0.584,0.2042035224833365,584.0,Gentle,746.0,158.0,90.62,1.122,665.0,80.45,93.46,2,2,15.0,12.168,12682.8,1053.0,0.0351,223.47,0.0,91.86440677966102
521008,Nagdol,Dabhoi,22.053618,73.516519,0.0,11.03,1.78,87.5,11.25,130.0,Quaternary Alluvium,Deep Black Cotton Soil,1.0,Alluvial Plain / Valley Fill,1085.8,0.002,0,0.574,0.196349540849362,574.0,Gentle,557.0,132.0,64.63,1.982,281.0,84.7,84.03,2,0,17.0,11.25,12215.25,984.375,0.0225,124.08749999999999,0.0,95.66519823788546
521011,Ordi,Dabhoi,22.050937,73.459476,0.0,15.91,3.79,85.0,10.8,124.8,Quaternary Alluvium,Deep Black Cotton Soil,0.96,Alluvial Plain / Valley Fill,1091.2,0.001,0,0.564,0.1884955592153876,564.0,Gentle,742.0,145.0,29.78,2.821,263.0,79.55,66.67,2,0,13.0,10.368,11784.960000000001,918.0000000000001,0.0108,171.828,0.0,100.11009174311927
521022,Paragam,Dabhoi,22.040225,73.47484,0.0,0.0,4.48,82.5,10.35,119.6,Quaternary Alluvium,Deep Black Cotton Soil,0.93,Alluvial Plain / Valley Fill,1096.6,0.001,0,0.555,0.1806415775814131,555.0,Gentle,582.0,126.0,31.96,2.61,223.0,75.34,100.0,2,0,10.0,9.6255,11349.81,853.875,0.01035,0.0,0.0,104.9377990430622
521021,Rajpura,Dabhoi,22.034954,73.452827,0.0,10.54,3.4,90.0,10.8,124.8,Quaternary Alluvium,Deep Black Cotton Soil,0.96,Alluvial Plain / Valley Fill,1109.2,0.001,0,0.566,0.1884955592153876,566.0,Gentle,759.0,165.0,38.21,2.59,293.0,85.37,100.0,2,1,17.0,10.368,11979.36,972.0000000000001,0.0108,113.832,0.0,101.76146788990826
521026,Gumanpura,Dabhoi,22.027967,73.466711,0.0,22.55,6.86,90.0,11.7,135.2,Quaternary Alluvium,Deep Black Cotton Soil,1.04,Alluvial Plain / Valley Fill,1075.0,0.001,0,0.583,0.2042035224833365,583.0,Gentle,365.0,75.0,15.62,1.789,204.0,70.59,100.0,1,0,14.0,12.168,12577.5,1053.0,0.0117,263.835,0.0,91.10169491525424
521025,Bhumasiya,Dabhoi,22.029212,73.484929,0.0,0.0,88.79,92.5,12.15,140.4,Deccan Trap Basalt,Deep Black Cotton Soil,1.07,Alluvial Plain / Valley Fill,1087.6,0.001,0,0.595,0.212057504117311,595.0,Gentle,427.0,88.0,59.72,3.991,107.0,11.21,100.0,2,0,15.0,13.0005,13214.34,1123.875,0.012150000000000001,0.0,0.0,88.78367346938775
521024,Sompura,Dabhoi,22.025399,73.498561,2.35,2.82,3.29,97.5,12.15,140.4,Deccan Trap Basalt,Deep Black Cotton Soil,1.07,Alluvial Plain / Valley Fill,1076.8,0.0,0,0.59,0.212057504117311,590.0,Gentle,581.0,131.0,26.16,2.728,213.0,90.14,100.0,2,0,12.0,13.0005,13083.119999999999,1184.625,0.0,34.263,0.19183673469387755,87.90204081632653
521030,Jesangpura,Dabhoi,22.019937,73.480743,11.78,0.0,46.46,92.5,12.15,140.4,Deccan Trap Basalt,Deep Black Cotton Soil,1.07,Alluvial Plain / Valley Fill,1082.2,0.0,0,0.576,0.212057504117311,576.0,Gentle,102.0,24.0,100.0,0.343,297.0,41.41,100.0,2,0,12.0,13.0005,13148.730000000001,1123.875,0.0,0.0,0.9616326530612245,88.34285714285714
521027,Sanor,Dabhoi,22.01772,73.454152,0.0,12.09,0.78,110.0,15.3,176.8,Deccan Trap Basalt,Deep Black Cotton Soil,1.32,Structural/Denudational Hill,1098.4,0.001,0,0.668,0.2670353755551324,668.0,Moderate,1258.0,296.0,39.9,1.972,638.0,87.13,100.0,2,0,23.0,20.196,16805.52,1683.0,0.015300000000000001,184.977,0.0,71.32467532467533
521031,Bhalodra,Dabhoi,22.010556,73.493043,0.0,28.39,0.0,97.5,13.05,150.8,Deccan Trap Basalt,Deep Black Cotton Soil,1.14,Alluvial Plain / Valley Fill,1073.2,0.0,0,0.613,0.22776546738526,613.0,Gentle,657.0,137.0,57.69,1.413,465.0,71.61,100.0,2,0,25.0,14.876999999999999,14005.260000000002,1272.375,0.0,370.4895,0.0,81.61216730038024
521028,Mandva,Dabhoi,22.001965,73.434328,0.0,0.0,0.0,95.0,13.05,150.8,Deccan Trap Basalt,Deep Black Cotton Soil,1.14,Alluvial Plain / Valley Fill,1094.8,0.0,0,0.616,0.22776546738526,616.0,Gentle,2792.0,627.0,29.12,2.405,1161.0,74.53,100.0,3,0,20.0,14.876999999999999,14287.14,1239.75,0.0,0.0,0.0,83.25475285171102
521033,Gamdi,Dabhoi,21.999967,73.472539,0.0,0.0,18.34,90.0,11.7,135.2,Quaternary Alluvium,Deep Black Cotton Soil,1.04,Alluvial Plain / Valley Fill,1084.0,0.001,0,0.584,0.2042035224833365,584.0,Gentle,138.0,29.0,92.03,0.407,339.0,81.66,61.59,2,1,23.0,12.168,12682.8,1053.0,0.0117,0.0,0.0,91.86440677966102
521029,Fulwadi,Dabhoi,22.007016,73.452339,0.0,24.53,21.03,102.5,13.5,156.0,Deccan Trap Basalt,Deep Black Cotton Soil,1.18,Alluvial Plain / Valley Fill,1098.4,0.001,0,0.627,0.2356194490192344,627.0,Gentle,593.0,125.0,61.55,1.382,429.0,50.47,100.0,3,0,20.0,15.93,14828.400000000001,1383.75,0.0135,331.15500000000003,0.0,80.76470588235296
521034,Chandod,Dabhoi,21.991799,73.460127,0.0,69.23,0.0,92.5,12.15,140.4,Deccan Trap Basalt,Deep Black Cotton Soil,1.07,Alluvial Plain / Valley Fill,1085.8,0.001,0,0.594,0.212057504117311,594.0,Gentle,3019.0,742.0,14.87,46.446,65.0,24.62,100.0,3,1,20.0,13.0005,13192.47,1123.875,0.012150000000000001,841.1445000000001,0.0,88.63673469387754
521219,Nana Karala,Sinor,22.018617,73.417563,0.0,1.48,1.85,107.5,14.4,166.4,Deccan Trap Basalt,Deep Black Cotton Soil,1.25,Alluvial Plain / Valley Fill,1096.6,0.05,0,0.648,0.2513274122871834,648.0,Gentle,1173.0,244.0,41.77,2.168,541.0,93.35,79.21,1,2,14.0,18.0,15791.039999999999,1548.0,0.7200000000000001,21.312,0.0,75.62758620689655
521234,Satisana,Sinor,22.001769,73.406543,0.0,1.94,7.6,105.0,14.4,166.4,Deccan Trap Basalt,Deep Black Cotton Soil,1.25,Alluvial Plain / Valley Fill,1098.4,0.0,0,0.648,0.2513274122871834,648.0,Gentle,937.0,208.0,49.63,1.396,671.0,83.61,71.3,3,2,16.0,18.0,15816.960000000001,1512.0,0.0,27.936,0.0,75.75172413793103
521032,Baglipura,Dabhoi,22.003732,73.504446,0.0,4.44,6.67,97.5,12.6,145.6,Deccan Trap Basalt,Deep Black Cotton Soil,1.11,Alluvial Plain / Valley Fill,1078.6,0.0,0,0.604,0.2199114857512855,604.0,Gentle,422.0,82.0,6.16,4.637,91.0,88.89,100.0,2,0,20.0,13.986,13590.359999999999,1228.5,0.0,55.944,0.0,84.92913385826772
520985,Bhimpura Kukad,Dabhoi,22.139255,73.508042,0.0,15.34,5.86,87.5,11.25,130.0,Quaternary Alluvium,Deep Black Cotton Soil,1.0,Alluvial Plain / Valley Fill,1089.4,0.001,0,0.574,0.196349540849362,574.0,Gentle,1347.0,319.0,54.86,2.026,665.0,73.68,81.63,2,0,10.0,11.25,12255.750000000002,984.375,0.01125,172.575,0.0,95.98237885462557
520984,Karnet,Dabhoi,22.114336,73.484308,0.65,7.04,5.22,87.5,11.25,130.0,Quaternary Alluvium,Deep Black Cotton Soil,1.0,Alluvial Plain / Valley Fill,1093.0,0.001,0,0.574,0.196349540849362,574.0,Gentle,2044.0,415.0,74.02,2.668,766.0,75.88,85.91,1,0,8.0,11.25,12296.25,984.375,0.01125,79.2,0.05726872246696035,96.29955947136564
520983,Boriyad,Dabhoi,22.120655,73.460479,1.23,9.2,3.68,95.0,12.15,140.4,Deccan Trap Basalt,Deep Black Cotton Soil,1.07,Alluvial Plain / Valley Fill,1100.2,0.001,0,0.595,0.212057504117311,595.0,Gentle,1024.0,226.0,70.7,3.151,325.0,64.11,52.15,2,2,3.0,13.0005,13367.43,1154.25,0.012150000000000001,111.78,0.10040816326530612,89.81224489795919
520988,Dharmpuri,Dabhoi,22.10525,73.445468,0.0,1.77,4.64,92.5,12.15,140.4,Deccan Trap Basalt,Deep Black Cotton Soil,1.07,Alluvial Plain / Valley Fill,1116.4,0.0,0,0.599,0.212057504117311,599.0,Gentle,1732.0,390.0,57.45,1.912,906.0,83.33,53.11,3,2,4.0,13.0005,13564.260000000002,1123.875,0.0,21.5055,0.0,91.13469387755103
520986,Juni Mangrol,Dabhoi,22.104319,73.475881,0.0,4.5,0.9,90.0,12.15,140.4,Deccan Trap Basalt,Deep Black Cotton Soil,1.07,Alluvial Plain / Valley Fill,1093.0,0.001,0,0.595,0.212057504117311,595.0,Gentle,475.0,102.0,23.79,2.14,222.0,63.51,100.0,2,0,7.0,13.0005,13279.95,1093.5,0.012150000000000001,54.675000000000004,0.0,89.22448979591837
251213,Dabhoi,Dabhoi,22.132821,73.43051,0.0,2.89,4.495,92.5,12.15,140.4,Deccan Trap Basalt,Deep Black Cotton Soil,1.07,Alluvial Plain / Valley Fill,1103.8,0.0,0,0.597,0.212057504117311,597.0,Gentle,51240.0,10259.0,,,0.0,,,0,0,0.0,13.0005,13411.17,1123.875,0.0,35.1135,0.0,90.10612244897959
521017,Kayavarohan,Dabhoi,22.075851,73.250283,1.67,2.98,3.9,95.0,12.6,145.6,Deccan Trap Basalt,Deep Black Cotton Soil,1.11,Alluvial Plain / Valley Fill,1100.2,0.001,0,0.605,0.2199114857512855,605.0,Gentle,8409.0,1899.0,34.37,2.502,3361.0,91.46,100.0,3,1,18.0,13.986,13862.52,1197.0,0.0126,37.548,0.131496062992126,86.62992125984253
520995,Puniyad,Dabhoi,22.100616,73.213227,2.89,1.99,4.88,97.5,13.05,150.8,Deccan Trap Basalt,Deep Black Cotton Soil,1.14,Alluvial Plain / Valley Fill,1112.8,0.001,0,0.614,0.22776546738526,614.0,Gentle,1544.0,322.0,34.72,2.792,553.0,90.24,80.16,2,2,13.0,14.876999999999999,14522.04,1272.375,0.01305,25.9695,0.21977186311787072,84.62357414448668
520992,Kothara,Dabhoi,22.101065,73.306994,0.0,5.85,4.68,92.5,11.7,135.2,Quaternary Alluvium,Deep Black Cotton Soil,1.04,Alluvial Plain / Valley Fill,1080.4,0.001,0,0.584,0.2042035224833365,584.0,Gentle,824.0,185.0,60.44,1.93,427.0,88.99,78.95,2,0,15.0,12.168,12640.68,1082.25,0.0117,68.445,0.0,91.55932203389833
520990,Sathod,Dabhoi,22.088947,73.380113,0.72,2.71,0.0,92.5,12.15,140.4,Deccan Trap Basalt,Deep Black Cotton Soil,1.07,Alluvial Plain / Valley Fill,1089.4,0.001,0,0.594,0.212057504117311,594.0,Gentle,3682.0,788.0,46.44,2.039,1806.0,96.46,91.85,3,0,5.0,13.0005,13236.210000000001,1123.875,0.012150000000000001,32.9265,0.05877551020408163,88.93061224489797
520997,Sultanpura,Dabhoi,22.081722,73.275647,0.0,12.1,4.03,95.0,12.6,145.6,Deccan Trap Basalt,Deep Black Cotton Soil,1.11,Alluvial Plain / Valley Fill,1087.6,0.001,0,0.605,0.2199114857512855,605.0,Gentle,559.0,111.0,48.48,2.254,248.0,83.87,100.0,2,0,18.0,13.986,13703.759999999998,1197.0,0.0126,152.45999999999998,0.0,85.63779527559055
520996,Fofaliya,Dabhoi,22.077858,73.207523,0.0,6.61,4.41,97.5,13.05,150.8,Deccan Trap Basalt,Deep Black Cotton Soil,1.14,Alluvial Plain / Valley Fill,1125.4,0.001,0,0.621,0.22776546738526,621.0,Gentle,985.0,199.0,37.56,2.165,455.0,88.11,62.5,1,2,13.0,14.876999999999999,14686.470000000001,1272.375,0.01305,86.26050000000001,0.0,85.58174904942966
521015,Pisai,Dabhoi,22.065104,73.353468,0.0,7.49,5.29,97.5,12.6,145.6,Deccan Trap Basalt,Deep Black Cotton Soil,1.11,Alluvial Plain / Valley Fill,1102.0,0.0,0,0.607,0.2199114857512855,607.0,Gentle,1396.0,326.0,44.48,2.053,680.0,87.22,100.0,2,1,12.0,13.986,13885.199999999999,1228.5,0.0,94.374,0.0,86.7716535433071
521014,Shirola,Dabhoi,22.056849,73.383541,0.0,0.0,12.66,100.0,13.5,156.0,Deccan Trap Basalt,Deep Black Cotton Soil,1.18,Alluvial Plain / Valley Fill,1118.2,0.0,0,0.63,0.2356194490192344,630.0,Gentle,1599.0,356.0,23.7,2.596,616.0,87.34,100.0,3,2,9.0,15.93,15095.7,1350.0,0.0,0.0,0.0,82.22058823529413
521016,Karmal,Dabhoi,22.058746,73.302368,0.0,7.19,5.23,92.5,12.15,140.4,Deccan Trap Basalt,Deep Black Cotton Soil,1.07,Alluvial Plain / Valley Fill,1111.0,0.0,0,0.598,0.212057504117311,598.0,Gentle,1401.0,333.0,47.39,3.052,459.0,87.58,100.0,2,2,14.0,13.0005,13498.65,1123.875,0.0,87.3585,0.0,90.6938775510204
521018,Lingsthali,Dabhoi,22.042229,73.252039,0.0,7.19,3.25,102.5,13.95,161.2,Deccan Trap Basalt,Deep Black Cotton Soil,1.22,Alluvial Plain / Valley Fill,1107.4,0.0,0,0.639,0.2434734306532089,639.0,Gentle,1935.0,447.0,43.93,2.245,862.0,89.56,90.67,1,1,26.0,17.019,15448.230000000001,1429.875,0.0,100.3005,0.0,78.81850533807831
521019,Bananj,Dabhoi,22.024348,73.233382,0.0,2.63,14.32,97.5,13.05,150.8,Deccan Trap Basalt,Deep Black Cotton Soil,1.14,Alluvial Plain / Valley Fill,1100.2,0.0,0,0.617,0.22776546738526,617.0,Gentle,835.0,197.0,62.87,1.998,418.0,83.05,100.0,2,0,14.0,14.876999999999999,14357.61,1272.375,0.0,34.3215,0.0,83.66539923954373
521143,Dhanora,Karjan,22.081782,73.187754,0.0,0.61,4.55,95.0,12.6,145.6,Deccan Trap Basalt,Deep Black Cotton Soil,1.11,Alluvial Plain / Valley Fill,1116.4,0.001,0,0.609,0.2199114857512855,609.0,Gentle,741.0,162.0,29.28,2.301,322.0,84.55,71.68,2,1,8.0,13.986,14066.640000000001,1197.0,0.0126,7.686,0.0,87.90551181102363
521144,Gandhara,Karjan,22.053571,73.215055,0.0,8.97,4.1,100.0,13.95,161.2,Deccan Trap Basalt,Deep Black Cotton Soil,1.22,Alluvial Plain / Valley Fill,1103.8,0.0,0,0.639,0.2434734306532089,639.0,Gentle,1828.0,413.0,33.04,2.344,780.0,85.64,90.57,3,1,9.0,17.019,15398.009999999998,1395.0,0.0,125.1315,0.0,78.56227758007118
521145,Ganpatpura,Karjan,22.055872,73.196843,0.0,4.01,3.76,102.5,13.95,161.2,Deccan Trap Basalt,Deep Black Cotton Soil,1.22,Alluvial Plain / Valley Fill,1111.0,0.0,0,0.64,0.2434734306532089,640.0,Gentle,1466.0,304.0,50.82,1.837,798.0,89.35,91.16,3,1,7.0,17.019,15498.449999999999,1429.875,0.0,55.939499999999995,0.0,79.07473309608541
521156,Dhavat,Karjan,22.033506,73.18218,0.0,0.94,4.01,100.0,13.5,156.0,Deccan Trap Basalt,Deep Black Cotton Soil,1.18,Alluvial Plain / Valley Fill,1109.2,0.001,0,0.629,0.2356194490192344,629.0,Gentle,2340.0,539.0,47.44,1.84,1272.0,86.56,81.83,3,1,6.0,15.93,14974.2,1350.0,0.0135,12.69,0.0,81.55882352941177
521157,Kurali,Karjan,22.024655,73.212051,0.0,0.34,4.74,102.5,13.95,161.2,Deccan Trap Basalt,Deep Black Cotton Soil,1.22,Alluvial Plain / Valley Fill,1121.8,0.05,0,0.642,0.2434734306532089,642.0,Gentle,1924.0,459.0,59.56,3.255,591.0,90.52,100.0,3,1,10.0,17.019,15649.109999999999,1429.875,0.6975,4.743,0.0,79.84341637010677
521158,Vemar,Karjan,22.001203,73.236051,0.0,2.3,4.5,92.5,12.15,140.4,Deccan Trap Basalt,Deep Black Cotton Soil,1.07,Alluvial Plain / Valley Fill,1093.0,0.001,0,0.595,0.212057504117311,595.0,Gentle,2655.0,570.0,52.32,2.541,1045.0,86.12,100.0,3,1,11.0,13.0005,13279.95,1123.875,0.012150000000000001,27.945,0.0,89.22448979591837
521160,Kasampur,Karjan,22.010784,73.197272,0.0,0.0,4.98,102.5,14.4,166.4,Deccan Trap Basalt,Deep Black Cotton Soil,1.25,Alluvial Plain / Valley Fill,1118.2,0.001,0,0.651,0.2513274122871834,651.0,Gentle,601.0,143.0,56.41,1.247,482.0,85.68,100.0,1,1,12.0,18.0,16102.080000000002,1476.0,0.014400000000000001,0.0,0.0,77.11724137931034
521159,Kothav,Karjan,22.000365,73.216065,0.0,6.92,4.15,107.5,14.85,171.6,Deccan Trap Basalt,Deep Black Cotton Soil,1.29,Alluvial Plain / Valley Fill,1107.4,0.001,0,0.66,0.2591813939211579,660.0,Gentle,998.0,198.0,33.07,1.976,505.0,87.94,100.0,2,1,10.0,19.1565,16444.89,1596.375,0.01485,102.762,0.0,74.07357859531774
521172,Nishaliya,Karjan,21.994476,73.203651,0.0,14.89,4.96,105.0,14.4,166.4,Deccan Trap Basalt,Deep Black Cotton Soil,1.25,Alluvial Plain / Valley Fill,1105.6,0.001,0,0.649,0.2513274122871834,649.0,Gentle,533.0,114.0,51.59,1.89,282.0,80.14,100.0,2,1,12.0,18.0,15920.64,1512.0,0.014400000000000001,214.41600000000003,0.0,76.24827586206897
521171,Choranda,Karjan,21.988212,73.178437,0.0,1.2,4.96,100.0,13.5,156.0,Deccan Trap Basalt,Deep Black Cotton Soil,1.18,Alluvial Plain / Valley Fill,1103.8,0.001,0,0.628,0.2356194490192344,628.0,Gentle,3674.0,731.0,23.84,3.016,1218.0,74.88,93.48,1,1,10.0,15.93,14901.3,1350.0,0.0135,16.2,0.0,81.16176470588235
521217,Sandha,Sinor,22.051567,73.333742,0.0,0.34,5.17,97.5,13.05,150.8,Deccan Trap Basalt,Deep Black Cotton Soil,1.14,Alluvial Plain / Valley Fill,1094.8,0.0,0,0.616,0.22776546738526,616.0,Gentle,714.0,165.0,41.88,2.462,290.0,84.48,78.37,1,2,12.0,14.876999999999999,14287.14,1272.375,0.0,4.437,0.0,83.25475285171102
521218,Damnagar,Sinor,22.048448,73.35436,0.0,0.0,4.88,90.0,11.7,135.2,Quaternary Alluvium,Deep Black Cotton Soil,1.04,Alluvial Plain / Valley Fill,1093.0,0.05,0,0.586,0.2042035224833365,586.0,Gentle,587.0,134.0,42.25,1.784,329.0,87.5,89.86,2,0,12.0,12.168,12788.099999999999,1053.0,0.585,0.0,0.0,92.6271186440678
521216,Garadi,Sinor,22.046886,73.313492,0.0,0.79,5.79,97.5,13.05,150.8,Deccan Trap Basalt,Deep Black Cotton Soil,1.14,Alluvial Plain / Valley Fill,1109.2,0.0,0,0.618,0.22776546738526,618.0,Gentle,1223.0,242.0,12.76,3.227,379.0,87.11,90.94,2,2,10.0,14.876999999999999,14475.060000000001,1272.375,0.0,10.309500000000002,0.0,84.34980988593156
521215,Nana Habipura,Sinor,22.045817,73.288605,0.0,1.66,7.62,92.5,12.15,140.4,Deccan Trap Basalt,Deep Black Cotton Soil,1.07,Alluvial Plain / Valley Fill,1103.8,0.0,0,0.597,0.212057504117311,597.0,Gentle,771.0,171.0,43.06,2.394,322.0,89.4,100.0,2,2,20.0,13.0005,13411.17,1123.875,0.0,20.169,0.0,90.10612244897959
521225,Achisara,Sinor,22.032329,73.319689,0.0,8.06,3.69,100.0,13.5,156.0,Deccan Trap Basalt,Deep Black Cotton Soil,1.18,Alluvial Plain / Valley Fill,1111.0,0.0,0,0.629,0.2356194490192344,629.0,Gentle,937.0,212.0,45.57,1.28,732.0,86.89,81.45,2,2,20.0,15.93,14998.5,1350.0,0.0,108.81,0.0,81.69117647058823
521222,Puniyad,Sinor,22.034808,73.362022,0.0,2.2,4.69,92.5,12.15,140.4,Deccan Trap Basalt,Deep Black Cotton Soil,1.07,Alluvial Plain / Valley Fill,1103.8,0.0,0,0.597,0.212057504117311,597.0,Gentle,1426.0,343.0,45.65,2.088,683.0,82.87,87.46,1,2,13.0,13.0005,13411.17,1123.875,0.0,26.730000000000004,0.0,90.10612244897959
521221,Anandi,Sinor,22.027457,73.377876,0.0,14.78,3.17,97.5,13.5,156.0,Deccan Trap Basalt,Deep Black Cotton Soil,1.18,Alluvial Plain / Valley Fill,1096.6,0.0,0,0.627,0.2356194490192344,627.0,Gentle,1470.0,332.0,42.86,1.939,758.0,81.79,80.0,2,2,12.0,15.93,14804.099999999999,1316.25,0.0,199.53,0.0,80.63235294117646
521223,Bhekhada,Sinor,22.034538,73.340775,0.0,0.0,6.0,105.0,14.4,166.4,Deccan Trap Basalt,Deep Black Cotton Soil,1.25,Alluvial Plain / Valley Fill,1100.2,0.0,0,0.648,0.2513274122871834,648.0,Gentle,572.0,139.0,53.15,2.846,201.0,81.5,89.57,1,2,16.0,18.0,15842.880000000001,1512.0,0.0,0.0,0.0,75.87586206896552
521214,Timbarva,Sinor,22.02638,73.271644,0.0,0.71,4.38,102.5,13.5,156.0,Deccan Trap Basalt,Deep Black Cotton Soil,1.18,Alluvial Plain / Valley Fill,1107.4,0.05,0,0.629,0.2356194490192344,629.0,Gentle,2047.0,504.0,47.19,1.32,1551.0,87.43,73.75,2,2,24.0,15.93,14949.900000000001,1383.75,0.675,9.584999999999999,0.0,81.4264705882353
521224,Chhanbhoi,Sinor,22.018022,73.343451,0.0,3.82,5.15,92.5,12.15,140.4,Deccan Trap Basalt,Deep Black Cotton Soil,1.07,Alluvial Plain / Valley Fill,1112.8,0.0,0,0.598,0.212057504117311,598.0,Gentle,817.0,203.0,62.79,1.559,524.0,78.82,92.01,1,2,16.0,13.0005,13520.52,1123.875,0.0,46.413,0.0,90.84081632653061
521231,Avakhal,Sinor,22.0029,73.3245,0.0,2.31,4.02,92.5,12.15,140.4,Deccan Trap Basalt,Deep Black Cotton Soil,1.07,Alluvial Plain / Valley Fill,1109.2,0.001,0,0.598,0.212057504117311,598.0,Gentle,3162.0,753.0,45.51,2.353,1344.0,83.1,94.18,3,2,19.0,13.0005,13476.78,1123.875,0.012150000000000001,28.0665,0.0,90.54693877551021
521232,Malpur,Sinor,22.006701,73.353646,0.0,1.74,2.6,102.5,13.95,161.2,Deccan Trap Basalt,Deep Black Cotton Soil,1.22,Alluvial Plain / Valley Fill,1116.4,0.0,0,0.641,0.2434734306532089,641.0,Gentle,1179.0,246.0,46.99,2.557,461.0,88.94,79.27,3,2,18.0,17.019,15573.78,1429.875,0.0,24.273,0.0,79.4590747330961
521226,Tarva,Sinor,22.00933,73.267989,0.0,0.57,4.79,102.5,13.95,161.2,Deccan Trap Basalt,Deep Black Cotton Soil,1.22,Alluvial Plain / Valley Fill,1107.4,0.002,0,0.639,0.2434734306532089,639.0,Gentle,808.0,179.0,68.32,1.548,522.0,83.52,100.0,2,2,25.0,17.019,15448.230000000001,1429.875,0.027899999999999998,7.951499999999999,0.0,78.81850533807831
521233,Segva,Sinor,22.006763,73.374721,0.0,0.79,4.33,100.0,13.5,156.0,Deccan Trap Basalt,Deep Black Cotton Soil,1.18,Alluvial Plain / Valley Fill,1111.0,0.0,0,0.629,0.2356194490192344,629.0,Gentle,1414.0,308.0,48.16,3.121,453.0,72.64,86.72,3,2,14.0,15.93,14998.5,1350.0,0.0,10.665000000000001,0.0,81.69117647058823
521230,Sadhli,Sinor,21.990856,73.297683,0.0,0.88,4.15,107.5,14.85,171.6,Deccan Trap Basalt,Deep Black Cotton Soil,1.29,Alluvial Plain / Valley Fill,1111.0,0.001,0,0.66,0.2591813939211579,660.0,Gentle,6269.0,1284.0,23.91,5.533,1133.0,89.4,95.55,3,2,20.0,19.1565,16498.35,1596.375,0.01485,13.068,0.0,74.31438127090301
521108,Sampla,Padra,22.092733,72.917623,0.0,3.1,3.44,92.5,12.15,140.4,Deccan Trap Basalt,Alluvial Loamy Soil,1.07,Alluvial Plain / Valley Fill,1098.4,0.001,0,0.596,0.212057504117311,596.0,Gentle,1449.0,310.0,16.7,1.664,871.0,85.65,46.92,2,1,9.0,13.0005,13345.560000000001,1123.875,0.012150000000000001,37.665,0.0,89.66530612244898
521107,Shanpur,Padra,22.104415,72.950166,0.0,2.12,4.05,92.5,12.15,140.4,Deccan Trap Basalt,Alluvial Loamy Soil,1.07,Alluvial Plain / Valley Fill,1089.4,0.0,0,0.595,0.212057504117311,595.0,Gentle,1367.0,277.0,11.85,2.639,518.0,85.33,11.31,2,1,16.0,13.0005,13236.210000000001,1123.875,0.0,25.758000000000003,0.0,88.93061224489797
521090,Kanzat,Padra,22.108455,72.889902,8.48,1.78,0.0,95.0,12.6,145.6,Deccan Trap Basalt,Alluvial Loamy Soil,1.11,Alluvial Plain / Valley Fill,1093.0,0.001,0,0.593,0.2199114857512855,593.0,Gentle,4659.0,1005.0,6.48,6.373,731.0,87.55,62.5,3,1,10.0,13.986,13771.8,1197.0,0.0126,22.428,0.667716535433071,86.06299212598425
521110,Bhanpur,Padra,22.090872,72.938779,0.0,0.64,4.46,95.0,12.6,145.6,Deccan Trap Basalt,Alluvial Loamy Soil,1.11,Alluvial Plain / Valley Fill,1102.0,0.001,0,0.607,0.2199114857512855,607.0,Gentle,801.0,164.0,2.12,2.543,315.0,89.49,60.85,2,1,14.0,13.986,13885.199999999999,1197.0,0.0126,8.064,0.0,86.7716535433071
521111,Vanchhara,Padra,22.075925,72.949723,0.0,3.61,5.36,95.0,12.6,145.6,Deccan Trap Basalt,Alluvial Loamy Soil,1.11,Alluvial Plain / Valley Fill,1082.2,0.001,0,0.605,0.2199114857512855,605.0,Gentle,1460.0,315.0,34.86,1.7,859.0,84.63,13.76,2,1,18.0,13.986,13635.72,1197.0,0.0126,45.486,0.0,85.21259842519686
521109,Danoli,Padra,22.069706,72.919621,0.0,2.9,4.36,92.5,12.15,140.4,Deccan Trap Basalt,Alluvial Loamy Soil,1.07,Alluvial Plain / Valley Fill,1100.2,0.001,0,0.596,0.212057504117311,596.0,Gentle,1017.0,232.0,9.14,2.11,482.0,82.16,30.38,2,1,12.0,13.0005,13367.43,1123.875,0.012150000000000001,35.235,0.0,89.81224489795919
521118,Nedra,Padra,22.052913,72.928131,0.0,7.28,5.56,95.0,12.6,145.6,Deccan Trap Basalt,Alluvial Loamy Soil,1.11,Alluvial Plain / Valley Fill,1091.2,0.001,0,0.606,0.2199114857512855,606.0,Gentle,1030.0,226.0,39.42,1.876,549.0,87.16,78.02,2,1,18.0,13.986,13749.12,1197.0,0.0126,91.728,0.0,85.92125984251969
521227,Tinglod,Sinor,21.990449,73.25099,0.0,0.43,1.93,97.5,12.15,140.4,Deccan Trap Basalt,Deep Black Cotton Soil,1.07,Alluvial Plain / Valley Fill,1102.0,0.001,0,0.597,0.212057504117311,597.0,Gentle,819.0,194.0,44.2,1.754,467.0,87.15,100.0,3,2,14.0,13.0005,13389.300000000001,1184.625,0.012150000000000001,5.2245,0.0,89.95918367346938
521122,Abhara,Karjan,22.088832,73.023087,0.0,4.55,4.86,102.5,13.95,161.2,Deccan Trap Basalt,Deep Black Cotton Soil,1.22,Alluvial Plain / Valley Fill,1102.0,0.001,0,0.639,0.2434734306532089,639.0,Gentle,1059.0,245.0,61.66,1.629,650.0,85.58,88.65,2,2,10.0,17.019,15372.9,1429.875,0.013949999999999999,63.4725,0.0,78.43416370106762
521142,Kandari,Karjan,22.080348,73.151713,0.0,7.0,5.24,107.5,13.95,161.2,Deccan Trap Basalt,Deep Black Cotton Soil,1.22,Alluvial Plain / Valley Fill,1109.2,0.001,0,0.64,0.2434734306532089,640.0,Gentle,4295.0,973.0,46.87,2.688,1598.0,87.0,100.0,3,1,4.0,17.019,15473.34,1499.625,0.013949999999999999,97.64999999999999,0.0,78.94661921708186
521132,Kurai,Karjan,22.077144,73.102052,0.0,0.0,4.94,102.5,13.5,156.0,Deccan Trap Basalt,Deep Black Cotton Soil,1.18,Alluvial Plain / Valley Fill,1096.6,0.0,0,0.627,0.2356194490192344,627.0,Gentle,1473.0,344.0,60.9,1.796,820.0,77.87,85.57,2,1,3.0,15.93,14804.099999999999,1383.75,0.0,0.0,0.0,80.63235294117646
521134,Handod,Karjan,22.074506,73.054631,0.0,2.36,4.03,92.5,12.15,140.4,Deccan Trap Basalt,Deep Black Cotton Soil,1.07,Alluvial Plain / Valley Fill,1105.6,0.0,0,0.597,0.212057504117311,597.0,Gentle,2095.0,466.0,30.69,2.054,1020.0,87.03,80.14,2,0,6.0,13.0005,13433.039999999999,1123.875,0.0,28.674,0.0,90.25306122448978
521133,Khandha,Karjan,22.070567,73.073476,0.0,2.2,1.74,92.5,12.6,145.6,Deccan Trap Basalt,Deep Black Cotton Soil,1.11,Alluvial Plain / Valley Fill,1093.0,0.0,0,0.606,0.2199114857512855,606.0,Gentle,1362.0,259.0,23.42,1.694,804.0,81.48,71.02,2,0,4.0,13.986,13771.8,1165.5,0.0,27.720000000000002,0.0,86.06299212598425
521136,Chorbhuj,Karjan,22.061192,73.010019,0.0,4.96,5.21,92.5,12.6,145.6,Deccan Trap Basalt,Deep Black Cotton Soil,1.11,Alluvial Plain / Valley Fill,1089.4,0.001,0,0.606,0.2199114857512855,606.0,Gentle,1128.0,254.0,28.99,1.332,847.0,87.89,81.27,2,1,12.0,13.986,13726.44,1165.5,0.0126,62.495999999999995,0.0,85.77952755905513
521123,Sambhoi,Karjan,22.107029,73.03894,0.0,7.63,4.28,100.0,12.6,145.6,Deccan Trap Basalt,Deep Black Cotton Soil,1.11,Alluvial Plain / Valley Fill,1109.2,0.001,0,0.608,0.2199114857512855,608.0,Gentle,1257.0,253.0,32.22,1.765,712.0,71.35,85.93,2,1,12.0,13.986,13975.92,1260.0,0.0126,96.13799999999999,0.0,87.33858267716536
521124,Surwada,Karjan,22.107989,73.055006,0.0,3.23,7.07,92.5,13.05,150.8,Deccan Trap Basalt,Deep Black Cotton Soil,1.14,Alluvial Plain / Valley Fill,1094.8,0.001,0,0.616,0.22776546738526,616.0,Gentle,1382.0,299.0,23.44,2.838,487.0,84.04,73.32,2,1,9.0,14.876999999999999,14287.14,1207.125,0.01305,42.1515,0.0,83.25475285171102
521121,Virjai,Karjan,22.100334,73.001793,0.0,0.0,4.97,92.5,12.15,140.4,Deccan Trap Basalt,Deep Black Cotton Soil,1.07,Alluvial Plain / Valley Fill,1076.8,0.001,0,0.593,0.212057504117311,593.0,Gentle,1738.0,397.0,29.92,1.647,1055.0,83.29,89.15,2,2,11.0,13.0005,13083.119999999999,1123.875,0.012150000000000001,0.0,0.0,87.90204081632653
521126,Pingalwada,Karjan,22.108714,73.097279,0.0,3.07,5.24,92.5,12.15,140.4,Deccan Trap Basalt,Deep Black Cotton Soil,1.07,Alluvial Plain / Valley Fill,1109.2,0.001,0,0.598,0.212057504117311,598.0,Gentle,1508.0,359.0,31.83,1.926,783.0,86.59,78.61,3,1,8.0,13.0005,13476.78,1123.875,0.012150000000000001,37.3005,0.0,90.54693877551021
521127,Harsunda,Karjan,22.10727,73.123008,0.0,3.55,4.73,95.0,12.6,145.6,Deccan Trap Basalt,Deep Black Cotton Soil,1.11,Alluvial Plain / Valley Fill,1116.4,0.001,0,0.609,0.2199114857512855,609.0,Gentle,463.0,105.0,58.53,2.74,169.0,87.57,86.49,2,1,7.0,13.986,14066.640000000001,1197.0,0.0126,44.73,0.0,87.90551181102363
521125,Manpur,Karjan,22.098113,73.075975,0.0,2.28,6.21,95.0,12.6,145.6,Deccan Trap Basalt,Deep Black Cotton Soil,1.11,Alluvial Plain / Valley Fill,1091.2,0.001,0,0.606,0.2199114857512855,606.0,Gentle,1022.0,210.0,41.1,2.094,488.0,85.92,99.28,2,0,8.0,13.986,13749.12,1197.0,0.0126,28.727999999999998,0.0,85.92125984251969
521131,Anastu,Karjan,22.086903,73.114773,0.0,3.7,4.13,102.5,13.95,161.2,Deccan Trap Basalt,Deep Black Cotton Soil,1.22,Alluvial Plain / Valley Fill,1132.6,0.0,0,0.643,0.2434734306532089,643.0,Gentle,1899.0,420.0,44.13,2.208,860.0,69.63,60.79,2,1,4.0,17.019,15799.769999999999,1429.875,0.0,51.615,0.0,80.61209964412811
521129,Manglej,Karjan,22.094203,73.173107,0.0,0.0,5.35,90.0,11.7,135.2,Quaternary Alluvium,Deep Black Cotton Soil,1.04,Alluvial Plain / Valley Fill,1107.4,0.001,0,0.588,0.2042035224833365,588.0,Gentle,1297.0,276.0,45.1,2.362,549.0,75.76,70.59,3,1,8.0,12.168,12956.58,1053.0,0.0117,0.0,0.0,93.84745762711866
521130,Kherda,Karjan,22.092915,73.136272,0.0,2.93,5.23,95.0,12.6,145.6,Deccan Trap Basalt,Deep Black Cotton Soil,1.11,Alluvial Plain / Valley Fill,1098.4,0.001,0,0.607,0.2199114857512855,607.0,Gentle,1211.0,221.0,17.34,2.533,478.0,86.82,83.13,2,1,6.0,13.986,13839.84,1197.0,0.0126,36.918,0.0,86.48818897637797
521137,Umaj,Karjan,22.055899,72.964382,0.0,4.68,8.43,92.5,12.15,140.4,Deccan Trap Basalt,Deep Black Cotton Soil,1.07,Alluvial Plain / Valley Fill,1094.8,0.001,0,0.596,0.212057504117311,596.0,Gentle,1167.0,245.0,34.53,2.185,534.0,83.71,89.93,2,1,16.0,13.0005,13301.82,1123.875,0.012150000000000001,56.861999999999995,0.0,89.37142857142857
521146,Vemardi,Karjan,22.052172,73.172982,0.0,8.06,3.45,105.0,14.4,166.4,Deccan Trap Basalt,Deep Black Cotton Soil,1.25,Alluvial Plain / Valley Fill,1123.6,0.0,0,0.652,0.2513274122871834,652.0,Gentle,1212.0,256.0,51.4,2.344,517.0,86.18,100.0,3,1,6.0,18.0,16179.839999999998,1512.0,0.0,116.06400000000001,0.0,77.48965517241379
521166,Mankan,Karjan,21.932658,73.069718,0.0,3.92,0.78,100.0,13.5,156.0,Deccan Trap Basalt,Deep Black Cotton Soil,1.18,Alluvial Plain / Valley Fill,1087.6,0.001,0,0.626,0.2356194490192344,626.0,Gentle,1792.0,335.0,25.22,4.87,368.0,86.42,90.63,2,1,2.0,15.93,14682.599999999999,1350.0,0.0135,52.92,0.0,79.97058823529412
521184,Sarupur Timbi,Karjan,21.929106,73.150558,0.0,5.34,3.86,102.5,13.95,161.2,Deccan Trap Basalt,Deep Black Cotton Soil,1.22,Alluvial Plain / Valley Fill,1100.2,0.001,0,0.638,0.2434734306532089,638.0,Gentle,768.0,158.0,45.57,2.279,337.0,87.54,67.8,2,1,19.0,17.019,15347.789999999999,1429.875,0.013949999999999999,74.493,0.0,78.30604982206407
521183,Saniyad,Karjan,21.923933,73.173165,0.0,3.86,1.1,95.0,12.6,145.6,Deccan Trap Basalt,Deep Black Cotton Soil,1.11,Alluvial Plain / Valley Fill,1087.6,0.001,0,0.605,0.2199114857512855,605.0,Gentle,1228.0,259.0,60.02,1.785,688.0,82.76,75.0,1,0,7.0,13.986,13703.759999999998,1197.0,0.0126,48.635999999999996,0.0,85.63779527559055
521163,Dethan,Karjan,21.977393,73.104835,0.0,1.08,2.29,95.0,12.15,140.4,Deccan Trap Basalt,Deep Black Cotton Soil,1.07,Alluvial Plain / Valley Fill,1080.4,0.001,0,0.594,0.212057504117311,594.0,Gentle,2225.0,444.0,24.31,2.878,773.0,82.31,100.0,3,1,10.0,13.0005,13126.86,1154.25,0.012150000000000001,13.122000000000002,0.0,88.19591836734695
521164,Valan,Karjan,21.954884,73.075371,0.94,1.76,1.76,95.0,12.15,140.4,Deccan Trap Basalt,Deep Black Cotton Soil,1.07,Alluvial Plain / Valley Fill,1096.6,0.001,0,0.594,0.212057504117311,594.0,Gentle,10182.0,1854.0,15.46,4.353,2339.0,87.67,100.0,3,1,3.0,13.0005,13323.689999999999,1154.25,0.012150000000000001,21.384,0.07673469387755101,89.51836734693877
521169,Atali,Karjan,21.963404,73.147394,0.0,1.82,4.48,97.5,13.05,150.8,Deccan Trap Basalt,Deep Black Cotton Soil,1.14,Alluvial Plain / Valley Fill,1098.4,0.05,0,0.617,0.22776546738526,617.0,Gentle,1222.0,262.0,35.52,1.711,714.0,83.5,80.57,2,1,10.0,14.876999999999999,14334.120000000003,1272.375,0.6525000000000001,23.751,0.0,83.52851711026616
521170,Bachar,Karjan,21.962801,73.17002,0.0,0.44,4.71,100.0,13.05,150.8,Deccan Trap Basalt,Deep Black Cotton Soil,1.14,Alluvial Plain / Valley Fill,1107.4,0.001,0,0.618,0.22776546738526,618.0,Gentle,1253.0,252.0,28.57,2.021,620.0,76.44,80.54,2,1,20.0,14.876999999999999,14451.570000000002,1305.0,0.01305,5.742,0.0,84.212927756654
521168,Kiya,Karjan,21.957047,73.121666,0.0,1.6,3.83,95.0,12.6,145.6,Deccan Trap Basalt,Deep Black Cotton Soil,1.11,Alluvial Plain / Valley Fill,1098.4,0.001,0,0.607,0.2199114857512855,607.0,Gentle,1410.0,273.0,22.91,1.502,939.0,91.37,53.38,2,0,5.0,13.986,13839.84,1197.0,0.0126,20.16,0.0,86.48818897637797
521176,Urad,Karjan,21.941814,73.159467,0.0,9.85,4.81,97.5,13.05,150.8,Deccan Trap Basalt,Deep Black Cotton Soil,1.14,Alluvial Plain / Valley Fill,1105.6,0.001,0,0.618,0.22776546738526,618.0,Gentle,1073.0,226.0,37.65,2.379,451.0,81.62,80.43,2,1,6.0,14.876999999999999,14428.08,1272.375,0.01305,128.5425,0.0,84.07604562737642
521177,Koliyad,Karjan,21.927209,73.131173,0.0,6.61,3.85,97.5,13.05,150.8,Deccan Trap Basalt,Deep Black Cotton Soil,1.14,Alluvial Plain / Valley Fill,1102.0,0.001,0,0.617,0.22776546738526,617.0,Gentle,2612.0,538.0,45.83,2.877,908.0,88.11,75.0,2,1,5.0,14.876999999999999,14381.1,1272.375,0.01305,86.26050000000001,0.0,83.80228136882128
521167,Divi,Karjan,21.933756,73.116397,0.0,11.16,4.88,95.0,12.6,145.6,Deccan Trap Basalt,Deep Black Cotton Soil,1.11,Alluvial Plain / Valley Fill,1098.4,0.001,0,0.607,0.2199114857512855,607.0,Gentle,844.0,162.0,38.51,1.967,429.0,82.56,64.23,2,1,4.0,13.986,13839.84,1197.0,0.0126,140.61599999999999,0.0,86.48818897637797
521165,Mesrad,Karjan,21.930546,73.021135,0.0,0.66,6.42,102.5,13.95,161.2,Deccan Trap Basalt,Deep Black Cotton Soil,1.22,Alluvial Plain / Valley Fill,1109.2,0.0,0,0.64,0.2434734306532089,640.0,Gentle,2174.0,393.0,27.92,2.053,1059.0,90.18,62.83,2,1,3.0,17.019,15473.34,1429.875,0.0,9.207,0.0,78.94661921708186
521178,Sansrod,Karjan,21.912531,73.096947,0.0,0.43,0.43,100.0,13.95,161.2,Deccan Trap Basalt,Deep Black Cotton Soil,1.22,Alluvial Plain / Valley Fill,1078.6,0.001,0,0.635,0.2434734306532089,635.0,Gentle,5649.0,1129.0,26.87,6.068,931.0,89.14,51.77,3,1,6.0,17.019,15046.469999999998,1395.0,0.013949999999999999,5.9985,0.0,76.76868327402136
521182,Sanapura,Karjan,21.90548,73.145016,0.0,0.0,4.35,92.5,12.6,145.6,Deccan Trap Basalt,Deep Black Cotton Soil,1.11,Alluvial Plain / Valley Fill,1089.4,0.001,0,0.606,0.2199114857512855,606.0,Gentle,891.0,207.0,51.96,1.993,447.0,78.88,100.0,2,1,9.0,13.986,13726.44,1165.5,0.0126,0.0,0.0,85.77952755905513
521181,Saring,Karjan,21.890801,73.129828,0.0,2.45,5.86,97.5,13.05,150.8,Deccan Trap Basalt,Deep Black Cotton Soil,1.14,Alluvial Plain / Valley Fill,1102.0,0.001,0,0.617,0.22776546738526,617.0,Gentle,1731.0,385.0,41.19,1.947,889.0,79.77,80.11,2,1,14.0,14.876999999999999,14381.1,1272.375,0.01305,31.972500000000004,0.0,83.80228136882128
521179,Haldarva,Karjan,21.896641,73.077939,0.0,3.14,1.73,100.0,13.5,156.0,Deccan Trap Basalt,Deep Black Cotton Soil,1.18,Alluvial Plain / Valley Fill,1089.4,0.001,0,0.626,0.2356194490192344,626.0,Gentle,2141.0,402.0,41.29,3.393,631.0,92.14,76.79,3,1,2.0,15.93,14706.900000000001,1350.0,0.0135,42.39,0.0,80.1029411764706
521195,Karan,Karjan,21.89618,73.168278,0.0,0.0,5.62,95.0,12.6,145.6,Deccan Trap Basalt,Deep Black Cotton Soil,1.11,Alluvial Plain / Valley Fill,1102.0,0.0,0,0.607,0.2199114857512855,607.0,Gentle,703.0,151.0,39.4,1.538,457.0,71.12,100.0,2,1,11.0,13.986,13885.199999999999,1197.0,0.0,0.0,0.0,86.7716535433071
521180,Mantroj,Karjan,21.889077,73.10036,0.0,6.0,4.4,105.0,14.4,166.4,Deccan Trap Basalt,Deep Black Cotton Soil,1.25,Alluvial Plain / Valley Fill,1087.6,0.001,0,0.646,0.2513274122871834,646.0,Gentle,857.0,190.0,63.83,1.884,455.0,69.6,86.21,1,1,4.0,18.0,15661.439999999999,1512.0,0.014400000000000001,86.4,0.0,75.00689655172413
521196,Pachhiyapura,Karjan,21.894566,73.156396,0.0,2.65,4.86,97.5,13.05,150.8,Deccan Trap Basalt,Deep Black Cotton Soil,1.14,Alluvial Plain / Valley Fill,1091.2,0.001,0,0.616,0.22776546738526,616.0,Gentle,1144.0,254.0,29.11,1.692,676.0,81.15,88.93,2,1,8.0,14.876999999999999,14240.160000000002,1272.375,0.01305,34.5825,0.0,82.9809885931559
521197,Delvada,Karjan,21.877363,73.14759,0.0,16.56,4.46,97.5,13.05,150.8,Deccan Trap Basalt,Deep Black Cotton Soil,1.14,Alluvial Plain / Valley Fill,1102.0,0.0,0,0.617,0.22776546738526,617.0,Gentle,504.0,131.0,27.98,1.775,284.0,47.13,60.81,2,1,5.0,14.876999999999999,14381.1,1272.375,0.0,216.108,0.0,83.80228136882128
521199,Arjanpura,Karjan,21.867865,73.164557,0.0,3.23,19.35,97.5,13.05,150.8,Deccan Trap Basalt,Deep Black Cotton Soil,1.14,Alluvial Plain / Valley Fill,1094.8,0.001,0,0.616,0.22776546738526,616.0,Gentle,368.0,75.0,15.49,3.041,121.0,70.97,68.18,2,0,11.0,14.876999999999999,14287.14,1272.375,0.01305,42.1515,0.0,83.25475285171102
521198,Somaj,Karjan,21.868243,73.149303,0.0,16.77,11.18,95.0,12.6,145.6,Deccan Trap Basalt,Deep Black Cotton Soil,1.11,Alluvial Plain / Valley Fill,1111.0,0.001,0,0.609,0.2199114857512855,609.0,Gentle,230.0,53.0,37.83,1.438,160.0,50.93,74.07,2,1,8.0,13.986,13998.6,1197.0,0.0126,211.302,0.0,87.48031496062993
521192,Samri,Karjan,21.935162,73.197469,0.0,0.0,5.49,97.5,13.05,150.8,Deccan Trap Basalt,Deep Black Cotton Soil,1.14,Alluvial Plain / Valley Fill,1118.2,0.001,0,0.619,0.22776546738526,619.0,Gentle,1436.0,267.0,12.4,5.419,265.0,83.15,88.11,2,1,16.0,14.876999999999999,14592.510000000002,1272.375,0.01305,0.0,0.0,85.0342205323194
521173,Methi,Karjan,21.973103,73.221783,0.0,1.57,4.87,97.5,13.05,150.8,Deccan Trap Basalt,Deep Black Cotton Soil,1.14,Alluvial Plain / Valley Fill,1102.0,0.001,0,0.617,0.22776546738526,617.0,Gentle,1076.0,252.0,40.33,1.871,575.0,86.09,100.0,2,0,14.0,14.876999999999999,14381.1,1272.375,0.01305,20.488500000000002,0.0,83.80228136882128
521174,Chhanchhva,Karjan,21.973599,73.197097,0.0,0.0,5.22,97.5,13.05,150.8,Deccan Trap Basalt,Deep Black Cotton Soil,1.14,Alluvial Plain / Valley Fill,1102.0,0.001,0,0.617,0.22776546738526,617.0,Gentle,727.0,153.0,60.52,1.298,560.0,89.75,100.0,2,1,9.0,14.876999999999999,14381.1,1272.375,0.01305,0.0,0.0,83.80228136882128
521175,Kala,Karjan,21.949247,73.1791,0.0,0.0,4.69,92.5,13.05,150.8,Deccan Trap Basalt,Deep Black Cotton Soil,1.14,Alluvial Plain / Valley Fill,1114.6,0.001,0,0.619,0.22776546738526,619.0,Gentle,1323.0,253.0,15.42,3.5,378.0,80.25,100.0,2,1,20.0,14.876999999999999,14545.529999999999,1207.125,0.01305,0.0,0.0,84.76045627376425
521187,Simli,Karjan,21.952537,73.220691,0.0,1.09,4.9,97.5,13.05,150.8,Deccan Trap Basalt,Deep Black Cotton Soil,1.14,Alluvial Plain / Valley Fill,1102.0,0.002,0,0.617,0.22776546738526,617.0,Gentle,1682.0,363.0,55.95,2.288,735.0,86.12,82.15,2,1,18.0,14.876999999999999,14381.1,1272.375,0.0261,14.224500000000003,0.0,83.80228136882128
521186,Kanthariya,Karjan,21.947104,73.19995,0.0,1.73,4.95,100.0,13.5,156.0,Deccan Trap Basalt,Deep Black Cotton Soil,1.18,Alluvial Plain / Valley Fill,1100.2,0.001,0,0.628,0.2356194490192344,628.0,Gentle,574.0,137.0,45.12,1.421,404.0,86.14,100.0,2,1,20.0,15.93,14852.7,1350.0,0.0135,23.355,0.0,80.89705882352942
521188,Kothiya,Karjan,21.943,73.238991,0.0,15.63,3.61,102.5,13.95,161.2,Deccan Trap Basalt,Deep Black Cotton Soil,1.22,Alluvial Plain / Valley Fill,1111.0,0.001,0,0.64,0.2434734306532089,640.0,Gentle,1072.0,249.0,27.61,2.325,461.0,63.53,88.33,2,0,22.0,17.019,15498.449999999999,1429.875,0.013949999999999999,218.0385,0.0,79.07473309608541
521190,Deroli,Karjan,21.935378,73.221769,0.0,13.3,4.04,107.5,14.85,171.6,Deccan Trap Basalt,Deep Black Cotton Soil,1.29,Alluvial Plain / Valley Fill,1087.6,0.001,0,0.657,0.2591813939211579,657.0,Gentle,581.0,139.0,28.4,1.478,393.0,67.46,70.42,2,0,20.0,19.1565,16150.859999999999,1596.375,0.01485,197.505,0.0,72.74916387959865
521193,Samra,Karjan,21.918272,73.193568,0.0,4.63,4.63,97.5,13.05,150.8,Deccan Trap Basalt,Deep Black Cotton Soil,1.14,Alluvial Plain / Valley Fill,1091.2,0.05,0,0.616,0.22776546738526,616.0,Gentle,936.0,191.0,24.89,1.498,625.0,80.56,91.95,2,0,19.0,14.876999999999999,14240.160000000002,1272.375,0.6525000000000001,60.4215,0.0,82.9809885931559
521191,Fatepur,Karjan,21.918199,73.21762,0.0,25.0,3.12,97.5,13.95,161.2,Deccan Trap Basalt,Deep Black Cotton Soil,1.22,Alluvial Plain / Valley Fill,1091.2,0.001,0,0.637,0.2434734306532089,637.0,Gentle,668.0,146.0,55.39,1.403,476.0,68.96,90.63,2,0,20.0,17.019,15222.24,1360.125,0.013949999999999999,348.75,0.0,77.66548042704628
521194,Sherpura,Karjan,21.905708,73.187584,0.0,5.2,5.78,92.5,12.15,140.4,Deccan Trap Basalt,Deep Black Cotton Soil,1.07,Alluvial Plain / Valley Fill,1098.4,0.05,0,0.596,0.212057504117311,596.0,Gentle,238.0,50.0,66.39,1.46,163.0,76.3,53.03,2,0,15.0,13.0005,13345.560000000001,1123.875,0.6075,63.18000000000001,0.0,89.66530612244898
521203,Kahona,Karjan,21.90302,73.210746,0.0,12.77,5.54,92.5,12.15,140.4,Deccan Trap Basalt,Deep Black Cotton Soil,1.07,Alluvial Plain / Valley Fill,1091.2,0.0,0,0.595,0.212057504117311,595.0,Gentle,582.0,140.0,64.95,1.406,414.0,76.87,87.77,1,0,23.0,13.0005,13258.080000000002,1123.875,0.0,155.1555,0.0,89.07755102040817
521140,Kambola,Karjan,22.040465,73.053253,0.0,4.18,5.07,92.5,12.15,140.4,Deccan Trap Basalt,Deep Black Cotton Soil,1.07,Alluvial Plain / Valley Fill,1105.6,0.0,0,0.597,0.212057504117311,597.0,Gentle,1244.0,311.0,53.54,1.296,960.0,80.6,75.31,2,1,8.0,13.0005,13433.039999999999,1123.875,0.0,50.787,0.0,90.25306122448978
521202,Ropa,Karjan,21.890067,73.20414,0.0,10.11,5.32,100.0,13.5,156.0,Deccan Trap Basalt,Deep Black Cotton Soil,1.18,Alluvial Plain / Valley Fill,1089.4,0.0,0,0.626,0.2356194490192344,626.0,Gentle,729.0,156.0,60.22,3.878,188.0,81.91,64.94,2,0,20.0,15.93,14706.900000000001,1350.0,0.0,136.48499999999999,0.0,80.1029411764706
521204,Hirjipura,Karjan,21.896063,73.215054,0.0,13.91,5.3,95.0,12.6,145.6,Deccan Trap Basalt,Deep Black Cotton Soil,1.11,Alluvial Plain / Valley Fill,1100.2,0.0,0,0.607,0.2199114857512855,607.0,Gentle,212.0,55.0,58.49,1.395,152.0,74.17,79.46,1,0,23.0,13.986,13862.52,1197.0,0.0,175.266,0.0,86.62992125984253
521201,Rarod,Karjan,21.873413,73.196423,0.0,2.66,6.31,87.5,11.25,130.0,Quaternary Alluvium,Deep Black Cotton Soil,1.0,Alluvial Plain / Valley Fill,1057.0,0.05,0,0.57,0.196349540849362,570.0,Gentle,1335.0,313.0,53.26,1.943,687.0,81.91,85.62,2,0,8.0,11.25,11891.25,984.375,0.5625,29.925,0.0,93.12775330396477
521200,Oz,Karjan,21.87564,73.180678,0.0,13.61,3.77,95.0,12.6,145.6,Deccan Trap Basalt,Deep Black Cotton Soil,1.11,Alluvial Plain / Valley Fill,1093.0,0.0,0,0.606,0.2199114857512855,606.0,Gentle,1616.0,341.0,46.35,1.758,919.0,73.19,71.39,2,1,12.0,13.986,13771.8,1197.0,0.0,171.486,0.0,86.06299212598425
521205,Bakapur,Karjan,21.890455,73.218039,0.0,12.9,4.84,100.0,13.5,156.0,Deccan Trap Basalt,Deep Black Cotton Soil,1.18,Alluvial Plain / Valley Fill,1094.8,0.0,0,0.627,0.2356194490192344,627.0,Gentle,114.0,24.0,79.82,0.613,186.0,75.27,67.86,1,1,23.0,15.93,14779.8,1350.0,0.0,174.15,0.0,80.5
521208,Malod,Karjan,21.875783,73.219811,0.0,1.64,4.37,100.0,13.5,156.0,Deccan Trap Basalt,Deep Black Cotton Soil,1.18,Alluvial Plain / Valley Fill,1091.2,0.0,0,0.626,0.2356194490192344,626.0,Gentle,587.0,115.0,13.63,3.413,172.0,80.87,32.43,1,0,20.0,15.93,14731.2,1350.0,0.0,22.139999999999997,0.0,80.23529411764706
521207,Sayar,Karjan,21.857272,73.234331,0.0,27.85,3.22,100.0,13.5,156.0,Deccan Trap Basalt,Deep Black Cotton Soil,1.18,Alluvial Plain / Valley Fill,1121.8,0.001,0,0.631,0.2356194490192344,631.0,Gentle,2364.0,491.0,16.07,2.926,808.0,66.71,92.76,2,1,15.0,15.93,15144.3,1350.0,0.0135,375.975,0.0,82.48529411764706
521209,Sagdol,Karjan,21.861315,73.214469,0.0,15.6,1.6,95.0,12.6,145.6,Deccan Trap Basalt,Deep Black Cotton Soil,1.11,Alluvial Plain / Valley Fill,1091.2,0.0,0,0.606,0.2199114857512855,606.0,Gentle,1022.0,231.0,55.77,2.044,500.0,82.2,80.78,2,1,15.0,13.986,13749.12,1197.0,0.0,196.56,0.0,85.92125984251969
521210,Pura,Karjan,21.84658,73.185721,0.0,0.35,3.32,102.5,14.4,166.4,Deccan Trap Basalt,Deep Black Cotton Soil,1.25,Alluvial Plain / Valley Fill,1112.8,0.0,0,0.65,0.2513274122871834,650.0,Gentle,1149.0,239.0,48.74,2.082,552.0,69.76,100.0,2,0,16.0,18.0,16024.32,1476.0,0.0,5.04,0.0,76.7448275862069
521213,Nani Koral,Karjan,21.836794,73.222085,0.0,16.41,4.77,105.0,14.4,166.4,Deccan Trap Basalt,Deep Black Cotton Soil,1.25,Alluvial Plain / Valley Fill,1094.8,0.001,0,0.647,0.2513274122871834,647.0,Gentle,723.0,157.0,47.72,1.38,524.0,77.29,100.0,1,1,16.0,18.0,15765.119999999999,1512.0,0.014400000000000001,236.304,0.0,75.50344827586207
521211,Moti Koral,Karjan,21.835705,73.206877,0.0,12.02,3.12,100.0,13.5,156.0,Deccan Trap Basalt,Deep Black Cotton Soil,1.18,Alluvial Plain / Valley Fill,1112.8,0.001,0,0.629,0.2356194490192344,629.0,Gentle,2809.0,602.0,7.19,4.168,674.0,78.49,100.0,2,0,15.0,15.93,15022.8,1350.0,0.0135,162.26999999999998,0.0,81.82352941176471
521235,Mota Karala,Sinor,21.985864,73.394809,0.0,0.55,2.98,102.5,13.95,161.2,Deccan Trap Basalt,Deep Black Cotton Soil,1.22,Alluvial Plain / Valley Fill,1094.8,0.05,0,0.638,0.2434734306532089,638.0,Gentle,1932.0,460.0,72.15,2.128,908.0,85.56,77.32,2,2,15.0,17.019,15272.46,1429.875,0.6975,7.6725,0.0,77.92170818505339
521236,Simli,Sinor,21.984892,73.361907,0.0,0.59,4.98,97.5,13.5,156.0,Deccan Trap Basalt,Deep Black Cotton Soil,1.18,Alluvial Plain / Valley Fill,1103.8,0.0,0,0.628,0.2356194490192344,628.0,Gentle,1695.0,377.0,61.06,2.008,844.0,86.02,95.04,3,2,18.0,15.93,14901.3,1316.25,0.0,7.965,0.0,81.16176470588235
521229,Utraj,Sinor,21.982802,73.275034,0.0,0.89,2.66,102.5,13.95,161.2,Deccan Trap Basalt,Deep Black Cotton Soil,1.22,Alluvial Plain / Valley Fill,1096.6,0.0,0,0.638,0.2434734306532089,638.0,Gentle,1851.0,431.0,33.55,2.738,676.0,93.35,87.03,3,2,10.0,17.019,15297.569999999998,1429.875,0.0,12.4155,0.0,78.04982206405694
521238,Tersa,Sinor,21.979599,73.329423,0.0,0.32,6.01,107.5,14.85,171.6,Deccan Trap Basalt,Deep Black Cotton Soil,1.29,Alluvial Plain / Valley Fill,1100.2,0.001,0,0.659,0.2591813939211579,659.0,Gentle,761.0,166.0,53.35,2.408,316.0,82.59,96.17,2,1,25.0,19.1565,16337.970000000001,1596.375,0.01485,4.752,0.0,73.59197324414717
521239,Manjrol,Sinor,21.958358,73.313963,0.0,1.96,4.24,97.5,13.05,150.8,Deccan Trap Basalt,Deep Black Cotton Soil,1.14,Alluvial Plain / Valley Fill,1098.4,0.0,0,0.617,0.22776546738526,617.0,Gentle,1903.0,415.0,29.16,2.068,920.0,85.0,94.25,2,0,28.0,14.876999999999999,14334.120000000003,1272.375,0.0,25.578,0.0,83.52851711026616
521237,Kukas,Sinor,21.968984,73.339508,0.0,1.03,3.33,100.0,13.05,150.8,Deccan Trap Basalt,Deep Black Cotton Soil,1.14,Alluvial Plain / Valley Fill,1103.8,0.0,0,0.617,0.22776546738526,617.0,Gentle,1885.0,423.0,31.25,2.417,780.0,90.0,97.44,2,2,25.0,14.876999999999999,14404.59,1305.0,0.0,13.441500000000001,0.0,83.93916349809885
521228,Bavaliya,Sinor,21.972337,73.245191,0.0,3.99,4.45,92.5,12.15,140.4,Deccan Trap Basalt,Deep Black Cotton Soil,1.07,Alluvial Plain / Valley Fill,1094.8,0.002,0,0.596,0.212057504117311,596.0,Gentle,851.0,184.0,55.46,1.351,630.0,81.87,75.05,2,0,10.0,13.0005,13301.82,1123.875,0.024300000000000002,48.478500000000004,0.0,89.37142857142857
521244,Mota Fofaliya,Sinor,21.962219,73.372037,0.0,1.38,5.51,105.0,14.4,166.4,Deccan Trap Basalt,Deep Black Cotton Soil,1.25,Alluvial Plain / Valley Fill,1100.2,0.0,0,0.648,0.2513274122871834,648.0,Gentle,2235.0,549.0,50.78,2.37,943.0,83.58,97.47,3,2,20.0,18.0,15842.880000000001,1512.0,0.0,19.872,0.0,75.87586206896552
521241,Diver,Sinor,21.948215,73.272071,0.0,10.7,5.1,107.5,14.85,171.6,Deccan Trap Basalt,Deep Black Cotton Soil,1.29,Alluvial Plain / Valley Fill,1087.6,0.001,0,0.657,0.2591813939211579,657.0,Gentle,1252.0,298.0,48.8,1.276,981.0,77.17,100.0,2,1,25.0,19.1565,16150.859999999999,1596.375,0.01485,158.89499999999998,0.0,72.74916387959865
521240,Mindhol,Sinor,21.952392,73.295069,0.0,1.64,5.7,105.0,12.6,145.6,Deccan Trap Basalt,Deep Black Cotton Soil,1.11,Alluvial Plain / Valley Fill,1085.8,0.001,0,0.605,0.2199114857512855,605.0,Gentle,1517.0,317.0,21.29,1.662,913.0,88.39,93.43,3,2,24.0,13.986,13681.08,1323.0,0.0126,20.663999999999998,0.0,85.49606299212599
521249,Kanjetha,Sinor,21.945834,73.354149,0.0,11.54,4.55,97.5,13.05,150.8,Deccan Trap Basalt,Deep Black Cotton Soil,1.14,Alluvial Plain / Valley Fill,1091.2,0.001,0,0.616,0.22776546738526,616.0,Gentle,786.0,193.0,47.07,0.872,901.0,79.69,91.09,3,0,23.0,14.876999999999999,14240.160000000002,1272.375,0.01305,150.597,0.0,82.9809885931559
521253,Zanzad,Sinor,21.934401,73.397659,0.0,16.37,5.22,105.0,14.4,166.4,Deccan Trap Basalt,Deep Black Cotton Soil,1.25,Alluvial Plain / Valley Fill,1102.0,0.0,0,0.648,0.2513274122871834,648.0,Gentle,1418.0,362.0,43.58,1.682,843.0,74.5,65.39,2,1,23.0,18.0,15868.800000000001,1512.0,0.0,235.728,0.0,76.0
521248,Ambali,Sinor,21.941445,73.383561,0.0,7.9,4.57,110.0,15.3,176.8,Deccan Trap Basalt,Deep Black Cotton Soil,1.32,Structural/Denudational Hill,1103.8,0.0,0,0.669,0.2670353755551324,669.0,Moderate,765.0,191.0,59.22,1.587,482.0,83.37,77.56,2,2,25.0,20.196,16888.14,1683.0,0.0,120.87,0.0,71.67532467532467
521243,Damapura,Sinor,21.938019,73.340071,0.0,9.89,5.05,102.5,13.95,161.2,Deccan Trap Basalt,Deep Black Cotton Soil,1.22,Alluvial Plain / Valley Fill,1096.6,0.001,0,0.638,0.2434734306532089,638.0,Gentle,692.0,159.0,42.34,1.524,454.0,78.24,81.74,3,0,24.0,17.019,15297.569999999998,1429.875,0.013949999999999999,137.9655,0.0,78.04982206405694
521242,Surasamal,Sinor,21.935182,73.299184,0.0,7.76,4.87,95.0,12.6,145.6,Deccan Trap Basalt,Deep Black Cotton Soil,1.11,Alluvial Plain / Valley Fill,1082.2,0.0,0,0.605,0.2199114857512855,605.0,Gentle,1982.0,407.0,32.19,1.787,1109.0,83.48,100.0,3,2,25.0,13.986,13635.72,1197.0,0.0,97.776,0.0,85.21259842519686
521250,Sinor,Sinor,21.913786,73.32889,0.0,0.0,5.93,102.5,13.95,161.2,Deccan Trap Basalt,Deep Black Cotton Soil,1.22,Alluvial Plain / Valley Fill,1102.0,0.0,0,0.639,0.2434734306532089,639.0,Gentle,8041.0,1806.0,24.35,4.964,1620.0,70.37,82.72,3,1,27.0,17.019,15372.9,1429.875,0.0,0.0,0.0,78.43416370106762
521251,Mandva,Sinor,21.916101,73.302506,0.0,11.78,5.57,112.5,15.75,182.0,Deccan Trap Basalt,Deep Black Cotton Soil,1.36,Structural/Denudational Hill,1089.4,0.0,0,0.678,0.2748893571891069,678.0,Moderate,1756.0,351.0,23.29,3.76,467.0,77.3,90.03,3,0,28.0,21.42,17158.050000000003,1771.875,0.0,185.535,0.0,68.73186119873817
521252,Malsar,Sinor,21.900312,73.310124,0.0,15.35,5.45,117.5,16.2,187.2,Deccan Trap Basalt,Deep Black Cotton Soil,1.4,Structural/Denudational Hill,1105.6,0.0,0,0.691,0.2827433388230814,691.0,Moderate,2284.0,564.0,46.23,2.827,808.0,73.39,83.98,2,1,32.0,22.679999999999996,17910.719999999998,1903.5,0.0,248.67,0.0,67.82822085889569
521139,Bodaka,Karjan,22.051885,73.042031,0.0,1.39,4.02,97.5,13.05,150.8,Deccan Trap Basalt,Deep Black Cotton Soil,1.14,Alluvial Plain / Valley Fill,1103.8,0.0,0,0.617,0.22776546738526,617.0,Gentle,1292.0,291.0,31.81,2.091,618.0,85.14,63.64,2,0,12.0,14.876999999999999,14404.59,1272.375,0.0,18.139499999999998,0.0,83.93916349809885
521148,Juni Jitharadi,Karjan,22.036119,73.142535,0.0,1.23,4.69,105.0,14.4,166.4,Deccan Trap Basalt,Deep Black Cotton Soil,1.25,Alluvial Plain / Valley Fill,1114.6,0.001,0,0.65,0.2513274122871834,650.0,Gentle,1417.0,328.0,45.31,3.499,405.0,83.46,100.0,3,1,3.0,18.0,16050.24,1512.0,0.014400000000000001,17.712,0.0,76.86896551724138
521149,Miyagam,Karjan,22.024358,73.081515,0.0,3.22,1.01,95.0,12.6,145.6,Deccan Trap Basalt,Deep Black Cotton Soil,1.11,Alluvial Plain / Valley Fill,1093.0,0.001,0,0.606,0.2199114857512855,606.0,Gentle,5416.0,1106.0,9.47,2.49,2175.0,91.45,62.85,3,1,3.0,13.986,13771.8,1197.0,0.0126,40.572,0.0,86.06299212598425
521147,Navi Jithardi,Karjan,22.033466,73.159902,0.0,1.44,5.42,107.5,14.85,171.6,Deccan Trap Basalt,Deep Black Cotton Soil,1.29,Alluvial Plain / Valley Fill,1112.8,0.001,0,0.661,0.2591813939211579,661.0,Gentle,502.0,105.0,44.22,1.812,277.0,80.51,100.0,3,1,4.0,19.1565,16525.079999999998,1596.375,0.01485,21.384,0.0,74.43478260869566
521138,Sanpa,Karjan,22.034048,73.012524,0.0,1.01,3.85,90.0,11.7,135.2,Quaternary Alluvium,Deep Black Cotton Soil,1.04,Alluvial Plain / Valley Fill,1096.6,0.0,0,0.586,0.2042035224833365,586.0,Gentle,2120.0,449.0,40.05,1.941,1092.0,90.2,80.0,2,1,14.0,12.168,12830.219999999998,1053.0,0.0,11.817,0.0,92.9322033898305
521154,Bharthana,Karjan,22.010464,73.135645,0.0,0.8,4.62,100.0,13.5,156.0,Deccan Trap Basalt,Deep Black Cotton Soil,1.18,Alluvial Plain / Valley Fill,1098.4,0.001,0,0.627,0.2356194490192344,627.0,Gentle,1761.0,364.0,39.52,1.865,944.0,83.62,94.83,2,0,5.0,15.93,14828.400000000001,1350.0,0.0135,10.8,0.0,80.76470588235296
521037,Karnali,Dabhoi,21.984619,73.497232,0.0,15.24,11.32,90.0,11.7,135.2,Quaternary Alluvium,Deep Black Cotton Soil,1.04,Alluvial Plain / Valley Fill,1073.2,0.001,0,0.583,0.2042035224833365,583.0,Gentle,2084.0,470.0,47.36,1.857,1122.0,70.5,100.0,2,0,22.0,12.168,12556.44,1053.0,0.0117,178.308,0.0,90.9491525423729
521035,Bhimpura,Dabhoi,21.987198,73.436545,0.0,33.21,0.0,95.0,13.05,150.8,Deccan Trap Basalt,Deep Black Cotton Soil,1.14,Alluvial Plain / Valley Fill,1094.8,0.0,0,0.616,0.22776546738526,616.0,Gentle,232.0,63.0,84.05,0.847,274.0,66.06,100.0,2,0,22.0,14.876999999999999,14287.14,1239.75,0.0,433.39050000000003,0.0,83.25475285171102
521036,Nanderiya,Dabhoi,21.977089,73.428682,2.11,11.52,8.06,102.5,13.95,161.2,Deccan Trap Basalt,Deep Black Cotton Soil,1.22,Alluvial Plain / Valley Fill,1094.8,0.0,0,0.634,0.2434734306532089,634.0,Gentle,554.0,132.0,32.49,1.063,521.0,78.31,100.0,2,0,22.0,17.019,15272.46,1429.875,0.0,160.70399999999998,0.1501779359430605,77.92170818505339
521245,Bithali,Sinor,21.968351,73.408341,0.0,0.67,5.23,100.0,13.5,156.0,Deccan Trap Basalt,Deep Black Cotton Soil,1.18,Alluvial Plain / Valley Fill,1107.4,0.0,0,0.629,0.2356194490192344,629.0,Gentle,1045.0,256.0,53.3,1.762,593.0,85.33,80.24,2,2,20.0,15.93,14949.900000000001,1350.0,0.0,9.045,0.0,81.4264705882353
521246,Dariapura,Sinor,21.961805,73.426855,0.0,15.77,7.05,107.5,14.85,171.6,Deccan Trap Basalt,Deep Black Cotton Soil,1.29,Alluvial Plain / Valley Fill,1093.0,0.0,0,0.658,0.2591813939211579,658.0,Gentle,315.0,80.0,62.54,1.312,240.0,69.71,51.79,2,0,15.0,19.1565,16231.05,1596.375,0.0,234.18449999999999,0.0,73.1103678929766
521247,Moletha,Sinor,21.942678,73.417418,0.0,27.53,3.59,105.0,14.4,166.4,Deccan Trap Basalt,Deep Black Cotton Soil,1.25,Alluvial Plain / Valley Fill,1075.0,0.001,0,0.645,0.2513274122871834,645.0,Gentle,1402.0,324.0,57.7,1.119,1253.0,65.36,59.83,2,2,20.0,18.0,15480.0,1512.0,0.014400000000000001,396.432,0.0,74.13793103448276
521254,Barkal,Sinor,21.926138,73.414838,0.0,32.64,2.78,115.0,16.2,187.2,Deccan Trap Basalt,Deep Black Cotton Soil,1.4,Structural/Denudational Hill,1094.8,0.001,0,0.689,0.2827433388230814,689.0,Moderate,1896.0,466.0,54.27,3.286,577.0,54.51,85.99,0,1,25.0,22.679999999999996,17735.76,1863.0,0.0162,528.768,0.0,67.16564417177914
521150,Mangrol,Karjan,22.010746,73.042253,0.0,9.57,4.17,95.0,12.6,145.6,Deccan Trap Basalt,Deep Black Cotton Soil,1.11,Alluvial Plain / Valley Fill,1100.2,0.001,0,0.607,0.2199114857512855,607.0,Gentle,1485.0,316.0,45.05,1.672,888.0,85.47,65.88,3,0,9.0,13.986,13862.52,1197.0,0.0126,120.582,0.0,86.62992125984253
521153,Vadava,Karjan,22.016245,73.117332,0.0,1.69,4.73,97.5,13.05,150.8,Deccan Trap Basalt,Deep Black Cotton Soil,1.14,Alluvial Plain / Valley Fill,1102.0,0.001,0,0.617,0.22776546738526,617.0,Gentle,63.0,19.0,68.25,0.223,282.0,82.77,72.24,2,0,5.0,14.876999999999999,14381.1,1272.375,0.01305,22.0545,0.0,83.80228136882128
521155,Bharthali,Karjan,22.012236,73.158012,0.0,0.0,3.73,102.5,13.95,161.2,Deccan Trap Basalt,Deep Black Cotton Soil,1.22,Alluvial Plain / Valley Fill,1109.2,0.001,0,0.64,0.2434734306532089,640.0,Gentle,697.0,158.0,58.97,1.636,426.0,82.68,100.0,2,0,4.0,17.019,15473.34,1429.875,0.013949999999999999,0.0,0.0,78.94661921708186
521161,Sandarna,Karjan,22.009674,73.171879,0.0,0.35,5.3,107.5,14.85,171.6,Deccan Trap Basalt,Deep Black Cotton Soil,1.29,Alluvial Plain / Valley Fill,1118.2,0.001,0,0.661,0.2591813939211579,661.0,Gentle,621.0,138.0,52.5,2.326,267.0,82.69,91.88,2,1,8.0,19.1565,16605.27,1596.375,0.01485,5.1975,0.0,74.79598662207358
521053,Majatan,Padra,22.200015,72.946778,1.1,1.1,3.29,100.0,13.5,156.0,Deccan Trap Basalt,Alluvial Loamy Soil,1.18,Alluvial Plain / Valley Fill,1116.4,0.0,0,0.628,0.2356194490192344,628.0,Gentle,3288.0,629.0,1.61,7.195,457.0,90.79,18.8,2,1,17.0,15.93,15071.400000000001,1350.0,0.0,14.850000000000001,0.08088235294117647,82.08823529411765
521068,Sandha,Padra,22.195533,72.9519,0.0,0.59,0.0,97.5,13.05,150.8,Deccan Trap Basalt,Alluvial Loamy Soil,1.14,Alluvial Plain / Valley Fill,1100.2,0.0,0,0.617,0.22776546738526,617.0,Gentle,2600.0,531.0,0.96,7.715,337.0,93.18,89.17,2,1,16.0,14.876999999999999,14357.61,1272.375,0.0,7.6995000000000005,0.0,83.66539923954373
521051,Dudhwada,Padra,22.188995,72.88756,0.0,0.0,2.44,90.0,11.7,135.2,Quaternary Alluvium,Alluvial Loamy Soil,1.04,Alluvial Plain / Valley Fill,1085.8,0.001,0,0.585,0.2042035224833365,585.0,Gentle,1854.0,460.0,17.96,3.02,614.0,90.72,81.15,2,1,26.0,12.168,12703.859999999999,1053.0,0.0117,0.0,0.0,92.01694915254238
521069,Chitral,Padra,22.181074,72.94459,0.0,0.81,1.34,105.0,14.4,166.4,Deccan Trap Basalt,Alluvial Loamy Soil,1.25,Alluvial Plain / Valley Fill,1112.8,0.001,0,0.65,0.2513274122871834,650.0,Gentle,1728.0,351.0,4.34,4.645,372.0,87.9,70.03,1,1,19.0,18.0,16024.32,1512.0,0.014400000000000001,11.664000000000001,0.0,76.7448275862069
521073,Gavasad,Padra,22.157491,72.945741,0.0,10.98,1.37,95.0,12.6,145.6,Deccan Trap Basalt,Alluvial Loamy Soil,1.11,Alluvial Plain / Valley Fill,1102.0,0.001,0,0.607,0.2199114857512855,607.0,Gentle,3613.0,780.0,9.38,3.815,947.0,87.54,91.07,3,1,18.0,13.986,13885.199999999999,1197.0,0.0126,138.348,0.0,86.7716535433071
521070,Brahmanvasi,Padra,22.156645,72.87854,0.0,1.02,3.05,95.0,12.6,145.6,Deccan Trap Basalt,Alluvial Loamy Soil,1.11,Alluvial Plain / Valley Fill,1084.0,0.001,0,0.605,0.2199114857512855,605.0,Gentle,2175.0,430.0,5.24,3.68,591.0,84.43,50.1,2,1,10.0,13.986,13658.4,1197.0,0.0126,12.852,0.0,85.35433070866142
521072,Gametha,Padra,22.158279,72.921893,0.0,3.79,0.58,95.0,12.6,145.6,Deccan Trap Basalt,Alluvial Loamy Soil,1.11,Alluvial Plain / Valley Fill,1093.0,0.002,0,0.606,0.2199114857512855,606.0,Gentle,3759.0,762.0,2.08,10.959,343.0,84.26,55.36,2,1,18.0,13.986,13771.8,1197.0,0.0252,47.754,0.0,86.06299212598425
521071,Masar,Padra,22.138,72.902181,0.0,0.96,1.98,92.5,12.15,140.4,Deccan Trap Basalt,Alluvial Loamy Soil,1.07,Alluvial Plain / Valley Fill,1080.4,0.001,0,0.594,0.212057504117311,594.0,Gentle,3552.0,764.0,11.97,2.61,1361.0,89.2,69.19,3,1,13.0,13.0005,13126.86,1123.875,0.012150000000000001,11.664,0.0,88.19591836734695
521089,Kural,Padra,22.135169,72.92693,0.0,12.12,1.07,95.0,12.6,145.6,Deccan Trap Basalt,Alluvial Loamy Soil,1.11,Alluvial Plain / Valley Fill,1091.2,0.001,0,0.606,0.2199114857512855,606.0,Gentle,2659.0,569.0,11.36,4.731,562.0,83.07,24.84,3,1,15.0,13.986,13749.12,1197.0,0.0126,152.712,0.0,85.92125984251969
521092,Pindapa,Padra,22.118469,72.939888,0.0,0.0,4.35,97.5,13.05,150.8,Deccan Trap Basalt,Alluvial Loamy Soil,1.14,Alluvial Plain / Valley Fill,1103.8,0.001,0,0.617,0.22776546738526,617.0,Gentle,1572.0,302.0,3.31,2.278,690.0,95.07,47.26,2,1,15.0,14.876999999999999,14404.59,1272.375,0.01305,0.0,0.0,83.93916349809885
521091,Abhor,Padra,22.113757,72.911893,8.28,1.07,4.67,92.5,12.15,140.4,Deccan Trap Basalt,Alluvial Loamy Soil,1.07,Alluvial Plain / Valley Fill,1085.8,0.001,0,0.582,0.212057504117311,582.0,Gentle,2304.0,472.0,8.2,3.076,749.0,84.11,53.97,3,1,13.0,13.0005,13192.47,1123.875,0.012150000000000001,13.0005,0.6759183673469388,88.63673469387754
521038,Mahmadpura,Padra,22.291407,72.940406,0.0,20.51,5.6,90.0,11.7,135.2,Quaternary Alluvium,Alluvial Loamy Soil,1.04,Alluvial Plain / Valley Fill,1138.0,0.001,0,0.592,0.2042035224833365,592.0,Gentle,1481.0,323.0,1.35,1.438,1030.0,63.21,50.17,2,1,18.0,12.168,13314.599999999999,1053.0,0.0117,239.967,0.0,96.4406779661017
521047,Dabka,Padra,22.256706,72.942834,0.0,4.94,1.97,90.0,11.7,135.2,Quaternary Alluvium,Alluvial Loamy Soil,1.04,Alluvial Plain / Valley Fill,1112.8,0.001,0,0.588,0.2042035224833365,588.0,Gentle,7345.0,1545.0,3.38,3.854,1906.0,50.05,64.2,2,1,15.0,12.168,13019.759999999998,1053.0,0.0117,57.798,0.0,94.30508474576271
521046,Sultanpura,Padra,22.262225,72.953614,14.33,3.0,27.67,85.0,11.25,130.0,Quaternary Alluvium,Alluvial Loamy Soil,1.0,Alluvial Plain / Valley Fill,1096.6,0.001,0,0.554,0.196349540849362,554.0,Gentle,892.0,167.0,3.48,2.983,299.0,43.67,49.62,2,1,17.0,11.25,12336.749999999998,956.25,0.01125,33.75,1.2625550660792952,96.61674008810571
521050,Tithor,Padra,22.236859,72.879837,0.71,9.18,2.4,25.0,0.2,0.0,Quaternary Alluvium,Alluvial Loamy Soil,0.12,Alluvial Plain / Valley Fill,850.0,0.05,0,0.285,0.0034906585039886,285.0,Flat,4916.0,1078.0,2.2,1.997,2462.0,24.05,50.0,1,1,28.0,0.024,170.0,5.0,0.010000000000000002,1.836,2.3666666666666663,2833.333333333333
521048,Pavda,Padra,22.236162,72.947623,0.0,1.11,11.48,97.5,13.05,150.8,Deccan Trap Basalt,Alluvial Loamy Soil,1.14,Alluvial Plain / Valley Fill,1091.2,0.001,0,0.616,0.22776546738526,616.0,Gentle,2113.0,453.0,0.0,3.753,563.0,79.81,58.14,2,1,16.0,14.876999999999999,14240.160000000002,1272.375,0.01305,14.485500000000002,0.0,82.9809885931559
521049,Chokari,Padra,22.224893,72.932033,0.0,0.0,10.14,97.5,13.05,150.8,Deccan Trap Basalt,Alluvial Loamy Soil,1.14,Alluvial Plain / Valley Fill,1084.0,0.0,0,0.615,0.22776546738526,615.0,Gentle,8884.0,1811.0,2.45,6.438,1380.0,33.5,79.33,1,1,22.0,14.876999999999999,14146.2,1272.375,0.0,0.0,0.0,82.43346007604562
521052,Karkhadi,Padra,22.211761,72.909747,0.0,11.14,6.39,92.5,12.15,140.4,Deccan Trap Basalt,Alluvial Loamy Soil,1.07,Alluvial Plain / Valley Fill,1085.8,0.05,0,0.594,0.212057504117311,594.0,Gentle,4791.0,1100.0,9.41,2.886,1660.0,56.45,78.12,2,1,24.0,13.0005,13192.47,1123.875,0.6075,135.351,0.0,88.63673469387754
521066,Vadu,Padra,22.209616,72.986248,0.0,1.03,1.95,97.5,13.05,150.8,Deccan Trap Basalt,Alluvial Loamy Soil,1.14,Alluvial Plain / Valley Fill,1075.0,0.0,0,0.613,0.22776546738526,613.0,Gentle,9626.0,1916.0,3.66,11.014,874.0,92.79,59.19,3,1,12.0,14.876999999999999,14028.75,1272.375,0.0,13.441500000000001,0.0,81.74904942965779
521082,Chansad,Padra,22.205561,73.144045,1.33,8.66,0.35,90.0,11.7,135.2,Quaternary Alluvium,Alluvial Loamy Soil,1.04,Alluvial Plain / Valley Fill,1076.8,0.001,0,0.581,0.2042035224833365,581.0,Gentle,2775.0,634.0,39.93,1.603,1731.0,87.71,62.5,2,1,7.0,12.168,12598.56,1053.0,0.0117,101.32199999999999,0.11271186440677967,91.2542372881356
521064,Ranu,Padra,22.211772,73.031885,0.0,4.66,1.4,100.0,14.4,166.4,Deccan Trap Basalt,Alluvial Loamy Soil,1.25,Alluvial Plain / Valley Fill,1085.8,0.0,0,0.646,0.2513274122871834,646.0,Gentle,6092.0,1188.0,8.54,7.1,858.0,88.81,74.54,2,1,7.0,18.0,15635.52,1440.0,0.0,67.104,0.0,74.88275862068966
521065,Bhoj,Padra,22.193754,73.008189,0.0,10.68,1.13,90.0,11.7,135.2,Quaternary Alluvium,Alluvial Loamy Soil,1.04,Alluvial Plain / Valley Fill,1103.8,0.001,0,0.587,0.2042035224833365,587.0,Gentle,7072.0,1403.0,4.19,6.134,1153.0,88.19,69.88,2,1,14.0,12.168,12914.46,1053.0,0.0117,124.95599999999999,0.0,93.54237288135593
521079,Sejakuva,Padra,22.198411,73.068203,0.0,11.08,0.81,85.0,12.15,140.4,Deccan Trap Basalt,Alluvial Loamy Soil,1.07,Alluvial Plain / Valley Fill,1093.0,0.001,0,0.595,0.212057504117311,595.0,Gentle,2343.0,512.0,24.93,6.332,370.0,87.03,46.58,2,1,5.0,13.0005,13279.95,1032.75,0.012150000000000001,134.622,0.0,89.22448979591837
521078,Pipli,Padra,22.2017,73.053223,0.0,10.5,0.5,95.0,12.15,140.4,Deccan Trap Basalt,Alluvial Loamy Soil,1.07,Alluvial Plain / Valley Fill,1091.2,0.001,0,0.595,0.212057504117311,595.0,Gentle,2046.0,406.0,11.49,5.115,400.0,88.25,53.82,1,1,7.0,13.0005,13258.080000000002,1154.25,0.012150000000000001,127.575,0.0,89.07755102040817
521081,Sareja,Padra,22.203683,73.113123,0.52,0.52,0.0,92.5,12.15,140.4,Deccan Trap Basalt,Alluvial Loamy Soil,1.07,Alluvial Plain / Valley Fill,1084.0,0.001,0,0.593,0.212057504117311,593.0,Gentle,10.0,2.0,100.0,0.053,190.0,96.35,21.62,0,1,4.0,13.0005,13170.6,1123.875,0.012150000000000001,6.3180000000000005,0.04244897959183674,88.48979591836735
521080,Goriyad,Padra,22.196894,73.091538,0.0,7.17,1.95,87.5,11.25,130.0,Quaternary Alluvium,Alluvial Loamy Soil,1.0,Alluvial Plain / Valley Fill,1085.8,0.001,0,0.574,0.196349540849362,574.0,Gentle,1943.0,429.0,16.16,3.164,614.0,82.57,81.66,3,1,4.0,11.25,12215.25,984.375,0.01125,80.6625,0.0,95.66519823788546
521067,Vishrampura,Padra,22.193413,72.967121,0.0,0.43,4.26,90.0,11.7,135.2,Quaternary Alluvium,Alluvial Loamy Soil,1.04,Alluvial Plain / Valley Fill,1094.8,0.0,0,0.586,0.2042035224833365,586.0,Gentle,2997.0,606.0,2.64,12.753,235.0,89.36,80.95,2,1,15.0,12.168,12809.159999999998,1053.0,0.0,5.031,0.0,92.77966101694916
521083,Madapur,Padra,22.186936,73.111059,0.0,2.02,0.67,92.5,12.15,140.4,Deccan Trap Basalt,Alluvial Loamy Soil,1.07,Alluvial Plain / Valley Fill,1076.8,0.001,0,0.593,0.212057504117311,593.0,Gentle,865.0,182.0,24.86,2.912,297.0,89.56,62.78,2,1,5.0,13.0005,13083.119999999999,1123.875,0.012150000000000001,24.543,0.0,87.90204081632653
521076,Karnakuva,Padra,22.187439,72.979074,0.0,6.49,1.95,95.0,13.05,150.8,Deccan Trap Basalt,Alluvial Loamy Soil,1.14,Alluvial Plain / Valley Fill,1096.6,0.0,0,0.616,0.22776546738526,616.0,Gentle,1289.0,283.0,8.69,8.425,153.0,90.26,75.54,3,1,14.0,14.876999999999999,14310.63,1239.75,0.0,84.6945,0.0,83.39163498098858
521077,Vadadla,Padra,22.188515,73.028952,0.0,1.14,1.89,90.0,11.7,135.2,Quaternary Alluvium,Alluvial Loamy Soil,1.04,Alluvial Plain / Valley Fill,1093.0,0.0,0,0.586,0.2042035224833365,586.0,Gentle,927.0,180.0,12.94,3.511,264.0,79.92,71.09,2,1,9.0,12.168,12788.099999999999,1053.0,0.0,13.337999999999997,0.0,92.6271186440678
521085,Sadhi,Padra,22.161574,73.052519,0.0,5.14,1.86,92.5,12.15,140.4,Deccan Trap Basalt,Alluvial Loamy Soil,1.07,Alluvial Plain / Valley Fill,1084.0,0.001,0,0.594,0.212057504117311,594.0,Gentle,3794.0,819.0,18.5,2.71,1400.0,91.86,60.26,2,1,7.0,13.0005,13170.6,1123.875,0.012150000000000001,62.451,0.0,88.48979591836735
521084,Amla,Padra,22.163586,73.07259,0.0,5.22,0.79,85.0,10.8,124.8,Quaternary Alluvium,Alluvial Loamy Soil,0.96,Alluvial Plain / Valley Fill,1082.2,0.001,0,0.563,0.1884955592153876,563.0,Gentle,2129.0,449.0,11.65,2.083,1022.0,92.71,60.15,2,1,7.0,10.368,11687.760000000002,918.0000000000001,0.0108,56.376,0.0,99.28440366972477
521098,Saras Vani,Padra,22.172324,73.097141,0.0,0.64,5.64,90.0,11.7,135.2,Quaternary Alluvium,Alluvial Loamy Soil,1.04,Alluvial Plain / Valley Fill,1073.2,0.001,0,0.583,0.2042035224833365,583.0,Gentle,2305.0,511.0,28.37,2.115,1090.0,86.17,62.41,3,1,7.0,12.168,12556.44,1053.0,0.0117,7.4879999999999995,0.0,90.9491525423729
521074,Lola,Padra,22.177699,72.962268,0.0,10.83,5.0,92.5,13.05,150.8,Deccan Trap Basalt,Alluvial Loamy Soil,1.14,Alluvial Plain / Valley Fill,1105.6,0.001,0,0.618,0.22776546738526,618.0,Gentle,1535.0,270.0,1.69,12.792,120.0,81.67,75.51,2,1,17.0,14.876999999999999,14428.08,1207.125,0.01305,141.3315,0.0,84.07604562737642
521099,Shihor,Padra,22.173503,73.125801,0.0,7.41,3.92,92.5,12.15,140.4,Deccan Trap Basalt,Alluvial Loamy Soil,1.07,Alluvial Plain / Valley Fill,1100.2,0.001,0,0.596,0.212057504117311,596.0,Gentle,915.0,184.0,28.63,1.993,459.0,87.8,25.56,2,1,6.0,13.0005,13367.43,1123.875,0.012150000000000001,90.03150000000001,0.0,89.81224489795919
521075,Muval,Padra,22.170072,72.975278,0.0,0.26,4.35,95.0,12.6,145.6,Deccan Trap Basalt,Alluvial Loamy Soil,1.11,Alluvial Plain / Valley Fill,1078.6,0.001,0,0.604,0.2199114857512855,604.0,Gentle,4164.0,903.0,10.16,5.332,781.0,85.92,55.89,2,1,16.0,13.986,13590.359999999999,1197.0,0.0126,3.276,0.0,84.92913385826772
521086,Anti,Padra,22.165322,73.0332,0.33,1.11,0.33,90.0,12.15,140.4,Deccan Trap Basalt,Alluvial Loamy Soil,1.07,Alluvial Plain / Valley Fill,1094.8,0.001,0,0.595,0.212057504117311,595.0,Gentle,5055.0,837.0,5.48,5.857,863.0,85.25,58.91,2,1,9.0,13.0005,13301.82,1093.5,0.012150000000000001,13.486500000000001,0.026938775510204082,89.37142857142857
521087,Rajupura,Padra,22.168519,73.012009,0.0,10.85,2.71,87.5,12.15,140.4,Deccan Trap Basalt,Alluvial Loamy Soil,1.07,Alluvial Plain / Valley Fill,1091.2,0.001,0,0.595,0.212057504117311,595.0,Gentle,1185.0,277.0,8.86,4.593,258.0,85.27,60.0,0,1,20.0,13.0005,13258.080000000002,1063.125,0.012150000000000001,131.8275,0.0,89.07755102040817
521088,Jalalpur,Padra,22.161426,72.996259,0.0,10.56,3.52,92.5,11.7,135.2,Quaternary Alluvium,Alluvial Loamy Soil,1.04,Alluvial Plain / Valley Fill,1085.8,0.0,0,0.585,0.2042035224833365,585.0,Gentle,2069.0,434.0,9.57,4.857,426.0,85.68,69.86,2,1,15.0,12.168,12703.859999999999,1082.25,0.0,123.55199999999999,0.0,92.01694915254238
521100,Thikariya Mubarak,Padra,22.156815,73.117238,0.0,0.0,10.84,92.5,12.15,140.4,Deccan Trap Basalt,Alluvial Loamy Soil,1.07,Alluvial Plain / Valley Fill,1091.2,0.002,0,0.595,0.212057504117311,595.0,Gentle,425.0,90.0,35.29,2.56,166.0,87.35,37.93,2,1,6.0,13.0005,13258.080000000002,1123.875,0.024300000000000002,0.0,0.0,89.07755102040817
521096,Ambada,Padra,22.148851,73.018604,0.0,6.56,4.33,92.5,11.7,135.2,Quaternary Alluvium,Alluvial Loamy Soil,1.04,Alluvial Plain / Valley Fill,1075.0,0.001,0,0.583,0.2042035224833365,583.0,Gentle,1021.0,244.0,11.85,1.34,762.0,87.8,54.86,2,1,14.0,12.168,12577.5,1082.25,0.0117,76.752,0.0,91.10169491525424
521101,Virpur,Padra,22.145269,73.103502,0.0,0.34,4.11,97.5,13.05,150.8,Deccan Trap Basalt,Alluvial Loamy Soil,1.14,Alluvial Plain / Valley Fill,1102.0,0.001,0,0.617,0.22776546738526,617.0,Gentle,310.0,71.0,34.19,1.065,291.0,86.99,37.01,3,1,10.0,14.876999999999999,14381.1,1272.375,0.01305,4.437,0.0,83.80228136882128
521095,Kalyankui,Padra,22.14601,73.000385,0.0,5.61,4.67,90.0,11.7,135.2,Quaternary Alluvium,Alluvial Loamy Soil,1.04,Alluvial Plain / Valley Fill,1094.8,0.0,0,0.586,0.2042035224833365,586.0,Gentle,627.0,141.0,11.0,2.93,214.0,87.85,50.53,2,1,15.0,12.168,12809.159999999998,1053.0,0.0,65.637,0.0,92.77966101694916
521093,Mobha,Padra,22.132009,72.969914,0.0,1.05,2.33,92.5,12.15,140.4,Deccan Trap Basalt,Alluvial Loamy Soil,1.07,Alluvial Plain / Valley Fill,1084.0,0.001,0,0.594,0.212057504117311,594.0,Gentle,4796.0,973.0,3.98,3.609,1329.0,84.05,59.62,2,1,22.0,13.0005,13170.6,1123.875,0.012150000000000001,12.7575,0.0,88.48979591836735
521104,Bhadari,Padra,22.131602,73.046963,0.0,1.34,5.88,90.0,11.7,135.2,Quaternary Alluvium,Alluvial Loamy Soil,1.04,Alluvial Plain / Valley Fill,1087.6,0.001,0,0.585,0.2042035224833365,585.0,Gentle,1111.0,217.0,19.71,2.971,374.0,88.24,39.39,1,1,14.0,12.168,12724.919999999998,1053.0,0.0117,15.678,0.0,92.16949152542372
521094,Sadra,Padra,22.129314,72.989277,0.0,2.55,2.93,92.5,12.15,140.4,Deccan Trap Basalt,Alluvial Loamy Soil,1.07,Alluvial Plain / Valley Fill,1085.8,0.0,0,0.594,0.212057504117311,594.0,Gentle,2275.0,465.0,6.55,2.902,784.0,88.9,24.39,2,1,23.0,13.0005,13192.47,1123.875,0.0,30.982499999999998,0.0,88.63673469387754
521102,Medhad,Padra,22.130513,73.090522,0.0,1.81,4.29,95.0,12.6,145.6,Deccan Trap Basalt,Alluvial Loamy Soil,1.11,Alluvial Plain / Valley Fill,1116.4,0.002,0,0.609,0.2199114857512855,609.0,Gentle,695.0,147.0,62.16,1.651,421.0,79.46,22.73,3,1,10.0,13.986,14066.640000000001,1197.0,0.0252,22.806,0.0,87.90551181102363
521105,Gayapura,Padra,22.128234,73.022714,0.0,5.13,3.59,97.5,13.05,150.8,Deccan Trap Basalt,Alluvial Loamy Soil,1.14,Alluvial Plain / Valley Fill,1078.6,0.001,0,0.614,0.22776546738526,614.0,Gentle,581.0,139.0,10.84,2.979,195.0,87.18,23.53,1,1,10.0,14.876999999999999,14075.73,1272.375,0.01305,66.9465,0.0,82.02281368821292
521103,Husepur,Padra,22.125176,73.075912,0.0,0.0,4.77,97.5,12.6,145.6,Deccan Trap Basalt,Alluvial Loamy Soil,1.11,Alluvial Plain / Valley Fill,1080.4,0.002,0,0.604,0.2199114857512855,604.0,Gentle,709.0,186.0,61.35,1.649,430.0,84.55,80.65,1,1,12.0,13.986,13613.04,1228.5,0.0252,0.0,0.0,85.0708661417323
521106,Kanda,Padra,22.124838,73.006094,0.0,4.12,0.48,95.0,12.6,145.6,Deccan Trap Basalt,Alluvial Loamy Soil,1.11,Alluvial Plain / Valley Fill,1089.4,0.0,0,0.606,0.2199114857512855,606.0,Gentle,763.0,169.0,15.47,1.847,413.0,40.68,29.76,2,1,16.0,13.986,13726.44,1197.0,0.0,51.912,0.0,85.77952755905513
521115,Sadad,Padra,22.114914,73.061825,0.0,2.59,6.48,87.5,11.25,130.0,Quaternary Alluvium,Alluvial Loamy Soil,1.0,Alluvial Plain / Valley Fill,1084.0,0.001,0,0.574,0.196349540849362,574.0,Gentle,727.0,164.0,22.15,1.817,400.0,88.08,70.59,0,1,14.0,11.25,12195.0,984.375,0.01125,29.1375,0.0,95.50660792951543
521114,Thikariya Math,Padra,22.118614,73.022857,0.0,4.81,1.07,90.0,11.7,135.2,Quaternary Alluvium,Alluvial Loamy Soil,1.04,Alluvial Plain / Valley Fill,1078.6,0.001,0,0.584,0.2042035224833365,584.0,Gentle,329.0,78.0,48.02,1.759,187.0,83.96,50.96,1,1,16.0,12.168,12619.619999999999,1053.0,0.0117,56.276999999999994,0.0,91.40677966101696
519872,Khalipur,Vadodara Rural,22.204744,73.165883,1.33,0.0,5.54,92.5,12.15,140.4,Deccan Trap Basalt,Alluvial Loamy Soil,1.07,Alluvial Plain / Valley Fill,1089.4,0.001,0,0.593,0.212057504117311,593.0,Gentle,1054.0,226.0,43.64,2.173,485.0,51.22,25.97,2,0,10.0,13.0005,13236.210000000001,1123.875,0.012150000000000001,0.0,0.10857142857142858,88.93061224489797
519882,Karali,Vadodara Rural,22.173667,73.153527,0.0,3.16,1.58,92.5,12.15,140.4,Deccan Trap Basalt,Alluvial Loamy Soil,1.07,Alluvial Plain / Valley Fill,1087.6,0.001,0,0.595,0.212057504117311,595.0,Gentle,1075.0,225.0,25.58,3.391,317.0,85.44,62.96,0,1,8.0,13.0005,13214.34,1123.875,0.012150000000000001,38.394000000000005,0.0,88.78367346938775
519883,Itola,Vadodara Rural,22.15177,73.142673,0.0,8.82,4.57,95.0,12.6,145.6,Deccan Trap Basalt,Alluvial Loamy Soil,1.11,Alluvial Plain / Valley Fill,1085.8,0.001,0,0.605,0.2199114857512855,605.0,Gentle,3600.0,801.0,39.06,2.317,1554.0,86.1,10.46,2,2,8.0,13.986,13681.08,1197.0,0.0126,111.132,0.0,85.49606299212599
519895,Raman Gamdi,Vadodara Rural,22.128858,73.171689,4.76,1.19,6.75,25.0,0.2,0.0,Quaternary Alluvium,Alluvial Loamy Soil,0.12,Alluvial Plain / Valley Fill,850.0,0.001,0,0.279,0.0034906585039886,279.0,Flat,559.0,126.0,51.52,2.227,251.0,86.11,27.65,2,2,20.0,0.024,170.0,5.0,0.0002,0.238,15.866666666666664,2833.333333333333
519896,Gosindra,Vadodara Rural,22.127304,73.126298,0.57,0.43,0.43,92.5,12.15,140.4,Deccan Trap Basalt,Alluvial Loamy Soil,1.07,Alluvial Plain / Valley Fill,1087.6,0.001,0,0.594,0.212057504117311,594.0,Gentle,1021.0,219.0,43.49,1.404,727.0,98.01,49.28,0,0,23.0,13.0005,13214.34,1123.875,0.012150000000000001,5.2245,0.046530612244897955,88.78367346938775
519897,Untiya Medhad,Vadodara Rural,22.117336,73.107781,0.0,0.0,5.57,97.5,12.15,140.4,Deccan Trap Basalt,Alluvial Loamy Soil,1.07,Alluvial Plain / Valley Fill,1089.4,0.002,0,0.595,0.212057504117311,595.0,Gentle,733.0,150.0,32.61,1.986,369.0,87.74,31.75,2,2,13.0,13.0005,13236.210000000001,1184.625,0.024300000000000002,0.0,0.0,88.93061224489797
520921,Mahmadpura,Dabhoi,22.216605,73.282351,12.5,1.44,7.69,97.5,12.6,145.6,Deccan Trap Basalt,Deep Black Cotton Soil,1.11,Alluvial Plain / Valley Fill,1093.0,0.001,0,0.587,0.2199114857512855,587.0,Gentle,539.0,108.0,34.69,2.591,208.0,78.37,87.04,2,0,15.0,13.986,13771.8,1228.5,0.0126,18.144,0.984251968503937,86.06299212598425
520922,Palaswada,Dabhoi,22.209198,73.299901,0.0,0.0,16.17,90.0,11.7,135.2,Quaternary Alluvium,Deep Black Cotton Soil,1.04,Alluvial Plain / Valley Fill,1096.6,0.001,0,0.586,0.2042035224833365,586.0,Gentle,1447.0,325.0,61.37,2.144,675.0,83.83,100.0,3,0,15.0,12.168,12830.219999999998,1053.0,0.0117,0.0,0.0,92.9322033898305
520938,Kaddhara,Dabhoi,22.206892,73.373629,0.0,3.39,0.0,100.0,13.05,150.8,Deccan Trap Basalt,Deep Black Cotton Soil,1.14,Alluvial Plain / Valley Fill,1107.4,0.001,0,0.618,0.22776546738526,618.0,Gentle,985.0,220.0,43.25,1.389,709.0,85.75,97.86,2,2,12.0,14.876999999999999,14451.570000000002,1305.0,0.01305,44.23950000000001,0.0,84.212927756654
520920,Mosampura,Dabhoi,22.206209,73.27003,9.78,1.45,2.17,97.5,13.05,150.8,Deccan Trap Basalt,Deep Black Cotton Soil,1.14,Alluvial Plain / Valley Fill,1098.4,0.0,0,0.602,0.22776546738526,602.0,Gentle,313.0,66.0,54.63,1.134,276.0,86.59,100.0,2,0,15.0,14.876999999999999,14334.120000000003,1272.375,0.0,18.9225,0.7437262357414448,83.52851711026616
520930,Valipura,Dabhoi,22.207937,73.317144,5.94,0.0,5.45,95.0,12.6,145.6,Deccan Trap Basalt,Deep Black Cotton Soil,1.11,Alluvial Plain / Valley Fill,1082.2,0.001,0,0.596,0.2199114857512855,596.0,Gentle,437.0,88.0,54.92,2.163,202.0,87.62,100.0,2,0,15.0,13.986,13635.72,1197.0,0.0126,0.0,0.4677165354330709,85.21259842519686
520937,Kaddharapura,Dabhoi,22.211852,73.35813,0.0,4.1,0.0,100.0,13.5,156.0,Deccan Trap Basalt,Deep Black Cotton Soil,1.18,Alluvial Plain / Valley Fill,1112.8,0.001,0,0.629,0.2356194490192344,629.0,Gentle,458.0,112.0,55.02,3.785,121.0,85.25,100.0,2,0,14.0,15.93,15022.8,1350.0,0.0135,55.349999999999994,0.0,81.82352941176471
520929,Bhavpura,Dabhoi,22.207408,73.328601,5.92,2.37,4.73,95.0,12.6,145.6,Deccan Trap Basalt,Deep Black Cotton Soil,1.11,Alluvial Plain / Valley Fill,1073.2,0.001,0,0.594,0.2199114857512855,594.0,Gentle,350.0,77.0,75.43,2.071,169.0,86.98,100.0,2,0,13.0,13.986,13522.32,1197.0,0.0126,29.862000000000002,0.46614173228346456,84.50393700787403
520940,Karali,Dabhoi,22.202326,73.400652,4.87,4.87,5.73,90.0,12.15,140.4,Deccan Trap Basalt,Deep Black Cotton Soil,1.07,Alluvial Plain / Valley Fill,1105.6,0.001,0,0.59,0.212057504117311,590.0,Gentle,605.0,142.0,55.04,1.734,349.0,84.53,100.0,3,0,8.0,13.0005,13433.039999999999,1093.5,0.012150000000000001,59.170500000000004,0.39755102040816326,90.25306122448978
520936,Abdalapura,Dabhoi,22.200262,73.353441,0.0,4.74,0.0,100.0,13.5,156.0,Deccan Trap Basalt,Deep Black Cotton Soil,1.18,Alluvial Plain / Valley Fill,1105.6,0.001,0,0.628,0.2356194490192344,628.0,Gentle,479.0,108.0,23.59,2.521,190.0,84.21,68.75,2,1,14.0,15.93,14925.599999999999,1350.0,0.0135,63.99,0.0,81.29411764705883
520935,Vayadpur,Dabhoi,22.198432,73.342671,0.0,4.76,0.0,97.5,13.05,150.8,Deccan Trap Basalt,Deep Black Cotton Soil,1.14,Alluvial Plain / Valley Fill,1085.8,0.001,0,0.615,0.22776546738526,615.0,Gentle,943.0,199.0,67.34,2.807,336.0,84.23,98.94,1,0,14.0,14.876999999999999,14169.69,1272.375,0.01305,62.118,0.0,82.57034220532319
520931,Kundhela,Dabhoi,22.188539,73.281796,8.06,3.34,11.15,95.0,12.6,145.6,Deccan Trap Basalt,Deep Black Cotton Soil,1.11,Alluvial Plain / Valley Fill,1091.2,0.001,0,0.594,0.2199114857512855,594.0,Gentle,2513.0,566.0,50.78,2.045,1229.0,77.46,31.51,2,1,15.0,13.986,13749.12,1197.0,0.0126,42.083999999999996,0.6346456692913387,85.92125984251969
520952,Gojali,Dabhoi,22.190698,73.378433,0.0,13.43,5.22,95.0,12.6,145.6,Deccan Trap Basalt,Deep Black Cotton Soil,1.11,Alluvial Plain / Valley Fill,1107.4,0.001,0,0.608,0.2199114857512855,608.0,Gentle,565.0,155.0,67.96,1.405,402.0,81.34,100.0,2,2,10.0,13.986,13953.240000000002,1197.0,0.0126,169.218,0.0,87.1968503937008
520934,Bhilapur,Dabhoi,22.192919,73.325929,0.0,1.24,0.0,100.0,13.5,156.0,Deccan Trap Basalt,Deep Black Cotton Soil,1.18,Alluvial Plain / Valley Fill,1089.4,0.001,0,0.626,0.2356194490192344,626.0,Gentle,2290.0,512.0,52.53,4.039,567.0,79.51,98.67,3,1,14.0,15.93,14706.900000000001,1350.0,0.0135,16.74,0.0,80.1029411764706
520953,Banaiya,Dabhoi,22.184445,73.35092,0.0,21.19,1.32,87.5,11.25,130.0,Quaternary Alluvium,Deep Black Cotton Soil,1.0,Alluvial Plain / Valley Fill,1094.8,0.001,0,0.575,0.196349540849362,575.0,Gentle,338.0,77.0,41.42,2.238,151.0,77.48,91.45,2,0,11.0,11.25,12316.5,984.375,0.01125,238.38750000000002,0.0,96.45814977973568
520951,Vasai,Dabhoi,22.173534,73.392085,7.7,17.54,4.86,92.5,12.15,140.4,Deccan Trap Basalt,Deep Black Cotton Soil,1.07,Alluvial Plain / Valley Fill,1091.2,0.001,0,0.584,0.212057504117311,584.0,Gentle,1860.0,408.0,56.56,2.204,844.0,69.91,100.0,3,0,5.0,13.0005,13258.080000000002,1123.875,0.012150000000000001,213.111,0.6285714285714286,89.07755102040817
520932,Baherampura,Dabhoi,22.176949,73.301674,0.0,11.78,4.93,95.0,12.6,145.6,Deccan Trap Basalt,Deep Black Cotton Soil,1.11,Alluvial Plain / Valley Fill,1069.6,0.001,0,0.603,0.2199114857512855,603.0,Gentle,514.0,130.0,75.29,1.408,365.0,83.29,67.11,2,0,13.0,13.986,13476.96,1197.0,0.0126,148.428,0.0,84.22047244094487
520933,Navapur,Dabhoi,22.181324,73.316668,0.0,2.88,0.0,95.0,12.6,145.6,Deccan Trap Basalt,Deep Black Cotton Soil,1.11,Alluvial Plain / Valley Fill,1078.6,0.001,0,0.604,0.2199114857512855,604.0,Gentle,356.0,76.0,11.8,2.58,138.0,82.01,56.14,1,0,12.0,13.986,13590.359999999999,1197.0,0.0126,36.288,0.0,84.92913385826772
520958,Ambav,Dabhoi,22.163756,73.364609,0.0,1.64,0.33,100.0,13.05,150.8,Deccan Trap Basalt,Deep Black Cotton Soil,1.14,Alluvial Plain / Valley Fill,1087.6,0.001,0,0.615,0.22776546738526,615.0,Gentle,851.0,161.0,76.62,2.79,305.0,92.13,100.0,2,2,10.0,14.876999999999999,14193.18,1305.0,0.01305,21.402,0.0,82.70722433460075
520959,Puda,Dabhoi,22.17066,73.375582,0.0,6.79,6.43,92.5,11.25,130.0,Quaternary Alluvium,Deep Black Cotton Soil,1.0,Alluvial Plain / Valley Fill,1084.0,0.001,0,0.574,0.196349540849362,574.0,Gentle,858.0,186.0,41.49,1.535,559.0,86.79,58.85,2,0,5.0,11.25,12195.0,1040.625,0.01125,76.3875,0.0,95.50660792951543
520957,Thuvavi,Dabhoi,22.160641,73.341034,0.0,0.88,5.27,100.0,13.5,156.0,Deccan Trap Basalt,Deep Black Cotton Soil,1.18,Alluvial Plain / Valley Fill,1107.4,0.001,0,0.629,0.2356194490192344,629.0,Gentle,2651.0,612.0,47.42,1.942,1365.0,86.89,70.49,2,2,10.0,15.93,14949.900000000001,1350.0,0.0135,11.88,0.0,81.4264705882353
520954,Rajli,Dabhoi,22.165455,73.323543,0.0,2.54,6.35,100.0,13.5,156.0,Deccan Trap Basalt,Deep Black Cotton Soil,1.18,Alluvial Plain / Valley Fill,1098.4,0.001,0,0.627,0.2356194490192344,627.0,Gentle,789.0,183.0,47.66,2.497,316.0,84.76,100.0,2,2,10.0,15.93,14828.400000000001,1350.0,0.0135,34.29,0.0,80.76470588235296
520955,Anguthan,Dabhoi,22.159431,73.3033,0.0,10.29,4.49,100.0,14.4,166.4,Deccan Trap Basalt,Deep Black Cotton Soil,1.25,Alluvial Plain / Valley Fill,1084.0,0.001,0,0.646,0.2513274122871834,646.0,Gentle,1177.0,299.0,55.48,1.555,757.0,81.4,100.0,2,2,12.0,18.0,15609.6,1440.0,0.014400000000000001,148.176,0.0,74.75862068965517
520960,Hansapura,Dabhoi,22.153796,73.382468,0.0,11.07,5.03,90.0,11.7,135.2,Quaternary Alluvium,Deep Black Cotton Soil,1.04,Alluvial Plain / Valley Fill,1091.2,0.0,0,0.585,0.2042035224833365,585.0,Gentle,430.0,97.0,43.49,1.438,299.0,79.87,100.0,2,0,5.0,12.168,12767.039999999999,1053.0,0.0,129.519,0.0,92.47457627118645
520961,Kajapur,Dabhoi,22.154333,73.39991,0.0,3.16,12.63,90.0,11.7,135.2,Quaternary Alluvium,Deep Black Cotton Soil,1.04,Alluvial Plain / Valley Fill,1112.8,0.0,0,0.588,0.2042035224833365,588.0,Gentle,694.0,154.0,10.23,3.672,189.0,84.21,100.0,3,2,5.0,12.168,13019.759999999998,1053.0,0.0,36.972,0.0,94.30508474576271
520972,Vega,Dabhoi,22.14562,73.385446,0.0,18.07,4.22,90.0,11.7,135.2,Quaternary Alluvium,Deep Black Cotton Soil,1.04,Alluvial Plain / Valley Fill,1096.6,0.0,0,0.586,0.2042035224833365,586.0,Gentle,852.0,198.0,32.63,2.559,333.0,75.3,23.2,3,1,3.0,12.168,12830.219999999998,1053.0,0.0,211.41899999999998,0.0,92.9322033898305
520974,Borbar,Dabhoi,22.136422,73.338357,7.14,3.06,5.36,95.0,12.6,145.6,Deccan Trap Basalt,Deep Black Cotton Soil,1.11,Alluvial Plain / Valley Fill,1085.8,0.0,0,0.594,0.2199114857512855,594.0,Gentle,1149.0,276.0,56.31,1.464,785.0,84.44,75.53,2,0,9.0,13.986,13681.08,1197.0,0.0,38.556,0.5622047244094488,85.49606299212599
520956,Nariya,Dabhoi,22.138527,73.302603,0.0,2.65,13.27,105.0,14.4,166.4,Deccan Trap Basalt,Deep Black Cotton Soil,1.25,Alluvial Plain / Valley Fill,1087.6,0.001,0,0.646,0.2513274122871834,646.0,Gentle,1139.0,251.0,45.65,1.68,678.0,84.07,56.14,2,0,17.0,18.0,15661.439999999999,1512.0,0.014400000000000001,38.16,0.0,75.00689655172413
520971,Fartikui,Dabhoi,22.141432,73.372255,0.0,9.32,5.38,95.0,12.6,145.6,Deccan Trap Basalt,Deep Black Cotton Soil,1.11,Alluvial Plain / Valley Fill,1087.6,0.05,0,0.605,0.2199114857512855,605.0,Gentle,877.0,208.0,42.76,3.132,280.0,85.3,15.97,3,2,5.0,13.986,13703.759999999998,1197.0,0.63,117.432,0.0,85.63779527559055
520975,Thikariya,Dabhoi,22.129972,73.310806,0.0,6.52,5.22,92.5,12.15,140.4,Deccan Trap Basalt,Deep Black Cotton Soil,1.07,Alluvial Plain / Valley Fill,1089.4,0.001,0,0.595,0.212057504117311,595.0,Gentle,278.0,65.0,98.2,1.209,230.0,88.26,92.61,2,0,14.0,13.0005,13236.210000000001,1123.875,0.012150000000000001,79.218,0.0,88.93061224489797
520976,Dangikuva,Dabhoi,22.127059,73.277309,0.0,0.35,10.21,110.0,15.3,176.8,Deccan Trap Basalt,Deep Black Cotton Soil,1.32,Structural/Denudational Hill,1084.0,0.0,0,0.666,0.2670353755551324,666.0,Moderate,389.0,81.0,40.62,1.37,284.0,89.44,78.74,2,0,18.0,20.196,16585.2,1683.0,0.0,5.3549999999999995,0.0,70.38961038961038
519871,Mujar Gamdi,Vadodara Rural,22.208463,73.208264,0.0,4.85,5.73,92.5,11.7,135.2,Quaternary Alluvium,Alluvial Loamy Soil,1.04,Alluvial Plain / Valley Fill,1084.0,0.001,0,0.584,0.2042035224833365,584.0,Gentle,494.0,114.0,35.22,2.176,227.0,87.22,22.73,2,1,12.0,12.168,12682.8,1082.25,0.0117,56.74499999999999,0.0,91.86440677966102
519870,Vora Gamdi,Vadodara Rural,22.212751,73.219301,0.0,7.89,4.83,90.0,11.7,135.2,Quaternary Alluvium,Alluvial Loamy Soil,1.04,Alluvial Plain / Valley Fill,1085.8,0.001,0,0.585,0.2042035224833365,585.0,Gentle,688.0,147.0,21.22,1.751,393.0,80.66,6.31,2,2,11.0,12.168,12703.859999999999,1053.0,0.0117,92.31299999999999,0.0,92.01694915254238
519869,Dhaniyavi,Vadodara Rural,22.206285,73.249285,0.5,0.0,0.0,102.5,13.95,161.2,Deccan Trap Basalt,Alluvial Loamy Soil,1.22,Alluvial Plain / Valley Fill,1080.4,0.001,0,0.635,0.2434734306532089,635.0,Gentle,2353.0,462.0,24.9,1.735,1356.0,66.04,7.6,2,2,13.0,17.019,15071.58,1429.875,0.013949999999999999,0.0,0.03558718861209965,76.89679715302492
519873,Varnama,Vadodara Rural,22.180305,73.185476,0.0,0.0,4.12,95.0,12.6,145.6,Deccan Trap Basalt,Alluvial Loamy Soil,1.11,Alluvial Plain / Valley Fill,1118.2,0.0,0,0.61,0.2199114857512855,610.0,Gentle,4251.0,951.0,30.82,2.413,1762.0,73.63,17.03,2,2,12.0,13.986,14089.32,1197.0,0.0,0.0,0.0,88.04724409448819
519874,Sundarpura,Vadodara Rural,22.184391,73.218524,0.0,8.22,4.77,105.0,14.4,166.4,Deccan Trap Basalt,Alluvial Loamy Soil,1.25,Alluvial Plain / Valley Fill,1082.2,0.0,0,0.646,0.2513274122871834,646.0,Gentle,1267.0,283.0,32.83,3.361,377.0,86.74,46.63,2,2,3.0,18.0,15583.68,1512.0,0.0,118.36800000000001,0.0,74.63448275862069
519877,Raghavpura,Vadodara Rural,22.186983,73.262388,0.0,0.46,5.07,97.5,13.05,150.8,Deccan Trap Basalt,Alluvial Loamy Soil,1.14,Alluvial Plain / Valley Fill,1087.6,0.0,0,0.615,0.22776546738526,615.0,Gentle,850.0,176.0,27.29,2.297,370.0,47.7,48.31,2,2,15.0,14.876999999999999,14193.18,1272.375,0.0,6.003000000000001,0.0,82.70722433460075
519879,Patarveni,Vadodara Rural,22.173582,73.25714,0.0,3.86,2.83,95.0,12.6,145.6,Deccan Trap Basalt,Alluvial Loamy Soil,1.11,Alluvial Plain / Valley Fill,1094.8,0.0,0,0.606,0.2199114857512855,606.0,Gentle,721.0,173.0,56.17,1.878,384.0,81.23,22.15,2,2,17.0,13.986,13794.48,1197.0,0.0,48.635999999999996,0.0,86.20472440944881
519875,Shahpura,Vadodara Rural,22.177526,73.236638,0.0,0.0,5.97,95.0,13.05,150.8,Deccan Trap Basalt,Alluvial Loamy Soil,1.14,Alluvial Plain / Valley Fill,1084.0,0.0,0,0.615,0.22776546738526,615.0,Gentle,493.0,118.0,48.48,1.541,320.0,71.07,22.12,2,0,12.0,14.876999999999999,14146.2,1239.75,0.0,0.0,0.0,82.43346007604562
519878,Samaspura,Vadodara Rural,22.177009,73.265683,0.0,3.82,3.18,97.5,12.6,145.6,Deccan Trap Basalt,Alluvial Loamy Soil,1.11,Alluvial Plain / Valley Fill,1105.6,0.0,0,0.608,0.2199114857512855,608.0,Gentle,961.0,224.0,59.94,2.794,344.0,79.3,68.27,2,2,24.0,13.986,13930.559999999998,1228.5,0.0,48.132,0.0,87.05511811023622
519887,Hansapura,Vadodara Rural,22.163973,73.244571,1.55,10.88,6.74,95.0,12.6,145.6,Deccan Trap Basalt,Alluvial Loamy Soil,1.11,Alluvial Plain / Valley Fill,1087.6,0.001,0,0.603,0.2199114857512855,603.0,Gentle,308.0,76.0,47.08,1.596,193.0,64.25,40.32,2,1,15.0,13.986,13703.759999999998,1197.0,0.0126,137.088,0.1220472440944882,85.63779527559055
519888,Mastupur Gamdi,Vadodara Rural,22.163233,73.277417,1.46,2.19,2.19,105.0,14.4,166.4,Deccan Trap Basalt,Alluvial Loamy Soil,1.25,Alluvial Plain / Valley Fill,1085.8,0.001,0,0.644,0.2513274122871834,644.0,Gentle,430.0,94.0,41.16,2.905,148.0,84.67,51.72,2,1,19.0,18.0,15635.52,1512.0,0.014400000000000001,31.536,0.1006896551724138,74.88275862068966
519881,Fatepura,Vadodara Rural,22.166403,73.223225,0.0,0.0,5.75,97.5,12.6,145.6,Deccan Trap Basalt,Alluvial Loamy Soil,1.11,Alluvial Plain / Valley Fill,1093.0,0.001,0,0.606,0.2199114857512855,606.0,Gentle,278.0,63.0,17.99,1.607,173.0,87.93,19.61,1,0,15.0,13.986,13771.8,1228.5,0.0126,0.0,0.0,86.06299212598425
519892,Ajitpura,Vadodara Rural,22.153972,73.234141,0.0,0.0,3.72,92.5,12.15,140.4,Deccan Trap Basalt,Alluvial Loamy Soil,1.07,Alluvial Plain / Valley Fill,1075.0,0.001,0,0.593,0.212057504117311,593.0,Gentle,190.0,41.0,18.95,1.011,188.0,79.26,26.85,2,0,22.0,13.0005,13061.25,1123.875,0.012150000000000001,0.0,0.0,87.75510204081633
519886,Kajapur,Vadodara Rural,22.156066,73.213603,0.0,0.0,5.19,97.5,13.05,150.8,Deccan Trap Basalt,Alluvial Loamy Soil,1.14,Alluvial Plain / Valley Fill,1067.8,0.001,0,0.612,0.22776546738526,612.0,Gentle,462.0,108.0,5.63,1.711,270.0,89.26,24.9,2,1,22.0,14.876999999999999,13934.79,1272.375,0.01305,0.0,0.0,81.20152091254752
519891,Salad,Vadodara Rural,22.148334,73.2608,0.5,4.86,0.37,100.0,13.5,156.0,Deccan Trap Basalt,Alluvial Loamy Soil,1.18,Alluvial Plain / Valley Fill,1098.4,0.001,0,0.627,0.2356194490192344,627.0,Gentle,1501.0,324.0,57.89,1.869,803.0,88.54,8.44,2,2,20.0,15.93,14828.400000000001,1350.0,0.0135,65.61,0.03676470588235294,80.76470588235296
519885,Untiya Kajapur,Vadodara Rural,22.151983,73.198403,0.0,0.0,7.04,95.0,12.6,145.6,Deccan Trap Basalt,Alluvial Loamy Soil,1.11,Alluvial Plain / Valley Fill,1084.0,0.001,0,0.605,0.2199114857512855,605.0,Gentle,313.0,79.0,65.81,1.573,199.0,78.89,25.48,3,1,20.0,13.986,13658.4,1197.0,0.0126,0.0,0.0,85.35433070866142
519889,Kandkoi,Vadodara Rural,22.152256,73.280713,0.0,0.0,1.38,107.5,14.85,171.6,Deccan Trap Basalt,Alluvial Loamy Soil,1.29,Alluvial Plain / Valley Fill,1087.6,0.001,0,0.657,0.2591813939211579,657.0,Gentle,155.0,37.0,40.65,0.556,279.0,83.04,12.5,2,1,19.0,19.1565,16150.859999999999,1596.375,0.01485,0.0,0.0,72.74916387959865
519893,Dolatpura,Vadodara Rural,22.145677,73.218235,0.0,1.56,3.12,95.0,12.15,140.4,Deccan Trap Basalt,Alluvial Loamy Soil,1.07,Alluvial Plain / Valley Fill,1080.4,0.001,0,0.594,0.212057504117311,594.0,Gentle,82.0,17.0,12.2,0.641,128.0,70.31,33.33,2,0,23.0,13.0005,13126.86,1154.25,0.012150000000000001,18.954,0.0,88.19591836734695
519894,Por,Vadodara Rural,22.134139,73.195065,0.0,0.0,12.89,90.0,11.7,135.2,Quaternary Alluvium,Alluvial Loamy Soil,1.04,Alluvial Plain / Valley Fill,1093.0,0.001,0,0.586,0.2042035224833365,586.0,Gentle,7342.0,1627.0,24.38,11.977,613.0,63.62,41.03,2,2,15.0,12.168,12788.099999999999,1053.0,0.0117,0.0,0.0,92.6271186440678
519900,Ankhi,Vadodara Rural,22.129567,73.203911,5.03,2.38,0.0,92.5,11.7,135.2,Quaternary Alluvium,Alluvial Loamy Soil,1.04,Alluvial Plain / Valley Fill,1076.8,0.001,0,0.576,0.2042035224833365,576.0,Gentle,1179.0,243.0,19.76,3.127,377.0,86.51,30.58,2,2,16.0,12.168,12598.56,1082.25,0.0117,27.845999999999997,0.426271186440678,91.2542372881356
519903,Rasulpur,Vadodara Rural,22.140617,73.233564,0.0,0.0,4.73,100.0,13.5,156.0,Deccan Trap Basalt,Alluvial Loamy Soil,1.18,Alluvial Plain / Valley Fill,1093.0,0.001,0,0.627,0.2356194490192344,627.0,Gentle,68.0,13.0,58.82,0.459,148.0,74.32,36.36,2,1,23.0,15.93,14755.5,1350.0,0.0135,0.0,0.0,80.36764705882354
519904,Runvad,Vadodara Rural,22.127215,73.239275,0.31,0.0,0.79,95.0,12.6,145.6,Deccan Trap Basalt,Alluvial Loamy Soil,1.11,Alluvial Plain / Valley Fill,1080.4,0.0,0,0.604,0.2199114857512855,604.0,Gentle,1400.0,315.0,44.5,2.205,635.0,95.75,26.32,2,2,23.0,13.986,13613.04,1197.0,0.0,0.0,0.024409448818897637,85.0708661417323
519902,Ramnath,Vadodara Rural,22.134989,73.223695,15.97,1.74,0.0,92.5,12.15,140.4,Deccan Trap Basalt,Alluvial Loamy Soil,1.07,Alluvial Plain / Valley Fill,1087.6,0.001,0,0.571,0.212057504117311,571.0,Gentle,1239.0,228.0,2.1,4.302,288.0,78.47,35.4,2,2,23.0,13.0005,13214.34,1123.875,0.012150000000000001,21.141000000000002,1.3036734693877552,88.78367346938775
519901,Fajalpur Ankhi,Vadodara Rural,22.123439,73.221401,5.76,8.9,0.0,100.0,13.05,150.8,Deccan Trap Basalt,Alluvial Loamy Soil,1.14,Alluvial Plain / Valley Fill,1098.4,0.001,0,0.608,0.22776546738526,608.0,Gentle,579.0,125.0,12.95,3.031,191.0,84.82,37.04,2,2,13.0,14.876999999999999,14334.120000000003,1305.0,0.01305,116.14500000000001,0.4380228136882129,83.52851711026616
521039,Jaspur,Padra,22.286455,73.060154,0.89,8.25,0.0,90.0,11.7,135.2,Quaternary Alluvium,Alluvial Loamy Soil,1.04,Alluvial Plain / Valley Fill,1102.0,0.001,0,0.586,0.2042035224833365,586.0,Gentle,7658.0,1530.0,5.08,4.862,1575.0,61.9,45.33,2,1,6.0,12.168,12893.4,1053.0,0.0117,96.52499999999999,0.07542372881355933,93.38983050847459
521043,Umaraya,Padra,22.268181,73.02998,18.25,8.38,5.03,97.5,12.6,145.6,Deccan Trap Basalt,Alluvial Loamy Soil,1.11,Alluvial Plain / Valley Fill,1096.6,0.001,0,0.579,0.2199114857512855,579.0,Gentle,4115.0,775.0,1.36,7.635,539.0,59.59,93.75,2,1,6.0,13.986,13817.159999999998,1228.5,0.0126,105.58800000000001,1.4370078740157481,86.34645669291338
521041,Tajpura,Padra,22.266245,73.069227,0.0,0.65,1.62,107.5,14.85,171.6,Deccan Trap Basalt,Alluvial Loamy Soil,1.29,Alluvial Plain / Valley Fill,1102.0,0.0,0,0.659,0.2591813939211579,659.0,Gentle,1720.0,360.0,20.12,5.165,333.0,96.75,67.11,2,1,2.0,19.1565,16364.699999999999,1596.375,0.0,9.6525,0.0,73.7123745819398
521042,Luna,Padra,22.26456,73.049273,0.0,0.6,1.59,90.0,12.6,145.6,Deccan Trap Basalt,Alluvial Loamy Soil,1.11,Alluvial Plain / Valley Fill,1100.2,0.05,0,0.607,0.2199114857512855,607.0,Gentle,2739.0,521.0,9.6,6.114,448.0,61.11,64.94,2,1,3.0,13.986,13862.52,1134.0,0.63,7.56,0.0,86.62992125984253
521040,Sangma,Padra,22.264793,73.087969,0.0,6.08,1.22,105.0,14.4,166.4,Deccan Trap Basalt,Alluvial Loamy Soil,1.25,Alluvial Plain / Valley Fill,1094.8,0.001,0,0.647,0.2513274122871834,647.0,Gentle,3096.0,664.0,13.02,9.41,329.0,86.02,75.97,3,1,2.0,18.0,15765.119999999999,1512.0,0.014400000000000001,87.552,0.0,75.50344827586207
521044,Ekalbara,Padra,22.256383,73.017797,0.0,11.91,9.57,95.0,13.5,156.0,Deccan Trap Basalt,Alluvial Loamy Soil,1.18,Alluvial Plain / Valley Fill,1093.0,0.001,0,0.627,0.2356194490192344,627.0,Gentle,4435.0,917.0,2.21,7.479,593.0,77.66,68.49,3,1,8.0,15.93,14755.5,1282.5,0.0135,160.785,0.0,80.36764705882354
521045,Mujpur,Padra,22.245552,72.992466,0.0,7.31,4.95,97.5,13.5,156.0,Deccan Trap Basalt,Alluvial Loamy Soil,1.18,Alluvial Plain / Valley Fill,1107.4,0.001,0,0.629,0.2356194490192344,629.0,Gentle,9410.0,1923.0,4.39,10.585,889.0,72.55,53.49,2,1,10.0,15.93,14949.900000000001,1316.25,0.0135,98.68499999999999,0.0,81.4264705882353
521058,Dabhasa,Padra,22.23737,73.038788,0.0,3.25,0.33,95.0,12.6,145.6,Deccan Trap Basalt,Alluvial Loamy Soil,1.11,Alluvial Plain / Valley Fill,1093.0,0.0,0,0.606,0.2199114857512855,606.0,Gentle,8337.0,1708.0,8.29,6.953,1199.0,81.9,77.92,3,1,4.0,13.986,13771.8,1197.0,0.0,40.949999999999996,0.0,86.06299212598425
521059,Sokhdakhurd,Padra,22.244837,73.11375,0.22,0.44,0.44,97.5,13.5,156.0,Deccan Trap Basalt,Alluvial Loamy Soil,1.18,Alluvial Plain / Valley Fill,1096.6,0.001,0,0.627,0.2356194490192344,627.0,Gentle,2139.0,462.0,24.4,4.785,447.0,95.78,48.72,2,1,2.0,15.93,14804.099999999999,1316.25,0.0135,5.94,0.016176470588235296,80.63235294117646
521057,Mahuvad,Padra,22.234796,73.013282,0.0,1.25,3.33,102.5,13.95,161.2,Deccan Trap Basalt,Alluvial Loamy Soil,1.22,Alluvial Plain / Valley Fill,1089.4,0.05,0,0.637,0.2434734306532089,637.0,Gentle,2564.0,534.0,9.56,5.308,483.0,87.53,92.64,3,1,7.0,17.019,15197.130000000001,1429.875,0.6975,17.4375,0.0,77.53736654804271
521061,Darapura,Padra,22.228044,73.106676,0.0,0.49,0.24,87.5,11.25,130.0,Quaternary Alluvium,Alluvial Loamy Soil,1.0,Alluvial Plain / Valley Fill,1075.0,0.0,0,0.572,0.196349540849362,572.0,Gentle,3032.0,666.0,15.2,7.431,408.0,80.49,90.91,2,1,3.0,11.25,12093.75,984.375,0.0,5.5125,0.0,94.7136563876652
521060,Patod,Padra,22.225549,73.120499,0.0,0.78,1.55,87.5,11.25,130.0,Quaternary Alluvium,Alluvial Loamy Soil,1.0,Alluvial Plain / Valley Fill,1082.2,0.0,0,0.573,0.196349540849362,573.0,Gentle,2479.0,532.0,16.9,4.851,511.0,87.18,2.45,2,1,3.0,11.25,12174.75,984.375,0.0,8.775,0.0,95.34801762114539
521055,Narsipura,Padra,22.229941,72.973697,0.0,10.49,1.12,97.5,13.05,150.8,Deccan Trap Basalt,Alluvial Loamy Soil,1.14,Alluvial Plain / Valley Fill,1094.8,0.001,0,0.616,0.22776546738526,616.0,Gentle,3447.0,729.0,0.52,12.91,267.0,82.77,88.24,2,1,14.0,14.876999999999999,14287.14,1272.375,0.01305,136.89450000000002,0.0,83.25475285171102
521056,Dhobikuwa,Padra,22.22517,73.002439,0.0,0.0,0.0,100.0,13.5,156.0,Deccan Trap Basalt,Alluvial Loamy Soil,1.18,Alluvial Plain / Valley Fill,1091.2,0.05,0,0.626,0.2356194490192344,626.0,Gentle,3392.0,710.0,0.18,17.218,197.0,90.86,72.07,2,1,9.0,15.93,14731.2,1350.0,0.675,0.0,0.0,80.23529411764706
521063,Latipura,Padra,22.222343,73.058454,0.0,0.27,0.53,92.5,12.6,145.6,Deccan Trap Basalt,Alluvial Loamy Soil,1.11,Alluvial Plain / Valley Fill,1093.0,0.001,0,0.606,0.2199114857512855,606.0,Gentle,2702.0,592.0,20.91,7.72,350.0,84.49,78.48,2,1,3.0,13.986,13771.8,1165.5,0.0126,3.402,0.0,86.06299212598425
521062,Ghayaj,Padra,22.219221,73.082331,1.35,1.48,2.96,92.5,12.15,140.4,Deccan Trap Basalt,Alluvial Loamy Soil,1.07,Alluvial Plain / Valley Fill,1085.8,0.001,0,0.592,0.212057504117311,592.0,Gentle,2667.0,594.0,25.12,3.614,738.0,86.68,83.85,3,1,2.0,13.0005,13192.47,1123.875,0.012150000000000001,17.982,0.11020408163265306,88.63673469387754
521054,Somjipura,Padra,22.215018,72.968122,0.0,0.4,3.17,100.0,13.5,156.0,Deccan Trap Basalt,Alluvial Loamy Soil,1.18,Alluvial Plain / Valley Fill,1096.6,0.05,0,0.627,0.2356194490192344,627.0,Gentle,2480.0,518.0,1.25,9.841,252.0,87.7,89.14,2,1,14.0,15.93,14804.099999999999,1350.0,0.675,5.4,0.0,80.63235294117646
519844,Sindhrot,Vadodara Rural,22.328932,73.071113,13.19,0.0,6.73,90.0,11.25,130.0,Quaternary Alluvium,Alluvial Loamy Soil,1.0,Alluvial Plain / Valley Fill,1071.4,0.001,0,0.552,0.196349540849362,552.0,Gentle,7027.0,1480.0,2.8,6.394,1099.0,59.6,65.65,3,2,12.0,11.25,12053.250000000002,1012.5,0.01125,0.0,1.162114537444934,94.39647577092512
519842,Ankodiya,Vadodara Rural,22.334255,73.122831,0.0,0.18,2.28,102.5,13.95,161.2,Deccan Trap Basalt,Alluvial Loamy Soil,1.22,Alluvial Plain / Valley Fill,1098.4,0.001,0,0.638,0.2434734306532089,638.0,Gentle,4608.0,937.0,26.41,8.845,521.0,57.27,30.58,2,2,6.0,17.019,15322.68,1429.875,0.013949999999999999,2.5109999999999997,0.0,78.1779359430605
519825,Rayaka,Vadodara Rural,22.439928,73.10356,5.03,10.05,0.0,95.0,12.15,140.4,Deccan Trap Basalt,Alluvial Loamy Soil,1.07,Alluvial Plain / Valley Fill,1080.4,0.001,0,0.586,0.212057504117311,586.0,Gentle,1981.0,361.0,6.71,3.329,595.0,71.69,35.05,3,2,20.0,13.0005,13126.86,1154.25,0.012150000000000001,122.10750000000002,0.4106122448979592,88.19591836734695
519826,Sankarda,Vadodara Rural,22.433457,73.127512,6.12,2.99,4.9,92.5,12.15,140.4,Deccan Trap Basalt,Alluvial Loamy Soil,1.07,Alluvial Plain / Valley Fill,1082.2,0.001,0,0.585,0.212057504117311,585.0,Gentle,7460.0,1472.0,5.12,10.163,734.0,84.76,72.23,2,2,14.0,13.0005,13148.730000000001,1123.875,0.012150000000000001,36.328500000000005,0.4995918367346939,88.34285714285714
519828,Sokhda,Vadodara Rural,22.424976,73.16211,0.0,0.23,0.7,95.0,11.7,135.2,Quaternary Alluvium,Alluvial Loamy Soil,1.04,Alluvial Plain / Valley Fill,1087.6,0.002,0,0.585,0.2042035224833365,585.0,Gentle,12610.0,2454.0,10.06,10.686,1180.0,78.83,39.64,2,1,8.0,12.168,12724.919999999998,1111.5,0.0234,2.691,0.0,92.16949152542372
519829,Padmala,Vadodara Rural,22.415159,73.132252,0.0,5.9,5.9,95.0,12.6,145.6,Deccan Trap Basalt,Alluvial Loamy Soil,1.11,Alluvial Plain / Valley Fill,1084.0,0.001,0,0.605,0.2199114857512855,605.0,Gentle,5446.0,1059.0,10.72,7.836,695.0,77.7,83.33,3,2,18.0,13.986,13658.4,1197.0,0.0126,74.34,0.0,85.35433070866142
519832,Ajod,Vadodara Rural,22.40144,73.158016,0.0,0.0,4.37,100.0,0.2,0.0,Quaternary Alluvium,Alluvial Loamy Soil,0.12,Alluvial Plain / Valley Fill,850.0,0.001,0,0.286,0.0034906585039886,286.0,Flat,2661.0,526.0,16.27,6.554,406.0,75.41,45.29,2,2,20.0,0.024,170.0,20.0,0.0002,0.0,0.0,2833.333333333333
519831,Anagadh,Vadodara Rural,22.373755,73.080302,12.5,2.02,0.0,92.5,12.15,140.4,Deccan Trap Basalt,Alluvial Loamy Soil,1.07,Alluvial Plain / Valley Fill,1102.0,0.001,0,0.578,0.212057504117311,578.0,Gentle,14780.0,2815.0,3.83,12.999,1137.0,56.69,89.29,2,2,6.0,13.0005,13389.300000000001,1123.875,0.012150000000000001,24.543,1.0204081632653061,89.95918367346938
519836,Dhanora,Vadodara Rural,22.379574,73.097867,0.0,7.64,6.37,90.0,11.7,135.2,Quaternary Alluvium,Alluvial Loamy Soil,1.04,Alluvial Plain / Valley Fill,1096.6,0.001,0,0.586,0.2042035224833365,586.0,Gentle,4006.0,864.0,7.16,10.711,374.0,79.62,14.0,2,2,5.0,12.168,12830.219999999998,1053.0,0.0117,89.38799999999999,0.0,92.9322033898305
519837,Kotna,Vadodara Rural,22.359605,73.058884,0.0,15.5,4.84,92.5,12.15,140.4,Deccan Trap Basalt,Alluvial Loamy Soil,1.07,Alluvial Plain / Valley Fill,1094.8,0.001,0,0.596,0.212057504117311,596.0,Gentle,2902.0,594.0,0.48,7.01,414.0,60.53,60.8,2,2,8.0,13.0005,13301.82,1123.875,0.012150000000000001,188.32500000000002,0.0,89.37142857142857
519848,Khanpur,Vadodara Rural,22.318836,73.118396,0.0,0.47,8.45,25.0,0.2,0.0,Quaternary Alluvium,Alluvial Loamy Soil,0.12,Alluvial Plain / Valley Fill,850.0,0.001,0,0.286,0.0034906585039886,286.0,Flat,1466.0,304.0,13.17,7.596,193.0,64.79,43.48,3,2,12.0,0.024,170.0,5.0,0.0002,0.094,0.0,2833.333333333333
519843,Sherkhi,Vadodara Rural,22.33714,73.093718,10.85,0.0,0.0,105.0,14.4,166.4,Deccan Trap Basalt,Alluvial Loamy Soil,1.25,Alluvial Plain / Valley Fill,1093.0,0.001,0,0.631,0.2513274122871834,631.0,Gentle,9464.0,1841.0,4.21,7.663,1235.0,68.91,91.66,3,2,13.0,18.0,15739.2,1512.0,0.014400000000000001,0.0,0.7482758620689655,75.37931034482759
519859,Chapad,Vadodara Rural,22.229309,73.156898,0.0,0.0,9.07,95.0,12.6,145.6,Deccan Trap Basalt,Alluvial Loamy Soil,1.11,Alluvial Plain / Valley Fill,1087.6,0.001,0,0.605,0.2199114857512855,605.0,Gentle,2419.0,530.0,26.0,4.877,496.0,87.1,45.14,2,2,7.0,13.986,13703.759999999998,1197.0,0.0126,0.0,0.0,85.63779527559055
519846,Ampad,Vadodara Rural,22.303464,73.085825,0.0,0.0,3.16,90.0,12.15,140.4,Deccan Trap Basalt,Alluvial Loamy Soil,1.07,Alluvial Plain / Valley Fill,1103.8,0.001,0,0.597,0.212057504117311,597.0,Gentle,1610.0,296.0,2.8,3.508,459.0,90.07,57.64,2,2,7.0,13.0005,13411.17,1093.5,0.012150000000000001,0.0,0.0,90.10612244897959
519847,Mahapura,Vadodara Rural,22.302753,73.103757,0.0,0.0,0.0,102.5,13.95,161.2,Deccan Trap Basalt,Alluvial Loamy Soil,1.22,Alluvial Plain / Valley Fill,1087.6,0.0,0,0.637,0.2434734306532089,637.0,Gentle,1601.0,268.0,4.62,12.315,130.0,90.77,84.75,2,2,8.0,17.019,15172.019999999999,1429.875,0.0,0.0,0.0,77.40925266903915
519845,Hinglot,Vadodara Rural,22.293659,73.078092,0.0,0.0,2.2,97.5,13.05,150.8,Deccan Trap Basalt,Alluvial Loamy Soil,1.14,Alluvial Plain / Valley Fill,1094.8,0.001,0,0.616,0.22776546738526,616.0,Gentle,1057.0,206.0,1.7,3.872,273.0,86.81,50.63,2,2,5.0,14.876999999999999,14287.14,1272.375,0.01305,0.0,0.0,83.25475285171102
519851,Raypura,Vadodara Rural,22.279864,73.09255,0.0,10.96,1.1,95.0,12.6,145.6,Deccan Trap Basalt,Alluvial Loamy Soil,1.11,Alluvial Plain / Valley Fill,1085.8,0.0,0,0.605,0.2199114857512855,605.0,Gentle,5619.0,1085.0,0.61,12.514,449.0,65.79,26.67,2,2,8.0,13.986,13681.08,1197.0,0.0,138.096,0.0,85.49606299212599
519852,Gokalpura,Vadodara Rural,22.266038,73.114605,0.0,9.43,0.63,102.5,13.5,156.0,Deccan Trap Basalt,Alluvial Loamy Soil,1.18,Alluvial Plain / Valley Fill,1103.8,0.001,0,0.628,0.2356194490192344,628.0,Gentle,1032.0,208.0,25.0,6.255,165.0,89.94,79.02,3,2,8.0,15.93,14901.3,1383.75,0.0135,127.30499999999999,0.0,81.16176470588235
519853,Samiyala,Vadodara Rural,22.25584,73.124736,0.0,3.7,2.61,102.5,13.5,156.0,Deccan Trap Basalt,Alluvial Loamy Soil,1.18,Alluvial Plain / Valley Fill,1102.0,0.001,0,0.628,0.2356194490192344,628.0,Gentle,6364.0,1315.0,10.39,12.754,499.0,77.78,57.98,3,2,8.0,15.93,14877.0,1383.75,0.0135,49.95,0.0,81.02941176470588
519830,Fajalpur Sankarda,Vadodara Rural,22.426235,73.087611,0.0,27.69,0.0,92.5,12.15,140.4,Deccan Trap Basalt,Alluvial Loamy Soil,1.07,Alluvial Plain / Valley Fill,1080.4,0.002,0,0.594,0.212057504117311,594.0,Gentle,4740.0,950.0,3.76,7.72,614.0,64.98,27.57,3,1,15.0,13.0005,13126.86,1123.875,0.024300000000000002,336.43350000000004,0.0,88.19591836734695
251214,Padra,Padra,22.244951,73.080335,0.0,2.89,4.495,25.0,0.2,0.0,Quaternary Alluvium,Alluvial Loamy Soil,0.12,Alluvial Plain / Valley Fill,850.0,0.0,0,0.286,0.0034906585039886,286.0,Flat,46660.0,9579.0,,,0.0,,,0,0,0.0,0.024,170.0,5.0,0.0,0.5780000000000001,0.0,2833.333333333333
520926,Kunvarwada,Dabhoi,22.252725,73.337496,0.0,1.47,14.85,90.0,11.7,135.2,Quaternary Alluvium,Deep Black Cotton Soil,1.04,Alluvial Plain / Valley Fill,1091.2,0.001,0,0.585,0.2042035224833365,585.0,Gentle,1014.0,215.0,34.32,1.657,612.0,83.69,100.0,2,2,20.0,12.168,12767.039999999999,1053.0,0.0117,17.198999999999998,0.0,92.47457627118645
520927,Vanadra,Dabhoi,22.238186,73.364509,5.12,0.8,0.0,97.5,12.15,140.4,Deccan Trap Basalt,Deep Black Cotton Soil,1.07,Alluvial Plain / Valley Fill,1107.4,0.0,0,0.59,0.212057504117311,590.0,Gentle,2531.0,547.0,40.1,1.85,1368.0,87.06,62.97,3,0,15.0,13.0005,13454.910000000002,1184.625,0.0,9.72,0.4179591836734694,90.4
520925,Saguwada,Dabhoi,22.240843,73.32019,0.0,15.7,0.0,90.0,11.7,135.2,Quaternary Alluvium,Deep Black Cotton Soil,1.04,Alluvial Plain / Valley Fill,1098.4,0.001,0,0.586,0.2042035224833365,586.0,Gentle,840.0,162.0,38.57,1.883,446.0,83.18,100.0,1,0,16.0,12.168,12851.28,1053.0,0.0117,183.68999999999997,0.0,93.08474576271188
520924,Malharpura,Dabhoi,22.238425,73.302594,0.0,0.0,6.21,90.0,11.7,135.2,Quaternary Alluvium,Deep Black Cotton Soil,1.04,Alluvial Plain / Valley Fill,1098.4,0.001,0,0.586,0.2042035224833365,586.0,Gentle,370.0,85.0,13.51,2.079,178.0,79.66,26.24,1,0,12.0,12.168,12851.28,1053.0,0.0117,0.0,0.0,93.08474576271188
520939,Dholar,Dabhoi,22.222189,73.395816,3.03,5.48,7.7,97.5,12.6,145.6,Deccan Trap Basalt,Deep Black Cotton Soil,1.11,Alluvial Plain / Valley Fill,1102.0,0.001,0,0.603,0.2199114857512855,603.0,Gentle,2049.0,491.0,42.46,2.419,847.0,81.45,85.96,3,0,10.0,13.986,13885.199999999999,1228.5,0.0126,69.048,0.23858267716535433,86.7716535433071
520928,Mavli,Dabhoi,22.221537,73.342496,0.0,8.74,7.95,97.5,13.05,150.8,Deccan Trap Basalt,Deep Black Cotton Soil,1.14,Alluvial Plain / Valley Fill,1082.2,0.0,0,0.614,0.22776546738526,614.0,Gentle,962.0,212.0,57.59,1.529,629.0,83.31,91.6,2,2,15.0,14.876999999999999,14122.710000000001,1272.375,0.0,114.057,0.0,82.29657794676807
520923,Rasulpura,Dabhoi,22.22173,73.317514,6.12,0.0,5.04,92.5,12.15,140.4,Deccan Trap Basalt,Deep Black Cotton Soil,1.07,Alluvial Plain / Valley Fill,1084.0,0.001,0,0.585,0.212057504117311,585.0,Gentle,376.0,90.0,60.9,1.357,277.0,84.53,48.94,2,0,15.0,13.0005,13170.6,1123.875,0.012150000000000001,0.0,0.4995918367346939,88.48979591836735
519818,Indrad,Savli,22.439792,73.273307,0.0,3.92,5.93,92.5,12.15,140.4,Deccan Trap Basalt,Alluvial Loamy Soil,1.07,Alluvial Plain / Valley Fill,1087.6,0.001,0,0.595,0.212057504117311,595.0,Gentle,1912.0,422.0,36.77,1.828,1046.0,83.44,80.28,2,2,15.0,13.0005,13214.34,1123.875,0.012150000000000001,47.628,0.0,88.78367346938775
519817,Pilol,Savli,22.422196,73.230199,0.0,6.8,11.28,90.0,11.7,135.2,Quaternary Alluvium,Alluvial Loamy Soil,1.04,Alluvial Plain / Valley Fill,1075.0,0.001,0,0.583,0.2042035224833365,583.0,Gentle,3242.0,646.0,16.19,5.376,603.0,66.17,38.6,2,2,20.0,12.168,12577.5,1053.0,0.0117,79.55999999999999,0.0,91.10169491525424
519833,Asoj,Vadodara Rural,22.421,73.199415,0.0,1.95,5.21,87.5,11.7,135.2,Quaternary Alluvium,Alluvial Loamy Soil,1.04,Alluvial Plain / Valley Fill,1080.4,0.001,0,0.584,0.2042035224833365,584.0,Gentle,3801.0,827.0,18.71,3.474,1094.0,92.09,62.63,2,2,14.0,12.168,12640.68,1023.7499999999999,0.0117,22.814999999999998,0.0,91.55932203389833
519834,Virod,Vadodara Rural,22.394473,73.226574,0.0,10.01,4.73,85.0,10.8,124.8,Quaternary Alluvium,Alluvial Loamy Soil,0.96,Alluvial Plain / Valley Fill,1067.8,0.001,0,0.561,0.1884955592153876,561.0,Gentle,2461.0,506.0,47.3,2.254,1092.0,71.73,10.34,2,2,9.0,10.368,11532.24,918.0000000000001,0.0108,108.108,0.0,97.96330275229357
519839,Sukhlipur,Vadodara Rural,22.374111,73.255936,7.31,0.0,5.65,90.0,11.7,135.2,Quaternary Alluvium,Alluvial Loamy Soil,1.04,Alluvial Plain / Valley Fill,1094.8,0.001,0,0.575,0.2042035224833365,575.0,Gentle,942.0,185.0,37.26,2.935,321.0,74.09,13.45,1,2,12.0,12.168,12809.159999999998,1053.0,0.0117,0.0,0.6194915254237289,92.77966101694916
519838,Dena,Vadodara Rural,22.365988,73.221735,0.0,8.56,5.41,90.0,11.7,135.2,Quaternary Alluvium,Alluvial Loamy Soil,1.04,Alluvial Plain / Valley Fill,1096.6,0.001,0,0.586,0.2042035224833365,586.0,Gentle,2565.0,480.0,25.22,5.777,444.0,82.43,43.72,2,2,8.0,12.168,12830.219999999998,1053.0,0.0117,100.152,0.0,92.9322033898305
519841,Kotali,Vadodara Rural,22.35516,73.235373,8.07,0.0,4.56,92.5,11.7,135.2,Quaternary Alluvium,Alluvial Loamy Soil,1.04,Alluvial Plain / Valley Fill,1100.2,0.001,0,0.575,0.2042035224833365,575.0,Gentle,1269.0,266.0,42.71,4.067,312.0,71.93,4.88,3,2,10.0,12.168,12872.34,1082.25,0.0117,0.0,0.6838983050847458,93.23728813559323
519840,Amaliyara,Vadodara Rural,22.362429,73.256445,13.5,0.0,2.88,97.5,12.6,145.6,Deccan Trap Basalt,Alluvial Loamy Soil,1.11,Alluvial Plain / Valley Fill,1091.2,0.001,0,0.586,0.2199114857512855,586.0,Gentle,1618.0,344.0,57.42,3.35,483.0,64.16,34.48,3,2,12.0,13.986,13749.12,1228.5,0.0126,0.0,1.062992125984252,85.92125984251969
519849,Ankhol,Vadodara Rural,22.304008,73.270046,1.08,8.36,5.66,90.0,11.7,135.2,Quaternary Alluvium,Alluvial Loamy Soil,1.04,Alluvial Plain / Valley Fill,1084.0,0.0,0,0.583,0.2042035224833365,583.0,Gentle,1129.0,233.0,56.69,3.043,371.0,84.91,19.05,2,2,5.0,12.168,12682.8,1053.0,0.0,97.81199999999998,0.09152542372881357,91.86440677966102
519850,Khatamba,Vadodara Rural,22.286521,73.27036,0.0,1.38,12.4,95.0,12.6,145.6,Deccan Trap Basalt,Alluvial Loamy Soil,1.11,Alluvial Plain / Valley Fill,1091.2,0.001,0,0.606,0.2199114857512855,606.0,Gentle,920.0,190.0,50.43,2.534,363.0,72.73,13.26,2,2,10.0,13.986,13749.12,1197.0,0.0126,17.387999999999998,0.0,85.92125984251969
519854,Shankarpura,Vadodara Rural,22.275823,73.272863,0.0,0.0,2.8,87.5,11.25,130.0,Quaternary Alluvium,Alluvial Loamy Soil,1.0,Alluvial Plain / Valley Fill,1102.0,0.001,0,0.576,0.196349540849362,576.0,Gentle,751.0,167.0,36.09,1.911,393.0,93.64,16.3,3,2,12.0,11.25,12397.5,984.375,0.01125,0.0,0.0,97.09251101321586
519864,Tatarpura,Vadodara Rural,22.265645,73.294879,0.0,0.46,4.58,87.5,11.25,130.0,Quaternary Alluvium,Alluvial Loamy Soil,1.0,Alluvial Plain / Valley Fill,1103.8,0.001,0,0.576,0.196349540849362,576.0,Gentle,1046.0,233.0,45.89,2.193,477.0,76.43,23.95,2,2,9.0,11.25,12417.75,984.375,0.01125,5.175,0.0,97.2511013215859
519855,Jobantekri,Vadodara Rural,22.267751,73.281069,0.0,1.83,5.5,85.0,11.7,135.2,Quaternary Alluvium,Alluvial Loamy Soil,1.04,Alluvial Plain / Valley Fill,1098.4,0.001,0,0.586,0.2042035224833365,586.0,Gentle,430.0,92.0,81.86,4.624,93.0,62.39,29.41,2,1,9.0,12.168,12851.28,994.4999999999999,0.0117,21.410999999999998,0.0,93.08474576271188
519856,Ratanpur,Vadodara Rural,22.268483,73.256635,0.0,0.0,5.04,87.5,11.25,130.0,Quaternary Alluvium,Alluvial Loamy Soil,1.0,Alluvial Plain / Valley Fill,1094.8,0.001,0,0.575,0.196349540849362,575.0,Gentle,1508.0,344.0,41.45,5.112,295.0,73.02,27.09,3,2,8.0,11.25,12316.5,984.375,0.01125,0.0,0.0,96.45814977973568
519868,Kelanpur,Vadodara Rural,22.242363,73.281591,0.26,0.51,15.73,90.0,12.6,145.6,Deccan Trap Basalt,Alluvial Loamy Soil,1.11,Alluvial Plain / Valley Fill,1103.8,0.002,0,0.607,0.2199114857512855,607.0,Gentle,2929.0,614.0,50.46,3.458,847.0,76.73,13.33,3,2,11.0,13.986,13907.88,1134.0,0.0252,6.426,0.020472440944881893,86.91338582677166
519857,Vadadla,Vadodara Rural,22.248199,73.250718,0.0,1.01,6.08,87.5,11.25,130.0,Quaternary Alluvium,Alluvial Loamy Soil,1.0,Alluvial Plain / Valley Fill,1076.8,0.001,0,0.573,0.196349540849362,573.0,Gentle,2303.0,503.0,17.89,5.83,395.0,71.65,10.6,2,2,5.0,11.25,12114.0,984.375,0.01125,11.3625,0.0,94.87224669603525
519865,Sultanpura,Vadodara Rural,22.245836,73.303381,0.44,0.0,1.78,90.0,11.25,130.0,Quaternary Alluvium,Alluvial Loamy Soil,1.0,Alluvial Plain / Valley Fill,1089.4,0.001,0,0.574,0.196349540849362,574.0,Gentle,298.0,75.0,34.56,1.319,226.0,88.89,20.0,2,1,11.0,11.25,12255.750000000002,1012.5,0.01125,0.0,0.03876651982378855,95.98237885462557
519863,Navapura,Vadodara Rural,22.242051,73.265192,1.0,1.0,2.0,90.0,11.7,135.2,Quaternary Alluvium,Alluvial Loamy Soil,1.04,Alluvial Plain / Valley Fill,1096.6,0.001,0,0.585,0.2042035224833365,585.0,Gentle,387.0,73.0,0.0,3.794,102.0,75.0,53.33,2,1,10.0,12.168,12830.219999999998,1053.0,0.0117,11.7,0.08474576271186442,92.9322033898305
519862,Alhadpura,Vadodara Rural,22.230247,73.265911,0.0,4.54,6.71,92.5,12.15,140.4,Deccan Trap Basalt,Alluvial Loamy Soil,1.07,Alluvial Plain / Valley Fill,1111.0,0.0,0,0.598,0.212057504117311,598.0,Gentle,991.0,217.0,34.01,1.955,507.0,78.11,30.3,2,0,7.0,13.0005,13498.65,1123.875,0.0,55.161,0.0,90.6938775510204
519867,Hetampura,Vadodara Rural,22.227236,73.2839,0.82,1.23,1.23,90.0,11.7,135.2,Quaternary Alluvium,Alluvial Loamy Soil,1.04,Alluvial Plain / Valley Fill,1075.0,0.001,0,0.582,0.2042035224833365,582.0,Gentle,1504.0,317.0,1.2,6.04,249.0,93.44,21.93,1,2,14.0,12.168,12577.5,1053.0,0.0117,14.390999999999998,0.06949152542372881,91.10169491525424
519866,Diwalipura,Vadodara Rural,22.228,73.295272,0.3,0.61,0.0,90.0,11.7,135.2,Quaternary Alluvium,Alluvial Loamy Soil,1.04,Alluvial Plain / Valley Fill,1091.2,0.001,0,0.585,0.2042035224833365,585.0,Gentle,661.0,136.0,21.63,2.146,308.0,70.73,68.97,3,2,13.0,12.168,12767.039999999999,1053.0,0.0117,7.137,0.025423728813559324,92.47457627118645
519860,Maretha,Vadodara Rural,22.223075,73.183108,0.0,4.58,5.42,97.5,13.05,150.8,Deccan Trap Basalt,Alluvial Loamy Soil,1.14,Alluvial Plain / Valley Fill,1103.8,0.001,0,0.617,0.22776546738526,617.0,Gentle,1918.0,403.0,18.2,7.959,241.0,86.67,48.08,2,2,10.0,14.876999999999999,14404.59,1272.375,0.01305,59.769000000000005,0.0,83.93916349809885
251209,Vadodara,Vadodara Rural,22.306225,73.182732,0.0,2.89,4.495,25.0,0.2,0.0,Quaternary Alluvium,Alluvial Loamy Soil,0.12,Alluvial Plain / Valley Fill,850.0,0.001,0,0.286,0.0034906585039886,286.0,Flat,1752371.0,393887.0,,,0.0,,,0,0,0.0,0.024,170.0,5.0,0.0002,0.5780000000000001,0.0,2833.333333333333
519938,Panch Devla,Vaghodia,22.43723,73.378274,0.0,32.43,16.99,95.0,12.6,145.6,Deccan Trap Basalt,Alluvial Loamy Soil,1.11,Alluvial Plain / Valley Fill,1062.4,0.001,0,0.602,0.2199114857512855,602.0,Gentle,867.0,179.0,21.8,3.335,260.0,50.19,38.46,3,1,10.0,13.986,13386.240000000002,1197.0,0.0126,408.618,0.0,83.65354330708662
519939,Abhrampura,Vaghodia,22.430948,73.384792,0.0,0.0,3.76,95.0,13.05,150.8,Deccan Trap Basalt,Alluvial Loamy Soil,1.14,Alluvial Plain / Valley Fill,1082.2,0.001,0,0.614,0.22776546738526,614.0,Gentle,627.0,147.0,19.62,1.39,451.0,89.38,22.28,2,1,20.0,14.876999999999999,14122.710000000001,1239.75,0.01305,0.0,0.0,82.29657794676807
519936,Kamrol,Vaghodia,22.426497,73.295766,0.0,0.0,2.09,95.0,12.15,140.4,Deccan Trap Basalt,Alluvial Loamy Soil,1.07,Alluvial Plain / Valley Fill,1084.0,0.001,0,0.594,0.212057504117311,594.0,Gentle,2097.0,441.0,46.78,2.074,1011.0,33.59,72.77,3,1,22.0,13.0005,13170.6,1154.25,0.012150000000000001,0.0,0.0,88.48979591836735
519942,Kodarvaya,Vaghodia,22.415313,73.384313,0.0,7.11,2.37,97.5,13.05,150.8,Deccan Trap Basalt,Alluvial Loamy Soil,1.14,Alluvial Plain / Valley Fill,1082.2,0.0,0,0.614,0.22776546738526,614.0,Gentle,398.0,88.0,71.11,1.579,252.0,85.77,100.0,2,1,18.0,14.876999999999999,14122.710000000001,1272.375,0.0,92.78550000000001,0.0,82.29657794676807
519935,Amreshwar,Vaghodia,22.413419,73.264611,0.0,0.0,2.83,97.5,13.05,150.8,Deccan Trap Basalt,Alluvial Loamy Soil,1.14,Alluvial Plain / Valley Fill,1094.8,0.001,0,0.616,0.22776546738526,616.0,Gentle,480.0,106.0,45.0,1.943,247.0,79.76,50.76,2,1,17.0,14.876999999999999,14287.14,1272.375,0.01305,0.0,0.0,83.25475285171102
519950,Kotambi,Vaghodia,22.396152,73.312378,5.18,2.54,3.94,90.0,11.7,135.2,Quaternary Alluvium,Alluvial Loamy Soil,1.04,Alluvial Plain / Valley Fill,1076.8,0.001,0,0.576,0.2042035224833365,576.0,Gentle,3740.0,755.0,47.57,1.918,1950.0,84.26,100.0,3,1,14.0,12.168,12598.56,1053.0,0.0117,29.718,0.43898305084745765,91.2542372881356
519937,Lilora,Vaghodia,22.428497,73.363664,0.0,0.0,7.66,102.5,13.95,161.2,Deccan Trap Basalt,Alluvial Loamy Soil,1.22,Alluvial Plain / Valley Fill,1091.2,0.0,0,0.637,0.2434734306532089,637.0,Gentle,1698.0,371.0,28.03,3.093,549.0,82.66,57.4,3,1,14.0,17.019,15222.24,1429.875,0.0,0.0,0.0,77.66548042704628
519943,Vyankatpura,Vaghodia,22.404352,73.368516,0.0,0.2,0.0,100.0,13.5,156.0,Deccan Trap Basalt,Alluvial Loamy Soil,1.18,Alluvial Plain / Valley Fill,1089.4,0.0,0,0.626,0.2356194490192344,626.0,Gentle,592.0,134.0,63.68,1.194,496.0,65.66,95.38,2,1,15.0,15.93,14706.900000000001,1350.0,0.0,2.7,0.0,80.1029411764706
519945,Rahkui,Vaghodia,22.408263,73.335659,0.0,2.96,6.25,100.0,13.5,156.0,Deccan Trap Basalt,Alluvial Loamy Soil,1.18,Alluvial Plain / Valley Fill,1085.8,0.001,0,0.626,0.2356194490192344,626.0,Gentle,773.0,169.0,80.6,2.534,305.0,79.28,62.24,2,1,16.0,15.93,14658.3,1350.0,0.0135,39.96,0.0,79.83823529411765
519946,Ganeshpura,Vaghodia,22.402363,73.274967,0.0,0.0,5.09,97.5,12.6,145.6,Deccan Trap Basalt,Alluvial Loamy Soil,1.11,Alluvial Plain / Valley Fill,1084.0,0.001,0,0.605,0.2199114857512855,605.0,Gentle,981.0,204.0,40.06,1.666,589.0,81.66,51.98,2,1,16.0,13.986,13658.4,1228.5,0.0126,0.0,0.0,85.35433070866142
519944,Amrutpura,Vaghodia,22.398513,73.352163,0.0,1.9,3.42,92.5,12.15,140.4,Deccan Trap Basalt,Alluvial Loamy Soil,1.07,Alluvial Plain / Valley Fill,1084.0,0.0,0,0.594,0.212057504117311,594.0,Gentle,409.0,88.0,90.46,1.561,262.0,59.7,100.0,1,1,15.0,13.0005,13170.6,1123.875,0.0,23.085,0.0,88.48979591836735
519947,Bhaniyara,Vaghodia,22.393587,73.264179,0.0,2.45,5.05,92.5,12.15,140.4,Deccan Trap Basalt,Alluvial Loamy Soil,1.07,Alluvial Plain / Valley Fill,1078.6,0.001,0,0.593,0.212057504117311,593.0,Gentle,1796.0,405.0,26.28,2.595,692.0,86.58,55.83,3,1,13.0,13.0005,13104.99,1123.875,0.012150000000000001,29.767500000000002,0.0,88.04897959183673
519954,Jafarpura,Vaghodia,22.389601,73.367701,0.0,7.48,10.2,95.0,12.6,145.6,Deccan Trap Basalt,Alluvial Loamy Soil,1.11,Alluvial Plain / Valley Fill,1075.0,0.0,0,0.604,0.2199114857512855,604.0,Gentle,358.0,81.0,53.35,2.452,146.0,78.23,100.0,1,1,18.0,13.986,13545.0,1197.0,0.0,94.248,0.0,84.64566929133859
519952,Intoli,Vaghodia,22.38544,73.332133,0.0,6.17,11.89,92.5,12.6,145.6,Deccan Trap Basalt,Alluvial Loamy Soil,1.11,Alluvial Plain / Valley Fill,1064.2,0.001,0,0.602,0.2199114857512855,602.0,Gentle,1060.0,204.0,2.92,4.69,226.0,78.41,56.18,2,1,12.0,13.986,13408.92,1165.5,0.0126,77.74199999999999,0.0,83.79527559055119
519953,Rasulabad,Vaghodia,22.379755,73.345826,0.0,0.0,0.38,90.0,11.7,135.2,Quaternary Alluvium,Alluvial Loamy Soil,1.04,Alluvial Plain / Valley Fill,1076.8,0.0,0,0.583,0.2042035224833365,583.0,Gentle,2279.0,453.0,43.97,2.185,1043.0,89.64,48.18,3,1,16.0,12.168,12598.56,1053.0,0.0,0.0,0.0,91.2542372881356
519957,Rayan Talavadi,Vaghodia,22.369731,73.378642,0.0,1.37,4.58,92.5,12.15,140.4,Deccan Trap Basalt,Alluvial Loamy Soil,1.07,Alluvial Plain / Valley Fill,1067.8,0.0,0,0.592,0.212057504117311,592.0,Gentle,1597.0,336.0,24.67,2.442,654.0,66.26,59.91,1,1,15.0,13.0005,12973.77,1123.875,0.0,16.645500000000002,0.0,87.16734693877551
519948,Bhaupura,Vaghodia,22.379426,73.279252,0.0,9.29,4.02,97.5,13.05,150.8,Deccan Trap Basalt,Alluvial Loamy Soil,1.14,Alluvial Plain / Valley Fill,1087.6,0.001,0,0.615,0.22776546738526,615.0,Gentle,663.0,143.0,28.21,2.046,324.0,82.97,69.03,3,1,15.0,14.876999999999999,14193.18,1272.375,0.01305,121.2345,0.0,82.70722433460075
519951,Sakariya,Vaghodia,22.370251,73.321545,0.0,1.66,5.21,92.5,12.15,140.4,Deccan Trap Basalt,Alluvial Loamy Soil,1.07,Alluvial Plain / Valley Fill,1080.4,0.001,0,0.594,0.212057504117311,594.0,Gentle,654.0,163.0,62.84,1.546,423.0,86.73,65.57,2,1,12.0,13.0005,13126.86,1123.875,0.012150000000000001,20.169,0.0,88.19591836734695
519949,Kumetha,Vaghodia,22.36591,73.282281,0.0,4.52,3.48,90.0,12.15,140.4,Deccan Trap Basalt,Alluvial Loamy Soil,1.07,Alluvial Plain / Valley Fill,1082.2,0.0,0,0.594,0.212057504117311,594.0,Gentle,1595.0,298.0,18.06,2.058,775.0,84.39,61.16,2,1,12.0,13.0005,13148.730000000001,1093.5,0.0,54.918,0.0,88.34285714285714
519958,Morlipura,Vaghodia,22.361659,73.295115,0.0,2.54,5.09,100.0,13.5,156.0,Deccan Trap Basalt,Alluvial Loamy Soil,1.18,Alluvial Plain / Valley Fill,1084.0,0.0,0,0.625,0.2356194490192344,625.0,Gentle,993.0,209.0,17.72,2.52,394.0,84.99,85.63,2,1,9.0,15.93,14634.0,1350.0,0.0,34.29,0.0,79.70588235294117
519962,Raval,Vaghodia,22.347207,73.346467,0.0,2.18,4.6,100.0,13.5,156.0,Deccan Trap Basalt,Alluvial Loamy Soil,1.18,Alluvial Plain / Valley Fill,1093.0,0.0,0,0.627,0.2356194490192344,627.0,Gentle,2702.0,575.0,40.64,2.183,1238.0,79.82,100.0,3,1,9.0,15.93,14755.5,1350.0,0.0,29.430000000000003,0.0,80.36764705882354
519963,Sanoli,Vaghodia,22.346867,73.382726,0.0,0.19,6.39,100.0,13.05,150.8,Deccan Trap Basalt,Alluvial Loamy Soil,1.14,Alluvial Plain / Valley Fill,1084.0,0.0,0,0.615,0.22776546738526,615.0,Gentle,1202.0,250.0,50.42,1.164,1033.0,86.35,44.96,1,1,7.0,14.876999999999999,14146.2,1305.0,0.0,2.4795000000000003,0.0,82.43346007604562
519961,Nimetha,Vaghodia,22.346736,73.31377,0.0,0.0,7.36,102.5,13.95,161.2,Deccan Trap Basalt,Alluvial Loamy Soil,1.22,Alluvial Plain / Valley Fill,1087.6,0.05,0,0.637,0.2434734306532089,637.0,Gentle,2328.0,458.0,55.28,1.73,1346.0,91.23,75.47,2,1,12.0,17.019,15172.019999999999,1429.875,0.6975,0.0,0.0,77.40925266903915
519960,Jesangpura,Vaghodia,22.337236,73.288132,0.0,0.75,5.26,95.0,12.6,145.6,Deccan Trap Basalt,Alluvial Loamy Soil,1.11,Alluvial Plain / Valley Fill,1076.8,0.0,0,0.604,0.2199114857512855,604.0,Gentle,811.0,162.0,29.84,3.06,265.0,82.33,66.67,2,1,10.0,13.986,13567.679999999998,1197.0,0.0,9.45,0.0,84.78740157480316
519978,Chipad,Vaghodia,22.331109,73.336834,0.0,1.26,5.02,102.5,14.85,171.6,Deccan Trap Basalt,Alluvial Loamy Soil,1.29,Alluvial Plain / Valley Fill,1093.0,0.001,0,0.658,0.2591813939211579,658.0,Gentle,944.0,204.0,16.84,1.975,478.0,88.7,54.48,2,1,10.0,19.1565,16231.05,1522.125,0.01485,18.711,0.0,73.1103678929766
519984,Gajadra,Vaghodia,22.320324,73.360103,0.0,1.51,9.85,100.0,13.05,150.8,Deccan Trap Basalt,Alluvial Loamy Soil,1.14,Alluvial Plain / Valley Fill,1091.2,0.001,0,0.616,0.22776546738526,616.0,Gentle,1685.0,366.0,45.22,1.95,864.0,88.64,40.52,2,1,9.0,14.876999999999999,14240.160000000002,1305.0,0.01305,19.7055,0.0,82.9809885931559
519979,Navi Jambuvai,Vaghodia,22.331554,73.307663,0.0,1.67,5.86,92.5,12.15,140.4,Deccan Trap Basalt,Alluvial Loamy Soil,1.07,Alluvial Plain / Valley Fill,1082.2,0.0,0,0.594,0.212057504117311,594.0,Gentle,491.0,116.0,35.64,2.063,238.0,75.73,44.2,2,1,10.0,13.0005,13148.730000000001,1123.875,0.0,20.290499999999998,0.0,88.34285714285714
519959,Sikandarpura,Vaghodia,22.333964,73.270463,0.0,0.62,5.59,97.5,13.05,150.8,Deccan Trap Basalt,Alluvial Loamy Soil,1.14,Alluvial Plain / Valley Fill,1075.0,0.0,0,0.613,0.22776546738526,613.0,Gentle,2905.0,653.0,11.6,18.043,161.0,78.26,69.84,1,1,7.0,14.876999999999999,14028.75,1272.375,0.0,8.091000000000001,0.0,81.74904942965779
519982,Shripore Timbi,Vaghodia,22.316,73.300323,0.0,1.66,4.57,100.0,13.95,161.2,Deccan Trap Basalt,Alluvial Loamy Soil,1.22,Alluvial Plain / Valley Fill,1096.6,0.001,0,0.638,0.2434734306532089,638.0,Gentle,670.0,142.0,40.6,1.393,481.0,33.26,31.25,2,1,6.0,17.019,15297.569999999998,1395.0,0.013949999999999999,23.156999999999996,0.0,78.04982206405694
519977,Khandha,Vaghodia,22.325434,73.374753,0.0,1.94,6.37,97.5,13.05,150.8,Deccan Trap Basalt,Alluvial Loamy Soil,1.14,Alluvial Plain / Valley Fill,1093.0,0.0,0,0.616,0.22776546738526,616.0,Gentle,1128.0,223.0,52.3,2.93,385.0,90.58,15.29,2,1,6.0,14.876999999999999,14263.650000000001,1272.375,0.0,25.317,0.0,83.11787072243345
519976,Nava Ajva,Vaghodia,22.323725,73.395499,0.0,2.35,5.01,95.0,12.6,145.6,Deccan Trap Basalt,Alluvial Loamy Soil,1.11,Alluvial Plain / Valley Fill,1082.2,0.0,0,0.605,0.2199114857512855,605.0,Gentle,869.0,200.0,46.61,1.36,639.0,86.07,7.27,2,1,4.0,13.986,13635.72,1197.0,0.0,29.61,0.0,85.21259842519686
519980,Bakrol,Vaghodia,22.323132,73.284063,0.0,0.88,3.53,100.0,13.5,156.0,Deccan Trap Basalt,Alluvial Loamy Soil,1.18,Alluvial Plain / Valley Fill,1089.4,0.0,0,0.626,0.2356194490192344,626.0,Gentle,1017.0,190.0,49.26,1.496,680.0,90.88,50.16,2,1,6.0,15.93,14706.900000000001,1350.0,0.0,11.88,0.0,80.1029411764706
520006,Ropa,Vaghodia,22.267676,73.333045,0.0,2.31,4.62,92.5,12.15,140.4,Deccan Trap Basalt,Alluvial Loamy Soil,1.07,Alluvial Plain / Valley Fill,1100.2,0.001,0,0.596,0.212057504117311,596.0,Gentle,633.0,127.0,30.02,3.659,173.0,84.39,61.64,0,1,13.0,13.0005,13367.43,1123.875,0.012150000000000001,28.0665,0.0,89.81224489795919
519983,Bhadol Khurd,Vaghodia,22.318998,73.322901,0.0,0.0,5.02,105.0,13.95,161.2,Deccan Trap Basalt,Alluvial Loamy Soil,1.22,Alluvial Plain / Valley Fill,1093.0,0.001,0,0.637,0.2434734306532089,637.0,Gentle,458.0,101.0,22.27,2.091,219.0,89.95,51.27,2,1,11.0,17.019,15247.349999999999,1464.75,0.013949999999999999,0.0,0.0,77.79359430604983
519981,Hanumanpura,Vaghodia,22.315167,73.270079,0.0,0.0,5.58,92.5,12.15,140.4,Deccan Trap Basalt,Alluvial Loamy Soil,1.07,Alluvial Plain / Valley Fill,1091.2,0.0,0,0.595,0.212057504117311,595.0,Gentle,504.0,121.0,41.47,2.008,251.0,84.06,52.13,2,1,6.0,13.0005,13258.080000000002,1123.875,0.0,0.0,0.0,89.07755102040817
520000,Alva,Vaghodia,22.308185,73.32646,0.0,3.4,4.63,97.5,12.6,145.6,Deccan Trap Basalt,Alluvial Loamy Soil,1.11,Alluvial Plain / Valley Fill,1084.0,0.001,0,0.605,0.2199114857512855,605.0,Gentle,2066.0,415.0,22.07,3.183,649.0,87.5,70.55,2,1,10.0,13.986,13658.4,1228.5,0.0126,42.839999999999996,0.0,85.35433070866142
520001,Amodar,Vaghodia,22.298566,73.303627,0.0,1.19,4.76,102.5,13.95,161.2,Deccan Trap Basalt,Alluvial Loamy Soil,1.22,Alluvial Plain / Valley Fill,1076.8,0.001,0,0.635,0.2434734306532089,635.0,Gentle,1591.0,348.0,21.43,4.749,335.0,86.61,100.0,3,1,4.0,17.019,15021.359999999999,1429.875,0.013949999999999999,16.600499999999997,0.0,76.64056939501779
520007,Limda,Vaghodia,22.283762,73.362083,0.0,1.14,4.8,85.0,10.8,124.8,Quaternary Alluvium,Alluvial Loamy Soil,0.96,Alluvial Plain / Valley Fill,1094.8,0.001,0,0.564,0.1884955592153876,564.0,Gentle,2608.0,574.0,54.68,2.981,875.0,94.06,58.32,3,1,5.0,10.368,11823.84,918.0000000000001,0.0108,12.312,0.0,100.44036697247705
519999,Kamlapura,Vaghodia,22.287513,73.334125,0.0,1.38,4.5,92.5,12.15,140.4,Deccan Trap Basalt,Alluvial Loamy Soil,1.07,Alluvial Plain / Valley Fill,1087.6,0.001,0,0.595,0.212057504117311,595.0,Gentle,433.0,81.0,66.97,1.498,289.0,92.39,63.67,2,1,10.0,13.0005,13214.34,1123.875,0.012150000000000001,16.767,0.0,88.78367346938775
519998,Dattapura,Vaghodia,22.290134,73.350391,0.0,0.72,3.6,92.5,12.15,140.4,Deccan Trap Basalt,Alluvial Loamy Soil,1.07,Alluvial Plain / Valley Fill,1084.0,0.001,0,0.594,0.212057504117311,594.0,Gentle,40.0,10.0,50.0,0.305,131.0,74.82,48.08,1,0,6.0,13.0005,13170.6,1123.875,0.012150000000000001,8.748,0.0,88.48979591836735
520003,Pipaliya,Vaghodia,22.286007,73.31567,0.0,1.89,5.36,90.0,11.7,135.2,Quaternary Alluvium,Alluvial Loamy Soil,1.04,Alluvial Plain / Valley Fill,1076.8,0.001,0,0.583,0.2042035224833365,583.0,Gentle,1320.0,291.0,56.29,2.082,634.0,87.7,16.01,3,1,8.0,12.168,12598.56,1053.0,0.0117,22.112999999999996,0.0,91.2542372881356
520002,Pavlepur,Vaghodia,22.284299,73.289908,0.0,4.19,2.84,92.5,12.15,140.4,Deccan Trap Basalt,Alluvial Loamy Soil,1.07,Alluvial Plain / Valley Fill,1082.2,0.001,0,0.594,0.212057504117311,594.0,Gentle,1313.0,308.0,38.23,1.966,668.0,86.55,62.18,3,1,4.0,13.0005,13148.730000000001,1123.875,0.012150000000000001,50.908500000000004,0.0,88.34285714285714
520008,Madheli,Vaghodia,22.265344,73.374207,0.0,1.82,4.68,90.0,11.7,135.2,Quaternary Alluvium,Alluvial Loamy Soil,1.04,Alluvial Plain / Valley Fill,1098.4,0.001,0,0.586,0.2042035224833365,586.0,Gentle,2057.0,434.0,37.72,2.345,877.0,89.05,33.29,3,1,8.0,12.168,12851.28,1053.0,0.0117,21.294,0.0,93.08474576271188
520004,Umarva,Vaghodia,22.269155,73.310472,0.0,2.12,3.64,95.0,13.05,150.8,Deccan Trap Basalt,Alluvial Loamy Soil,1.14,Alluvial Plain / Valley Fill,1087.6,0.001,0,0.615,0.22776546738526,615.0,Gentle,1090.0,265.0,34.95,1.652,660.0,91.52,74.5,1,1,9.0,14.876999999999999,14193.18,1239.75,0.01305,27.666000000000004,0.0,82.70722433460075
520005,Mastupura,Vaghodia,22.258596,73.318803,0.0,2.53,6.33,92.5,12.15,140.4,Deccan Trap Basalt,Alluvial Loamy Soil,1.07,Alluvial Plain / Valley Fill,1100.2,0.0,0,0.596,0.212057504117311,596.0,Gentle,487.0,131.0,62.63,2.064,236.0,83.12,84.26,2,1,13.0,13.0005,13367.43,1123.875,0.0,30.7395,0.0,89.81224489795919
520019,Falod,Vaghodia,22.251891,73.393337,0.0,2.7,5.95,100.0,13.5,156.0,Deccan Trap Basalt,Alluvial Loamy Soil,1.18,Alluvial Plain / Valley Fill,1109.2,0.001,0,0.629,0.2356194490192344,629.0,Gentle,1903.0,422.0,23.7,5.143,370.0,85.41,47.47,2,1,8.0,15.93,14974.2,1350.0,0.0135,36.45,0.0,81.55882352941177
519927,Alamgir,Vadodara Rural,22.211725,73.197007,0.0,2.89,4.495,85.0,10.8,124.8,Quaternary Alluvium,Alluvial Loamy Soil,0.96,Alluvial Plain / Valley Fill,1085.8,0.0,0,0.563,0.1884955592153876,563.0,Gentle,0.0,0.0,,,0.0,,,0,0,0.0,10.368,11726.64,918.0000000000001,0.0,31.212000000000003,0.0,99.61467889908256
519906,Nandesari,Vadodara Rural,22.41435,73.095614,0.0,2.89,4.495,25.0,0.2,0.0,Quaternary Alluvium,Alluvial Loamy Soil,0.12,Alluvial Plain / Valley Fill,850.0,0.001,0,0.286,0.0034906585039886,286.0,Flat,8290.0,1717.0,,,0.0,,,0,0,0.0,0.024,170.0,5.0,0.0002,0.5780000000000001,0.0,2833.333333333333
519909,Bajwa,Vadodara Rural,22.366252,73.140935,0.0,2.89,4.495,25.0,0.2,0.0,Quaternary Alluvium,Alluvial Loamy Soil,0.12,Alluvial Plain / Valley Fill,850.0,0.001,0,0.286,0.0034906585039886,286.0,Flat,9611.0,1906.0,,,0.0,,,0,0,0.0,0.024,170.0,5.0,0.0002,0.5780000000000001,0.0,2833.333333333333
519907,Ranoli,Vadodara Rural,22.398552,73.131306,0.0,2.89,4.495,25.0,0.2,0.0,Quaternary Alluvium,Alluvial Loamy Soil,0.12,Alluvial Plain / Valley Fill,850.0,0.001,0,0.286,0.0034906585039886,286.0,Flat,11726.0,2511.0,,,0.0,,,0,0,0.0,0.024,170.0,5.0,0.0002,0.5780000000000001,0.0,2833.333333333333
519908,Karachiya,Vadodara Rural,22.379471,73.131637,0.0,2.89,4.495,25.0,0.2,0.0,Quaternary Alluvium,Alluvial Loamy Soil,0.12,Alluvial Plain / Valley Fill,850.0,0.001,0,0.286,0.0034906585039886,286.0,Flat,7103.0,1565.0,,,0.0,,,0,0,0.0,0.024,170.0,5.0,0.0002,0.5780000000000001,0.0,2833.333333333333
519910,Jawaharnagar Gujarat Refinery CT,Vadodara Rural,22.359056,73.132399,0.0,2.89,4.495,102.5,13.95,161.2,Deccan Trap Basalt,Alluvial Loamy Soil,1.22,Alluvial Plain / Valley Fill,1103.8,0.001,0,0.639,0.2434734306532089,639.0,Gentle,3417.0,884.0,,,0.0,,,0,0,0.0,17.019,15398.009999999998,1429.875,0.013949999999999999,40.3155,0.0,78.56227758007118
802593,Nandesari INA,Vadodara Rural,22.403717,73.104746,0.0,2.89,4.495,90.0,11.7,135.2,Quaternary Alluvium,Alluvial Loamy Soil,1.04,Alluvial Plain / Valley Fill,1105.6,0.001,0,0.587,0.2042035224833365,587.0,Gentle,3679.0,833.0,,,0.0,,,0,0,0.0,12.168,12935.519999999999,1053.0,0.0117,33.813,0.0,93.69491525423729
802595,GSFC Complex INA,Vadodara Rural,22.372328,73.152346,0.0,2.89,4.495,25.0,0.2,0.0,Quaternary Alluvium,Alluvial Loamy Soil,0.12,Alluvial Plain / Valley Fill,850.0,0.001,0,0.286,0.0034906585039886,286.0,Flat,2242.0,574.0,,,0.0,,,0,0,0.0,0.024,170.0,5.0,0.0002,0.5780000000000001,0.0,2833.333333333333
802594,Petro Chemical Complex INA,Vadodara Rural,22.389119,73.111768,0.0,2.89,4.495,25.0,0.2,0.0,Quaternary Alluvium,Alluvial Loamy Soil,0.12,Alluvial Plain / Valley Fill,850.0,0.001,0,0.286,0.0034906585039886,286.0,Flat,1951.0,603.0,,,0.0,,,0,0,0.0,0.024,170.0,5.0,0.0002,0.5780000000000001,0.0,2833.333333333333
519911,Undera,Vadodara Rural,22.343372,73.137039,0.0,2.89,4.495,25.0,0.2,0.0,Quaternary Alluvium,Alluvial Loamy Soil,0.12,Alluvial Plain / Valley Fill,850.0,0.001,0,0.286,0.0034906585039886,286.0,Flat,16902.0,3434.0,,,0.0,,,0,0,0.0,0.024,170.0,5.0,0.0002,0.5780000000000001,0.0,2833.333333333333
519919,Dasharath,Vadodara Rural,22.385983,73.157488,0.0,2.89,4.495,25.0,0.2,0.0,Quaternary Alluvium,Alluvial Loamy Soil,0.12,Alluvial Plain / Valley Fill,850.0,0.001,0,0.286,0.0034906585039886,286.0,Flat,0.0,0.0,,,0.0,,,0,0,0.0,0.024,170.0,5.0,0.0002,0.5780000000000001,0.0,2833.333333333333
999999,Sayaji Sarovar,Vaghodia,22.380487,73.406611,0.0,2.89,4.495,25.0,0.2,0.0,Quaternary Alluvium,Alluvial Loamy Soil,0.12,Alluvial Plain / Valley Fill,850.0,0.001,0,0.286,0.0034906585039886,286.0,Flat,0.0,0.0,,,0.0,,,0,0,0.0,0.024,170.0,5.0,0.0002,0.5780000000000001,0.0,2833.333333333333
519923,Gorva OG,Vadodara Rural,22.338225,73.15438,0.0,2.89,4.495,25.0,0.2,0.0,Quaternary Alluvium,Alluvial Loamy Soil,0.12,Alluvial Plain / Valley Fill,850.0,0.001,0,0.286,0.0034906585039886,286.0,Flat,0.0,0.0,,,0.0,,,0,0,0.0,0.024,170.0,5.0,0.0002,0.5780000000000001,0.0,2833.333333333333
519924,Sevasi,Vadodara Rural,22.306627,73.117423,0.0,2.89,4.495,102.5,13.95,161.2,Deccan Trap Basalt,Alluvial Loamy Soil,1.22,Alluvial Plain / Valley Fill,1098.4,0.001,0,0.638,0.2434734306532089,638.0,Gentle,0.0,0.0,,,0.0,,,0,0,0.0,17.019,15322.68,1429.875,0.013949999999999999,40.3155,0.0,78.1779359430605
519918,Kalali OG,Vadodara Rural,22.250808,73.16557,0.0,2.89,4.495,102.5,12.6,145.6,Deccan Trap Basalt,Alluvial Loamy Soil,1.11,Alluvial Plain / Valley Fill,1107.4,0.0,0,0.608,0.2199114857512855,608.0,Gentle,0.0,0.0,,,0.0,,,0,0,0.0,13.986,13953.240000000002,1291.5,0.0,36.414,0.0,87.1968503937008
519925,Bhayli,Vadodara Rural,22.281721,73.121784,0.0,2.89,4.495,100.0,13.5,156.0,Deccan Trap Basalt,Alluvial Loamy Soil,1.18,Alluvial Plain / Valley Fill,1107.4,0.001,0,0.629,0.2356194490192344,629.0,Gentle,0.0,0.0,,,0.0,,,0,0,0.0,15.93,14949.900000000001,1350.0,0.0135,39.015,0.0,81.4264705882353
519926,Bil,Vadodara Rural,22.248134,73.140536,0.0,2.89,4.495,90.0,11.7,135.2,Quaternary Alluvium,Alluvial Loamy Soil,1.04,Alluvial Plain / Valley Fill,1098.4,0.002,0,0.586,0.2042035224833365,586.0,Gentle,0.0,0.0,,,0.0,,,0,0,0.0,12.168,12851.28,1053.0,0.0234,33.813,0.0,93.08474576271188
519913,Karodiya OG,Vadodara Rural,22.349552,73.162735,0.0,2.89,4.495,25.0,0.2,0.0,Quaternary Alluvium,Alluvial Loamy Soil,0.12,Alluvial Plain / Valley Fill,850.0,0.001,0,0.286,0.0034906585039886,286.0,Flat,0.0,0.0,,,0.0,,,0,0,0.0,0.024,170.0,5.0,0.0002,0.5780000000000001,0.0,2833.333333333333
519912,Tarsali CT,Vadodara Rural,22.246946,73.229342,0.0,2.89,4.495,92.5,12.15,140.4,Deccan Trap Basalt,Alluvial Loamy Soil,1.07,Alluvial Plain / Valley Fill,1098.4,0.001,0,0.596,0.212057504117311,596.0,Gentle,4929.0,1081.0,,,0.0,,,0,0,0.0,13.0005,13345.560000000001,1123.875,0.012150000000000001,35.1135,0.0,89.66530612244898
520022,Jarod CT,Vaghodia,22.429672,73.332882,0.0,2.89,4.495,97.5,13.05,150.8,Deccan Trap Basalt,Alluvial Loamy Soil,1.14,Alluvial Plain / Valley Fill,1069.6,0.0,0,0.613,0.22776546738526,613.0,Gentle,7200.0,1601.0,,,0.0,,,0,0,0.0,14.876999999999999,13958.279999999999,1272.375,0.0,37.7145,0.0,81.33840304182509
520023,Vaghodia CT,Vaghodia,22.297497,73.39063,0.0,2.89,4.495,25.0,0.2,0.0,Quaternary Alluvium,Alluvial Loamy Soil,0.12,Alluvial Plain / Valley Fill,850.0,0.0,0,0.286,0.0034906585039886,286.0,Flat,16604.0,3604.0,,,0.0,,,0,0,0.0,0.024,170.0,5.0,0.0,0.5780000000000001,0.0,2833.333333333333
802598,Vaghodia INA,Vaghodia,22.311117,73.38898,0.0,2.89,4.495,97.5,13.05,150.8,Deccan Trap Basalt,Alluvial Loamy Soil,1.14,Alluvial Plain / Valley Fill,1087.6,0.001,0,0.615,0.22776546738526,615.0,Gentle,248.0,60.0,,,0.0,,,0,0,0.0,14.876999999999999,14193.18,1272.375,0.01305,37.7145,0.0,82.70722433460075
519921,Dumad,Vadodara Rural,22.376152,73.201184,0.0,2.89,4.495,87.5,11.25,130.0,Quaternary Alluvium,Alluvial Loamy Soil,1.0,Alluvial Plain / Valley Fill,1089.4,0.001,0,0.574,0.196349540849362,574.0,Gentle,0.0,0.0,,,0.0,,,0,0,0.0,11.25,12255.750000000002,984.375,0.01125,32.5125,0.0,95.98237885462557
519922,Vemali,Vadodara Rural,22.35407,73.209843,0.0,2.89,4.495,87.5,11.25,130.0,Quaternary Alluvium,Alluvial Loamy Soil,1.0,Alluvial Plain / Valley Fill,1105.6,0.001,0,0.577,0.196349540849362,577.0,Gentle,0.0,0.0,,,0.0,,,0,0,0.0,11.25,12437.999999999998,984.375,0.01125,32.5125,0.0,97.40969162995594
519916,Sayajipura OG,Vadodara Rural,22.325296,73.25876,0.0,2.89,4.495,25.0,0.2,0.0,Quaternary Alluvium,Alluvial Loamy Soil,0.12,Alluvial Plain / Valley Fill,850.0,0.0,0,0.286,0.0034906585039886,286.0,Flat,0.0,0.0,,,0.0,,,0,0,0.0,0.024,170.0,5.0,0.0,0.5780000000000001,0.0,2833.333333333333
519917,Bapod OG,Vadodara Rural,22.299225,73.259733,0.0,2.89,4.495,85.0,10.8,124.8,Quaternary Alluvium,Alluvial Loamy Soil,0.96,Alluvial Plain / Valley Fill,1089.4,0.0,0,0.564,0.1884955592153876,564.0,Gentle,0.0,0.0,,,0.0,,,0,0,0.0,10.368,11765.520000000002,918.0000000000001,0.0,31.212000000000003,0.0,99.94495412844037
519914,Harni OG,Vadodara Rural,22.344634,73.257466,0.0,2.89,4.495,95.0,12.6,145.6,Deccan Trap Basalt,Alluvial Loamy Soil,1.11,Alluvial Plain / Valley Fill,1100.2,0.0,0,0.607,0.2199114857512855,607.0,Gentle,0.0,0.0,,,0.0,,,0,0,0.0,13.986,13862.52,1197.0,0.0,36.414,0.0,86.62992125984253
520943,Bamboj,Dabhoi,22.211975,73.457983,3.88,4.6,5.18,92.5,12.15,140.4,Deccan Trap Basalt,Deep Black Cotton Soil,1.07,Alluvial Plain / Valley Fill,1094.8,0.001,0,0.59,0.212057504117311,590.0,Gentle,1331.0,289.0,33.66,1.915,695.0,86.33,83.33,2,0,20.0,13.0005,13301.82,1123.875,0.012150000000000001,55.89,0.316734693877551,89.37142857142857
520945,Lunadra,Dabhoi,22.206681,73.479518,4.96,0.0,4.96,95.0,13.05,150.8,Deccan Trap Basalt,Deep Black Cotton Soil,1.14,Alluvial Plain / Valley Fill,1093.0,0.001,0,0.608,0.22776546738526,608.0,Gentle,245.0,55.0,71.02,1.017,241.0,85.12,51.46,2,1,17.0,14.876999999999999,14263.650000000001,1239.75,0.01305,0.0,0.37718631178707224,83.11787072243345
520942,Naranpura,Dabhoi,22.204176,73.42546,0.0,11.43,6.67,95.0,13.05,150.8,Deccan Trap Basalt,Deep Black Cotton Soil,1.14,Alluvial Plain / Valley Fill,1089.4,0.001,0,0.615,0.22776546738526,615.0,Gentle,180.0,41.0,6.67,1.714,105.0,81.9,100.0,2,0,7.0,14.876999999999999,14216.670000000002,1239.75,0.01305,149.16150000000002,0.0,82.84410646387833
520946,Simaliya,Dabhoi,22.19153,73.482411,12.04,2.14,4.59,92.5,12.15,140.4,Deccan Trap Basalt,Deep Black Cotton Soil,1.07,Alluvial Plain / Valley Fill,1091.2,0.0,0,0.577,0.212057504117311,577.0,Gentle,3180.0,669.0,61.01,3.245,980.0,81.22,100.0,3,0,12.0,13.0005,13258.080000000002,1123.875,0.0,26.001,0.9828571428571428,89.07755102040817
520947,Sunvalja,Dabhoi,22.193872,73.456124,4.26,3.1,5.81,97.5,13.05,150.8,Deccan Trap Basalt,Deep Black Cotton Soil,1.14,Alluvial Plain / Valley Fill,1096.6,0.001,0,0.61,0.22776546738526,610.0,Gentle,492.0,100.0,12.8,1.907,258.0,86.82,100.0,2,0,7.0,14.876999999999999,14310.63,1272.375,0.01305,40.455000000000005,0.3239543726235741,83.39163498098858
520941,Karalipura,Dabhoi,22.196452,73.417099,0.0,2.5,0.83,95.0,12.6,145.6,Deccan Trap Basalt,Deep Black Cotton Soil,1.11,Alluvial Plain / Valley Fill,1087.6,0.001,0,0.605,0.2199114857512855,605.0,Gentle,306.0,71.0,83.01,2.55,120.0,90.0,74.07,2,0,10.0,13.986,13703.759999999998,1197.0,0.0126,31.5,0.0,85.63779527559055
520948,Dangiwada,Dabhoi,22.186472,73.434297,4.37,4.57,5.2,87.5,11.25,130.0,Quaternary Alluvium,Deep Black Cotton Soil,1.0,Alluvial Plain / Valley Fill,1098.4,0.001,0,0.569,0.196349540849362,569.0,Gentle,737.0,160.0,43.83,1.532,481.0,85.86,75.06,2,2,7.0,11.25,12357.000000000002,984.375,0.01125,51.4125,0.38502202643171807,96.77533039647578
520965,Gopalpura,Dabhoi,22.169907,73.49663,0.0,0.0,0.0,25.0,0.2,0.0,Quaternary Alluvium,Deep Black Cotton Soil,0.12,Alluvial Plain / Valley Fill,850.0,0.05,0,0.286,0.0034906585039886,286.0,Flat,517.0,107.0,74.27,1.119,462.0,100.0,86.58,3,2,14.0,0.024,170.0,5.0,0.010000000000000002,0.0,0.0,2833.333333333333
520950,Vasaipura,Dabhoi,22.178906,73.405451,6.21,5.08,4.52,87.5,12.15,140.4,Deccan Trap Basalt,Deep Black Cotton Soil,1.07,Alluvial Plain / Valley Fill,1096.6,0.001,0,0.587,0.212057504117311,587.0,Gentle,534.0,120.0,11.24,3.017,177.0,84.18,95.97,3,0,6.0,13.0005,13323.689999999999,1063.125,0.012150000000000001,61.722,0.506938775510204,89.51836734693877
520949,Pragpura,Dabhoi,22.180934,73.423394,5.06,3.89,7.39,87.5,11.7,135.2,Quaternary Alluvium,Deep Black Cotton Soil,1.04,Alluvial Plain / Valley Fill,1103.8,0.001,0,0.58,0.2042035224833365,580.0,Gentle,425.0,93.0,75.29,1.66,256.0,83.66,100.0,2,1,7.0,12.168,12914.46,1023.7499999999999,0.0117,45.513,0.4288135593220339,93.54237288135593
520964,Akotadar,Dabhoi,22.17537,73.463987,0.0,15.21,4.63,87.5,11.25,130.0,Quaternary Alluvium,Deep Black Cotton Soil,1.0,Alluvial Plain / Valley Fill,1085.8,0.001,0,0.574,0.196349540849362,574.0,Gentle,1395.0,266.0,92.9,2.306,605.0,80.17,82.47,2,2,8.0,11.25,12215.25,984.375,0.01125,171.1125,0.0,95.66519823788546
520963,Pansoli,Dabhoi,22.166243,73.452333,0.0,5.45,4.81,87.5,11.7,135.2,Quaternary Alluvium,Deep Black Cotton Soil,1.04,Alluvial Plain / Valley Fill,1084.0,0.0,0,0.584,0.2042035224833365,584.0,Gentle,2213.0,425.0,72.39,2.878,769.0,87.14,37.26,3,2,9.0,12.168,12682.8,1023.7499999999999,0.0,63.765,0.0,91.86440677966102
520962,Morpura,Dabhoi,22.16282,73.420509,7.59,3.8,5.06,87.5,11.25,130.0,Quaternary Alluvium,Deep Black Cotton Soil,1.0,Alluvial Plain / Valley Fill,1085.8,0.0,0,0.562,0.196349540849362,562.0,Gentle,492.0,95.0,48.37,6.15,80.0,83.54,100.0,2,0,5.0,11.25,12215.25,984.375,0.0,42.75,0.6687224669603524,95.66519823788546
520966,Vadhvana,Dabhoi,22.150349,73.491283,0.0,34.19,3.73,92.5,12.15,140.4,Deccan Trap Basalt,Deep Black Cotton Soil,1.07,Alluvial Plain / Valley Fill,1091.2,0.001,0,0.595,0.212057504117311,595.0,Gentle,1357.0,301.0,50.33,1.744,778.0,62.08,100.0,1,1,8.0,13.0005,13258.080000000002,1123.875,0.012150000000000001,415.4085,0.0,89.07755102040817
520967,Samsherpura,Dabhoi,22.150824,73.481159,0.0,12.37,3.09,92.5,12.15,140.4,Deccan Trap Basalt,Deep Black Cotton Soil,1.07,Alluvial Plain / Valley Fill,1105.6,0.0,0,0.597,0.212057504117311,597.0,Gentle,383.0,93.0,99.48,3.948,97.0,84.54,100.0,1,0,7.0,13.0005,13433.039999999999,1123.875,0.0,150.2955,0.0,90.25306122448978
520968,Kukad,Dabhoi,22.143096,73.46806,10.72,1.68,5.03,92.5,12.15,140.4,Deccan Trap Basalt,Deep Black Cotton Soil,1.07,Alluvial Plain / Valley Fill,1093.0,0.0,0,0.579,0.212057504117311,579.0,Gentle,1501.0,278.0,57.63,2.514,597.0,82.58,60.85,2,0,4.0,13.0005,13279.95,1123.875,0.0,20.412,0.8751020408163266,89.22448979591837
520969,Timbi,Dabhoi,22.15226,73.418344,0.0,4.1,8.61,85.0,10.8,124.8,Quaternary Alluvium,Deep Black Cotton Soil,0.96,Alluvial Plain / Valley Fill,1100.2,0.0,0,0.565,0.1884955592153876,565.0,Gentle,1001.0,204.0,62.74,4.102,244.0,87.3,53.99,3,1,3.0,10.368,11882.160000000002,918.0000000000001,0.0,44.28,0.0,100.93577981651376
520970,Tarsana,Dabhoi,22.143425,73.407585,0.0,5.09,5.79,87.5,11.7,135.2,Quaternary Alluvium,Deep Black Cotton Soil,1.04,Alluvial Plain / Valley Fill,1091.2,0.0,0,0.585,0.2042035224833365,585.0,Gentle,1108.0,228.0,48.19,2.565,432.0,84.26,100.0,3,2,3.0,12.168,12767.039999999999,1023.7499999999999,0.0,59.553,0.0,92.47457627118645
520944,Amreshwar,Dabhoi,22.227089,73.472862,3.3,2.61,5.39,97.5,13.05,150.8,Deccan Trap Basalt,Deep Black Cotton Soil,1.14,Alluvial Plain / Valley Fill,1096.6,0.001,0,0.611,0.22776546738526,611.0,Gentle,788.0,212.0,46.83,1.373,574.0,86.96,50.0,2,0,17.0,14.876999999999999,14310.63,1272.375,0.01305,34.0605,0.2509505703422053,83.39163498098858
519975,Madodhar,Vaghodia,22.324726,73.419003,0.0,10.24,5.01,97.5,13.05,150.8,Deccan Trap Basalt,Alluvial Loamy Soil,1.14,Alluvial Plain / Valley Fill,1080.4,0.0,0,0.614,0.22776546738526,614.0,Gentle,4634.0,984.0,28.85,5.048,918.0,84.31,50.26,3,1,2.0,14.876999999999999,14099.220000000001,1272.375,0.0,133.632,0.0,82.1596958174905
519974,Sangadol,Vaghodia,22.317903,73.442354,0.0,1.06,5.19,92.5,12.15,140.4,Deccan Trap Basalt,Alluvial Loamy Soil,1.07,Alluvial Plain / Valley Fill,1089.4,0.0,0,0.595,0.212057504117311,595.0,Gentle,2626.0,561.0,27.38,2.65,991.0,89.51,59.17,2,1,5.0,13.0005,13236.210000000001,1123.875,0.0,12.879000000000001,0.0,88.93061224489797
519971,Chipat,Vaghodia,22.326852,73.514534,0.0,11.34,1.03,87.5,11.25,130.0,Quaternary Alluvium,Alluvial Loamy Soil,1.0,Alluvial Plain / Valley Fill,1080.4,0.0,0,0.573,0.196349540849362,573.0,Gentle,408.0,76.0,14.46,4.206,97.0,86.6,47.62,2,1,13.0,11.25,12154.500000000002,984.375,0.0,127.575,0.0,95.18942731277534
520012,Kachhota,Vaghodia,22.265121,73.51416,0.0,0.0,0.0,102.5,13.95,161.2,Deccan Trap Basalt,Alluvial Loamy Soil,1.22,Alluvial Plain / Valley Fill,1118.2,0.001,0,0.641,0.2434734306532089,641.0,Gentle,263.0,70.0,34.6,0.892,295.0,95.25,71.17,2,1,14.0,17.019,15598.89,1429.875,0.013949999999999999,0.0,0.0,79.58718861209965
519988,Vedpur,Vaghodia,22.312013,73.529351,27.28,7.45,0.84,85.0,11.25,130.0,Quaternary Alluvium,Alluvial Loamy Soil,1.0,Alluvial Plain / Valley Fill,1093.0,0.0,0,0.534,0.196349540849362,534.0,Gentle,1603.0,343.0,18.4,1.929,831.0,60.34,100.0,2,1,16.0,11.25,12296.25,956.25,0.0,83.8125,2.40352422907489,96.29955947136564
519986,Ghodadra,Vaghodia,22.305494,73.459221,0.0,9.76,6.69,100.0,13.5,156.0,Deccan Trap Basalt,Alluvial Loamy Soil,1.18,Alluvial Plain / Valley Fill,1094.8,0.001,0,0.627,0.2356194490192344,627.0,Gentle,1564.0,323.0,38.94,2.833,552.0,82.46,43.86,2,1,5.0,15.93,14779.8,1350.0,0.0135,131.76,0.0,80.5
519987,Asha,Vaghodia,22.308156,73.496906,13.04,1.74,3.04,90.0,11.7,135.2,Quaternary Alluvium,Alluvial Loamy Soil,1.04,Alluvial Plain / Valley Fill,1075.0,0.0,0,0.564,0.2042035224833365,564.0,Gentle,336.0,87.0,47.62,1.455,231.0,80.43,0.0,2,1,10.0,12.168,12577.5,1053.0,0.0,20.357999999999997,1.105084745762712,91.10169491525424
519989,Moti Manekpur,Vaghodia,22.298435,73.531655,3.03,0.0,7.18,87.5,11.25,130.0,Quaternary Alluvium,Alluvial Loamy Soil,1.0,Alluvial Plain / Valley Fill,1080.4,0.0,0,0.569,0.196349540849362,569.0,Gentle,806.0,158.0,23.95,1.288,626.0,73.52,100.0,2,1,18.0,11.25,12154.500000000002,984.375,0.0,0.0,0.2669603524229075,95.18942731277534
519993,Vasvel,Vaghodia,22.296555,73.472661,0.0,2.59,17.63,92.5,12.15,140.4,Deccan Trap Basalt,Alluvial Loamy Soil,1.07,Alluvial Plain / Valley Fill,1091.2,0.0,0,0.595,0.212057504117311,595.0,Gentle,1880.0,436.0,50.11,2.321,810.0,74.85,49.42,2,1,6.0,13.0005,13258.080000000002,1123.875,0.0,31.4685,0.0,89.07755102040817
519992,Saidal,Vaghodia,22.286926,73.50285,15.69,0.0,0.0,95.0,12.6,145.6,Deccan Trap Basalt,Alluvial Loamy Soil,1.11,Alluvial Plain / Valley Fill,1093.0,0.0,0,0.583,0.2199114857512855,583.0,Gentle,1792.0,358.0,60.32,1.939,924.0,70.78,61.16,2,1,11.0,13.986,13771.8,1197.0,0.0,0.0,1.2354330708661418,86.06299212598425
519985,Timbi,Vaghodia,22.299284,73.418253,0.0,0.54,4.32,97.5,13.05,150.8,Deccan Trap Basalt,Alluvial Loamy Soil,1.14,Alluvial Plain / Valley Fill,1091.2,0.001,0,0.616,0.22776546738526,616.0,Gentle,685.0,148.0,13.43,3.703,185.0,85.41,63.92,3,1,2.0,14.876999999999999,14240.160000000002,1272.375,0.01305,7.047000000000001,0.0,82.9809885931559
519996,Dankheda,Vaghodia,22.286677,73.436341,0.0,10.43,9.13,95.0,12.6,145.6,Deccan Trap Basalt,Alluvial Loamy Soil,1.11,Alluvial Plain / Valley Fill,1112.8,0.001,0,0.609,0.2199114857512855,609.0,Gentle,794.0,161.0,50.76,3.452,230.0,77.83,35.2,3,1,12.0,13.986,14021.279999999999,1197.0,0.0126,131.418,0.0,87.62204724409449
519990,Nani Manekpur,Vaghodia,22.288167,73.543629,0.0,0.0,3.51,97.5,13.95,161.2,Deccan Trap Basalt,Alluvial Loamy Soil,1.22,Alluvial Plain / Valley Fill,1094.8,0.0,0,0.638,0.2434734306532089,638.0,Gentle,207.0,46.0,44.44,3.632,57.0,87.72,100.0,2,1,18.0,17.019,15272.46,1360.125,0.0,0.0,0.0,77.92170818505339
519997,Tavra,Vaghodia,22.286469,73.417679,0.0,1.73,4.76,97.5,13.05,150.8,Deccan Trap Basalt,Alluvial Loamy Soil,1.14,Alluvial Plain / Valley Fill,1093.0,0.001,0,0.616,0.22776546738526,616.0,Gentle,1427.0,290.0,35.88,3.089,462.0,88.53,51.34,2,1,2.0,14.876999999999999,14263.650000000001,1272.375,0.01305,22.5765,0.0,83.11787072243345
519994,Chandpur,Vaghodia,22.285523,73.475938,0.0,0.94,17.69,100.0,13.5,156.0,Deccan Trap Basalt,Alluvial Loamy Soil,1.18,Alluvial Plain / Valley Fill,1123.6,0.0,0,0.631,0.2356194490192344,631.0,Gentle,378.0,85.0,61.9,1.109,341.0,38.44,48.47,2,1,12.0,15.93,15168.599999999999,1350.0,0.0,12.69,0.0,82.61764705882352
520013,Rustampura,Vaghodia,22.276456,73.536888,0.0,13.15,7.04,100.0,13.5,156.0,Deccan Trap Basalt,Alluvial Loamy Soil,1.18,Alluvial Plain / Valley Fill,1096.6,0.001,0,0.627,0.2356194490192344,627.0,Gentle,1460.0,288.0,60.07,6.822,214.0,70.89,72.85,2,1,16.0,15.93,14804.099999999999,1350.0,0.0135,177.525,0.0,80.63235294117646
519995,Ambali,Vaghodia,22.278101,73.446408,0.0,5.99,5.72,97.5,13.05,150.8,Deccan Trap Basalt,Alluvial Loamy Soil,1.14,Alluvial Plain / Valley Fill,1076.8,0.001,0,0.614,0.22776546738526,614.0,Gentle,934.0,206.0,35.01,2.42,386.0,84.74,70.1,3,1,9.0,14.876999999999999,14052.24,1272.375,0.01305,78.16950000000001,0.0,81.88593155893535
520010,Gugalpur,Vaghodia,22.267272,73.467115,0.0,13.8,5.33,95.0,13.05,150.8,Deccan Trap Basalt,Alluvial Loamy Soil,1.14,Alluvial Plain / Valley Fill,1109.2,0.0,0,0.618,0.22776546738526,618.0,Gentle,448.0,105.0,50.89,1.085,413.0,76.03,63.69,3,1,7.0,14.876999999999999,14475.060000000001,1239.75,0.0,180.09000000000003,0.0,84.34980988593156
520009,Vejalpur,Vaghodia,22.27193,73.405579,0.0,1.9,5.46,95.0,12.6,145.6,Deccan Trap Basalt,Alluvial Loamy Soil,1.11,Alluvial Plain / Valley Fill,1089.4,0.001,0,0.606,0.2199114857512855,606.0,Gentle,1589.0,346.0,38.77,3.765,422.0,85.27,58.22,1,1,5.0,13.986,13726.44,1197.0,0.0126,23.939999999999998,0.0,85.77952755905513
520011,Khervadi,Vaghodia,22.262781,73.483262,0.0,0.75,1.89,100.0,13.5,156.0,Deccan Trap Basalt,Alluvial Loamy Soil,1.18,Alluvial Plain / Valley Fill,1112.8,0.0,0,0.629,0.2356194490192344,629.0,Gentle,1207.0,253.0,70.17,2.273,531.0,90.19,62.76,3,1,10.0,15.93,15022.8,1350.0,0.0,10.125,0.0,81.82352941176471
520018,Vyara,Vaghodia,22.252538,73.422919,0.0,10.33,6.04,90.0,12.6,145.6,Deccan Trap Basalt,Alluvial Loamy Soil,1.11,Alluvial Plain / Valley Fill,1080.4,0.001,0,0.604,0.2199114857512855,604.0,Gentle,4994.0,1097.0,63.42,2.198,2272.0,82.07,92.64,2,1,7.0,13.986,13613.04,1134.0,0.0126,130.158,0.0,85.0708661417323
520014,Ghoda,Vaghodia,22.264944,73.528892,0.0,0.0,3.67,107.5,14.85,171.6,Deccan Trap Basalt,Alluvial Loamy Soil,1.29,Alluvial Plain / Valley Fill,1112.8,0.001,0,0.661,0.2591813939211579,661.0,Gentle,554.0,116.0,3.97,2.541,218.0,83.94,100.0,2,1,17.0,19.1565,16525.079999999998,1596.375,0.01485,0.0,0.0,74.43478260869566
520015,Nurpuri,Vaghodia,22.255319,73.516521,0.0,0.0,0.0,102.5,13.05,150.8,Deccan Trap Basalt,Alluvial Loamy Soil,1.14,Alluvial Plain / Valley Fill,1112.8,0.001,0,0.619,0.22776546738526,619.0,Gentle,356.0,86.0,4.21,1.29,276.0,98.91,64.1,3,1,20.0,14.876999999999999,14522.04,1337.625,0.01305,0.0,0.0,84.62357414448668
520016,Tarsva,Vaghodia,22.247893,73.482445,0.0,1.54,6.52,97.5,13.05,150.8,Deccan Trap Basalt,Alluvial Loamy Soil,1.14,Alluvial Plain / Valley Fill,1105.6,0.0,0,0.618,0.22776546738526,618.0,Gentle,1537.0,276.0,57.64,1.392,1104.0,88.13,55.5,3,1,13.0,14.876999999999999,14428.08,1272.375,0.0,20.097,0.0,84.07604562737642
520017,Jambuwada,Vaghodia,22.235421,73.446638,0.0,2.78,5.01,97.5,13.05,150.8,Deccan Trap Basalt,Alluvial Loamy Soil,1.14,Alluvial Plain / Valley Fill,1098.4,0.001,0,0.617,0.22776546738526,617.0,Gentle,1233.0,281.0,77.45,1.715,719.0,83.45,71.67,2,1,11.0,14.876999999999999,14334.120000000003,1272.375,0.01305,36.278999999999996,0.0,83.52851711026616
520020,Antoli,Vaghodia,22.221961,73.417043,0.0,5.88,10.55,90.0,11.7,135.2,Quaternary Alluvium,Alluvial Loamy Soil,1.04,Alluvial Plain / Valley Fill,1084.0,0.001,0,0.584,0.2042035224833365,584.0,Gentle,1292.0,303.0,56.73,2.239,577.0,76.82,51.8,2,1,15.0,12.168,12682.8,1053.0,0.0117,68.79599999999999,0.0,91.86440677966102
520021,Karamliya Pura,Vaghodia,22.217807,73.437697,0.0,5.61,14.19,90.0,11.7,135.2,Quaternary Alluvium,Alluvial Loamy Soil,1.04,Alluvial Plain / Valley Fill,1082.2,0.001,0,0.584,0.2042035224833365,584.0,Gentle,1336.0,275.0,69.39,2.201,607.0,77.39,85.29,2,1,12.0,12.168,12661.74,1053.0,0.0117,65.637,0.0,91.71186440677967
519991,Koba,Vaghodia,22.284556,73.521797,56.82,0.0,0.65,97.5,13.5,156.0,Deccan Trap Basalt,Alluvial Loamy Soil,1.18,Alluvial Plain / Valley Fill,1080.4,0.001,0,0.54,0.2356194490192344,540.0,Gentle,0.0,0.0,,0.0,307.0,38.64,100.0,0,0,15.0,15.93,14585.400000000001,1316.25,0.0135,0.0,4.177941176470588,79.44117647058825
519940,Adiran,Vaghodia,22.436866,73.411595,0.0,2.33,4.93,92.5,12.15,140.4,Deccan Trap Basalt,Alluvial Loamy Soil,1.07,Alluvial Plain / Valley Fill,1082.2,0.0,0,0.594,0.212057504117311,594.0,Gentle,2423.0,518.0,12.34,3.139,772.0,86.51,60.12,1,1,18.0,13.0005,13148.730000000001,1123.875,0.0,28.309500000000003,0.0,88.34285714285714
519955,Navgam,Vaghodia,22.407331,73.435575,0.0,19.61,4.17,97.5,12.6,145.6,Deccan Trap Basalt,Alluvial Loamy Soil,1.11,Alluvial Plain / Valley Fill,1071.4,0.0,0,0.603,0.2199114857512855,603.0,Gentle,1353.0,312.0,22.91,3.324,407.0,72.06,100.0,3,1,20.0,13.986,13499.640000000001,1228.5,0.0,247.08599999999998,0.0,84.36220472440947
519941,Karmasiya Kheda,Vaghodia,22.410759,73.412333,0.0,0.31,4.36,92.5,12.15,140.4,Deccan Trap Basalt,Alluvial Loamy Soil,1.07,Alluvial Plain / Valley Fill,1075.0,0.001,0,0.593,0.212057504117311,593.0,Gentle,3574.0,728.0,22.19,1.212,2948.0,30.34,34.25,2,1,20.0,13.0005,13061.25,1123.875,0.012150000000000001,3.7665,0.0,87.75510204081633
519956,Gutal,Vaghodia,22.373695,73.447886,0.0,2.28,12.83,92.5,12.15,140.4,Deccan Trap Basalt,Alluvial Loamy Soil,1.07,Alluvial Plain / Valley Fill,1096.6,0.0,0,0.596,0.212057504117311,596.0,Gentle,3767.0,770.0,21.79,2.207,1707.0,80.96,84.15,3,1,9.0,13.0005,13323.689999999999,1123.875,0.0,27.701999999999998,0.0,89.51836734693877
519964,Juna Rampura,Vaghodia,22.3582,73.410424,0.0,3.56,2.91,105.0,14.4,166.4,Deccan Trap Basalt,Alluvial Loamy Soil,1.25,Alluvial Plain / Valley Fill,1093.0,0.0,0,0.647,0.2513274122871834,647.0,Gentle,1280.0,269.0,56.25,4.142,309.0,93.53,29.07,2,1,8.0,18.0,15739.2,1512.0,0.0,51.264,0.0,75.37931034482759
519967,Dundelav,Vaghodia,22.347733,73.465353,0.0,4.93,1.35,97.5,13.05,150.8,Deccan Trap Basalt,Alluvial Loamy Soil,1.14,Alluvial Plain / Valley Fill,1069.6,0.001,0,0.613,0.22776546738526,613.0,Gentle,599.0,117.0,40.73,2.674,224.0,81.17,16.57,2,1,9.0,14.876999999999999,13958.279999999999,1272.375,0.01305,64.3365,0.0,81.33840304182509
519973,Goraj,Vaghodia,22.332591,73.47929,0.0,7.07,5.25,97.5,13.05,150.8,Deccan Trap Basalt,Alluvial Loamy Soil,1.14,Alluvial Plain / Valley Fill,1100.2,0.001,0,0.617,0.22776546738526,617.0,Gentle,5093.0,1073.0,42.67,3.564,1429.0,76.28,77.06,2,1,10.0,14.876999999999999,14357.61,1272.375,0.01305,92.26350000000001,0.0,83.66539923954373
519965,Nava Rampura,Vaghodia,22.344775,73.408848,0.0,4.09,4.83,97.5,13.05,150.8,Deccan Trap Basalt,Alluvial Loamy Soil,1.14,Alluvial Plain / Valley Fill,1093.0,0.0,0,0.616,0.22776546738526,616.0,Gentle,608.0,123.0,13.82,2.252,270.0,91.08,55.1,2,1,4.0,14.876999999999999,14263.650000000001,1272.375,0.0,53.3745,0.0,83.11787072243345
519966,Vesaniya,Vaghodia,22.342325,73.438877,0.0,1.42,10.66,100.0,13.5,156.0,Deccan Trap Basalt,Alluvial Loamy Soil,1.18,Alluvial Plain / Valley Fill,1080.4,0.0,0,0.625,0.2356194490192344,625.0,Gentle,1007.0,224.0,4.77,2.358,427.0,81.52,14.53,3,1,7.0,15.93,14585.400000000001,1350.0,0.0,19.169999999999998,0.0,79.44117647058825
519968,Valva,Vaghodia,22.342418,73.503181,0.0,12.34,2.13,92.5,12.15,140.4,Deccan Trap Basalt,Alluvial Loamy Soil,1.07,Alluvial Plain / Valley Fill,1094.8,0.001,0,0.596,0.212057504117311,596.0,Gentle,700.0,151.0,20.57,2.767,253.0,81.28,41.88,2,1,12.0,13.0005,13301.82,1123.875,0.012150000000000001,149.931,0.0,89.37142857142857
519969,Hamirpuri,Vaghodia,22.339955,73.525062,0.0,15.07,9.59,95.0,12.6,145.6,Deccan Trap Basalt,Alluvial Loamy Soil,1.11,Alluvial Plain / Valley Fill,1082.2,0.0,0,0.605,0.2199114857512855,605.0,Gentle,127.0,32.0,64.57,1.74,73.0,73.97,55.56,2,1,12.0,13.986,13635.72,1197.0,0.0,189.882,0.0,85.21259842519686
519970,Dharola,Vaghodia,22.334722,73.546397,79.97,1.05,0.0,97.5,11.7,135.2,Quaternary Alluvium,Alluvial Loamy Soil,1.04,Alluvial Plain / Valley Fill,1071.4,0.05,0,0.463,0.2042035224833365,463.0,Gentle,283.0,60.0,27.56,0.493,574.0,17.77,49.02,2,1,15.0,12.168,12535.380000000001,1140.75,0.585,12.285,6.777118644067797,90.79661016949154
519972,Gambhirpura,Vaghodia,22.333731,73.521104,0.0,6.25,12.5,92.5,12.15,140.4,Deccan Trap Basalt,Alluvial Loamy Soil,1.07,Alluvial Plain / Valley Fill,1084.0,0.0,0,0.594,0.212057504117311,594.0,Gentle,711.0,137.0,35.3,8.887,80.0,76.25,54.1,2,1,13.0,13.0005,13170.6,1123.875,0.0,75.9375,0.0,88.48979591836735
519768,Wankaner,Savli,22.552458,73.177017,0.0,3.53,5.97,92.5,11.7,135.2,Quaternary Alluvium,Alluvial Loamy Soil,1.04,Alluvial Plain / Valley Fill,1066.0,0.001,0,0.582,0.2042035224833365,582.0,Gentle,8770.0,1598.0,7.17,5.344,1641.0,67.7,72.97,2,2,5.0,12.168,12472.199999999999,1082.25,0.0117,41.300999999999995,0.0,90.33898305084746
519787,Bhadarva,Savli,22.510437,73.129922,0.0,8.16,20.92,105.0,14.4,166.4,Deccan Trap Basalt,Alluvial Loamy Soil,1.25,Alluvial Plain / Valley Fill,1082.2,0.001,0,0.646,0.2513274122871834,646.0,Gentle,5951.0,1253.0,7.14,11.02,540.0,57.09,37.27,2,2,12.0,18.0,15583.68,1512.0,0.014400000000000001,117.504,0.0,74.63448275862069
519794,Ranipura B,Savli,22.50843,73.174065,0.0,0.0,0.0,100.0,12.6,145.6,Deccan Trap Basalt,Alluvial Loamy Soil,1.11,Alluvial Plain / Valley Fill,1076.8,0.001,0,0.604,0.2199114857512855,604.0,Gentle,482.0,96.0,0.0,0.699,690.0,7.04,72.22,2,0,10.0,13.986,13567.679999999998,1260.0,0.0126,0.0,0.0,84.78740157480316
519790,Khandi,Savli,22.499195,73.100319,0.0,19.83,11.57,97.5,12.15,140.4,Deccan Trap Basalt,Alluvial Loamy Soil,1.07,Alluvial Plain / Valley Fill,1080.4,0.001,0,0.594,0.212057504117311,594.0,Gentle,1467.0,300.0,0.95,13.216,111.0,50.41,32.79,2,0,19.0,13.0005,13126.86,1184.625,0.012150000000000001,240.93449999999999,0.0,88.19591836734695
519789,Jalampura,Savli,22.502329,73.105973,0.0,16.85,11.24,97.5,13.5,156.0,Deccan Trap Basalt,Alluvial Loamy Soil,1.18,Alluvial Plain / Valley Fill,1071.4,0.001,0,0.624,0.2356194490192344,624.0,Gentle,837.0,163.0,0.0,4.756,176.0,62.92,33.93,2,2,17.0,15.93,14463.900000000001,1316.25,0.0135,227.47500000000002,0.0,78.77941176470588
519792,Raniya,Savli,22.495709,73.133102,0.0,0.62,4.46,107.5,14.85,171.6,Deccan Trap Basalt,Alluvial Loamy Soil,1.29,Alluvial Plain / Valley Fill,1076.8,0.001,0,0.656,0.2591813939211579,656.0,Gentle,3279.0,705.0,10.95,4.822,680.0,86.0,53.67,2,2,13.0,19.1565,15990.48,1596.375,0.01485,9.206999999999999,0.0,72.02675585284281
519793,Mahapura,Savli,22.495327,73.160927,0.0,0.85,4.27,105.0,14.4,166.4,Deccan Trap Basalt,Alluvial Loamy Soil,1.25,Alluvial Plain / Valley Fill,1078.6,0.0,0,0.645,0.2513274122871834,645.0,Gentle,694.0,139.0,2.74,5.832,119.0,86.32,79.21,2,1,14.0,18.0,15531.839999999998,1512.0,0.0,12.24,0.0,74.38620689655171
519810,Anjesar,Savli,22.480895,73.17266,0.0,3.19,5.07,90.0,11.7,135.2,Quaternary Alluvium,Alluvial Loamy Soil,1.04,Alluvial Plain / Valley Fill,1071.4,0.001,0,0.583,0.2042035224833365,583.0,Gentle,2334.0,438.0,14.4,4.387,532.0,81.99,17.16,2,1,12.0,12.168,12535.380000000001,1053.0,0.0117,37.323,0.0,90.79661016949154
519791,Poicha Raniya,Savli,22.475894,73.114821,0.0,3.9,5.07,95.0,12.15,140.4,Deccan Trap Basalt,Alluvial Loamy Soil,1.07,Alluvial Plain / Valley Fill,1084.0,0.0,0,0.594,0.212057504117311,594.0,Gentle,2945.0,590.0,20.92,3.83,769.0,84.79,47.55,2,1,16.0,13.0005,13170.6,1154.25,0.0,47.385,0.0,88.48979591836735
519811,Moksi,Savli,22.468066,73.147281,0.0,0.0,2.75,97.5,13.05,150.8,Deccan Trap Basalt,Alluvial Loamy Soil,1.14,Alluvial Plain / Valley Fill,1073.2,0.001,0,0.613,0.22776546738526,613.0,Gentle,5706.0,1248.0,8.53,4.775,1195.0,87.97,60.02,2,2,22.0,14.876999999999999,14005.260000000002,1272.375,0.01305,0.0,0.0,81.61216730038024
519786,Bahidhara Alias Natvarnagar,Savli,22.512292,73.159483,0.0,24.7,0.0,100.0,14.4,166.4,Deccan Trap Basalt,Alluvial Loamy Soil,1.25,Alluvial Plain / Valley Fill,1075.0,0.001,0,0.645,0.2513274122871834,645.0,Gentle,3711.0,712.0,4.28,3.383,1097.0,68.46,46.13,2,0,10.0,18.0,15480.0,1440.0,0.014400000000000001,355.68,0.0,74.13793103448276
519788,Parthampura Khandi,Savli,22.511161,73.118198,0.0,20.31,14.77,92.5,12.15,140.4,Deccan Trap Basalt,Alluvial Loamy Soil,1.07,Alluvial Plain / Valley Fill,1073.2,0.001,0,0.593,0.212057504117311,593.0,Gentle,898.0,195.0,17.15,2.906,309.0,54.46,40.11,2,2,15.0,13.0005,13039.380000000001,1123.875,0.012150000000000001,246.76649999999998,0.0,87.60816326530613
519824,Dodka,Vadodara Rural,22.455062,73.112726,0.0,6.09,22.46,90.0,12.15,140.4,Deccan Trap Basalt,Alluvial Loamy Soil,1.07,Alluvial Plain / Valley Fill,1093.0,0.0,0,0.595,0.212057504117311,595.0,Gentle,3724.0,716.0,5.91,4.836,770.0,60.35,26.91,2,2,9.0,13.0005,13279.95,1093.5,0.0,73.9935,0.0,89.22448979591837
519827,Vasna Kotariya,Vadodara Rural,22.447266,73.154772,0.0,3.61,7.03,97.5,13.05,150.8,Deccan Trap Basalt,Alluvial Loamy Soil,1.14,Alluvial Plain / Valley Fill,1062.4,0.001,0,0.612,0.22776546738526,612.0,Gentle,3974.0,796.0,5.23,7.964,499.0,74.1,43.36,2,2,10.0,14.876999999999999,13864.320000000002,1272.375,0.01305,47.1105,0.0,80.79087452471484
519747,Ankaliya,Savli,22.616419,73.377167,0.0,4.74,0.9,97.5,13.05,150.8,Deccan Trap Basalt,Alluvial Loamy Soil,1.14,Alluvial Plain / Valley Fill,1075.0,0.001,0,0.613,0.22776546738526,613.0,Gentle,1067.0,240.0,21.37,2.409,443.0,88.71,76.34,2,1,12.0,14.876999999999999,14028.75,1272.375,0.01305,61.857000000000006,0.0,81.74904942965779
519756,Lachhanpura,Savli,22.614795,73.22513,0.0,40.89,0.0,87.5,11.25,130.0,Quaternary Alluvium,Alluvial Loamy Soil,1.0,Alluvial Plain / Valley Fill,1078.6,0.001,0,0.573,0.196349540849362,573.0,Gentle,1201.0,252.0,14.32,4.882,246.0,56.28,71.94,2,0,9.0,11.25,12134.249999999998,984.375,0.01125,460.0125,0.0,95.03083700440529
519750,Mevli,Savli,22.614616,73.329978,0.0,14.99,5.8,95.0,12.6,145.6,Deccan Trap Basalt,Alluvial Loamy Soil,1.11,Alluvial Plain / Valley Fill,1075.0,0.002,0,0.604,0.2199114857512855,604.0,Gentle,3775.0,755.0,7.42,4.135,913.0,72.87,69.97,2,0,13.0,13.986,13545.0,1197.0,0.0252,188.874,0.0,84.64566929133859
519748,Dhantej,Savli,22.597216,73.356397,0.0,5.03,5.09,95.0,12.6,145.6,Deccan Trap Basalt,Alluvial Loamy Soil,1.11,Alluvial Plain / Valley Fill,1109.2,0.001,0,0.608,0.2199114857512855,608.0,Gentle,5470.0,1173.0,11.81,3.438,1591.0,84.4,55.81,2,1,16.0,13.986,13975.92,1197.0,0.0126,63.378,0.0,87.33858267716536
519795,Namisara,Savli,22.515105,73.189227,0.0,2.46,1.95,85.0,11.25,130.0,Quaternary Alluvium,Alluvial Loamy Soil,1.0,Alluvial Plain / Valley Fill,1076.8,0.001,0,0.573,0.196349540849362,573.0,Gentle,2102.0,476.0,14.03,2.158,974.0,87.47,76.53,2,0,9.0,11.25,12114.0,956.25,0.01125,27.675,0.0,94.87224669603525
519734,Latva,Desar,22.667525,73.366624,0.0,0.0,0.0,87.5,11.25,130.0,Quaternary Alluvium,Alluvial Loamy Soil,1.0,Alluvial Plain / Valley Fill,1078.6,0.001,0,0.573,0.196349540849362,573.0,Gentle,1635.0,348.0,3.55,5.125,319.0,76.25,39.34,2,0,12.0,11.25,12134.249999999998,984.375,0.01125,0.0,0.0,95.03083700440529
519724,Bhila,Desar,22.666808,73.359725,0.0,43.9,0.0,90.0,11.7,135.2,Quaternary Alluvium,Alluvial Loamy Soil,1.04,Alluvial Plain / Valley Fill,1069.6,0.001,0,0.582,0.2042035224833365,582.0,Gentle,325.0,80.0,0.0,2.642,123.0,52.03,46.88,2,0,13.0,12.168,12514.319999999998,1053.0,0.0117,513.63,0.0,90.64406779661017
519730,Vansiya,Desar,22.664588,73.398534,0.0,2.32,0.0,87.5,11.25,130.0,Quaternary Alluvium,Alluvial Loamy Soil,1.0,Alluvial Plain / Valley Fill,1078.6,0.001,0,0.573,0.196349540849362,573.0,Gentle,1144.0,256.0,4.11,4.417,259.0,77.99,44.06,2,1,19.0,11.25,12134.249999999998,984.375,0.01125,26.099999999999998,0.0,95.03083700440529
519722,Vaghanu Muvadu,Desar,22.657829,73.337583,0.0,64.97,0.0,90.0,11.25,130.0,Quaternary Alluvium,Alluvial Loamy Soil,1.0,Alluvial Plain / Valley Fill,1087.6,0.002,0,0.574,0.196349540849362,574.0,Gentle,361.0,84.0,1.66,1.823,198.0,33.5,75.76,3,0,14.0,11.25,12235.499999999998,1012.5,0.0225,730.9125,0.0,95.8237885462555
519721,Gorsan,Desar,22.66062,73.317646,0.0,23.53,0.0,85.0,11.25,130.0,Quaternary Alluvium,Alluvial Loamy Soil,1.0,Alluvial Plain / Valley Fill,1076.8,0.002,0,0.573,0.196349540849362,573.0,Gentle,717.0,136.0,0.0,3.515,204.0,72.06,100.0,3,0,18.0,11.25,12114.0,956.25,0.0225,264.71250000000003,0.0,94.87224669603525
519720,Shihora,Desar,22.657088,73.2868,0.0,44.57,0.4,90.0,11.7,135.2,Quaternary Alluvium,Alluvial Loamy Soil,1.04,Alluvial Plain / Valley Fill,1062.4,0.003,0,0.581,0.2042035224833365,581.0,Gentle,6021.0,1208.0,7.64,4.848,1242.0,44.01,91.41,3,0,15.0,12.168,12430.08,1053.0,0.0351,521.4689999999999,0.0,90.03389830508476
519733,Limdi,Desar,22.654626,73.385685,0.0,7.82,0.0,90.0,11.7,135.2,Quaternary Alluvium,Alluvial Loamy Soil,1.04,Alluvial Plain / Valley Fill,1084.0,0.001,0,0.584,0.2042035224833365,584.0,Gentle,960.0,188.0,14.69,2.682,358.0,87.99,67.94,2,0,8.0,12.168,12682.8,1053.0,0.0117,91.494,0.0,91.86440677966102
519731,Ghanta,Desar,22.65819,73.403154,0.0,28.24,0.0,87.5,10.8,124.8,Quaternary Alluvium,Alluvial Loamy Soil,0.96,Alluvial Plain / Valley Fill,1078.6,0.001,0,0.562,0.1884955592153876,562.0,Gentle,163.0,32.0,0.0,0.639,255.0,69.02,43.18,2,0,11.0,10.368,11648.88,945.0000000000001,0.0108,304.992,0.0,98.95412844036696
519738,Nhara,Savli,22.646613,73.312436,0.0,39.89,0.0,90.0,11.7,135.2,Quaternary Alluvium,Alluvial Loamy Soil,1.04,Alluvial Plain / Valley Fill,1066.0,0.002,0,0.582,0.2042035224833365,582.0,Gentle,2460.0,477.0,0.24,6.631,371.0,57.41,52.11,3,0,14.0,12.168,12472.199999999999,1053.0,0.0234,466.71299999999997,0.0,90.33898305084746
519732,Andrakhiya,Desar,22.650172,73.392421,0.0,9.63,0.0,90.0,11.7,135.2,Quaternary Alluvium,Alluvial Loamy Soil,1.04,Alluvial Plain / Valley Fill,1075.0,0.002,0,0.583,0.2042035224833365,583.0,Gentle,574.0,99.0,23.52,3.053,188.0,87.17,61.35,2,0,7.0,12.168,12577.5,1053.0,0.0234,112.671,0.0,91.10169491525424
519737,Gutardi,Savli,22.642703,73.334373,0.0,23.7,0.0,87.5,11.25,130.0,Quaternary Alluvium,Alluvial Loamy Soil,1.0,Alluvial Plain / Valley Fill,1058.8,0.001,0,0.57,0.196349540849362,570.0,Gentle,1726.0,345.0,10.43,3.332,518.0,67.82,45.74,2,0,22.0,11.25,11911.5,984.375,0.01125,266.625,0.0,93.2863436123348
519736,Sandhasal,Desar,22.644957,73.351477,0.0,0.0,9.03,92.5,12.15,140.4,Deccan Trap Basalt,Alluvial Loamy Soil,1.07,Alluvial Plain / Valley Fill,1078.6,0.001,0,0.593,0.212057504117311,593.0,Gentle,4248.0,900.0,12.29,5.323,798.0,79.05,74.6,2,1,20.0,13.0005,13104.99,1123.875,0.012150000000000001,0.0,0.0,88.04897959183673
519735,Vav,Desar,22.641302,73.3653,0.0,0.0,0.0,95.0,13.05,150.8,Deccan Trap Basalt,Alluvial Loamy Soil,1.14,Alluvial Plain / Valley Fill,1093.0,0.001,0,0.616,0.22776546738526,616.0,Gentle,1145.0,249.0,0.0,4.811,238.0,93.78,40.76,2,0,8.0,14.876999999999999,14263.650000000001,1239.75,0.01305,0.0,0.0,83.11787072243345
519740,Ajabpura,Savli,22.641095,73.26504,0.0,48.09,0.0,90.0,12.15,140.4,Deccan Trap Basalt,Alluvial Loamy Soil,1.07,Alluvial Plain / Valley Fill,1071.4,0.003,0,0.592,0.212057504117311,592.0,Gentle,2222.0,459.0,0.0,2.92,761.0,49.41,74.47,3,0,12.0,13.0005,13017.510000000002,1093.5,0.03645,584.2935000000001,0.0,87.46122448979592
519741,Amarapura,Savli,22.630837,73.247017,0.0,30.47,0.0,87.5,11.25,130.0,Quaternary Alluvium,Alluvial Loamy Soil,1.0,Alluvial Plain / Valley Fill,1084.0,0.002,0,0.574,0.196349540849362,574.0,Gentle,2071.0,454.0,3.43,3.711,558.0,46.77,45.98,3,0,10.0,11.25,12195.0,984.375,0.0225,342.78749999999997,0.0,95.50660792951543
519745,Zumkha,Savli,22.628964,73.320551,0.0,16.86,0.0,95.0,12.6,145.6,Deccan Trap Basalt,Alluvial Loamy Soil,1.11,Alluvial Plain / Valley Fill,1071.4,0.002,0,0.603,0.2199114857512855,603.0,Gentle,1164.0,220.0,24.57,4.583,254.0,80.0,60.29,2,0,16.0,13.986,13499.640000000001,1197.0,0.0252,212.43599999999998,0.0,84.36220472440947
519746,Dipapura,Savli,22.627892,73.344346,0.0,12.62,0.0,92.5,11.7,135.2,Quaternary Alluvium,Alluvial Loamy Soil,1.04,Alluvial Plain / Valley Fill,1057.0,0.001,0,0.58,0.2042035224833365,580.0,Gentle,1022.0,216.0,22.02,3.395,301.0,79.73,62.5,2,0,14.0,12.168,12366.9,1082.25,0.0117,147.65399999999997,0.0,89.57627118644069
519751,Vitoj,Savli,22.612199,73.311078,0.0,7.06,19.06,92.5,12.15,140.4,Deccan Trap Basalt,Alluvial Loamy Soil,1.07,Alluvial Plain / Valley Fill,1103.8,0.001,0,0.597,0.212057504117311,597.0,Gentle,1667.0,320.0,3.0,3.922,425.0,71.76,49.18,2,1,11.0,13.0005,13411.17,1123.875,0.012150000000000001,85.779,0.0,90.10612244897959
519742,Kalupura,Savli,22.620001,73.252806,42.2,19.27,0.0,90.0,11.7,135.2,Quaternary Alluvium,Alluvial Loamy Soil,1.04,Alluvial Plain / Valley Fill,1073.2,0.002,0,0.52,0.2042035224833365,520.0,Gentle,91.0,22.0,38.46,0.835,109.0,37.61,48.78,3,0,13.0,12.168,12556.44,1053.0,0.0234,225.45899999999997,3.5762711864406787,90.9491525423729
519749,Narpura,Savli,22.612873,73.347288,0.0,0.0,0.0,102.5,13.95,161.2,Deccan Trap Basalt,Alluvial Loamy Soil,1.22,Alluvial Plain / Valley Fill,1091.2,0.002,0,0.637,0.2434734306532089,637.0,Gentle,624.0,134.0,19.87,9.455,66.0,80.3,75.47,2,0,16.0,17.019,15222.24,1429.875,0.027899999999999998,0.0,0.0,77.66548042704628
519752,Samantpura,Savli,22.610941,73.290607,0.0,27.91,0.0,92.5,13.05,150.8,Deccan Trap Basalt,Alluvial Loamy Soil,1.14,Alluvial Plain / Valley Fill,1066.0,0.001,0,0.612,0.22776546738526,612.0,Gentle,30.0,9.0,0.0,0.233,129.0,67.44,68.97,2,0,10.0,14.876999999999999,13911.300000000001,1207.125,0.01305,364.2255,0.0,81.06463878326996
519757,Rupankui,Savli,22.603019,73.212801,0.0,34.99,0.0,90.0,11.25,130.0,Quaternary Alluvium,Alluvial Loamy Soil,1.0,Alluvial Plain / Valley Fill,1078.6,0.001,0,0.573,0.196349540849362,573.0,Gentle,1963.0,428.0,0.66,3.367,583.0,59.52,72.05,2,0,7.0,11.25,12134.249999999998,1012.5,0.01125,393.63750000000005,0.0,95.03083700440529
519755,Rasawadi,Savli,22.606542,73.250407,0.0,0.61,4.91,92.5,11.7,135.2,Quaternary Alluvium,Alluvial Loamy Soil,1.04,Alluvial Plain / Valley Fill,1066.0,0.001,0,0.582,0.2042035224833365,582.0,Gentle,1152.0,243.0,3.73,7.067,163.0,82.82,74.07,3,0,7.0,12.168,12472.199999999999,1082.25,0.0117,7.137,0.0,90.33898305084746
519753,Gangadiyapura,Savli,22.602837,73.281439,0.0,0.0,0.0,90.0,11.7,135.2,Quaternary Alluvium,Alluvial Loamy Soil,1.04,Alluvial Plain / Valley Fill,1064.2,0.001,0,0.582,0.2042035224833365,582.0,Gentle,416.0,100.0,7.21,4.522,92.0,89.01,75.31,2,0,9.0,12.168,12451.14,1053.0,0.0117,0.0,0.0,90.18644067796612
519760,Dungrapura,Savli,22.599649,73.324299,0.0,8.14,0.0,92.5,12.15,140.4,Deccan Trap Basalt,Alluvial Loamy Soil,1.07,Alluvial Plain / Valley Fill,1075.0,0.001,0,0.593,0.212057504117311,593.0,Gentle,358.0,95.0,0.0,0.307,1168.0,68.72,87.28,2,1,7.0,13.0005,13061.25,1123.875,0.012150000000000001,98.90100000000001,0.0,87.75510204081633
519758,Kanoda,Savli,22.596876,73.199142,0.0,32.64,0.0,87.5,11.25,130.0,Quaternary Alluvium,Alluvial Loamy Soil,1.0,Alluvial Plain / Valley Fill,1062.4,0.001,0,0.571,0.196349540849362,571.0,Gentle,4854.0,1074.0,2.35,8.398,578.0,60.45,85.71,2,0,5.0,11.25,11952.000000000002,984.375,0.01125,367.2,0.0,93.6035242290749
519759,Rasulpur,Savli,22.594845,73.232122,0.0,0.5,0.0,87.5,10.8,124.8,Quaternary Alluvium,Alluvial Loamy Soil,0.96,Alluvial Plain / Valley Fill,1082.2,0.0,0,0.563,0.1884955592153876,563.0,Gentle,1466.0,306.0,15.69,3.674,399.0,87.5,71.14,3,1,5.0,10.368,11687.760000000002,945.0000000000001,0.0,5.4,0.0,99.28440366972477
519763,Vasanpura,Savli,22.584223,73.309628,0.0,2.39,4.78,92.5,12.15,140.4,Deccan Trap Basalt,Alluvial Loamy Soil,1.07,Alluvial Plain / Valley Fill,1064.2,0.001,0,0.591,0.212057504117311,591.0,Gentle,920.0,220.0,6.96,1.013,908.0,79.78,86.1,2,0,7.0,13.0005,12930.03,1123.875,0.012150000000000001,29.038500000000003,0.0,86.87346938775511
519766,Poicha Kanoda,Savli,22.583638,73.180915,0.0,15.25,0.28,87.5,11.25,130.0,Quaternary Alluvium,Alluvial Loamy Soil,1.0,Alluvial Plain / Valley Fill,1078.6,0.001,0,0.573,0.196349540849362,573.0,Gentle,5020.0,1046.0,1.25,4.731,1061.0,66.67,84.87,3,0,5.0,11.25,12134.249999999998,984.375,0.01125,171.5625,0.0,95.03083700440529
519764,Muval,Savli,22.578348,73.26441,0.0,1.26,9.9,25.0,0.2,0.0,Quaternary Alluvium,Alluvial Loamy Soil,0.12,Alluvial Plain / Valley Fill,850.0,0.0,0,0.286,0.0034906585039886,286.0,Flat,1873.0,425.0,46.93,1.024,1829.0,69.37,100.0,2,2,3.0,0.024,170.0,5.0,0.0,0.252,0.0,2833.333333333333
519761,Tulsipura,Savli,22.567101,73.363504,0.0,4.21,4.89,95.0,12.6,145.6,Deccan Trap Basalt,Alluvial Loamy Soil,1.11,Alluvial Plain / Valley Fill,1067.8,0.001,0,0.603,0.2199114857512855,603.0,Gentle,1344.0,278.0,37.5,1.287,1044.0,83.62,60.14,2,0,14.0,13.986,13454.279999999999,1197.0,0.0126,53.046,0.0,84.07874015748031
519762,Kamalpura,Savli,22.574665,73.339106,0.0,1.14,5.04,90.0,11.7,135.2,Quaternary Alluvium,Alluvial Loamy Soil,1.04,Alluvial Plain / Valley Fill,1076.8,0.001,0,0.583,0.2042035224833365,583.0,Gentle,607.0,122.0,53.54,0.987,615.0,91.06,69.11,2,0,16.0,12.168,12598.56,1053.0,0.0117,13.337999999999997,0.0,91.2542372881356
519767,Mevaliapura,Savli,22.571804,73.181615,0.0,0.0,11.11,92.5,12.15,140.4,Deccan Trap Basalt,Alluvial Loamy Soil,1.07,Alluvial Plain / Valley Fill,1075.0,0.001,0,0.593,0.212057504117311,593.0,Gentle,1130.0,205.0,0.44,10.367,109.0,83.33,66.67,2,0,6.0,13.0005,13061.25,1123.875,0.012150000000000001,0.0,0.0,87.75510204081633
519765,Sardarpura,Savli,22.567424,73.196341,0.0,0.0,5.43,95.0,12.6,145.6,Deccan Trap Basalt,Alluvial Loamy Soil,1.11,Alluvial Plain / Valley Fill,1082.2,0.05,0,0.605,0.2199114857512855,605.0,Gentle,526.0,118.0,2.28,5.717,92.0,90.22,60.24,2,0,5.0,13.986,13635.72,1197.0,0.63,0.0,0.0,85.21259842519686
519771,Moti Bhadol,Savli,22.548218,73.316037,0.0,0.77,8.94,90.0,11.7,135.2,Quaternary Alluvium,Alluvial Loamy Soil,1.04,Alluvial Plain / Valley Fill,1066.0,0.0,0,0.582,0.2042035224833365,582.0,Gentle,1557.0,346.0,16.18,1.719,906.0,90.29,77.14,3,0,11.0,12.168,12472.199999999999,1053.0,0.0,9.009,0.0,90.33898305084746
519770,Charanpura,Savli,22.561883,73.301134,0.0,0.0,2.38,95.0,12.6,145.6,Deccan Trap Basalt,Alluvial Loamy Soil,1.11,Alluvial Plain / Valley Fill,1075.0,0.05,0,0.604,0.2199114857512855,604.0,Gentle,930.0,195.0,4.52,2.209,421.0,95.48,94.76,2,0,8.0,13.986,13545.0,1197.0,0.63,0.0,0.0,84.64566929133859
519769,Javla,Savli,22.552921,73.254503,0.0,0.23,4.76,92.5,13.05,150.8,Deccan Trap Basalt,Alluvial Loamy Soil,1.14,Alluvial Plain / Valley Fill,1080.4,0.001,0,0.614,0.22776546738526,614.0,Gentle,781.0,176.0,26.76,0.885,882.0,80.39,14.39,3,1,1.0,14.876999999999999,14099.220000000001,1207.125,0.01305,3.0015000000000005,0.0,82.1596958174905
519772,Vadiya K,Savli,22.55089,73.339853,0.0,0.0,0.0,92.5,12.15,140.4,Deccan Trap Basalt,Alluvial Loamy Soil,1.07,Alluvial Plain / Valley Fill,1071.4,0.0,0,0.592,0.212057504117311,592.0,Gentle,1396.0,317.0,17.48,2.441,572.0,76.36,57.34,3,0,13.0,13.0005,13017.510000000002,1123.875,0.0,0.0,0.0,87.46122448979592
519784,Gothada,Savli,22.535905,73.224501,0.0,0.82,6.2,85.0,10.8,124.8,Quaternary Alluvium,Alluvial Loamy Soil,0.96,Alluvial Plain / Valley Fill,1073.2,0.001,0,0.561,0.1884955592153876,561.0,Gentle,9347.0,1902.0,7.57,3.821,2446.0,83.07,74.17,3,0,2.0,10.368,11590.560000000001,918.0000000000001,0.0108,8.856,0.0,98.45871559633028
519782,Sherpura,Savli,22.546389,73.290402,0.0,0.79,1.88,95.0,12.6,145.6,Deccan Trap Basalt,Alluvial Loamy Soil,1.11,Alluvial Plain / Valley Fill,1084.0,0.0,0,0.605,0.2199114857512855,605.0,Gentle,1461.0,315.0,14.58,1.442,1013.0,94.08,98.64,3,0,7.0,13.986,13658.4,1197.0,0.0,9.954,0.0,85.35433070866142
519773,Mal Ankaliya,Savli,22.546901,73.358528,0.0,0.4,5.0,85.0,10.8,124.8,Quaternary Alluvium,Alluvial Loamy Soil,0.96,Alluvial Plain / Valley Fill,1071.4,0.0,0,0.561,0.1884955592153876,561.0,Gentle,1007.0,228.0,13.11,2.018,499.0,88.6,73.36,3,0,18.0,10.368,11571.120000000003,918.0000000000001,0.0,4.32,0.0,98.29357798165138
519774,Kambola,Savli,22.539939,73.389336,0.0,0.0,5.07,85.0,10.35,119.6,Quaternary Alluvium,Alluvial Loamy Soil,0.93,Alluvial Plain / Valley Fill,1066.0,0.05,0,0.551,0.1806415775814131,551.0,Gentle,985.0,227.0,35.84,1.561,631.0,89.54,75.22,3,2,22.0,9.6255,11033.1,879.75,0.5175,0.0,0.0,102.00956937799043
519779,Ranipura Samlaya,Savli,22.52818,73.342841,0.0,11.76,33.33,92.5,12.15,140.4,Deccan Trap Basalt,Alluvial Loamy Soil,1.07,Alluvial Plain / Valley Fill,1071.4,0.0,0,0.592,0.212057504117311,592.0,Gentle,2038.0,451.0,2.06,19.98,102.0,54.9,53.57,3,1,17.0,13.0005,13017.510000000002,1123.875,0.0,142.88400000000001,0.0,87.46122448979592
519780,Nani Bhadol,Savli,22.522203,73.317746,0.0,1.26,5.05,87.5,11.7,135.2,Quaternary Alluvium,Alluvial Loamy Soil,1.04,Alluvial Plain / Valley Fill,1069.6,0.0,0,0.582,0.2042035224833365,582.0,Gentle,1465.0,345.0,28.33,1.54,951.0,72.87,72.15,2,0,12.0,12.168,12514.319999999998,1023.7499999999999,0.0,14.741999999999999,0.0,90.64406779661017
519783,Karachiya,Savli,22.526843,73.263858,0.0,1.52,5.03,92.5,12.15,140.4,Deccan Trap Basalt,Alluvial Loamy Soil,1.07,Alluvial Plain / Valley Fill,1075.0,0.001,0,0.593,0.212057504117311,593.0,Gentle,1387.0,287.0,5.98,2.114,656.0,65.24,72.43,3,0,6.0,13.0005,13061.25,1123.875,0.012150000000000001,18.468,0.0,87.75510204081633
519781,Samlaya,Savli,22.523995,73.290581,0.0,0.64,0.56,92.5,12.15,140.4,Deccan Trap Basalt,Alluvial Loamy Soil,1.07,Alluvial Plain / Valley Fill,1071.4,0.001,0,0.592,0.212057504117311,592.0,Gentle,2232.0,469.0,14.52,1.876,1190.0,88.5,63.64,2,2,10.0,13.0005,13017.510000000002,1123.875,0.012150000000000001,7.776000000000001,0.0,87.46122448979592
519785,Ranchhodpura,Savli,22.532442,73.183961,0.0,0.0,0.0,97.5,12.6,145.6,Deccan Trap Basalt,Alluvial Loamy Soil,1.11,Alluvial Plain / Valley Fill,1080.4,0.0,0,0.604,0.2199114857512855,604.0,Gentle,1569.0,289.0,0.0,12.552,125.0,85.6,100.0,2,0,7.0,13.986,13613.04,1228.5,0.0,0.0,0.0,85.0708661417323
519777,Mudhela,Savli,22.50827,73.397671,0.0,2.93,0.93,95.0,12.6,145.6,Deccan Trap Basalt,Alluvial Loamy Soil,1.11,Alluvial Plain / Valley Fill,1082.2,0.001,0,0.605,0.2199114857512855,605.0,Gentle,734.0,159.0,21.12,1.173,626.0,69.6,66.96,2,1,7.0,13.986,13635.72,1197.0,0.0126,36.918,0.0,85.21259842519686
519778,Ghantiyal,Savli,22.517542,73.377275,0.0,0.15,4.57,95.0,12.6,145.6,Deccan Trap Basalt,Alluvial Loamy Soil,1.11,Alluvial Plain / Valley Fill,1080.4,0.0,0,0.604,0.2199114857512855,604.0,Gentle,1385.0,311.0,13.43,2.037,680.0,90.71,78.05,2,1,23.0,13.986,13613.04,1197.0,0.0,1.89,0.0,85.0708661417323
519796,Bautha,Savli,22.511578,73.213664,0.0,6.07,5.83,87.5,11.25,130.0,Quaternary Alluvium,Alluvial Loamy Soil,1.0,Alluvial Plain / Valley Fill,1078.6,0.001,0,0.573,0.196349540849362,573.0,Gentle,1541.0,321.0,14.41,3.74,412.0,80.58,87.35,2,1,6.0,11.25,12134.249999999998,984.375,0.01125,68.28750000000001,0.0,95.03083700440529
519798,Pasva,Savli,22.501273,73.255812,0.0,2.94,5.12,87.5,11.25,130.0,Quaternary Alluvium,Alluvial Loamy Soil,1.0,Alluvial Plain / Valley Fill,1087.6,0.001,0,0.574,0.196349540849362,574.0,Gentle,1155.0,235.0,28.4,1.477,782.0,87.72,51.17,2,0,8.0,11.25,12235.499999999998,984.375,0.01125,33.075,0.0,95.8237885462555
519799,Mota Motipura,Savli,22.504195,73.273909,0.0,0.44,0.0,87.5,11.7,135.2,Quaternary Alluvium,Alluvial Loamy Soil,1.04,Alluvial Plain / Valley Fill,1076.8,0.001,0,0.583,0.2042035224833365,583.0,Gentle,312.0,77.0,33.01,0.689,453.0,91.63,60.1,3,1,10.0,12.168,12598.56,1023.7499999999999,0.0117,5.148,0.0,91.2542372881356
519802,Lotna,Savli,22.504372,73.36037,0.0,2.26,4.53,95.0,12.6,145.6,Deccan Trap Basalt,Alluvial Loamy Soil,1.11,Alluvial Plain / Valley Fill,1064.2,0.0,0,0.602,0.2199114857512855,602.0,Gentle,1669.0,335.0,43.14,3.149,530.0,89.62,68.35,2,2,10.0,13.986,13408.92,1197.0,0.0,28.475999999999996,0.0,83.79527559055119
519801,Gangadiya,Savli,22.505454,73.33713,0.0,1.99,4.4,97.5,13.05,150.8,Deccan Trap Basalt,Alluvial Loamy Soil,1.14,Alluvial Plain / Valley Fill,1076.8,0.0,0,0.614,0.22776546738526,614.0,Gentle,2265.0,484.0,37.88,1.608,1409.0,86.72,50.12,2,0,15.0,14.876999999999999,14052.24,1272.375,0.0,25.9695,0.0,81.88593155893535
519800,Pratapnagar,Savli,22.499167,73.293923,0.0,0.0,2.27,92.5,12.15,140.4,Deccan Trap Basalt,Alluvial Loamy Soil,1.07,Alluvial Plain / Valley Fill,1080.4,0.0,0,0.594,0.212057504117311,594.0,Gentle,1488.0,297.0,44.89,2.248,662.0,86.84,52.26,3,1,12.0,13.0005,13126.86,1123.875,0.0,0.0,0.0,88.19591836734695
519805,Vadadala,Savli,22.486995,73.319058,0.0,2.5,3.93,90.0,11.25,130.0,Quaternary Alluvium,Alluvial Loamy Soil,1.0,Alluvial Plain / Valley Fill,1064.2,0.0,0,0.571,0.196349540849362,571.0,Gentle,966.0,190.0,7.87,1.728,559.0,60.18,68.25,3,1,17.0,11.25,11972.25,1012.5,0.0,28.125,0.0,93.76211453744494
519797,Lasundra,Savli,22.501698,73.232756,5.84,4.02,2.01,87.5,11.7,135.2,Quaternary Alluvium,Alluvial Loamy Soil,1.04,Alluvial Plain / Valley Fill,1066.0,0.001,0,0.573,0.2042035224833365,573.0,Gentle,1261.0,259.0,27.84,2.537,497.0,80.89,42.39,2,1,7.0,12.168,12472.199999999999,1023.7499999999999,0.0117,47.03399999999999,0.49491525423728816,90.33898305084746
519803,Sadra,Savli,22.501871,73.377151,0.0,1.32,5.59,100.0,13.5,156.0,Deccan Trap Basalt,Alluvial Loamy Soil,1.18,Alluvial Plain / Valley Fill,1078.6,0.0,0,0.625,0.2356194490192344,625.0,Gentle,649.0,137.0,1.23,2.135,304.0,86.18,75.48,2,1,17.0,15.93,14561.099999999999,1350.0,0.0,17.82,0.0,79.30882352941175
519809,Tundav,Savli,22.482954,73.20198,3.42,2.73,1.4,85.0,11.25,130.0,Quaternary Alluvium,Alluvial Loamy Soil,1.0,Alluvial Plain / Valley Fill,1075.0,0.001,0,0.567,0.196349540849362,567.0,Gentle,6102.0,1116.0,14.31,4.264,1431.0,84.7,49.92,3,0,10.0,11.25,12093.75,956.25,0.01125,30.7125,0.3013215859030837,94.7136563876652
519804,Adalwada,Savli,22.483591,73.353783,0.0,1.38,4.3,87.5,11.25,130.0,Quaternary Alluvium,Alluvial Loamy Soil,1.0,Alluvial Plain / Valley Fill,1071.4,0.001,0,0.572,0.196349540849362,572.0,Gentle,672.0,141.0,26.64,1.163,578.0,62.13,96.67,2,1,18.0,11.25,12053.250000000002,984.375,0.01125,15.524999999999999,0.0,94.39647577092512
519807,Subhelav,Savli,22.48513,73.244201,0.0,2.25,4.95,85.0,11.25,130.0,Quaternary Alluvium,Alluvial Loamy Soil,1.0,Alluvial Plain / Valley Fill,1080.4,0.001,0,0.573,0.196349540849362,573.0,Gentle,590.0,137.0,33.9,1.329,444.0,69.37,38.96,1,1,12.0,11.25,12154.500000000002,956.25,0.01125,25.3125,0.0,95.18942731277534
519808,Paldi,Savli,22.480526,73.22466,0.0,0.92,2.76,87.5,12.15,140.4,Deccan Trap Basalt,Alluvial Loamy Soil,1.07,Alluvial Plain / Valley Fill,1069.6,0.001,0,0.592,0.212057504117311,592.0,Gentle,749.0,151.0,22.3,2.291,327.0,88.65,36.33,2,0,13.0,13.0005,12995.64,1063.125,0.012150000000000001,11.178,0.0,87.3142857142857
519822,Dhanora,Savli,22.46833,73.335342,0.0,12.15,4.86,87.5,11.7,135.2,Quaternary Alluvium,Alluvial Loamy Soil,1.04,Alluvial Plain / Valley Fill,1073.2,0.001,0,0.583,0.2042035224833365,583.0,Gentle,1254.0,255.0,26.87,4.463,281.0,74.31,83.18,2,1,20.0,12.168,12556.44,1023.7499999999999,0.0117,142.155,0.0,90.9491525423729
519806,Chandranagar,Savli,22.474179,73.25903,0.0,5.61,0.0,92.5,12.15,140.4,Deccan Trap Basalt,Alluvial Loamy Soil,1.07,Alluvial Plain / Valley Fill,1073.2,0.001,0,0.593,0.212057504117311,593.0,Gentle,191.0,38.0,47.64,0.369,517.0,72.15,53.62,2,1,12.0,13.0005,13039.380000000001,1123.875,0.012150000000000001,68.1615,0.0,87.60816326530613
519814,Lamdapura,Savli,22.468742,73.226131,0.0,0.0,5.25,90.0,11.7,135.2,Quaternary Alluvium,Alluvial Loamy Soil,1.04,Alluvial Plain / Valley Fill,1064.2,0.001,0,0.582,0.2042035224833365,582.0,Gentle,880.0,161.0,47.16,2.716,324.0,87.04,46.1,2,0,15.0,12.168,12451.14,1053.0,0.0117,0.0,0.0,90.18644067796612
519813,Manjusar,Savli,22.443886,73.19595,0.0,4.91,0.64,87.5,11.25,130.0,Quaternary Alluvium,Alluvial Loamy Soil,1.0,Alluvial Plain / Valley Fill,1098.4,0.001,0,0.576,0.196349540849362,576.0,Gentle,5001.0,1024.0,16.5,3.559,1405.0,58.08,87.75,3,2,13.0,11.25,12357.000000000002,984.375,0.01125,55.237500000000004,0.0,96.77533039647578
519816,Alindra,Savli,22.453463,73.236236,0.0,0.37,1.35,92.5,12.15,140.4,Deccan Trap Basalt,Alluvial Loamy Soil,1.07,Alluvial Plain / Valley Fill,1075.0,0.0,0,0.593,0.212057504117311,593.0,Gentle,622.0,151.0,34.89,0.739,842.0,94.49,44.04,2,0,15.0,13.0005,13061.25,1123.875,0.0,4.4955,0.0,87.75510204081633
519819,Khokhar,Savli,22.458132,73.261182,0.0,2.02,12.43,97.5,13.05,150.8,Deccan Trap Basalt,Alluvial Loamy Soil,1.14,Alluvial Plain / Valley Fill,1080.4,0.0,0,0.614,0.22776546738526,614.0,Gentle,1108.0,230.0,13.36,3.212,345.0,73.7,34.51,2,0,20.0,14.876999999999999,14099.220000000001,1272.375,0.0,26.361,0.0,82.1596958174905
519812,Kunpad,Savli,22.456832,73.177151,0.0,1.33,4.38,95.0,12.6,145.6,Deccan Trap Basalt,Alluvial Loamy Soil,1.11,Alluvial Plain / Valley Fill,1112.8,0.001,0,0.609,0.2199114857512855,609.0,Gentle,2788.0,581.0,4.38,5.31,525.0,90.29,42.19,2,0,12.0,13.986,14021.279999999999,1197.0,0.0126,16.758,0.0,87.62204724409449
519823,Haripura,Savli,22.455581,73.339935,0.0,3.23,3.77,87.5,11.25,130.0,Quaternary Alluvium,Alluvial Loamy Soil,1.0,Alluvial Plain / Valley Fill,1075.0,0.001,0,0.572,0.196349540849362,572.0,Gentle,741.0,146.0,50.47,1.123,660.0,65.81,51.12,2,1,18.0,11.25,12093.75,984.375,0.01125,36.3375,0.0,94.7136563876652
519821,Garadhiya,Savli,22.452432,73.313987,0.0,2.23,8.92,92.5,12.15,140.4,Deccan Trap Basalt,Alluvial Loamy Soil,1.07,Alluvial Plain / Valley Fill,1085.8,0.001,0,0.594,0.212057504117311,594.0,Gentle,1719.0,367.0,43.92,3.487,493.0,80.32,66.33,3,1,18.0,13.0005,13192.47,1123.875,0.012150000000000001,27.0945,0.0,88.63673469387754
519815,Zumkal,Savli,22.450561,73.219561,0.0,0.9,4.95,90.0,11.7,135.2,Quaternary Alluvium,Alluvial Loamy Soil,1.04,Alluvial Plain / Valley Fill,1071.4,0.001,0,0.583,0.2042035224833365,583.0,Gentle,271.0,65.0,32.1,1.221,222.0,91.44,34.48,2,0,17.0,12.168,12535.380000000001,1053.0,0.0117,10.53,0.0,90.79661016949154
519723,Raipura Chhatrapura,Desar,22.665258,73.347779,0.0,8.85,2.67,90.0,11.7,135.2,Quaternary Alluvium,Alluvial Loamy Soil,1.04,Alluvial Plain / Valley Fill,1071.4,0.002,0,0.583,0.2042035224833365,583.0,Gentle,426.0,98.0,1.64,0.877,486.0,84.16,88.02,2,0,22.0,12.168,12535.380000000001,1053.0,0.0234,103.54499999999999,0.0,90.79661016949154
519739,Gulabpura Shihora,Savli,22.632917,73.293216,0.0,57.38,0.0,90.0,11.7,135.2,Quaternary Alluvium,Alluvial Loamy Soil,1.04,Alluvial Plain / Valley Fill,1075.0,0.002,0,0.583,0.2042035224833365,583.0,Gentle,581.0,125.0,0.0,2.441,238.0,42.62,69.31,2,1,14.0,12.168,12577.5,1053.0,0.0234,671.346,0.0,91.10169491525424
519744,Gokalpura Ganeshpura,Savli,22.617289,73.293158,0.0,35.0,0.0,92.5,12.15,140.4,Deccan Trap Basalt,Alluvial Loamy Soil,1.07,Alluvial Plain / Valley Fill,1075.0,0.002,0,0.593,0.212057504117311,593.0,Gentle,588.0,170.0,0.0,1.633,360.0,60.28,87.56,2,1,12.0,13.0005,13061.25,1123.875,0.024300000000000002,425.25,0.0,87.75510204081633
519743,Parthampura Shihora,Savli,22.614948,73.270947,0.0,6.55,7.39,95.0,12.6,145.6,Deccan Trap Basalt,Alluvial Loamy Soil,1.11,Alluvial Plain / Valley Fill,1066.0,0.001,0,0.602,0.2199114857512855,602.0,Gentle,2363.0,492.0,15.91,2.864,825.0,78.42,26.12,2,1,10.0,13.986,13431.6,1197.0,0.0126,82.53,0.0,83.93700787401575
519754,Dungripura Shihora,Savli,22.603431,73.264854,0.0,30.64,0.0,90.0,11.7,135.2,Quaternary Alluvium,Alluvial Loamy Soil,1.04,Alluvial Plain / Valley Fill,1071.4,0.001,0,0.583,0.2042035224833365,583.0,Gentle,490.0,125.0,0.0,2.832,173.0,65.9,87.72,2,0,9.0,12.168,12535.380000000001,1053.0,0.0117,358.488,0.0,90.79661016949154
519820,Vemar,Savli,22.469814,73.281217,0.0,3.7,7.89,95.0,12.6,145.6,Deccan Trap Basalt,Alluvial Loamy Soil,1.11,Alluvial Plain / Valley Fill,1073.2,0.0,0,0.603,0.2199114857512855,603.0,Gentle,1971.0,403.0,19.74,2.355,837.0,84.11,4.69,2,1,18.0,13.986,13522.32,1197.0,0.0,46.62,0.0,84.50393700787403
519928,Bodidra,Vaghodia,22.478356,73.379884,0.0,1.03,5.15,90.0,11.7,135.2,Quaternary Alluvium,Alluvial Loamy Soil,1.04,Alluvial Plain / Valley Fill,1075.0,0.001,0,0.583,0.2042035224833365,583.0,Gentle,1047.0,236.0,10.98,1.796,583.0,79.38,45.45,2,1,12.0,12.168,12577.5,1053.0,0.0117,12.051,0.0,91.10169491525424
519934,Paldi,Vaghodia,22.455265,73.359683,0.0,2.3,7.89,85.0,10.8,124.8,Quaternary Alluvium,Alluvial Loamy Soil,0.96,Alluvial Plain / Valley Fill,1080.4,0.001,0,0.562,0.1884955592153876,562.0,Gentle,1260.0,249.0,29.05,2.199,573.0,49.67,59.6,2,1,15.0,10.368,11668.320000000002,918.0000000000001,0.0108,24.84,0.0,99.11926605504587
519933,Asoj,Vaghodia,22.458691,73.390985,0.0,3.3,4.8,25.0,0.2,0.0,Quaternary Alluvium,Alluvial Loamy Soil,0.12,Alluvial Plain / Valley Fill,850.0,0.001,0,0.286,0.0034906585039886,286.0,Flat,1952.0,420.0,24.59,3.06,638.0,74.66,62.25,3,1,12.0,0.024,170.0,5.0,0.0002,0.66,0.0,2833.333333333333
253247,Savli,Savli,22.568753,73.224165,0.0,2.89,4.495,82.5,0.2,0.0,Quaternary Alluvium,Alluvial Loamy Soil,0.12,Alluvial Plain / Valley Fill,850.0,0.001,0,0.286,0.0034906585039886,286.0,Flat,18467.0,3608.0,,,0.0,,,0,0,0.0,0.024,170.0,16.5,0.0002,0.5780000000000001,0.0,2833.333333333333
519688,Udalpur,Desar,22.802194,73.396022,0.0,5.38,4.1,87.5,11.25,130.0,Quaternary Alluvium,Alluvial Loamy Soil,1.0,Alluvial Plain / Valley Fill,1071.4,0.001,0,0.572,0.196349540849362,572.0,Gentle,859.0,167.0,22.35,2.197,391.0,70.51,58.91,3,1,19.0,11.25,12053.250000000002,984.375,0.01125,60.525,0.0,94.39647577092512
519691,Jambu Goral,Desar,22.775084,73.333488,0.0,16.47,1.2,90.0,11.25,130.0,Quaternary Alluvium,Alluvial Loamy Soil,1.0,Alluvial Plain / Valley Fill,1069.6,0.0,0,0.572,0.196349540849362,572.0,Gentle,4203.0,870.0,6.71,2.972,1414.0,78.8,80.72,2,0,27.0,11.25,12032.999999999998,1012.5,0.0,185.2875,0.0,94.23788546255506
519692,Varsada,Desar,22.762475,73.300533,0.0,8.67,3.53,90.0,11.7,135.2,Quaternary Alluvium,Alluvial Loamy Soil,1.04,Alluvial Plain / Valley Fill,1082.2,0.0,0,0.584,0.2042035224833365,584.0,Gentle,8683.0,1762.0,7.16,4.139,2098.0,84.7,49.97,3,2,23.0,12.168,12661.74,1053.0,0.0,101.439,0.0,91.71186440677967
519701,Vejpur,Desar,22.742463,73.36421,0.0,0.11,4.69,95.0,12.6,145.6,Deccan Trap Basalt,Alluvial Loamy Soil,1.11,Alluvial Plain / Valley Fill,1064.2,0.0,0,0.602,0.2199114857512855,602.0,Gentle,3511.0,800.0,37.85,1.258,2792.0,88.36,89.21,2,2,24.0,13.986,13408.92,1197.0,0.0,1.386,0.0,83.79527559055119
519693,Waghpura,Desar,22.760329,73.26441,0.0,41.38,2.3,85.0,10.8,124.8,Quaternary Alluvium,Alluvial Loamy Soil,0.96,Alluvial Plain / Valley Fill,1069.6,0.001,0,0.561,0.1884955592153876,561.0,Gentle,208.0,37.0,0.0,2.419,86.0,55.17,47.92,2,1,30.0,10.368,11551.68,918.0000000000001,0.0108,446.90400000000005,0.0,98.12844036697247
519694,Tansiya,Desar,22.750929,73.274869,0.0,3.85,17.69,82.5,10.35,119.6,Quaternary Alluvium,Alluvial Loamy Soil,0.93,Alluvial Plain / Valley Fill,1076.8,0.001,0,0.552,0.1806415775814131,552.0,Gentle,917.0,149.0,0.0,5.955,154.0,74.62,46.39,2,0,27.0,9.6255,11144.88,853.875,0.01035,39.8475,0.0,103.04306220095694
519699,Desar,Desar,22.724372,73.31478,0.0,0.76,0.12,90.0,11.25,130.0,Quaternary Alluvium,Alluvial Loamy Soil,1.0,Alluvial Plain / Valley Fill,1076.8,0.0,0,0.573,0.196349540849362,573.0,Gentle,6396.0,1270.0,10.3,3.74,1710.0,81.06,85.58,2,2,22.0,11.25,12114.0,1012.5,0.0,8.55,0.0,94.87224669603525
519695,Himmatpura,Desar,22.742906,73.278312,0.0,23.51,1.49,87.5,11.25,130.0,Quaternary Alluvium,Alluvial Loamy Soil,1.0,Alluvial Plain / Valley Fill,1067.8,0.001,0,0.571,0.196349540849362,571.0,Gentle,1095.0,245.0,0.0,4.086,268.0,73.51,59.9,2,0,25.0,11.25,12012.75,984.375,0.01125,264.4875,0.0,94.07929515418502
519696,Dungripura I,Desar,22.739024,73.271448,0.0,24.73,0.0,85.0,10.8,124.8,Quaternary Alluvium,Alluvial Loamy Soil,0.96,Alluvial Plain / Valley Fill,1075.0,0.001,0,0.562,0.1884955592153876,562.0,Gentle,1110.0,210.0,0.0,6.201,179.0,64.52,75.0,2,0,25.0,10.368,11610.0,918.0000000000001,0.0108,267.084,0.0,98.62385321100918
519700,Valavav,Desar,22.723502,73.331573,0.0,0.81,2.85,95.0,12.6,145.6,Deccan Trap Basalt,Alluvial Loamy Soil,1.11,Alluvial Plain / Valley Fill,1073.2,0.0,0,0.603,0.2199114857512855,603.0,Gentle,904.0,185.0,27.88,1.837,492.0,83.74,78.88,3,1,19.0,13.986,13522.32,1197.0,0.0,10.206,0.0,84.50393700787403
519697,Intvad,Desar,22.7274,73.271766,0.0,41.86,0.0,85.0,11.25,130.0,Quaternary Alluvium,Alluvial Loamy Soil,1.0,Alluvial Plain / Valley Fill,1055.2,0.001,0,0.569,0.196349540849362,569.0,Gentle,1693.0,353.0,2.78,2.072,817.0,55.57,44.05,2,0,25.0,11.25,11871.0,956.25,0.01125,470.925,0.0,92.96916299559471
519702,Jesar Gopari,Desar,22.707522,73.377173,0.0,5.91,3.5,95.0,11.7,135.2,Quaternary Alluvium,Alluvial Loamy Soil,1.04,Alluvial Plain / Valley Fill,1069.6,0.001,0,0.582,0.2042035224833365,582.0,Gentle,1881.0,437.0,5.79,4.116,457.0,86.43,96.2,2,1,32.0,12.168,12514.319999999998,1111.5,0.0117,69.14699999999999,0.0,90.64406779661017
519704,Kadachhala,Desar,22.70282,73.329977,0.0,6.29,0.92,95.0,12.15,140.4,Deccan Trap Basalt,Alluvial Loamy Soil,1.07,Alluvial Plain / Valley Fill,1069.6,0.001,0,0.592,0.212057504117311,592.0,Gentle,1724.0,387.0,12.47,2.665,647.0,85.58,73.3,3,0,17.0,13.0005,12995.64,1154.25,0.012150000000000001,76.4235,0.0,87.3142857142857
519703,Vaktapura,Desar,22.698117,73.353822,0.0,38.56,0.0,87.5,10.8,124.8,Quaternary Alluvium,Alluvial Loamy Soil,0.96,Alluvial Plain / Valley Fill,1076.8,0.001,0,0.562,0.1884955592153876,562.0,Gentle,1184.0,227.0,0.51,3.044,389.0,59.38,86.58,2,1,21.0,10.368,11629.44,945.0000000000001,0.0108,416.44800000000004,0.0,98.78899082568806
519705,Manekla,Desar,22.704202,73.274686,0.0,17.65,0.0,87.5,11.25,130.0,Quaternary Alluvium,Alluvial Loamy Soil,1.0,Alluvial Plain / Valley Fill,1062.4,0.001,0,0.571,0.196349540849362,571.0,Gentle,572.0,118.0,0.0,4.175,137.0,78.68,51.4,2,0,22.0,11.25,11952.000000000002,984.375,0.01125,198.56249999999997,0.0,93.6035242290749
519706,Moti Varnoli,Desar,22.692163,73.274425,0.0,8.86,10.13,87.5,12.15,140.4,Deccan Trap Basalt,Alluvial Loamy Soil,1.07,Alluvial Plain / Valley Fill,1071.4,0.001,0,0.592,0.212057504117311,592.0,Gentle,1388.0,301.0,9.87,8.785,158.0,74.68,84.75,2,0,22.0,13.0005,13017.510000000002,1063.125,0.012150000000000001,107.649,0.0,87.46122448979592
519712,Pipalchhat Vanto,Desar,22.694689,73.38464,0.0,22.35,0.0,87.5,11.7,135.2,Quaternary Alluvium,Alluvial Loamy Soil,1.04,Alluvial Plain / Valley Fill,1084.0,0.001,0,0.584,0.2042035224833365,584.0,Gentle,310.0,70.0,0.0,3.647,85.0,75.29,53.12,2,1,17.0,12.168,12682.8,1023.7499999999999,0.0117,261.495,0.0,91.86440677966102
519707,Nani Varnoli,Desar,22.691971,73.291851,0.0,62.1,0.0,95.0,12.6,145.6,Deccan Trap Basalt,Alluvial Loamy Soil,1.11,Alluvial Plain / Valley Fill,1053.4,0.001,0,0.6,0.2199114857512855,600.0,Gentle,263.0,69.0,3.8,1.06,248.0,36.29,55.56,2,0,25.0,13.986,13272.84,1197.0,0.0126,782.46,0.0,82.94488188976379
519711,Dolatpura,Desar,22.692905,73.367228,0.0,14.81,0.0,87.5,11.7,135.2,Quaternary Alluvium,Alluvial Loamy Soil,1.04,Alluvial Plain / Valley Fill,1073.2,0.001,0,0.583,0.2042035224833365,583.0,Gentle,484.0,122.0,27.07,3.585,135.0,80.74,49.54,2,1,17.0,12.168,12556.44,1023.7499999999999,0.0117,173.277,0.0,90.9491525423729
519713,Rampuri Narpuri,Desar,22.6889,73.381596,0.0,17.5,0.0,87.5,11.25,130.0,Quaternary Alluvium,Alluvial Loamy Soil,1.0,Alluvial Plain / Valley Fill,1073.2,0.002,0,0.572,0.196349540849362,572.0,Gentle,508.0,110.0,0.0,6.35,80.0,80.0,53.12,2,1,17.0,11.25,12073.5,984.375,0.0225,196.875,0.0,94.55506607929516
519708,Chhalier,Desar,22.690042,73.310529,0.0,11.17,0.0,90.0,11.7,135.2,Quaternary Alluvium,Alluvial Loamy Soil,1.04,Alluvial Plain / Valley Fill,1064.2,0.001,0,0.582,0.2042035224833365,582.0,Gentle,4027.0,859.0,5.31,4.941,815.0,88.22,43.12,2,0,22.0,12.168,12451.14,1053.0,0.0117,130.689,0.0,90.18644067796612
519710,Ghemalpura,Desar,22.688546,73.3522,0.0,8.62,0.0,85.0,10.8,124.8,Quaternary Alluvium,Alluvial Loamy Soil,0.96,Alluvial Plain / Valley Fill,1082.2,0.001,0,0.563,0.1884955592153876,563.0,Gentle,404.0,95.0,12.38,3.483,116.0,82.76,72.92,2,0,23.0,10.368,11687.760000000002,918.0000000000001,0.0108,93.096,0.0,99.28440366972477
519709,Vankaneda,Desar,22.689375,73.342643,0.0,8.07,0.0,87.5,11.25,130.0,Quaternary Alluvium,Alluvial Loamy Soil,1.0,Alluvial Plain / Valley Fill,1069.6,0.001,0,0.572,0.196349540849362,572.0,Gentle,1543.0,338.0,3.05,6.919,223.0,83.86,74.87,3,1,20.0,11.25,12032.999999999998,984.375,0.01125,90.78750000000001,0.0,94.23788546255506
519718,Rajpur,Desar,22.681284,73.285408,0.0,53.73,0.31,87.5,11.25,130.0,Quaternary Alluvium,Alluvial Loamy Soil,1.0,Alluvial Plain / Valley Fill,1057.0,0.001,0,0.57,0.196349540849362,570.0,Gentle,578.0,126.0,0.0,1.628,355.0,40.68,76.34,2,0,19.0,11.25,11891.25,984.375,0.01125,604.4625,0.0,93.12775330396477
519726,Pipalchhat,Desar,22.683959,73.394569,0.0,5.26,0.0,95.0,12.6,145.6,Deccan Trap Basalt,Alluvial Loamy Soil,1.11,Alluvial Plain / Valley Fill,1066.0,0.001,0,0.602,0.2199114857512855,602.0,Gentle,738.0,156.0,38.48,6.417,115.0,91.23,48.08,2,1,25.0,13.986,13431.6,1197.0,0.0126,66.276,0.0,83.93700787401575
519714,Vadiya Pandu,Desar,22.681779,73.372321,0.0,42.47,0.0,92.5,12.15,140.4,Deccan Trap Basalt,Alluvial Loamy Soil,1.07,Alluvial Plain / Valley Fill,1082.2,0.002,0,0.594,0.212057504117311,594.0,Gentle,226.0,47.0,2.21,1.548,146.0,50.0,52.05,2,0,14.0,13.0005,13148.730000000001,1123.875,0.024300000000000002,516.0105,0.0,88.34285714285714
519715,Rajupura,Desar,22.678101,73.357688,0.0,20.83,0.0,87.5,11.25,130.0,Quaternary Alluvium,Alluvial Loamy Soil,1.0,Alluvial Plain / Valley Fill,1105.6,0.001,0,0.577,0.196349540849362,577.0,Gentle,988.0,216.0,31.58,4.595,215.0,74.54,49.69,2,1,15.0,11.25,12437.999999999998,984.375,0.01125,234.33749999999998,0.0,97.40969162995594
519716,Limdanu Muvadu,Desar,22.675546,73.343148,0.0,6.0,0.0,82.5,11.25,130.0,Quaternary Alluvium,Alluvial Loamy Soil,1.0,Alluvial Plain / Valley Fill,1071.4,0.001,0,0.572,0.196349540849362,572.0,Gentle,260.0,56.0,8.46,2.6,100.0,90.0,77.78,3,0,23.0,11.25,12053.250000000002,928.125,0.01125,67.5,0.0,94.39647577092512
519725,Pandu,Desar,22.67458,73.381692,0.0,10.46,0.84,90.0,11.7,135.2,Quaternary Alluvium,Alluvial Loamy Soil,1.04,Alluvial Plain / Valley Fill,1076.8,0.001,0,0.583,0.2042035224833365,583.0,Gentle,1911.0,361.0,12.04,7.996,239.0,71.13,52.94,2,1,10.0,12.168,12598.56,1053.0,0.0117,122.382,0.0,91.2542372881356
519727,Sanpiya,Desar,22.676801,73.404608,0.0,1.36,0.0,95.0,12.6,145.6,Deccan Trap Basalt,Alluvial Loamy Soil,1.11,Alluvial Plain / Valley Fill,1071.4,0.001,0,0.603,0.2199114857512855,603.0,Gentle,814.0,159.0,0.0,5.5,148.0,63.27,48.39,2,1,17.0,13.986,13499.640000000001,1197.0,0.0126,17.136,0.0,84.36220472440947
519719,Pratappura,Desar,22.67092,73.295452,0.0,35.03,10.66,95.0,12.6,145.6,Deccan Trap Basalt,Alluvial Loamy Soil,1.11,Alluvial Plain / Valley Fill,1067.8,0.002,0,0.603,0.2199114857512855,603.0,Gentle,1904.0,399.0,1.58,9.665,197.0,50.25,100.0,2,0,17.0,13.986,13454.279999999999,1197.0,0.0252,441.378,0.0,84.07874015748031
519698,Nani Varnoli Vanto,Desar,22.711908,73.279058,0.0,5.77,0.0,82.5,10.35,119.6,Quaternary Alluvium,Alluvial Loamy Soil,0.93,Alluvial Plain / Valley Fill,1062.4,0.001,0,0.55,0.1806415775814131,550.0,Gentle,390.0,75.0,2.82,3.786,103.0,89.42,75.27,2,0,22.0,9.6255,10995.84,853.875,0.01035,59.7195,0.0,101.66507177033495
519717,Kalyan Patelnu Muvadu,Desar,22.67911,73.317626,0.94,14.15,0.0,90.0,11.7,135.2,Quaternary Alluvium,Alluvial Loamy Soil,1.04,Alluvial Plain / Valley Fill,1076.8,0.001,0,0.582,0.2042035224833365,582.0,Gentle,218.0,46.0,0.0,1.033,211.0,83.96,44.94,2,1,30.0,12.168,12598.56,1053.0,0.0117,165.555,0.07966101694915255,91.2542372881356
519776,Singaniya,Savli,22.515372,73.408679,0.0,3.26,5.12,92.5,12.15,140.4,Deccan Trap Basalt,Alluvial Loamy Soil,1.07,Alluvial Plain / Valley Fill,1075.0,0.001,0,0.593,0.212057504117311,593.0,Gentle,302.0,70.0,11.26,1.405,215.0,84.65,57.69,2,1,7.0,13.0005,13061.25,1123.875,0.012150000000000001,39.609,0.0,87.75510204081633
519775,Khakhariya,Savli,22.541527,73.404569,0.0,0.58,5.19,85.0,10.8,124.8,Quaternary Alluvium,Alluvial Loamy Soil,0.96,Alluvial Plain / Valley Fill,1064.2,0.0,0,0.56,0.1884955592153876,560.0,Gentle,2023.0,432.0,24.47,2.915,694.0,85.01,79.49,3,1,10.0,10.368,11493.36,918.0000000000001,0.0,6.264,0.0,97.63302752293578
519929,Rajpura,Vaghodia,22.49415,73.408481,0.0,2.52,2.52,92.5,12.15,140.4,Deccan Trap Basalt,Alluvial Loamy Soil,1.07,Alluvial Plain / Valley Fill,1076.8,0.001,0,0.593,0.212057504117311,593.0,Gentle,2277.0,469.0,2.46,5.152,442.0,48.32,86.96,2,1,12.0,13.0005,13083.119999999999,1123.875,0.012150000000000001,30.618000000000002,0.0,87.90204081632653
519930,Sarnej,Vaghodia,22.479316,73.412146,0.0,2.68,5.35,95.0,13.05,150.8,Deccan Trap Basalt,Alluvial Loamy Soil,1.14,Alluvial Plain / Valley Fill,1076.8,0.001,0,0.614,0.22776546738526,614.0,Gentle,2297.0,482.0,26.86,3.617,635.0,66.46,47.39,2,1,10.0,14.876999999999999,14052.24,1239.75,0.01305,34.974000000000004,0.0,81.88593155893535
519932,Hansapura,Vaghodia,22.464653,73.405246,0.0,8.0,4.57,90.0,11.25,130.0,Quaternary Alluvium,Alluvial Loamy Soil,1.0,Alluvial Plain / Valley Fill,1073.2,0.001,0,0.572,0.196349540849362,572.0,Gentle,1216.0,266.0,9.46,6.989,174.0,57.14,40.0,3,1,12.0,11.25,12073.5,1012.5,0.01125,90.0,0.0,94.55506607929516
519931,Khandiwada,Vaghodia,22.45873,73.420955,0.0,20.89,0.0,90.0,11.25,130.0,Quaternary Alluvium,Alluvial Loamy Soil,1.0,Alluvial Plain / Valley Fill,1076.8,0.001,0,0.573,0.196349540849362,573.0,Gentle,1033.0,220.0,23.81,4.591,225.0,73.33,60.61,2,1,8.0,11.25,12114.0,1012.5,0.01125,235.01250000000002,0.0,94.87224669603525
519729,Kaslapura,Desar,22.661765,73.412087,0.0,4.97,0.0,92.5,12.15,140.4,Deccan Trap Basalt,Alluvial Loamy Soil,1.07,Alluvial Plain / Valley Fill,1075.0,0.001,0,0.593,0.212057504117311,593.0,Gentle,758.0,162.0,9.37,2.641,287.0,84.77,41.02,2,1,23.0,13.0005,13061.25,1123.875,0.012150000000000001,60.3855,0.0,87.75510204081633
519689,Tulsigam,Desar,22.772278,73.398801,0.0,0.21,2.07,97.5,13.05,150.8,Deccan Trap Basalt,Alluvial Loamy Soil,1.14,Alluvial Plain / Valley Fill,1080.4,0.0,0,0.614,0.22776546738526,614.0,Gentle,1546.0,303.0,57.96,1.105,1399.0,88.14,85.9,2,1,20.0,14.876999999999999,14099.220000000001,1272.375,0.0,2.7405,0.0,82.1596958174905
519690,Vachchhesar,Desar,22.764564,73.401582,0.0,0.18,4.55,95.0,12.6,145.6,Deccan Trap Basalt,Alluvial Loamy Soil,1.11,Alluvial Plain / Valley Fill,1067.8,0.05,0,0.603,0.2199114857512855,603.0,Gentle,2695.0,516.0,18.63,4.891,551.0,86.91,64.85,2,1,25.0,13.986,13454.279999999999,1197.0,0.63,2.268,0.0,84.07874015748031
519728,Mokampura,Desar,22.670578,73.41003,0.0,3.29,0.0,92.5,12.15,140.4,Deccan Trap Basalt,Alluvial Loamy Soil,1.07,Alluvial Plain / Valley Fill,1078.6,0.001,0,0.593,0.212057504117311,593.0,Gentle,795.0,170.0,10.94,5.599,142.0,81.58,60.48,2,1,25.0,13.0005,13104.99,1123.875,0.012150000000000001,39.9735,0.0,88.04897959183673
