village_code,village_name,subdistrict,latitude,longitude,pct_forest,pct_barren_uncultivable,pct_pastures,elevation_m_EXTERNAL_TOFILL,slope_deg_EXTERNAL_TOFILL,aspect_deg_EXTERNAL_TOFILL,geology_lithology_EXTERNAL_TOFILL,soil_type_EXTERNAL_TOFILL,lineament_density_EXTERNAL_TOFILL,geomorphology_class_EXTERNAL_TOFILL,rainfall_annual_mm_EXTERNAL_TOFILL,drainage_density_km_per_km2_EXTERNAL_TOFILL,historical_landslide_present_EXTERNAL_TOFILL,landslide_susceptibility_score_TARGET
521212,Alampura,Karjan,21.852286,73.21197,0.0,7.69,1.03,100.0,13.5,156.0,Deccan Trap Basalt,Deep Black Cotton Soil,1.18,Alluvial Plain / Valley Fill,1120.0,0.001,0,0.631
521189,Ranapur,Karjan,21.948871,73.255503,0.0,23.14,5.02,102.5,13.95,161.2,Deccan Trap Basalt,Deep Black Cotton Soil,1.22,Alluvial Plain / Valley Fill,1102.0,0.001,0,0.639
521185,Latipur Timbi,Karjan,21.946091,73.184216,0.0,1.87,0.0,100.0,13.5,156.0,Deccan Trap Basalt,Deep Black Cotton Soil,1.18,Alluvial Plain / Valley Fill,1107.4,0.001,0,0.629
521005,Surajghoda,Dabhoi,22.067393,73.538224,0.0,7.69,3.85,95.0,12.6,145.6,Deccan Trap Basalt,Deep Black Cotton Soil,1.11,Alluvial Plain / Valley Fill,1098.4,0.002,0,0.607
521135,Kanabha,Karjan,22.0648,73.030688,0.0,1.01,2.63,92.5,12.15,140.4,Deccan Trap Basalt,Deep Black Cotton Soil,1.07,Alluvial Plain / Valley Fill,1071.4,0.0,0,0.592
521141,Karamadi,Karjan,22.050547,73.08421,0.0,5.22,1.09,90.0,11.7,135.2,Quaternary Alluvium,Deep Black Cotton Soil,1.04,Alluvial Plain / Valley Fill,1087.6,0.0,0,0.585
521220,Vaniyad,Sinor,22.028989,73.401592,0.0,0.79,2.22,105.0,14.4,166.4,Deccan Trap Basalt,Deep Black Cotton Soil,1.25,Alluvial Plain / Valley Fill,1098.4,0.0,0,0.648
521206,Lilod,Karjan,21.882002,73.226019,0.0,19.57,8.45,100.0,13.5,156.0,Deccan Trap Basalt,Deep Black Cotton Soil,1.18,Alluvial Plain / Valley Fill,1094.8,0.0,0,0.627
521097,Bhadara,Padra,22.141,73.033592,0.0,4.42,8.57,95.0,11.7,135.2,Quaternary Alluvium,Alluvial Loamy Soil,1.04,Alluvial Plain / Valley Fill,1085.8,0.001,0,0.585
519880,Rabhipura,Vadodara Rural,22.168777,73.231734,0.0,10.77,5.64,87.5,12.15,140.4,Deccan Trap Basalt,Alluvial Loamy Soil,1.07,Alluvial Plain / Valley Fill,1076.8,0.001,0,0.593
519890,Meghakui,Vadodara Rural,22.138633,73.278804,0.0,8.16,0.0,100.0,13.5,156.0,Deccan Trap Basalt,Alluvial Loamy Soil,1.18,Alluvial Plain / Valley Fill,1080.4,0.05,0,0.625
519858,Talsat,Vadodara Rural,22.238004,73.1711,0.0,0.44,4.8,105.0,14.4,166.4,Deccan Trap Basalt,Alluvial Loamy Soil,1.25,Alluvial Plain / Valley Fill,1107.4,0.001,0,0.649
519835,Sisva,Vadodara Rural,22.397016,73.178636,0.0,4.07,1.63,95.0,12.6,145.6,Deccan Trap Basalt,Alluvial Loamy Soil,1.11,Alluvial Plain / Valley Fill,1089.4,0.0,0,0.606
519884,Vadsala,Vadodara Rural,22.157934,73.174287,0.0,0.0,14.54,97.5,13.05,150.8,Deccan Trap Basalt,Alluvial Loamy Soil,1.14,Alluvial Plain / Valley Fill,1085.8,0.001,0,0.615
519876,Hansajipura,Vadodara Rural,22.205196,73.260987,0.0,0.8,4.82,102.5,13.95,161.2,Deccan Trap Basalt,Alluvial Loamy Soil,1.22,Alluvial Plain / Valley Fill,1082.2,0.001,0,0.636
519861,Chikhodara,Vadodara Rural,22.233156,73.236326,0.0,0.0,4.91,92.5,12.15,140.4,Deccan Trap Basalt,Alluvial Loamy Soil,1.07,Alluvial Plain / Valley Fill,1105.6,0.001,0,0.597
802597,Por Ramangamdi INA,Vadodara Rural,22.142991,73.180844,,,,92.5,12.15,140.4,Deccan Trap Basalt,Alluvial Loamy Soil,1.07,Alluvial Plain / Valley Fill,1100.2,0.001,0,0.596
519915,Sama OG,Vadodara Rural,22.347302,73.207008,,,,90.0,11.7,135.2,Quaternary Alluvium,Alluvial Loamy Soil,1.04,Alluvial Plain / Valley Fill,1102.0,0.001,0,0.587
521151,Dhamanja,Karjan,21.998056,73.080688,0.0,4.48,5.16,90.0,11.7,135.2,Quaternary Alluvium,Deep Black Cotton Soil,1.04,Alluvial Plain / Valley Fill,1084.0,0.001,0,0.584
521152,Lakodara,Karjan,21.995859,73.111902,0.0,2.68,4.97,90.0,12.15,140.4,Deccan Trap Basalt,Deep Black Cotton Soil,1.07,Alluvial Plain / Valley Fill,1091.2,0.001,0,0.595
521162,Osalam,Karjan,21.991137,73.145019,0.0,3.92,4.65,102.5,14.4,166.4,Deccan Trap Basalt,Deep Black Cotton Soil,1.25,Alluvial Plain / Valley Fill,1112.8,0.001,0,0.65
521112,Kotna,Padra,22.0948,72.981493,0.4,5.35,5.21,95.0,12.6,145.6,Deccan Trap Basalt,Alluvial Loamy Soil,1.11,Alluvial Plain / Valley Fill,1098.4,0.0,0,0.606
521116,Kothwada,Padra,22.110103,73.07992,0.0,4.68,0.0,100.0,13.05,150.8,Deccan Trap Basalt,Alluvial Loamy Soil,1.14,Alluvial Plain / Valley Fill,1105.6,0.001,0,0.618
521113,Shahera,Padra,22.100724,73.017333,0.32,4.84,7.1,92.5,12.15,140.4,Deccan Trap Basalt,Alluvial Loamy Soil,1.07,Alluvial Plain / Valley Fill,1080.4,0.001,0,0.593
521117,Vasnaref,Padra,22.08068,72.97523,0.0,3.23,5.07,90.0,11.7,135.2,Quaternary Alluvium,Alluvial Loamy Soil,1.04,Alluvial Plain / Valley Fill,1093.0,0.001,0,0.586
521119,Sokhdaraghu,Padra,22.064954,72.97663,0.0,0.57,5.11,97.5,13.5,156.0,Deccan Trap Basalt,Alluvial Loamy Soil,1.18,Alluvial Plain / Valley Fill,1087.6,0.001,0,0.626
519899,Kashipura,Vadodara Rural,22.116365,73.166323,0.0,0.84,1.47,95.0,12.6,145.6,Deccan Trap Basalt,Alluvial Loamy Soil,1.11,Alluvial Plain / Valley Fill,1089.4,0.001,0,0.606
519898,Sarar,Vadodara Rural,22.104863,73.149804,0.0,1.08,0.0,95.0,12.6,145.6,Deccan Trap Basalt,Alluvial Loamy Soil,1.11,Alluvial Plain / Valley Fill,1100.2,0.001,0,0.607
251215,Karjan,Karjan,22.053736,73.127378,,,,25.0,0.2,0.0,Quaternary Alluvium,Deep Black Cotton Soil,0.12,Alluvial Plain / Valley Fill,850.0,0.0,0,0.286
520999,Mandala,Dabhoi,22.082633,73.328643,7.03,1.6,3.78,90.0,11.7,135.2,Quaternary Alluvium,Deep Black Cotton Soil,1.04,Alluvial Plain / Valley Fill,1084.0,0.001,0,0.574
520998,Parikha,Dabhoi,22.082741,73.291885,0.0,8.87,3.01,90.0,0.2,0.0,Quaternary Alluvium,Deep Black Cotton Soil,0.12,Alluvial Plain / Valley Fill,850.0,0.001,0,0.286
520973,Nada,Dabhoi,22.131256,73.375066,7.94,1.82,5.84,90.0,11.7,135.2,Quaternary Alluvium,Deep Black Cotton Soil,1.04,Alluvial Plain / Valley Fill,1091.2,0.05,0,0.573
520979,Sejpura,Dabhoi,22.122262,73.298782,2.59,4.31,6.03,92.5,13.5,156.0,Deccan Trap Basalt,Deep Black Cotton Soil,1.18,Alluvial Plain / Valley Fill,1080.4,0.0,0,0.621
520982,Tharvasa,Dabhoi,22.112532,73.392616,0.0,0.0,5.59,92.5,11.7,135.2,Quaternary Alluvium,Deep Black Cotton Soil,1.04,Alluvial Plain / Valley Fill,1096.6,0.0,0,0.586
520981,Baripura,Dabhoi,22.112979,73.33336,0.0,3.87,0.0,95.0,12.6,145.6,Deccan Trap Basalt,Deep Black Cotton Soil,1.11,Alluvial Plain / Valley Fill,1087.6,0.001,0,0.605
520980,Vakhatpura,Dabhoi,22.115875,73.315005,0.0,0.0,0.0,87.5,11.25,130.0,Quaternary Alluvium,Deep Black Cotton Soil,1.0,Alluvial Plain / Valley Fill,1098.4,0.001,0,0.576
520991,Habipura,Dabhoi,22.106409,73.353946,0.0,8.69,3.07,100.0,11.7,135.2,Quaternary Alluvium,Deep Black Cotton Soil,1.04,Alluvial Plain / Valley Fill,1084.0,0.0,0,0.584
520978,Chhatral,Dabhoi,22.109304,73.290473,0.0,2.19,12.77,92.5,12.15,140.4,Deccan Trap Basalt,Deep Black Cotton Soil,1.07,Alluvial Plain / Valley Fill,1073.2,0.0,0,0.593
520977,Khanpur,Dabhoi,22.11699,73.276368,0.0,19.01,4.93,97.5,13.05,150.8,Deccan Trap Basalt,Deep Black Cotton Soil,1.14,Alluvial Plain / Valley Fill,1082.2,0.0,0,0.614
520994,Menpura,Dabhoi,22.106381,73.232355,0.0,0.0,0.0,100.0,13.5,156.0,Deccan Trap Basalt,Deep Black Cotton Soil,1.18,Alluvial Plain / Valley Fill,1116.4,0.001,0,0.63
520993,Kunvarpura,Dabhoi,22.102555,73.268697,0.0,2.77,0.0,92.5,12.6,145.6,Deccan Trap Basalt,Deep Black Cotton Soil,1.11,Alluvial Plain / Valley Fill,1091.2,0.001,0,0.606
521128,Bamangam,Karjan,22.103873,73.192831,0.0,3.98,0.0,92.5,12.15,140.4,Deccan Trap Basalt,Deep Black Cotton Soil,1.07,Alluvial Plain / Valley Fill,1114.6,0.0,0,0.598
519905,Samsabad,Vadodara Rural,22.120986,73.265597,0.0,2.32,2.14,97.5,13.05,150.8,Deccan Trap Basalt,Alluvial Loamy Soil,1.14,Alluvial Plain / Valley Fill,1085.8,0.0,0,0.615
520987,Navi Mangrol,Dabhoi,22.095945,73.471121,0.0,0.0,7.63,85.0,10.8,124.8,Quaternary Alluvium,Deep Black Cotton Soil,0.96,Alluvial Plain / Valley Fill,1084.0,0.001,0,0.563
521020,Manpur,Dabhoi,22.05,73.448552,0.0,11.83,11.83,87.5,11.25,130.0,Quaternary Alluvium,Deep Black Cotton Soil,1.0,Alluvial Plain / Valley Fill,1112.8,0.0,0,0.578
521023,Akoti,Dabhoi,22.041523,73.490974,5.79,8.18,5.19,97.5,13.05,150.8,Deccan Trap Basalt,Deep Black Cotton Soil,1.14,Alluvial Plain / Valley Fill,1084.0,0.002,0,0.606
521001,Sitpur,Dabhoi,22.08057,73.471272,0.0,0.0,25.56,90.0,11.7,135.2,Quaternary Alluvium,Deep Black Cotton Soil,1.04,Alluvial Plain / Valley Fill,1103.8,0.001,0,0.587
520989,Gamdi Kanayada,Dabhoi,22.095686,73.413239,0.0,9.95,0.69,92.5,12.15,140.4,Deccan Trap Basalt,Deep Black Cotton Soil,1.07,Alluvial Plain / Valley Fill,1098.4,0.001,0,0.596
521003,Dharmapura,Dabhoi,22.085604,73.534557,2.17,2.9,7.97,90.0,11.7,135.2,Quaternary Alluvium,Deep Black Cotton Soil,1.04,Alluvial Plain / Valley Fill,1087.6,0.001,0,0.582
521012,Vadaj,Dabhoi,22.075049,73.438367,0.0,10.97,1.15,97.5,13.05,150.8,Deccan Trap Basalt,Deep Black Cotton Soil,1.14,Alluvial Plain / Valley Fill,1102.0,0.0,0,0.617
521002,Bhilodiya,Dabhoi,22.079777,73.507412,0.0,13.62,0.0,92.5,12.15,140.4,Deccan Trap Basalt,Deep Black Cotton Soil,1.07,Alluvial Plain / Valley Fill,1096.6,0.003,0,0.596
521000,Kanayada,Dabhoi,22.076657,73.405223,0.0,2.92,5.57,100.0,13.5,156.0,Deccan Trap Basalt,Deep Black Cotton Soil,1.18,Alluvial Plain / Valley Fill,1111.0,0.001,0,0.629
521010,Chanwada,Dabhoi,22.064168,73.468113,0.0,0.0,21.28,92.5,11.7,135.2,Quaternary Alluvium,Deep Black Cotton Soil,1.04,Alluvial Plain / Valley Fill,1100.2,0.001,0,0.587
521004,Para,Dabhoi,22.072918,73.531128,0.56,2.26,6.21,90.0,11.7,135.2,Quaternary Alluvium,Deep Black Cotton Soil,1.04,Alluvial Plain / Valley Fill,1091.2,0.002,0,0.585
521006,Asgol,Dabhoi,22.064052,73.533433,0.0,4.69,5.16,90.0,10.8,124.8,Quaternary Alluvium,Deep Black Cotton Soil,0.96,Alluvial Plain / Valley Fill,1085.8,0.002,0,0.563
521007,Araniya,Dabhoi,22.058945,73.527337,1.42,4.72,6.13,87.5,11.25,130.0,Quaternary Alluvium,Deep Black Cotton Soil,1.0,Alluvial Plain / Valley Fill,1084.0,0.002,0,0.571
521013,Ten Talav,Dabhoi,22.049604,73.413979,2.28,6.99,8.49,105.0,14.85,171.6,Deccan Trap Basalt,Deep Black Cotton Soil,1.29,Alluvial Plain / Valley Fill,1109.2,0.0,0,0.657
521009,Asodara,Dabhoi,22.048387,73.5033,0.0,19.1,0.3,90.0,11.7,135.2,Quaternary Alluvium,Deep Black Cotton Soil,1.04,Alluvial Plain / Valley Fill,1084.0,0.003,0,0.584
521008,Nagdol,Dabhoi,22.053618,73.516519,0.0,11.03,1.78,87.5,11.25,130.0,Quaternary Alluvium,Deep Black Cotton Soil,1.0,Alluvial Plain / Valley Fill,1085.8,0.002,0,0.574
521011,Ordi,Dabhoi,22.050937,73.459476,0.0,15.91,3.79,85.0,10.8,124.8,Quaternary Alluvium,Deep Black Cotton Soil,0.96,Alluvial Plain / Valley Fill,1091.2,0.001,0,0.564
521022,Paragam,Dabhoi,22.040225,73.47484,0.0,0.0,4.48,82.5,10.35,119.6,Quaternary Alluvium,Deep Black Cotton Soil,0.93,Alluvial Plain / Valley Fill,1096.6,0.001,0,0.555
521021,Rajpura,Dabhoi,22.034954,73.452827,0.0,10.54,3.4,90.0,10.8,124.8,Quaternary Alluvium,Deep Black Cotton Soil,0.96,Alluvial Plain / Valley Fill,1109.2,0.001,0,0.566
521026,Gumanpura,Dabhoi,22.027967,73.466711,0.0,22.55,6.86,90.0,11.7,135.2,Quaternary Alluvium,Deep Black Cotton Soil,1.04,Alluvial Plain / Valley Fill,1075.0,0.001,0,0.583
521025,Bhumasiya,Dabhoi,22.029212,73.484929,0.0,0.0,88.79,92.5,12.15,140.4,Deccan Trap Basalt,Deep Black Cotton Soil,1.07,Alluvial Plain / Valley Fill,1087.6,0.001,0,0.595
521024,Sompura,Dabhoi,22.025399,73.498561,2.35,2.82,3.29,97.5,12.15,140.4,Deccan Trap Basalt,Deep Black Cotton Soil,1.07,Alluvial Plain / Valley Fill,1076.8,0.0,0,0.59
521030,Jesangpura,Dabhoi,22.019937,73.480743,11.78,0.0,46.46,92.5,12.15,140.4,Deccan Trap Basalt,Deep Black Cotton Soil,1.07,Alluvial Plain / Valley Fill,1082.2,0.0,0,0.576
521027,Sanor,Dabhoi,22.01772,73.454152,0.0,12.09,0.78,110.0,15.3,176.8,Deccan Trap Basalt,Deep Black Cotton Soil,1.32,Structural/Denudational Hill,1098.4,0.001,0,0.668
521031,Bhalodra,Dabhoi,22.010556,73.493043,0.0,28.39,0.0,97.5,13.05,150.8,Deccan Trap Basalt,Deep Black Cotton Soil,1.14,Alluvial Plain / Valley Fill,1073.2,0.0,0,0.613
521028,Mandva,Dabhoi,22.001965,73.434328,0.0,0.0,0.0,95.0,13.05,150.8,Deccan Trap Basalt,Deep Black Cotton Soil,1.14,Alluvial Plain / Valley Fill,1094.8,0.0,0,0.616
521033,Gamdi,Dabhoi,21.999967,73.472539,0.0,0.0,18.34,90.0,11.7,135.2,Quaternary Alluvium,Deep Black Cotton Soil,1.04,Alluvial Plain / Valley Fill,1084.0,0.001,0,0.584
521029,Fulwadi,Dabhoi,22.007016,73.452339,0.0,24.53,21.03,102.5,13.5,156.0,Deccan Trap Basalt,Deep Black Cotton Soil,1.18,Alluvial Plain / Valley Fill,1098.4,0.001,0,0.627
521034,Chandod,Dabhoi,21.991799,73.460127,0.0,69.23,0.0,92.5,12.15,140.4,Deccan Trap Basalt,Deep Black Cotton Soil,1.07,Alluvial Plain / Valley Fill,1085.8,0.001,0,0.594
521219,Nana Karala,Sinor,22.018617,73.417563,0.0,1.48,1.85,107.5,14.4,166.4,Deccan Trap Basalt,Deep Black Cotton Soil,1.25,Alluvial Plain / Valley Fill,1096.6,0.05,0,0.648
521234,Satisana,Sinor,22.001769,73.406543,0.0,1.94,7.6,105.0,14.4,166.4,Deccan Trap Basalt,Deep Black Cotton Soil,1.25,Alluvial Plain / Valley Fill,1098.4,0.0,0,0.648
521032,Baglipura,Dabhoi,22.003732,73.504446,0.0,4.44,6.67,97.5,12.6,145.6,Deccan Trap Basalt,Deep Black Cotton Soil,1.11,Alluvial Plain / Valley Fill,1078.6,0.0,0,0.604
520985,Bhimpura Kukad,Dabhoi,22.139255,73.508042,0.0,15.34,5.86,87.5,11.25,130.0,Quaternary Alluvium,Deep Black Cotton Soil,1.0,Alluvial Plain / Valley Fill,1089.4,0.001,0,0.574
520984,Karnet,Dabhoi,22.114336,73.484308,0.65,7.04,5.22,87.5,11.25,130.0,Quaternary Alluvium,Deep Black Cotton Soil,1.0,Alluvial Plain / Valley Fill,1093.0,0.001,0,0.574
520983,Boriyad,Dabhoi,22.120655,73.460479,1.23,9.2,3.68,95.0,12.15,140.4,Deccan Trap Basalt,Deep Black Cotton Soil,1.07,Alluvial Plain / Valley Fill,1100.2,0.001,0,0.595
520988,Dharmpuri,Dabhoi,22.10525,73.445468,0.0,1.77,4.64,92.5,12.15,140.4,Deccan Trap Basalt,Deep Black Cotton Soil,1.07,Alluvial Plain / Valley Fill,1116.4,0.0,0,0.599
520986,Juni Mangrol,Dabhoi,22.104319,73.475881,0.0,4.5,0.9,90.0,12.15,140.4,Deccan Trap Basalt,Deep Black Cotton Soil,1.07,Alluvial Plain / Valley Fill,1093.0,0.001,0,0.595
251213,Dabhoi,Dabhoi,22.132821,73.43051,,,,92.5,12.15,140.4,Deccan Trap Basalt,Deep Black Cotton Soil,1.07,Alluvial Plain / Valley Fill,1103.8,0.0,0,0.597
521017,Kayavarohan,Dabhoi,22.075851,73.250283,1.67,2.98,3.9,95.0,12.6,145.6,Deccan Trap Basalt,Deep Black Cotton Soil,1.11,Alluvial Plain / Valley Fill,1100.2,0.001,0,0.605
520995,Puniyad,Dabhoi,22.100616,73.213227,2.89,1.99,4.88,97.5,13.05,150.8,Deccan Trap Basalt,Deep Black Cotton Soil,1.14,Alluvial Plain / Valley Fill,1112.8,0.001,0,0.614
520992,Kothara,Dabhoi,22.101065,73.306994,0.0,5.85,4.68,92.5,11.7,135.2,Quaternary Alluvium,Deep Black Cotton Soil,1.04,Alluvial Plain / Valley Fill,1080.4,0.001,0,0.584
520990,Sathod,Dabhoi,22.088947,73.380113,0.72,2.71,0.0,92.5,12.15,140.4,Deccan Trap Basalt,Deep Black Cotton Soil,1.07,Alluvial Plain / Valley Fill,1089.4,0.001,0,0.594
520997,Sultanpura,Dabhoi,22.081722,73.275647,0.0,12.1,4.03,95.0,12.6,145.6,Deccan Trap Basalt,Deep Black Cotton Soil,1.11,Alluvial Plain / Valley Fill,1087.6,0.001,0,0.605
520996,Fofaliya,Dabhoi,22.077858,73.207523,0.0,6.61,4.41,97.5,13.05,150.8,Deccan Trap Basalt,Deep Black Cotton Soil,1.14,Alluvial Plain / Valley Fill,1125.4,0.001,0,0.621
521015,Pisai,Dabhoi,22.065104,73.353468,0.0,7.49,5.29,97.5,12.6,145.6,Deccan Trap Basalt,Deep Black Cotton Soil,1.11,Alluvial Plain / Valley Fill,1102.0,0.0,0,0.607
521014,Shirola,Dabhoi,22.056849,73.383541,0.0,0.0,12.66,100.0,13.5,156.0,Deccan Trap Basalt,Deep Black Cotton Soil,1.18,Alluvial Plain / Valley Fill,1118.2,0.0,0,0.63
521016,Karmal,Dabhoi,22.058746,73.302368,0.0,7.19,5.23,92.5,12.15,140.4,Deccan Trap Basalt,Deep Black Cotton Soil,1.07,Alluvial Plain / Valley Fill,1111.0,0.0,0,0.598
521018,Lingsthali,Dabhoi,22.042229,73.252039,0.0,7.19,3.25,102.5,13.95,161.2,Deccan Trap Basalt,Deep Black Cotton Soil,1.22,Alluvial Plain / Valley Fill,1107.4,0.0,0,0.639
521019,Bananj,Dabhoi,22.024348,73.233382,0.0,2.63,14.32,97.5,13.05,150.8,Deccan Trap Basalt,Deep Black Cotton Soil,1.14,Alluvial Plain / Valley Fill,1100.2,0.0,0,0.617
521143,Dhanora,Karjan,22.081782,73.187754,0.0,0.61,4.55,95.0,12.6,145.6,Deccan Trap Basalt,Deep Black Cotton Soil,1.11,Alluvial Plain / Valley Fill,1116.4,0.001,0,0.609
521144,Gandhara,Karjan,22.053571,73.215055,0.0,8.97,4.1,100.0,13.95,161.2,Deccan Trap Basalt,Deep Black Cotton Soil,1.22,Alluvial Plain / Valley Fill,1103.8,0.0,0,0.639
521145,Ganpatpura,Karjan,22.055872,73.196843,0.0,4.01,3.76,102.5,13.95,161.2,Deccan Trap Basalt,Deep Black Cotton Soil,1.22,Alluvial Plain / Valley Fill,1111.0,0.0,0,0.64
521156,Dhavat,Karjan,22.033506,73.18218,0.0,0.94,4.01,100.0,13.5,156.0,Deccan Trap Basalt,Deep Black Cotton Soil,1.18,Alluvial Plain / Valley Fill,1109.2,0.001,0,0.629
521157,Kurali,Karjan,22.024655,73.212051,0.0,0.34,4.74,102.5,13.95,161.2,Deccan Trap Basalt,Deep Black Cotton Soil,1.22,Alluvial Plain / Valley Fill,1121.8,0.05,0,0.642
521158,Vemar,Karjan,22.001203,73.236051,0.0,2.3,4.5,92.5,12.15,140.4,Deccan Trap Basalt,Deep Black Cotton Soil,1.07,Alluvial Plain / Valley Fill,1093.0,0.001,0,0.595
521160,Kasampur,Karjan,22.010784,73.197272,0.0,0.0,4.98,102.5,14.4,166.4,Deccan Trap Basalt,Deep Black Cotton Soil,1.25,Alluvial Plain / Valley Fill,1118.2,0.001,0,0.651
521159,Kothav,Karjan,22.000365,73.216065,0.0,6.92,4.15,107.5,14.85,171.6,Deccan Trap Basalt,Deep Black Cotton Soil,1.29,Alluvial Plain / Valley Fill,1107.4,0.001,0,0.66
521172,Nishaliya,Karjan,21.994476,73.203651,0.0,14.89,4.96,105.0,14.4,166.4,Deccan Trap Basalt,Deep Black Cotton Soil,1.25,Alluvial Plain / Valley Fill,1105.6,0.001,0,0.649
521171,Choranda,Karjan,21.988212,73.178437,0.0,1.2,4.96,100.0,13.5,156.0,Deccan Trap Basalt,Deep Black Cotton Soil,1.18,Alluvial Plain / Valley Fill,1103.8,0.001,0,0.628
521217,Sandha,Sinor,22.051567,73.333742,0.0,0.34,5.17,97.5,13.05,150.8,Deccan Trap Basalt,Deep Black Cotton Soil,1.14,Alluvial Plain / Valley Fill,1094.8,0.0,0,0.616
521218,Damnagar,Sinor,22.048448,73.35436,0.0,0.0,4.88,90.0,11.7,135.2,Quaternary Alluvium,Deep Black Cotton Soil,1.04,Alluvial Plain / Valley Fill,1093.0,0.05,0,0.586
521216,Garadi,Sinor,22.046886,73.313492,0.0,0.79,5.79,97.5,13.05,150.8,Deccan Trap Basalt,Deep Black Cotton Soil,1.14,Alluvial Plain / Valley Fill,1109.2,0.0,0,0.618
521215,Nana Habipura,Sinor,22.045817,73.288605,0.0,1.66,7.62,92.5,12.15,140.4,Deccan Trap Basalt,Deep Black Cotton Soil,1.07,Alluvial Plain / Valley Fill,1103.8,0.0,0,0.597
521225,Achisara,Sinor,22.032329,73.319689,0.0,8.06,3.69,100.0,13.5,156.0,Deccan Trap Basalt,Deep Black Cotton Soil,1.18,Alluvial Plain / Valley Fill,1111.0,0.0,0,0.629
521222,Puniyad,Sinor,22.034808,73.362022,0.0,2.2,4.69,92.5,12.15,140.4,Deccan Trap Basalt,Deep Black Cotton Soil,1.07,Alluvial Plain / Valley Fill,1103.8,0.0,0,0.597
521221,Anandi,Sinor,22.027457,73.377876,0.0,14.78,3.17,97.5,13.5,156.0,Deccan Trap Basalt,Deep Black Cotton Soil,1.18,Alluvial Plain / Valley Fill,1096.6,0.0,0,0.627
521223,Bhekhada,Sinor,22.034538,73.340775,0.0,0.0,6.0,105.0,14.4,166.4,Deccan Trap Basalt,Deep Black Cotton Soil,1.25,Alluvial Plain / Valley Fill,1100.2,0.0,0,0.648
521214,Timbarva,Sinor,22.02638,73.271644,0.0,0.71,4.38,102.5,13.5,156.0,Deccan Trap Basalt,Deep Black Cotton Soil,1.18,Alluvial Plain / Valley Fill,1107.4,0.05,0,0.629
521224,Chhanbhoi,Sinor,22.018022,73.343451,0.0,3.82,5.15,92.5,12.15,140.4,Deccan Trap Basalt,Deep Black Cotton Soil,1.07,Alluvial Plain / Valley Fill,1112.8,0.0,0,0.598
521231,Avakhal,Sinor,22.0029,73.3245,0.0,2.31,4.02,92.5,12.15,140.4,Deccan Trap Basalt,Deep Black Cotton Soil,1.07,Alluvial Plain / Valley Fill,1109.2,0.001,0,0.598
521232,Malpur,Sinor,22.006701,73.353646,0.0,1.74,2.6,102.5,13.95,161.2,Deccan Trap Basalt,Deep Black Cotton Soil,1.22,Alluvial Plain / Valley Fill,1116.4,0.0,0,0.641
521226,Tarva,Sinor,22.00933,73.267989,0.0,0.57,4.79,102.5,13.95,161.2,Deccan Trap Basalt,Deep Black Cotton Soil,1.22,Alluvial Plain / Valley Fill,1107.4,0.002,0,0.639
521233,Segva,Sinor,22.006763,73.374721,0.0,0.79,4.33,100.0,13.5,156.0,Deccan Trap Basalt,Deep Black Cotton Soil,1.18,Alluvial Plain / Valley Fill,1111.0,0.0,0,0.629
521230,Sadhli,Sinor,21.990856,73.297683,0.0,0.88,4.15,107.5,14.85,171.6,Deccan Trap Basalt,Deep Black Cotton Soil,1.29,Alluvial Plain / Valley Fill,1111.0,0.001,0,0.66
521108,Sampla,Padra,22.092733,72.917623,0.0,3.1,3.44,92.5,12.15,140.4,Deccan Trap Basalt,Alluvial Loamy Soil,1.07,Alluvial Plain / Valley Fill,1098.4,0.001,0,0.596
521107,Shanpur,Padra,22.104415,72.950166,0.0,2.12,4.05,92.5,12.15,140.4,Deccan Trap Basalt,Alluvial Loamy Soil,1.07,Alluvial Plain / Valley Fill,1089.4,0.0,0,0.595
521090,Kanzat,Padra,22.108455,72.889902,8.48,1.78,0.0,95.0,12.6,145.6,Deccan Trap Basalt,Alluvial Loamy Soil,1.11,Alluvial Plain / Valley Fill,1093.0,0.001,0,0.593
521110,Bhanpur,Padra,22.090872,72.938779,0.0,0.64,4.46,95.0,12.6,145.6,Deccan Trap Basalt,Alluvial Loamy Soil,1.11,Alluvial Plain / Valley Fill,1102.0,0.001,0,0.607
521111,Vanchhara,Padra,22.075925,72.949723,0.0,3.61,5.36,95.0,12.6,145.6,Deccan Trap Basalt,Alluvial Loamy Soil,1.11,Alluvial Plain / Valley Fill,1082.2,0.001,0,0.605
521109,Danoli,Padra,22.069706,72.919621,0.0,2.9,4.36,92.5,12.15,140.4,Deccan Trap Basalt,Alluvial Loamy Soil,1.07,Alluvial Plain / Valley Fill,1100.2,0.001,0,0.596
521118,Nedra,Padra,22.052913,72.928131,0.0,7.28,5.56,95.0,12.6,145.6,Deccan Trap Basalt,Alluvial Loamy Soil,1.11,Alluvial Plain / Valley Fill,1091.2,0.001,0,0.606
521227,Tinglod,Sinor,21.990449,73.25099,0.0,0.43,1.93,97.5,12.15,140.4,Deccan Trap Basalt,Deep Black Cotton Soil,1.07,Alluvial Plain / Valley Fill,1102.0,0.001,0,0.597
521122,Abhara,Karjan,22.088832,73.023087,0.0,4.55,4.86,102.5,13.95,161.2,Deccan Trap Basalt,Deep Black Cotton Soil,1.22,Alluvial Plain / Valley Fill,1102.0,0.001,0,0.639
521142,Kandari,Karjan,22.080348,73.151713,0.0,7.0,5.24,107.5,13.95,161.2,Deccan Trap Basalt,Deep Black Cotton Soil,1.22,Alluvial Plain / Valley Fill,1109.2,0.001,0,0.64
521132,Kurai,Karjan,22.077144,73.102052,0.0,0.0,4.94,102.5,13.5,156.0,Deccan Trap Basalt,Deep Black Cotton Soil,1.18,Alluvial Plain / Valley Fill,1096.6,0.0,0,0.627
521134,Handod,Karjan,22.074506,73.054631,0.0,2.36,4.03,92.5,12.15,140.4,Deccan Trap Basalt,Deep Black Cotton Soil,1.07,Alluvial Plain / Valley Fill,1105.6,0.0,0,0.597
521133,Khandha,Karjan,22.070567,73.073476,0.0,2.2,1.74,92.5,12.6,145.6,Deccan Trap Basalt,Deep Black Cotton Soil,1.11,Alluvial Plain / Valley Fill,1093.0,0.0,0,0.606
521136,Chorbhuj,Karjan,22.061192,73.010019,0.0,4.96,5.21,92.5,12.6,145.6,Deccan Trap Basalt,Deep Black Cotton Soil,1.11,Alluvial Plain / Valley Fill,1089.4,0.001,0,0.606
521123,Sambhoi,Karjan,22.107029,73.03894,0.0,7.63,4.28,100.0,12.6,145.6,Deccan Trap Basalt,Deep Black Cotton Soil,1.11,Alluvial Plain / Valley Fill,1109.2,0.001,0,0.608
521124,Surwada,Karjan,22.107989,73.055006,0.0,3.23,7.07,92.5,13.05,150.8,Deccan Trap Basalt,Deep Black Cotton Soil,1.14,Alluvial Plain / Valley Fill,1094.8,0.001,0,0.616
521121,Virjai,Karjan,22.100334,73.001793,0.0,0.0,4.97,92.5,12.15,140.4,Deccan Trap Basalt,Deep Black Cotton Soil,1.07,Alluvial Plain / Valley Fill,1076.8,0.001,0,0.593
521126,Pingalwada,Karjan,22.108714,73.097279,0.0,3.07,5.24,92.5,12.15,140.4,Deccan Trap Basalt,Deep Black Cotton Soil,1.07,Alluvial Plain / Valley Fill,1109.2,0.001,0,0.598
521127,Harsunda,Karjan,22.10727,73.123008,0.0,3.55,4.73,95.0,12.6,145.6,Deccan Trap Basalt,Deep Black Cotton Soil,1.11,Alluvial Plain / Valley Fill,1116.4,0.001,0,0.609
521125,Manpur,Karjan,22.098113,73.075975,0.0,2.28,6.21,95.0,12.6,145.6,Deccan Trap Basalt,Deep Black Cotton Soil,1.11,Alluvial Plain / Valley Fill,1091.2,0.001,0,0.606
521131,Anastu,Karjan,22.086903,73.114773,0.0,3.7,4.13,102.5,13.95,161.2,Deccan Trap Basalt,Deep Black Cotton Soil,1.22,Alluvial Plain / Valley Fill,1132.6,0.0,0,0.643
521129,Manglej,Karjan,22.094203,73.173107,0.0,0.0,5.35,90.0,11.7,135.2,Quaternary Alluvium,Deep Black Cotton Soil,1.04,Alluvial Plain / Valley Fill,1107.4,0.001,0,0.588
521130,Kherda,Karjan,22.092915,73.136272,0.0,2.93,5.23,95.0,12.6,145.6,Deccan Trap Basalt,Deep Black Cotton Soil,1.11,Alluvial Plain / Valley Fill,1098.4,0.001,0,0.607
521137,Umaj,Karjan,22.055899,72.964382,0.0,4.68,8.43,92.5,12.15,140.4,Deccan Trap Basalt,Deep Black Cotton Soil,1.07,Alluvial Plain / Valley Fill,1094.8,0.001,0,0.596
521146,Vemardi,Karjan,22.052172,73.172982,0.0,8.06,3.45,105.0,14.4,166.4,Deccan Trap Basalt,Deep Black Cotton Soil,1.25,Alluvial Plain / Valley Fill,1123.6,0.0,0,0.652
521166,Mankan,Karjan,21.932658,73.069718,0.0,3.92,0.78,100.0,13.5,156.0,Deccan Trap Basalt,Deep Black Cotton Soil,1.18,Alluvial Plain / Valley Fill,1087.6,0.001,0,0.626
521184,Sarupur Timbi,Karjan,21.929106,73.150558,0.0,5.34,3.86,102.5,13.95,161.2,Deccan Trap Basalt,Deep Black Cotton Soil,1.22,Alluvial Plain / Valley Fill,1100.2,0.001,0,0.638
521183,Saniyad,Karjan,21.923933,73.173165,0.0,3.86,1.1,95.0,12.6,145.6,Deccan Trap Basalt,Deep Black Cotton Soil,1.11,Alluvial Plain / Valley Fill,1087.6,0.001,0,0.605
521163,Dethan,Karjan,21.977393,73.104835,0.0,1.08,2.29,95.0,12.15,140.4,Deccan Trap Basalt,Deep Black Cotton Soil,1.07,Alluvial Plain / Valley Fill,1080.4,0.001,0,0.594
521164,Valan,Karjan,21.954884,73.075371,0.94,1.76,1.76,95.0,12.15,140.4,Deccan Trap Basalt,Deep Black Cotton Soil,1.07,Alluvial Plain / Valley Fill,1096.6,0.001,0,0.594
521169,Atali,Karjan,21.963404,73.147394,0.0,1.82,4.48,97.5,13.05,150.8,Deccan Trap Basalt,Deep Black Cotton Soil,1.14,Alluvial Plain / Valley Fill,1098.4,0.05,0,0.617
521170,Bachar,Karjan,21.962801,73.17002,0.0,0.44,4.71,100.0,13.05,150.8,Deccan Trap Basalt,Deep Black Cotton Soil,1.14,Alluvial Plain / Valley Fill,1107.4,0.001,0,0.618
521168,Kiya,Karjan,21.957047,73.121666,0.0,1.6,3.83,95.0,12.6,145.6,Deccan Trap Basalt,Deep Black Cotton Soil,1.11,Alluvial Plain / Valley Fill,1098.4,0.001,0,0.607
521176,Urad,Karjan,21.941814,73.159467,0.0,9.85,4.81,97.5,13.05,150.8,Deccan Trap Basalt,Deep Black Cotton Soil,1.14,Alluvial Plain / Valley Fill,1105.6,0.001,0,0.618
521177,Koliyad,Karjan,21.927209,73.131173,0.0,6.61,3.85,97.5,13.05,150.8,Deccan Trap Basalt,Deep Black Cotton Soil,1.14,Alluvial Plain / Valley Fill,1102.0,0.001,0,0.617
521167,Divi,Karjan,21.933756,73.116397,0.0,11.16,4.88,95.0,12.6,145.6,Deccan Trap Basalt,Deep Black Cotton Soil,1.11,Alluvial Plain / Valley Fill,1098.4,0.001,0,0.607
521165,Mesrad,Karjan,21.930546,73.021135,0.0,0.66,6.42,102.5,13.95,161.2,Deccan Trap Basalt,Deep Black Cotton Soil,1.22,Alluvial Plain / Valley Fill,1109.2,0.0,0,0.64
521178,Sansrod,Karjan,21.912531,73.096947,0.0,0.43,0.43,100.0,13.95,161.2,Deccan Trap Basalt,Deep Black Cotton Soil,1.22,Alluvial Plain / Valley Fill,1078.6,0.001,0,0.635
521182,Sanapura,Karjan,21.90548,73.145016,0.0,0.0,4.35,92.5,12.6,145.6,Deccan Trap Basalt,Deep Black Cotton Soil,1.11,Alluvial Plain / Valley Fill,1089.4,0.001,0,0.606
521181,Saring,Karjan,21.890801,73.129828,0.0,2.45,5.86,97.5,13.05,150.8,Deccan Trap Basalt,Deep Black Cotton Soil,1.14,Alluvial Plain / Valley Fill,1102.0,0.001,0,0.617
521179,Haldarva,Karjan,21.896641,73.077939,0.0,3.14,1.73,100.0,13.5,156.0,Deccan Trap Basalt,Deep Black Cotton Soil,1.18,Alluvial Plain / Valley Fill,1089.4,0.001,0,0.626
521195,Karan,Karjan,21.89618,73.168278,0.0,0.0,5.62,95.0,12.6,145.6,Deccan Trap Basalt,Deep Black Cotton Soil,1.11,Alluvial Plain / Valley Fill,1102.0,0.0,0,0.607
521180,Mantroj,Karjan,21.889077,73.10036,0.0,6.0,4.4,105.0,14.4,166.4,Deccan Trap Basalt,Deep Black Cotton Soil,1.25,Alluvial Plain / Valley Fill,1087.6,0.001,0,0.646
521196,Pachhiyapura,Karjan,21.894566,73.156396,0.0,2.65,4.86,97.5,13.05,150.8,Deccan Trap Basalt,Deep Black Cotton Soil,1.14,Alluvial Plain / Valley Fill,1091.2,0.001,0,0.616
521197,Delvada,Karjan,21.877363,73.14759,0.0,16.56,4.46,97.5,13.05,150.8,Deccan Trap Basalt,Deep Black Cotton Soil,1.14,Alluvial Plain / Valley Fill,1102.0,0.0,0,0.617
521199,Arjanpura,Karjan,21.867865,73.164557,0.0,3.23,19.35,97.5,13.05,150.8,Deccan Trap Basalt,Deep Black Cotton Soil,1.14,Alluvial Plain / Valley Fill,1094.8,0.001,0,0.616
521198,Somaj,Karjan,21.868243,73.149303,0.0,16.77,11.18,95.0,12.6,145.6,Deccan Trap Basalt,Deep Black Cotton Soil,1.11,Alluvial Plain / Valley Fill,1111.0,0.001,0,0.609
521192,Samri,Karjan,21.935162,73.197469,0.0,0.0,5.49,97.5,13.05,150.8,Deccan Trap Basalt,Deep Black Cotton Soil,1.14,Alluvial Plain / Valley Fill,1118.2,0.001,0,0.619
521173,Methi,Karjan,21.973103,73.221783,0.0,1.57,4.87,97.5,13.05,150.8,Deccan Trap Basalt,Deep Black Cotton Soil,1.14,Alluvial Plain / Valley Fill,1102.0,0.001,0,0.617
521174,Chhanchhva,Karjan,21.973599,73.197097,0.0,0.0,5.22,97.5,13.05,150.8,Deccan Trap Basalt,Deep Black Cotton Soil,1.14,Alluvial Plain / Valley Fill,1102.0,0.001,0,0.617
521175,Kala,Karjan,21.949247,73.1791,0.0,0.0,4.69,92.5,13.05,150.8,Deccan Trap Basalt,Deep Black Cotton Soil,1.14,Alluvial Plain / Valley Fill,1114.6,0.001,0,0.619
521187,Simli,Karjan,21.952537,73.220691,0.0,1.09,4.9,97.5,13.05,150.8,Deccan Trap Basalt,Deep Black Cotton Soil,1.14,Alluvial Plain / Valley Fill,1102.0,0.002,0,0.617
521186,Kanthariya,Karjan,21.947104,73.19995,0.0,1.73,4.95,100.0,13.5,156.0,Deccan Trap Basalt,Deep Black Cotton Soil,1.18,Alluvial Plain / Valley Fill,1100.2,0.001,0,0.628
521188,Kothiya,Karjan,21.943,73.238991,0.0,15.63,3.61,102.5,13.95,161.2,Deccan Trap Basalt,Deep Black Cotton Soil,1.22,Alluvial Plain / Valley Fill,1111.0,0.001,0,0.64
521190,Deroli,Karjan,21.935378,73.221769,0.0,13.3,4.04,107.5,14.85,171.6,Deccan Trap Basalt,Deep Black Cotton Soil,1.29,Alluvial Plain / Valley Fill,1087.6,0.001,0,0.657
521193,Samra,Karjan,21.918272,73.193568,0.0,4.63,4.63,97.5,13.05,150.8,Deccan Trap Basalt,Deep Black Cotton Soil,1.14,Alluvial Plain / Valley Fill,1091.2,0.05,0,0.616
521191,Fatepur,Karjan,21.918199,73.21762,0.0,25.0,3.12,97.5,13.95,161.2,Deccan Trap Basalt,Deep Black Cotton Soil,1.22,Alluvial Plain / Valley Fill,1091.2,0.001,0,0.637
521194,Sherpura,Karjan,21.905708,73.187584,0.0,5.2,5.78,92.5,12.15,140.4,Deccan Trap Basalt,Deep Black Cotton Soil,1.07,Alluvial Plain / Valley Fill,1098.4,0.05,0,0.596
521203,Kahona,Karjan,21.90302,73.210746,0.0,12.77,5.54,92.5,12.15,140.4,Deccan Trap Basalt,Deep Black Cotton Soil,1.07,Alluvial Plain / Valley Fill,1091.2,0.0,0,0.595
521140,Kambola,Karjan,22.040465,73.053253,0.0,4.18,5.07,92.5,12.15,140.4,Deccan Trap Basalt,Deep Black Cotton Soil,1.07,Alluvial Plain / Valley Fill,1105.6,0.0,0,0.597
521202,Ropa,Karjan,21.890067,73.20414,0.0,10.11,5.32,100.0,13.5,156.0,Deccan Trap Basalt,Deep Black Cotton Soil,1.18,Alluvial Plain / Valley Fill,1089.4,0.0,0,0.626
521204,Hirjipura,Karjan,21.896063,73.215054,0.0,13.91,5.3,95.0,12.6,145.6,Deccan Trap Basalt,Deep Black Cotton Soil,1.11,Alluvial Plain / Valley Fill,1100.2,0.0,0,0.607
521201,Rarod,Karjan,21.873413,73.196423,0.0,2.66,6.31,87.5,11.25,130.0,Quaternary Alluvium,Deep Black Cotton Soil,1.0,Alluvial Plain / Valley Fill,1057.0,0.05,0,0.57
521200,Oz,Karjan,21.87564,73.180678,0.0,13.61,3.77,95.0,12.6,145.6,Deccan Trap Basalt,Deep Black Cotton Soil,1.11,Alluvial Plain / Valley Fill,1093.0,0.0,0,0.606
521205,Bakapur,Karjan,21.890455,73.218039,0.0,12.9,4.84,100.0,13.5,156.0,Deccan Trap Basalt,Deep Black Cotton Soil,1.18,Alluvial Plain / Valley Fill,1094.8,0.0,0,0.627
521208,Malod,Karjan,21.875783,73.219811,0.0,1.64,4.37,100.0,13.5,156.0,Deccan Trap Basalt,Deep Black Cotton Soil,1.18,Alluvial Plain / Valley Fill,1091.2,0.0,0,0.626
521207,Sayar,Karjan,21.857272,73.234331,0.0,27.85,3.22,100.0,13.5,156.0,Deccan Trap Basalt,Deep Black Cotton Soil,1.18,Alluvial Plain / Valley Fill,1121.8,0.001,0,0.631
521209,Sagdol,Karjan,21.861315,73.214469,0.0,15.6,1.6,95.0,12.6,145.6,Deccan Trap Basalt,Deep Black Cotton Soil,1.11,Alluvial Plain / Valley Fill,1091.2,0.0,0,0.606
521210,Pura,Karjan,21.84658,73.185721,0.0,0.35,3.32,102.5,14.4,166.4,Deccan Trap Basalt,Deep Black Cotton Soil,1.25,Alluvial Plain / Valley Fill,1112.8,0.0,0,0.65
521213,Nani Koral,Karjan,21.836794,73.222085,0.0,16.41,4.77,105.0,14.4,166.4,Deccan Trap Basalt,Deep Black Cotton Soil,1.25,Alluvial Plain / Valley Fill,1094.8,0.001,0,0.647
521211,Moti Koral,Karjan,21.835705,73.206877,0.0,12.02,3.12,100.0,13.5,156.0,Deccan Trap Basalt,Deep Black Cotton Soil,1.18,Alluvial Plain / Valley Fill,1112.8,0.001,0,0.629
521235,Mota Karala,Sinor,21.985864,73.394809,0.0,0.55,2.98,102.5,13.95,161.2,Deccan Trap Basalt,Deep Black Cotton Soil,1.22,Alluvial Plain / Valley Fill,1094.8,0.05,0,0.638
521236,Simli,Sinor,21.984892,73.361907,0.0,0.59,4.98,97.5,13.5,156.0,Deccan Trap Basalt,Deep Black Cotton Soil,1.18,Alluvial Plain / Valley Fill,1103.8,0.0,0,0.628
521229,Utraj,Sinor,21.982802,73.275034,0.0,0.89,2.66,102.5,13.95,161.2,Deccan Trap Basalt,Deep Black Cotton Soil,1.22,Alluvial Plain / Valley Fill,1096.6,0.0,0,0.638
521238,Tersa,Sinor,21.979599,73.329423,0.0,0.32,6.01,107.5,14.85,171.6,Deccan Trap Basalt,Deep Black Cotton Soil,1.29,Alluvial Plain / Valley Fill,1100.2,0.001,0,0.659
521239,Manjrol,Sinor,21.958358,73.313963,0.0,1.96,4.24,97.5,13.05,150.8,Deccan Trap Basalt,Deep Black Cotton Soil,1.14,Alluvial Plain / Valley Fill,1098.4,0.0,0,0.617
521237,Kukas,Sinor,21.968984,73.339508,0.0,1.03,3.33,100.0,13.05,150.8,Deccan Trap Basalt,Deep Black Cotton Soil,1.14,Alluvial Plain / Valley Fill,1103.8,0.0,0,0.617
521228,Bavaliya,Sinor,21.972337,73.245191,0.0,3.99,4.45,92.5,12.15,140.4,Deccan Trap Basalt,Deep Black Cotton Soil,1.07,Alluvial Plain / Valley Fill,1094.8,0.002,0,0.596
521244,Mota Fofaliya,Sinor,21.962219,73.372037,0.0,1.38,5.51,105.0,14.4,166.4,Deccan Trap Basalt,Deep Black Cotton Soil,1.25,Alluvial Plain / Valley Fill,1100.2,0.0,0,0.648
521241,Diver,Sinor,21.948215,73.272071,0.0,10.7,5.1,107.5,14.85,171.6,Deccan Trap Basalt,Deep Black Cotton Soil,1.29,Alluvial Plain / Valley Fill,1087.6,0.001,0,0.657
521240,Mindhol,Sinor,21.952392,73.295069,0.0,1.64,5.7,105.0,12.6,145.6,Deccan Trap Basalt,Deep Black Cotton Soil,1.11,Alluvial Plain / Valley Fill,1085.8,0.001,0,0.605
521249,Kanjetha,Sinor,21.945834,73.354149,0.0,11.54,4.55,97.5,13.05,150.8,Deccan Trap Basalt,Deep Black Cotton Soil,1.14,Alluvial Plain / Valley Fill,1091.2,0.001,0,0.616
521253,Zanzad,Sinor,21.934401,73.397659,0.0,16.37,5.22,105.0,14.4,166.4,Deccan Trap Basalt,Deep Black Cotton Soil,1.25,Alluvial Plain / Valley Fill,1102.0,0.0,0,0.648
521248,Ambali,Sinor,21.941445,73.383561,0.0,7.9,4.57,110.0,15.3,176.8,Deccan Trap Basalt,Deep Black Cotton Soil,1.32,Structural/Denudational Hill,1103.8,0.0,0,0.669
521243,Damapura,Sinor,21.938019,73.340071,0.0,9.89,5.05,102.5,13.95,161.2,Deccan Trap Basalt,Deep Black Cotton Soil,1.22,Alluvial Plain / Valley Fill,1096.6,0.001,0,0.638
521242,Surasamal,Sinor,21.935182,73.299184,0.0,7.76,4.87,95.0,12.6,145.6,Deccan Trap Basalt,Deep Black Cotton Soil,1.11,Alluvial Plain / Valley Fill,1082.2,0.0,0,0.605
521250,Sinor,Sinor,21.913786,73.32889,0.0,0.0,5.93,102.5,13.95,161.2,Deccan Trap Basalt,Deep Black Cotton Soil,1.22,Alluvial Plain / Valley Fill,1102.0,0.0,0,0.639
521251,Mandva,Sinor,21.916101,73.302506,0.0,11.78,5.57,112.5,15.75,182.0,Deccan Trap Basalt,Deep Black Cotton Soil,1.36,Structural/Denudational Hill,1089.4,0.0,0,0.678
521252,Malsar,Sinor,21.900312,73.310124,0.0,15.35,5.45,117.5,16.2,187.2,Deccan Trap Basalt,Deep Black Cotton Soil,1.4,Structural/Denudational Hill,1105.6,0.0,0,0.691
521139,Bodaka,Karjan,22.051885,73.042031,0.0,1.39,4.02,97.5,13.05,150.8,Deccan Trap Basalt,Deep Black Cotton Soil,1.14,Alluvial Plain / Valley Fill,1103.8,0.0,0,0.617
521148,Juni Jitharadi,Karjan,22.036119,73.142535,0.0,1.23,4.69,105.0,14.4,166.4,Deccan Trap Basalt,Deep Black Cotton Soil,1.25,Alluvial Plain / Valley Fill,1114.6,0.001,0,0.65
521149,Miyagam,Karjan,22.024358,73.081515,0.0,3.22,1.01,95.0,12.6,145.6,Deccan Trap Basalt,Deep Black Cotton Soil,1.11,Alluvial Plain / Valley Fill,1093.0,0.001,0,0.606
521147,Navi Jithardi,Karjan,22.033466,73.159902,0.0,1.44,5.42,107.5,14.85,171.6,Deccan Trap Basalt,Deep Black Cotton Soil,1.29,Alluvial Plain / Valley Fill,1112.8,0.001,0,0.661
521138,Sanpa,Karjan,22.034048,73.012524,0.0,1.01,3.85,90.0,11.7,135.2,Quaternary Alluvium,Deep Black Cotton Soil,1.04,Alluvial Plain / Valley Fill,1096.6,0.0,0,0.586
521154,Bharthana,Karjan,22.010464,73.135645,0.0,0.8,4.62,100.0,13.5,156.0,Deccan Trap Basalt,Deep Black Cotton Soil,1.18,Alluvial Plain / Valley Fill,1098.4,0.001,0,0.627
521037,Karnali,Dabhoi,21.984619,73.497232,0.0,15.24,11.32,90.0,11.7,135.2,Quaternary Alluvium,Deep Black Cotton Soil,1.04,Alluvial Plain / Valley Fill,1073.2,0.001,0,0.583
521035,Bhimpura,Dabhoi,21.987198,73.436545,0.0,33.21,0.0,95.0,13.05,150.8,Deccan Trap Basalt,Deep Black Cotton Soil,1.14,Alluvial Plain / Valley Fill,1094.8,0.0,0,0.616
521036,Nanderiya,Dabhoi,21.977089,73.428682,2.11,11.52,8.06,102.5,13.95,161.2,Deccan Trap Basalt,Deep Black Cotton Soil,1.22,Alluvial Plain / Valley Fill,1094.8,0.0,0,0.634
521245,Bithali,Sinor,21.968351,73.408341,0.0,0.67,5.23,100.0,13.5,156.0,Deccan Trap Basalt,Deep Black Cotton Soil,1.18,Alluvial Plain / Valley Fill,1107.4,0.0,0,0.629
521246,Dariapura,Sinor,21.961805,73.426855,0.0,15.77,7.05,107.5,14.85,171.6,Deccan Trap Basalt,Deep Black Cotton Soil,1.29,Alluvial Plain / Valley Fill,1093.0,0.0,0,0.658
521247,Moletha,Sinor,21.942678,73.417418,0.0,27.53,3.59,105.0,14.4,166.4,Deccan Trap Basalt,Deep Black Cotton Soil,1.25,Alluvial Plain / Valley Fill,1075.0,0.001,0,0.645
521254,Barkal,Sinor,21.926138,73.414838,0.0,32.64,2.78,115.0,16.2,187.2,Deccan Trap Basalt,Deep Black Cotton Soil,1.4,Structural/Denudational Hill,1094.8,0.001,0,0.689
521150,Mangrol,Karjan,22.010746,73.042253,0.0,9.57,4.17,95.0,12.6,145.6,Deccan Trap Basalt,Deep Black Cotton Soil,1.11,Alluvial Plain / Valley Fill,1100.2,0.001,0,0.607
521153,Vadava,Karjan,22.016245,73.117332,0.0,1.69,4.73,97.5,13.05,150.8,Deccan Trap Basalt,Deep Black Cotton Soil,1.14,Alluvial Plain / Valley Fill,1102.0,0.001,0,0.617
521155,Bharthali,Karjan,22.012236,73.158012,0.0,0.0,3.73,102.5,13.95,161.2,Deccan Trap Basalt,Deep Black Cotton Soil,1.22,Alluvial Plain / Valley Fill,1109.2,0.001,0,0.64
521161,Sandarna,Karjan,22.009674,73.171879,0.0,0.35,5.3,107.5,14.85,171.6,Deccan Trap Basalt,Deep Black Cotton Soil,1.29,Alluvial Plain / Valley Fill,1118.2,0.001,0,0.661
521053,Majatan,Padra,22.200015,72.946778,1.1,1.1,3.29,100.0,13.5,156.0,Deccan Trap Basalt,Alluvial Loamy Soil,1.18,Alluvial Plain / Valley Fill,1116.4,0.0,0,0.628
521068,Sandha,Padra,22.195533,72.9519,0.0,0.59,0.0,97.5,13.05,150.8,Deccan Trap Basalt,Alluvial Loamy Soil,1.14,Alluvial Plain / Valley Fill,1100.2,0.0,0,0.617
521051,Dudhwada,Padra,22.188995,72.88756,0.0,0.0,2.44,90.0,11.7,135.2,Quaternary Alluvium,Alluvial Loamy Soil,1.04,Alluvial Plain / Valley Fill,1085.8,0.001,0,0.585
521069,Chitral,Padra,22.181074,72.94459,0.0,0.81,1.34,105.0,14.4,166.4,Deccan Trap Basalt,Alluvial Loamy Soil,1.25,Alluvial Plain / Valley Fill,1112.8,0.001,0,0.65
521073,Gavasad,Padra,22.157491,72.945741,0.0,10.98,1.37,95.0,12.6,145.6,Deccan Trap Basalt,Alluvial Loamy Soil,1.11,Alluvial Plain / Valley Fill,1102.0,0.001,0,0.607
521070,Brahmanvasi,Padra,22.156645,72.87854,0.0,1.02,3.05,95.0,12.6,145.6,Deccan Trap Basalt,Alluvial Loamy Soil,1.11,Alluvial Plain / Valley Fill,1084.0,0.001,0,0.605
521072,Gametha,Padra,22.158279,72.921893,0.0,3.79,0.58,95.0,12.6,145.6,Deccan Trap Basalt,Alluvial Loamy Soil,1.11,Alluvial Plain / Valley Fill,1093.0,0.002,0,0.606
521071,Masar,Padra,22.138,72.902181,0.0,0.96,1.98,92.5,12.15,140.4,Deccan Trap Basalt,Alluvial Loamy Soil,1.07,Alluvial Plain / Valley Fill,1080.4,0.001,0,0.594
521089,Kural,Padra,22.135169,72.92693,0.0,12.12,1.07,95.0,12.6,145.6,Deccan Trap Basalt,Alluvial Loamy Soil,1.11,Alluvial Plain / Valley Fill,1091.2,0.001,0,0.606
521092,Pindapa,Padra,22.118469,72.939888,0.0,0.0,4.35,97.5,13.05,150.8,Deccan Trap Basalt,Alluvial Loamy Soil,1.14,Alluvial Plain / Valley Fill,1103.8,0.001,0,0.617
521091,Abhor,Padra,22.113757,72.911893,8.28,1.07,4.67,92.5,12.15,140.4,Deccan Trap Basalt,Alluvial Loamy Soil,1.07,Alluvial Plain / Valley Fill,1085.8,0.001,0,0.582
521038,Mahmadpura,Padra,22.291407,72.940406,0.0,20.51,5.6,90.0,11.7,135.2,Quaternary Alluvium,Alluvial Loamy Soil,1.04,Alluvial Plain / Valley Fill,1138.0,0.001,0,0.592
521047,Dabka,Padra,22.256706,72.942834,0.0,4.94,1.97,90.0,11.7,135.2,Quaternary Alluvium,Alluvial Loamy Soil,1.04,Alluvial Plain / Valley Fill,1112.8,0.001,0,0.588
521046,Sultanpura,Padra,22.262225,72.953614,14.33,3.0,27.67,85.0,11.25,130.0,Quaternary Alluvium,Alluvial Loamy Soil,1.0,Alluvial Plain / Valley Fill,1096.6,0.001,0,0.554
521050,Tithor,Padra,22.236859,72.879837,0.71,9.18,2.4,25.0,0.2,0.0,Quaternary Alluvium,Alluvial Loamy Soil,0.12,Alluvial Plain / Valley Fill,850.0,0.05,0,0.285
521048,Pavda,Padra,22.236162,72.947623,0.0,1.11,11.48,97.5,13.05,150.8,Deccan Trap Basalt,Alluvial Loamy Soil,1.14,Alluvial Plain / Valley Fill,1091.2,0.001,0,0.616
521049,Chokari,Padra,22.224893,72.932033,0.0,0.0,10.14,97.5,13.05,150.8,Deccan Trap Basalt,Alluvial Loamy Soil,1.14,Alluvial Plain / Valley Fill,1084.0,0.0,0,0.615
521052,Karkhadi,Padra,22.211761,72.909747,0.0,11.14,6.39,92.5,12.15,140.4,Deccan Trap Basalt,Alluvial Loamy Soil,1.07,Alluvial Plain / Valley Fill,1085.8,0.05,0,0.594
521066,Vadu,Padra,22.209616,72.986248,0.0,1.03,1.95,97.5,13.05,150.8,Deccan Trap Basalt,Alluvial Loamy Soil,1.14,Alluvial Plain / Valley Fill,1075.0,0.0,0,0.613
521082,Chansad,Padra,22.205561,73.144045,1.33,8.66,0.35,90.0,11.7,135.2,Quaternary Alluvium,Alluvial Loamy Soil,1.04,Alluvial Plain / Valley Fill,1076.8,0.001,0,0.581
521064,Ranu,Padra,22.211772,73.031885,0.0,4.66,1.4,100.0,14.4,166.4,Deccan Trap Basalt,Alluvial Loamy Soil,1.25,Alluvial Plain / Valley Fill,1085.8,0.0,0,0.646
521065,Bhoj,Padra,22.193754,73.008189,0.0,10.68,1.13,90.0,11.7,135.2,Quaternary Alluvium,Alluvial Loamy Soil,1.04,Alluvial Plain / Valley Fill,1103.8,0.001,0,0.587
521079,Sejakuva,Padra,22.198411,73.068203,0.0,11.08,0.81,85.0,12.15,140.4,Deccan Trap Basalt,Alluvial Loamy Soil,1.07,Alluvial Plain / Valley Fill,1093.0,0.001,0,0.595
521078,Pipli,Padra,22.2017,73.053223,0.0,10.5,0.5,95.0,12.15,140.4,Deccan Trap Basalt,Alluvial Loamy Soil,1.07,Alluvial Plain / Valley Fill,1091.2,0.001,0,0.595
521081,Sareja,Padra,22.203683,73.113123,0.52,0.52,0.0,92.5,12.15,140.4,Deccan Trap Basalt,Alluvial Loamy Soil,1.07,Alluvial Plain / Valley Fill,1084.0,0.001,0,0.593
521080,Goriyad,Padra,22.196894,73.091538,0.0,7.17,1.95,87.5,11.25,130.0,Quaternary Alluvium,Alluvial Loamy Soil,1.0,Alluvial Plain / Valley Fill,1085.8,0.001,0,0.574
521067,Vishrampura,Padra,22.193413,72.967121,0.0,0.43,4.26,90.0,11.7,135.2,Quaternary Alluvium,Alluvial Loamy Soil,1.04,Alluvial Plain / Valley Fill,1094.8,0.0,0,0.586
521083,Madapur,Padra,22.186936,73.111059,0.0,2.02,0.67,92.5,12.15,140.4,Deccan Trap Basalt,Alluvial Loamy Soil,1.07,Alluvial Plain / Valley Fill,1076.8,0.001,0,0.593
521076,Karnakuva,Padra,22.187439,72.979074,0.0,6.49,1.95,95.0,13.05,150.8,Deccan Trap Basalt,Alluvial Loamy Soil,1.14,Alluvial Plain / Valley Fill,1096.6,0.0,0,0.616
521077,Vadadla,Padra,22.188515,73.028952,0.0,1.14,1.89,90.0,11.7,135.2,Quaternary Alluvium,Alluvial Loamy Soil,1.04,Alluvial Plain / Valley Fill,1093.0,0.0,0,0.586
521085,Sadhi,Padra,22.161574,73.052519,0.0,5.14,1.86,92.5,12.15,140.4,Deccan Trap Basalt,Alluvial Loamy Soil,1.07,Alluvial Plain / Valley Fill,1084.0,0.001,0,0.594
521084,Amla,Padra,22.163586,73.07259,0.0,5.22,0.79,85.0,10.8,124.8,Quaternary Alluvium,Alluvial Loamy Soil,0.96,Alluvial Plain / Valley Fill,1082.2,0.001,0,0.563
521098,Saras Vani,Padra,22.172324,73.097141,0.0,0.64,5.64,90.0,11.7,135.2,Quaternary Alluvium,Alluvial Loamy Soil,1.04,Alluvial Plain / Valley Fill,1073.2,0.001,0,0.583
521074,Lola,Padra,22.177699,72.962268,0.0,10.83,5.0,92.5,13.05,150.8,Deccan Trap Basalt,Alluvial Loamy Soil,1.14,Alluvial Plain / Valley Fill,1105.6,0.001,0,0.618
521099,Shihor,Padra,22.173503,73.125801,0.0,7.41,3.92,92.5,12.15,140.4,Deccan Trap Basalt,Alluvial Loamy Soil,1.07,Alluvial Plain / Valley Fill,1100.2,0.001,0,0.596
521075,Muval,Padra,22.170072,72.975278,0.0,0.26,4.35,95.0,12.6,145.6,Deccan Trap Basalt,Alluvial Loamy Soil,1.11,Alluvial Plain / Valley Fill,1078.6,0.001,0,0.604
521086,Anti,Padra,22.165322,73.0332,0.33,1.11,0.33,90.0,12.15,140.4,Deccan Trap Basalt,Alluvial Loamy Soil,1.07,Alluvial Plain / Valley Fill,1094.8,0.001,0,0.595
521087,Rajupura,Padra,22.168519,73.012009,0.0,10.85,2.71,87.5,12.15,140.4,Deccan Trap Basalt,Alluvial Loamy Soil,1.07,Alluvial Plain / Valley Fill,1091.2,0.001,0,0.595
521088,Jalalpur,Padra,22.161426,72.996259,0.0,10.56,3.52,92.5,11.7,135.2,Quaternary Alluvium,Alluvial Loamy Soil,1.04,Alluvial Plain / Valley Fill,1085.8,0.0,0,0.585
521100,Thikariya Mubarak,Padra,22.156815,73.117238,0.0,0.0,10.84,92.5,12.15,140.4,Deccan Trap Basalt,Alluvial Loamy Soil,1.07,Alluvial Plain / Valley Fill,1091.2,0.002,0,0.595
521096,Ambada,Padra,22.148851,73.018604,0.0,6.56,4.33,92.5,11.7,135.2,Quaternary Alluvium,Alluvial Loamy Soil,1.04,Alluvial Plain / Valley Fill,1075.0,0.001,0,0.583
521101,Virpur,Padra,22.145269,73.103502,0.0,0.34,4.11,97.5,13.05,150.8,Deccan Trap Basalt,Alluvial Loamy Soil,1.14,Alluvial Plain / Valley Fill,1102.0,0.001,0,0.617
521095,Kalyankui,Padra,22.14601,73.000385,0.0,5.61,4.67,90.0,11.7,135.2,Quaternary Alluvium,Alluvial Loamy Soil,1.04,Alluvial Plain / Valley Fill,1094.8,0.0,0,0.586
521093,Mobha,Padra,22.132009,72.969914,0.0,1.05,2.33,92.5,12.15,140.4,Deccan Trap Basalt,Alluvial Loamy Soil,1.07,Alluvial Plain / Valley Fill,1084.0,0.001,0,0.594
521104,Bhadari,Padra,22.131602,73.046963,0.0,1.34,5.88,90.0,11.7,135.2,Quaternary Alluvium,Alluvial Loamy Soil,1.04,Alluvial Plain / Valley Fill,1087.6,0.001,0,0.585
521094,Sadra,Padra,22.129314,72.989277,0.0,2.55,2.93,92.5,12.15,140.4,Deccan Trap Basalt,Alluvial Loamy Soil,1.07,Alluvial Plain / Valley Fill,1085.8,0.0,0,0.594
521102,Medhad,Padra,22.130513,73.090522,0.0,1.81,4.29,95.0,12.6,145.6,Deccan Trap Basalt,Alluvial Loamy Soil,1.11,Alluvial Plain / Valley Fill,1116.4,0.002,0,0.609
521105,Gayapura,Padra,22.128234,73.022714,0.0,5.13,3.59,97.5,13.05,150.8,Deccan Trap Basalt,Alluvial Loamy Soil,1.14,Alluvial Plain / Valley Fill,1078.6,0.001,0,0.614
521103,Husepur,Padra,22.125176,73.075912,0.0,0.0,4.77,97.5,12.6,145.6,Deccan Trap Basalt,Alluvial Loamy Soil,1.11,Alluvial Plain / Valley Fill,1080.4,0.002,0,0.604
521106,Kanda,Padra,22.124838,73.006094,0.0,4.12,0.48,95.0,12.6,145.6,Deccan Trap Basalt,Alluvial Loamy Soil,1.11,Alluvial Plain / Valley Fill,1089.4,0.0,0,0.606
521115,Sadad,Padra,22.114914,73.061825,0.0,2.59,6.48,87.5,11.25,130.0,Quaternary Alluvium,Alluvial Loamy Soil,1.0,Alluvial Plain / Valley Fill,1084.0,0.001,0,0.574
521114,Thikariya Math,Padra,22.118614,73.022857,0.0,4.81,1.07,90.0,11.7,135.2,Quaternary Alluvium,Alluvial Loamy Soil,1.04,Alluvial Plain / Valley Fill,1078.6,0.001,0,0.584
519872,Khalipur,Vadodara Rural,22.204744,73.165883,1.33,0.0,5.54,92.5,12.15,140.4,Deccan Trap Basalt,Alluvial Loamy Soil,1.07,Alluvial Plain / Valley Fill,1089.4,0.001,0,0.593
519882,Karali,Vadodara Rural,22.173667,73.153527,0.0,3.16,1.58,92.5,12.15,140.4,Deccan Trap Basalt,Alluvial Loamy Soil,1.07,Alluvial Plain / Valley Fill,1087.6,0.001,0,0.595
519883,Itola,Vadodara Rural,22.15177,73.142673,0.0,8.82,4.57,95.0,12.6,145.6,Deccan Trap Basalt,Alluvial Loamy Soil,1.11,Alluvial Plain / Valley Fill,1085.8,0.001,0,0.605
519895,Raman Gamdi,Vadodara Rural,22.128858,73.171689,4.76,1.19,6.75,25.0,0.2,0.0,Quaternary Alluvium,Alluvial Loamy Soil,0.12,Alluvial Plain / Valley Fill,850.0,0.001,0,0.279
519896,Gosindra,Vadodara Rural,22.127304,73.126298,0.57,0.43,0.43,92.5,12.15,140.4,Deccan Trap Basalt,Alluvial Loamy Soil,1.07,Alluvial Plain / Valley Fill,1087.6,0.001,0,0.594
519897,Untiya Medhad,Vadodara Rural,22.117336,73.107781,0.0,0.0,5.57,97.5,12.15,140.4,Deccan Trap Basalt,Alluvial Loamy Soil,1.07,Alluvial Plain / Valley Fill,1089.4,0.002,0,0.595
520921,Mahmadpura,Dabhoi,22.216605,73.282351,12.5,1.44,7.69,97.5,12.6,145.6,Deccan Trap Basalt,Deep Black Cotton Soil,1.11,Alluvial Plain / Valley Fill,1093.0,0.001,0,0.587
520922,Palaswada,Dabhoi,22.209198,73.299901,0.0,0.0,16.17,90.0,11.7,135.2,Quaternary Alluvium,Deep Black Cotton Soil,1.04,Alluvial Plain / Valley Fill,1096.6,0.001,0,0.586
520938,Kaddhara,Dabhoi,22.206892,73.373629,0.0,3.39,0.0,100.0,13.05,150.8,Deccan Trap Basalt,Deep Black Cotton Soil,1.14,Alluvial Plain / Valley Fill,1107.4,0.001,0,0.618
520920,Mosampura,Dabhoi,22.206209,73.27003,9.78,1.45,2.17,97.5,13.05,150.8,Deccan Trap Basalt,Deep Black Cotton Soil,1.14,Alluvial Plain / Valley Fill,1098.4,0.0,0,0.602
520930,Valipura,Dabhoi,22.207937,73.317144,5.94,0.0,5.45,95.0,12.6,145.6,Deccan Trap Basalt,Deep Black Cotton Soil,1.11,Alluvial Plain / Valley Fill,1082.2,0.001,0,0.596
520937,Kaddharapura,Dabhoi,22.211852,73.35813,0.0,4.1,0.0,100.0,13.5,156.0,Deccan Trap Basalt,Deep Black Cotton Soil,1.18,Alluvial Plain / Valley Fill,1112.8,0.001,0,0.629
520929,Bhavpura,Dabhoi,22.207408,73.328601,5.92,2.37,4.73,95.0,12.6,145.6,Deccan Trap Basalt,Deep Black Cotton Soil,1.11,Alluvial Plain / Valley Fill,1073.2,0.001,0,0.594
520940,Karali,Dabhoi,22.202326,73.400652,4.87,4.87,5.73,90.0,12.15,140.4,Deccan Trap Basalt,Deep Black Cotton Soil,1.07,Alluvial Plain / Valley Fill,1105.6,0.001,0,0.59
520936,Abdalapura,Dabhoi,22.200262,73.353441,0.0,4.74,0.0,100.0,13.5,156.0,Deccan Trap Basalt,Deep Black Cotton Soil,1.18,Alluvial Plain / Valley Fill,1105.6,0.001,0,0.628
520935,Vayadpur,Dabhoi,22.198432,73.342671,0.0,4.76,0.0,97.5,13.05,150.8,Deccan Trap Basalt,Deep Black Cotton Soil,1.14,Alluvial Plain / Valley Fill,1085.8,0.001,0,0.615
520931,Kundhela,Dabhoi,22.188539,73.281796,8.06,3.34,11.15,95.0,12.6,145.6,Deccan Trap Basalt,Deep Black Cotton Soil,1.11,Alluvial Plain / Valley Fill,1091.2,0.001,0,0.594
520952,Gojali,Dabhoi,22.190698,73.378433,0.0,13.43,5.22,95.0,12.6,145.6,Deccan Trap Basalt,Deep Black Cotton Soil,1.11,Alluvial Plain / Valley Fill,1107.4,0.001,0,0.608
520934,Bhilapur,Dabhoi,22.192919,73.325929,0.0,1.24,0.0,100.0,13.5,156.0,Deccan Trap Basalt,Deep Black Cotton Soil,1.18,Alluvial Plain / Valley Fill,1089.4,0.001,0,0.626
520953,Banaiya,Dabhoi,22.184445,73.35092,0.0,21.19,1.32,87.5,11.25,130.0,Quaternary Alluvium,Deep Black Cotton Soil,1.0,Alluvial Plain / Valley Fill,1094.8,0.001,0,0.575
520951,Vasai,Dabhoi,22.173534,73.392085,7.7,17.54,4.86,92.5,12.15,140.4,Deccan Trap Basalt,Deep Black Cotton Soil,1.07,Alluvial Plain / Valley Fill,1091.2,0.001,0,0.584
520932,Baherampura,Dabhoi,22.176949,73.301674,0.0,11.78,4.93,95.0,12.6,145.6,Deccan Trap Basalt,Deep Black Cotton Soil,1.11,Alluvial Plain / Valley Fill,1069.6,0.001,0,0.603
520933,Navapur,Dabhoi,22.181324,73.316668,0.0,2.88,0.0,95.0,12.6,145.6,Deccan Trap Basalt,Deep Black Cotton Soil,1.11,Alluvial Plain / Valley Fill,1078.6,0.001,0,0.604
520958,Ambav,Dabhoi,22.163756,73.364609,0.0,1.64,0.33,100.0,13.05,150.8,Deccan Trap Basalt,Deep Black Cotton Soil,1.14,Alluvial Plain / Valley Fill,1087.6,0.001,0,0.615
520959,Puda,Dabhoi,22.17066,73.375582,0.0,6.79,6.43,92.5,11.25,130.0,Quaternary Alluvium,Deep Black Cotton Soil,1.0,Alluvial Plain / Valley Fill,1084.0,0.001,0,0.574
520957,Thuvavi,Dabhoi,22.160641,73.341034,0.0,0.88,5.27,100.0,13.5,156.0,Deccan Trap Basalt,Deep Black Cotton Soil,1.18,Alluvial Plain / Valley Fill,1107.4,0.001,0,0.629
520954,Rajli,Dabhoi,22.165455,73.323543,0.0,2.54,6.35,100.0,13.5,156.0,Deccan Trap Basalt,Deep Black Cotton Soil,1.18,Alluvial Plain / Valley Fill,1098.4,0.001,0,0.627
520955,Anguthan,Dabhoi,22.159431,73.3033,0.0,10.29,4.49,100.0,14.4,166.4,Deccan Trap Basalt,Deep Black Cotton Soil,1.25,Alluvial Plain / Valley Fill,1084.0,0.001,0,0.646
520960,Hansapura,Dabhoi,22.153796,73.382468,0.0,11.07,5.03,90.0,11.7,135.2,Quaternary Alluvium,Deep Black Cotton Soil,1.04,Alluvial Plain / Valley Fill,1091.2,0.0,0,0.585
520961,Kajapur,Dabhoi,22.154333,73.39991,0.0,3.16,12.63,90.0,11.7,135.2,Quaternary Alluvium,Deep Black Cotton Soil,1.04,Alluvial Plain / Valley Fill,1112.8,0.0,0,0.588
520972,Vega,Dabhoi,22.14562,73.385446,0.0,18.07,4.22,90.0,11.7,135.2,Quaternary Alluvium,Deep Black Cotton Soil,1.04,Alluvial Plain / Valley Fill,1096.6,0.0,0,0.586
520974,Borbar,Dabhoi,22.136422,73.338357,7.14,3.06,5.36,95.0,12.6,145.6,Deccan Trap Basalt,Deep Black Cotton Soil,1.11,Alluvial Plain / Valley Fill,1085.8,0.0,0,0.594
520956,Nariya,Dabhoi,22.138527,73.302603,0.0,2.65,13.27,105.0,14.4,166.4,Deccan Trap Basalt,Deep Black Cotton Soil,1.25,Alluvial Plain / Valley Fill,1087.6,0.001,0,0.646
520971,Fartikui,Dabhoi,22.141432,73.372255,0.0,9.32,5.38,95.0,12.6,145.6,Deccan Trap Basalt,Deep Black Cotton Soil,1.11,Alluvial Plain / Valley Fill,1087.6,0.05,0,0.605
520975,Thikariya,Dabhoi,22.129972,73.310806,0.0,6.52,5.22,92.5,12.15,140.4,Deccan Trap Basalt,Deep Black Cotton Soil,1.07,Alluvial Plain / Valley Fill,1089.4,0.001,0,0.595
520976,Dangikuva,Dabhoi,22.127059,73.277309,0.0,0.35,10.21,110.0,15.3,176.8,Deccan Trap Basalt,Deep Black Cotton Soil,1.32,Structural/Denudational Hill,1084.0,0.0,0,0.666
519871,Mujar Gamdi,Vadodara Rural,22.208463,73.208264,0.0,4.85,5.73,92.5,11.7,135.2,Quaternary Alluvium,Alluvial Loamy Soil,1.04,Alluvial Plain / Valley Fill,1084.0,0.001,0,0.584
519870,Vora Gamdi,Vadodara Rural,22.212751,73.219301,0.0,7.89,4.83,90.0,11.7,135.2,Quaternary Alluvium,Alluvial Loamy Soil,1.04,Alluvial Plain / Valley Fill,1085.8,0.001,0,0.585
519869,Dhaniyavi,Vadodara Rural,22.206285,73.249285,0.5,0.0,0.0,102.5,13.95,161.2,Deccan Trap Basalt,Alluvial Loamy Soil,1.22,Alluvial Plain / Valley Fill,1080.4,0.001,0,0.635
519873,Varnama,Vadodara Rural,22.180305,73.185476,0.0,0.0,4.12,95.0,12.6,145.6,Deccan Trap Basalt,Alluvial Loamy Soil,1.11,Alluvial Plain / Valley Fill,1118.2,0.0,0,0.61
519874,Sundarpura,Vadodara Rural,22.184391,73.218524,0.0,8.22,4.77,105.0,14.4,166.4,Deccan Trap Basalt,Alluvial Loamy Soil,1.25,Alluvial Plain / Valley Fill,1082.2,0.0,0,0.646
519877,Raghavpura,Vadodara Rural,22.186983,73.262388,0.0,0.46,5.07,97.5,13.05,150.8,Deccan Trap Basalt,Alluvial Loamy Soil,1.14,Alluvial Plain / Valley Fill,1087.6,0.0,0,0.615
519879,Patarveni,Vadodara Rural,22.173582,73.25714,0.0,3.86,2.83,95.0,12.6,145.6,Deccan Trap Basalt,Alluvial Loamy Soil,1.11,Alluvial Plain / Valley Fill,1094.8,0.0,0,0.606
519875,Shahpura,Vadodara Rural,22.177526,73.236638,0.0,0.0,5.97,95.0,13.05,150.8,Deccan Trap Basalt,Alluvial Loamy Soil,1.14,Alluvial Plain / Valley Fill,1084.0,0.0,0,0.615
519878,Samaspura,Vadodara Rural,22.177009,73.265683,0.0,3.82,3.18,97.5,12.6,145.6,Deccan Trap Basalt,Alluvial Loamy Soil,1.11,Alluvial Plain / Valley Fill,1105.6,0.0,0,0.608
519887,Hansapura,Vadodara Rural,22.163973,73.244571,1.55,10.88,6.74,95.0,12.6,145.6,Deccan Trap Basalt,Alluvial Loamy Soil,1.11,Alluvial Plain / Valley Fill,1087.6,0.001,0,0.603
519888,Mastupur Gamdi,Vadodara Rural,22.163233,73.277417,1.46,2.19,2.19,105.0,14.4,166.4,Deccan Trap Basalt,Alluvial Loamy Soil,1.25,Alluvial Plain / Valley Fill,1085.8,0.001,0,0.644
519881,Fatepura,Vadodara Rural,22.166403,73.223225,0.0,0.0,5.75,97.5,12.6,145.6,Deccan Trap Basalt,Alluvial Loamy Soil,1.11,Alluvial Plain / Valley Fill,1093.0,0.001,0,0.606
519892,Ajitpura,Vadodara Rural,22.153972,73.234141,0.0,0.0,3.72,92.5,12.15,140.4,Deccan Trap Basalt,Alluvial Loamy Soil,1.07,Alluvial Plain / Valley Fill,1075.0,0.001,0,0.593
519886,Kajapur,Vadodara Rural,22.156066,73.213603,0.0,0.0,5.19,97.5,13.05,150.8,Deccan Trap Basalt,Alluvial Loamy Soil,1.14,Alluvial Plain / Valley Fill,1067.8,0.001,0,0.612
519891,Salad,Vadodara Rural,22.148334,73.2608,0.5,4.86,0.37,100.0,13.5,156.0,Deccan Trap Basalt,Alluvial Loamy Soil,1.18,Alluvial Plain / Valley Fill,1098.4,0.001,0,0.627
519885,Untiya Kajapur,Vadodara Rural,22.151983,73.198403,0.0,0.0,7.04,95.0,12.6,145.6,Deccan Trap Basalt,Alluvial Loamy Soil,1.11,Alluvial Plain / Valley Fill,1084.0,0.001,0,0.605
519889,Kandkoi,Vadodara Rural,22.152256,73.280713,0.0,0.0,1.38,107.5,14.85,171.6,Deccan Trap Basalt,Alluvial Loamy Soil,1.29,Alluvial Plain / Valley Fill,1087.6,0.001,0,0.657
519893,Dolatpura,Vadodara Rural,22.145677,73.218235,0.0,1.56,3.12,95.0,12.15,140.4,Deccan Trap Basalt,Alluvial Loamy Soil,1.07,Alluvial Plain / Valley Fill,1080.4,0.001,0,0.594
519894,Por,Vadodara Rural,22.134139,73.195065,0.0,0.0,12.89,90.0,11.7,135.2,Quaternary Alluvium,Alluvial Loamy Soil,1.04,Alluvial Plain / Valley Fill,1093.0,0.001,0,0.586
519900,Ankhi,Vadodara Rural,22.129567,73.203911,5.03,2.38,0.0,92.5,11.7,135.2,Quaternary Alluvium,Alluvial Loamy Soil,1.04,Alluvial Plain / Valley Fill,1076.8,0.001,0,0.576
519903,Rasulpur,Vadodara Rural,22.140617,73.233564,0.0,0.0,4.73,100.0,13.5,156.0,Deccan Trap Basalt,Alluvial Loamy Soil,1.18,Alluvial Plain / Valley Fill,1093.0,0.001,0,0.627
519904,Runvad,Vadodara Rural,22.127215,73.239275,0.31,0.0,0.79,95.0,12.6,145.6,Deccan Trap Basalt,Alluvial Loamy Soil,1.11,Alluvial Plain / Valley Fill,1080.4,0.0,0,0.604
519902,Ramnath,Vadodara Rural,22.134989,73.223695,15.97,1.74,0.0,92.5,12.15,140.4,Deccan Trap Basalt,Alluvial Loamy Soil,1.07,Alluvial Plain / Valley Fill,1087.6,0.001,0,0.571
519901,Fajalpur Ankhi,Vadodara Rural,22.123439,73.221401,5.76,8.9,0.0,100.0,13.05,150.8,Deccan Trap Basalt,Alluvial Loamy Soil,1.14,Alluvial Plain / Valley Fill,1098.4,0.001,0,0.608
521039,Jaspur,Padra,22.286455,73.060154,0.89,8.25,0.0,90.0,11.7,135.2,Quaternary Alluvium,Alluvial Loamy Soil,1.04,Alluvial Plain / Valley Fill,1102.0,0.001,0,0.586
521043,Umaraya,Padra,22.268181,73.02998,18.25,8.38,5.03,97.5,12.6,145.6,Deccan Trap Basalt,Alluvial Loamy Soil,1.11,Alluvial Plain / Valley Fill,1096.6,0.001,0,0.579
521041,Tajpura,Padra,22.266245,73.069227,0.0,0.65,1.62,107.5,14.85,171.6,Deccan Trap Basalt,Alluvial Loamy Soil,1.29,Alluvial Plain / Valley Fill,1102.0,0.0,0,0.659
521042,Luna,Padra,22.26456,73.049273,0.0,0.6,1.59,90.0,12.6,145.6,Deccan Trap Basalt,Alluvial Loamy Soil,1.11,Alluvial Plain / Valley Fill,1100.2,0.05,0,0.607
521040,Sangma,Padra,22.264793,73.087969,0.0,6.08,1.22,105.0,14.4,166.4,Deccan Trap Basalt,Alluvial Loamy Soil,1.25,Alluvial Plain / Valley Fill,1094.8,0.001,0,0.647
521044,Ekalbara,Padra,22.256383,73.017797,0.0,11.91,9.57,95.0,13.5,156.0,Deccan Trap Basalt,Alluvial Loamy Soil,1.18,Alluvial Plain / Valley Fill,1093.0,0.001,0,0.627
521045,Mujpur,Padra,22.245552,72.992466,0.0,7.31,4.95,97.5,13.5,156.0,Deccan Trap Basalt,Alluvial Loamy Soil,1.18,Alluvial Plain / Valley Fill,1107.4,0.001,0,0.629
521058,Dabhasa,Padra,22.23737,73.038788,0.0,3.25,0.33,95.0,12.6,145.6,Deccan Trap Basalt,Alluvial Loamy Soil,1.11,Alluvial Plain / Valley Fill,1093.0,0.0,0,0.606
521059,Sokhdakhurd,Padra,22.244837,73.11375,0.22,0.44,0.44,97.5,13.5,156.0,Deccan Trap Basalt,Alluvial Loamy Soil,1.18,Alluvial Plain / Valley Fill,1096.6,0.001,0,0.627
521057,Mahuvad,Padra,22.234796,73.013282,0.0,1.25,3.33,102.5,13.95,161.2,Deccan Trap Basalt,Alluvial Loamy Soil,1.22,Alluvial Plain / Valley Fill,1089.4,0.05,0,0.637
521061,Darapura,Padra,22.228044,73.106676,0.0,0.49,0.24,87.5,11.25,130.0,Quaternary Alluvium,Alluvial Loamy Soil,1.0,Alluvial Plain / Valley Fill,1075.0,0.0,0,0.572
521060,Patod,Padra,22.225549,73.120499,0.0,0.78,1.55,87.5,11.25,130.0,Quaternary Alluvium,Alluvial Loamy Soil,1.0,Alluvial Plain / Valley Fill,1082.2,0.0,0,0.573
521055,Narsipura,Padra,22.229941,72.973697,0.0,10.49,1.12,97.5,13.05,150.8,Deccan Trap Basalt,Alluvial Loamy Soil,1.14,Alluvial Plain / Valley Fill,1094.8,0.001,0,0.616
521056,Dhobikuwa,Padra,22.22517,73.002439,0.0,0.0,0.0,100.0,13.5,156.0,Deccan Trap Basalt,Alluvial Loamy Soil,1.18,Alluvial Plain / Valley Fill,1091.2,0.05,0,0.626
521063,Latipura,Padra,22.222343,73.058454,0.0,0.27,0.53,92.5,12.6,145.6,Deccan Trap Basalt,Alluvial Loamy Soil,1.11,Alluvial Plain / Valley Fill,1093.0,0.001,0,0.606
521062,Ghayaj,Padra,22.219221,73.082331,1.35,1.48,2.96,92.5,12.15,140.4,Deccan Trap Basalt,Alluvial Loamy Soil,1.07,Alluvial Plain / Valley Fill,1085.8,0.001,0,0.592
521054,Somjipura,Padra,22.215018,72.968122,0.0,0.4,3.17,100.0,13.5,156.0,Deccan Trap Basalt,Alluvial Loamy Soil,1.18,Alluvial Plain / Valley Fill,1096.6,0.05,0,0.627
519844,Sindhrot,Vadodara Rural,22.328932,73.071113,13.19,0.0,6.73,90.0,11.25,130.0,Quaternary Alluvium,Alluvial Loamy Soil,1.0,Alluvial Plain / Valley Fill,1071.4,0.001,0,0.552
519842,Ankodiya,Vadodara Rural,22.334255,73.122831,0.0,0.18,2.28,102.5,13.95,161.2,Deccan Trap Basalt,Alluvial Loamy Soil,1.22,Alluvial Plain / Valley Fill,1098.4,0.001,0,0.638
519825,Rayaka,Vadodara Rural,22.439928,73.10356,5.03,10.05,0.0,95.0,12.15,140.4,Deccan Trap Basalt,Alluvial Loamy Soil,1.07,Alluvial Plain / Valley Fill,1080.4,0.001,0,0.586
519826,Sankarda,Vadodara Rural,22.433457,73.127512,6.12,2.99,4.9,92.5,12.15,140.4,Deccan Trap Basalt,Alluvial Loamy Soil,1.07,Alluvial Plain / Valley Fill,1082.2,0.001,0,0.585
519828,Sokhda,Vadodara Rural,22.424976,73.16211,0.0,0.23,0.7,95.0,11.7,135.2,Quaternary Alluvium,Alluvial Loamy Soil,1.04,Alluvial Plain / Valley Fill,1087.6,0.002,0,0.585
519829,Padmala,Vadodara Rural,22.415159,73.132252,0.0,5.9,5.9,95.0,12.6,145.6,Deccan Trap Basalt,Alluvial Loamy Soil,1.11,Alluvial Plain / Valley Fill,1084.0,0.001,0,0.605
519832,Ajod,Vadodara Rural,22.40144,73.158016,0.0,0.0,4.37,100.0,0.2,0.0,Quaternary Alluvium,Alluvial Loamy Soil,0.12,Alluvial Plain / Valley Fill,850.0,0.001,0,0.286
519831,Anagadh,Vadodara Rural,22.373755,73.080302,12.5,2.02,0.0,92.5,12.15,140.4,Deccan Trap Basalt,Alluvial Loamy Soil,1.07,Alluvial Plain / Valley Fill,1102.0,0.001,0,0.578
519836,Dhanora,Vadodara Rural,22.379574,73.097867,0.0,7.64,6.37,90.0,11.7,135.2,Quaternary Alluvium,Alluvial Loamy Soil,1.04,Alluvial Plain / Valley Fill,1096.6,0.001,0,0.586
519837,Kotna,Vadodara Rural,22.359605,73.058884,0.0,15.5,4.84,92.5,12.15,140.4,Deccan Trap Basalt,Alluvial Loamy Soil,1.07,Alluvial Plain / Valley Fill,1094.8,0.001,0,0.596
519848,Khanpur,Vadodara Rural,22.318836,73.118396,0.0,0.47,8.45,25.0,0.2,0.0,Quaternary Alluvium,Alluvial Loamy Soil,0.12,Alluvial Plain / Valley Fill,850.0,0.001,0,0.286
519843,Sherkhi,Vadodara Rural,22.33714,73.093718,10.85,0.0,0.0,105.0,14.4,166.4,Deccan Trap Basalt,Alluvial Loamy Soil,1.25,Alluvial Plain / Valley Fill,1093.0,0.001,0,0.631
519859,Chapad,Vadodara Rural,22.229309,73.156898,0.0,0.0,9.07,95.0,12.6,145.6,Deccan Trap Basalt,Alluvial Loamy Soil,1.11,Alluvial Plain / Valley Fill,1087.6,0.001,0,0.605
519846,Ampad,Vadodara Rural,22.303464,73.085825,0.0,0.0,3.16,90.0,12.15,140.4,Deccan Trap Basalt,Alluvial Loamy Soil,1.07,Alluvial Plain / Valley Fill,1103.8,0.001,0,0.597
519847,Mahapura,Vadodara Rural,22.302753,73.103757,0.0,0.0,0.0,102.5,13.95,161.2,Deccan Trap Basalt,Alluvial Loamy Soil,1.22,Alluvial Plain / Valley Fill,1087.6,0.0,0,0.637
519845,Hinglot,Vadodara Rural,22.293659,73.078092,0.0,0.0,2.2,97.5,13.05,150.8,Deccan Trap Basalt,Alluvial Loamy Soil,1.14,Alluvial Plain / Valley Fill,1094.8,0.001,0,0.616
519851,Raypura,Vadodara Rural,22.279864,73.09255,0.0,10.96,1.1,95.0,12.6,145.6,Deccan Trap Basalt,Alluvial Loamy Soil,1.11,Alluvial Plain / Valley Fill,1085.8,0.0,0,0.605
519852,Gokalpura,Vadodara Rural,22.266038,73.114605,0.0,9.43,0.63,102.5,13.5,156.0,Deccan Trap Basalt,Alluvial Loamy Soil,1.18,Alluvial Plain / Valley Fill,1103.8,0.001,0,0.628
519853,Samiyala,Vadodara Rural,22.25584,73.124736,0.0,3.7,2.61,102.5,13.5,156.0,Deccan Trap Basalt,Alluvial Loamy Soil,1.18,Alluvial Plain / Valley Fill,1102.0,0.001,0,0.628
519830,Fajalpur Sankarda,Vadodara Rural,22.426235,73.087611,0.0,27.69,0.0,92.5,12.15,140.4,Deccan Trap Basalt,Alluvial Loamy Soil,1.07,Alluvial Plain / Valley Fill,1080.4,0.002,0,0.594
251214,Padra,Padra,22.244951,73.080335,,,,25.0,0.2,0.0,Quaternary Alluvium,Alluvial Loamy Soil,0.12,Alluvial Plain / Valley Fill,850.0,0.0,0,0.286
520926,Kunvarwada,Dabhoi,22.252725,73.337496,0.0,1.47,14.85,90.0,11.7,135.2,Quaternary Alluvium,Deep Black Cotton Soil,1.04,Alluvial Plain / Valley Fill,1091.2,0.001,0,0.585
520927,Vanadra,Dabhoi,22.238186,73.364509,5.12,0.8,0.0,97.5,12.15,140.4,Deccan Trap Basalt,Deep Black Cotton Soil,1.07,Alluvial Plain / Valley Fill,1107.4,0.0,0,0.59
520925,Saguwada,Dabhoi,22.240843,73.32019,0.0,15.7,0.0,90.0,11.7,135.2,Quaternary Alluvium,Deep Black Cotton Soil,1.04,Alluvial Plain / Valley Fill,1098.4,0.001,0,0.586
520924,Malharpura,Dabhoi,22.238425,73.302594,0.0,0.0,6.21,90.0,11.7,135.2,Quaternary Alluvium,Deep Black Cotton Soil,1.04,Alluvial Plain / Valley Fill,1098.4,0.001,0,0.586
520939,Dholar,Dabhoi,22.222189,73.395816,3.03,5.48,7.7,97.5,12.6,145.6,Deccan Trap Basalt,Deep Black Cotton Soil,1.11,Alluvial Plain / Valley Fill,1102.0,0.001,0,0.603
520928,Mavli,Dabhoi,22.221537,73.342496,0.0,8.74,7.95,97.5,13.05,150.8,Deccan Trap Basalt,Deep Black Cotton Soil,1.14,Alluvial Plain / Valley Fill,1082.2,0.0,0,0.614
520923,Rasulpura,Dabhoi,22.22173,73.317514,6.12,0.0,5.04,92.5,12.15,140.4,Deccan Trap Basalt,Deep Black Cotton Soil,1.07,Alluvial Plain / Valley Fill,1084.0,0.001,0,0.585
519818,Indrad,Savli,22.439792,73.273307,0.0,3.92,5.93,92.5,12.15,140.4,Deccan Trap Basalt,Alluvial Loamy Soil,1.07,Alluvial Plain / Valley Fill,1087.6,0.001,0,0.595
519817,Pilol,Savli,22.422196,73.230199,0.0,6.8,11.28,90.0,11.7,135.2,Quaternary Alluvium,Alluvial Loamy Soil,1.04,Alluvial Plain / Valley Fill,1075.0,0.001,0,0.583
519833,Asoj,Vadodara Rural,22.421,73.199415,0.0,1.95,5.21,87.5,11.7,135.2,Quaternary Alluvium,Alluvial Loamy Soil,1.04,Alluvial Plain / Valley Fill,1080.4,0.001,0,0.584
519834,Virod,Vadodara Rural,22.394473,73.226574,0.0,10.01,4.73,85.0,10.8,124.8,Quaternary Alluvium,Alluvial Loamy Soil,0.96,Alluvial Plain / Valley Fill,1067.8,0.001,0,0.561
519839,Sukhlipur,Vadodara Rural,22.374111,73.255936,7.31,0.0,5.65,90.0,11.7,135.2,Quaternary Alluvium,Alluvial Loamy Soil,1.04,Alluvial Plain / Valley Fill,1094.8,0.001,0,0.575
519838,Dena,Vadodara Rural,22.365988,73.221735,0.0,8.56,5.41,90.0,11.7,135.2,Quaternary Alluvium,Alluvial Loamy Soil,1.04,Alluvial Plain / Valley Fill,1096.6,0.001,0,0.586
519841,Kotali,Vadodara Rural,22.35516,73.235373,8.07,0.0,4.56,92.5,11.7,135.2,Quaternary Alluvium,Alluvial Loamy Soil,1.04,Alluvial Plain / Valley Fill,1100.2,0.001,0,0.575
519840,Amaliyara,Vadodara Rural,22.362429,73.256445,13.5,0.0,2.88,97.5,12.6,145.6,Deccan Trap Basalt,Alluvial Loamy Soil,1.11,Alluvial Plain / Valley Fill,1091.2,0.001,0,0.586
519849,Ankhol,Vadodara Rural,22.304008,73.270046,1.08,8.36,5.66,90.0,11.7,135.2,Quaternary Alluvium,Alluvial Loamy Soil,1.04,Alluvial Plain / Valley Fill,1084.0,0.0,0,0.583
519850,Khatamba,Vadodara Rural,22.286521,73.27036,0.0,1.38,12.4,95.0,12.6,145.6,Deccan Trap Basalt,Alluvial Loamy Soil,1.11,Alluvial Plain / Valley Fill,1091.2,0.001,0,0.606
519854,Shankarpura,Vadodara Rural,22.275823,73.272863,0.0,0.0,2.8,87.5,11.25,130.0,Quaternary Alluvium,Alluvial Loamy Soil,1.0,Alluvial Plain / Valley Fill,1102.0,0.001,0,0.576
519864,Tatarpura,Vadodara Rural,22.265645,73.294879,0.0,0.46,4.58,87.5,11.25,130.0,Quaternary Alluvium,Alluvial Loamy Soil,1.0,Alluvial Plain / Valley Fill,1103.8,0.001,0,0.576
519855,Jobantekri,Vadodara Rural,22.267751,73.281069,0.0,1.83,5.5,85.0,11.7,135.2,Quaternary Alluvium,Alluvial Loamy Soil,1.04,Alluvial Plain / Valley Fill,1098.4,0.001,0,0.586
519856,Ratanpur,Vadodara Rural,22.268483,73.256635,0.0,0.0,5.04,87.5,11.25,130.0,Quaternary Alluvium,Alluvial Loamy Soil,1.0,Alluvial Plain / Valley Fill,1094.8,0.001,0,0.575
519868,Kelanpur,Vadodara Rural,22.242363,73.281591,0.26,0.51,15.73,90.0,12.6,145.6,Deccan Trap Basalt,Alluvial Loamy Soil,1.11,Alluvial Plain / Valley Fill,1103.8,0.002,0,0.607
519857,Vadadla,Vadodara Rural,22.248199,73.250718,0.0,1.01,6.08,87.5,11.25,130.0,Quaternary Alluvium,Alluvial Loamy Soil,1.0,Alluvial Plain / Valley Fill,1076.8,0.001,0,0.573
519865,Sultanpura,Vadodara Rural,22.245836,73.303381,0.44,0.0,1.78,90.0,11.25,130.0,Quaternary Alluvium,Alluvial Loamy Soil,1.0,Alluvial Plain / Valley Fill,1089.4,0.001,0,0.574
519863,Navapura,Vadodara Rural,22.242051,73.265192,1.0,1.0,2.0,90.0,11.7,135.2,Quaternary Alluvium,Alluvial Loamy Soil,1.04,Alluvial Plain / Valley Fill,1096.6,0.001,0,0.585
519862,Alhadpura,Vadodara Rural,22.230247,73.265911,0.0,4.54,6.71,92.5,12.15,140.4,Deccan Trap Basalt,Alluvial Loamy Soil,1.07,Alluvial Plain / Valley Fill,1111.0,0.0,0,0.598
519867,Hetampura,Vadodara Rural,22.227236,73.2839,0.82,1.23,1.23,90.0,11.7,135.2,Quaternary Alluvium,Alluvial Loamy Soil,1.04,Alluvial Plain / Valley Fill,1075.0,0.001,0,0.582
519866,Diwalipura,Vadodara Rural,22.228,73.295272,0.3,0.61,0.0,90.0,11.7,135.2,Quaternary Alluvium,Alluvial Loamy Soil,1.04,Alluvial Plain / Valley Fill,1091.2,0.001,0,0.585
519860,Maretha,Vadodara Rural,22.223075,73.183108,0.0,4.58,5.42,97.5,13.05,150.8,Deccan Trap Basalt,Alluvial Loamy Soil,1.14,Alluvial Plain / Valley Fill,1103.8,0.001,0,0.617
251209,Vadodara,Vadodara Rural,22.306225,73.182732,,,,25.0,0.2,0.0,Quaternary Alluvium,Alluvial Loamy Soil,0.12,Alluvial Plain / Valley Fill,850.0,0.001,0,0.286
519938,Panch Devla,Vaghodia,22.43723,73.378274,0.0,32.43,16.99,95.0,12.6,145.6,Deccan Trap Basalt,Alluvial Loamy Soil,1.11,Alluvial Plain / Valley Fill,1062.4,0.001,0,0.602
519939,Abhrampura,Vaghodia,22.430948,73.384792,0.0,0.0,3.76,95.0,13.05,150.8,Deccan Trap Basalt,Alluvial Loamy Soil,1.14,Alluvial Plain / Valley Fill,1082.2,0.001,0,0.614
519936,Kamrol,Vaghodia,22.426497,73.295766,0.0,0.0,2.09,95.0,12.15,140.4,Deccan Trap Basalt,Alluvial Loamy Soil,1.07,Alluvial Plain / Valley Fill,1084.0,0.001,0,0.594
519942,Kodarvaya,Vaghodia,22.415313,73.384313,0.0,7.11,2.37,97.5,13.05,150.8,Deccan Trap Basalt,Alluvial Loamy Soil,1.14,Alluvial Plain / Valley Fill,1082.2,0.0,0,0.614
519935,Amreshwar,Vaghodia,22.413419,73.264611,0.0,0.0,2.83,97.5,13.05,150.8,Deccan Trap Basalt,Alluvial Loamy Soil,1.14,Alluvial Plain / Valley Fill,1094.8,0.001,0,0.616
519950,Kotambi,Vaghodia,22.396152,73.312378,5.18,2.54,3.94,90.0,11.7,135.2,Quaternary Alluvium,Alluvial Loamy Soil,1.04,Alluvial Plain / Valley Fill,1076.8,0.001,0,0.576
519937,Lilora,Vaghodia,22.428497,73.363664,0.0,0.0,7.66,102.5,13.95,161.2,Deccan Trap Basalt,Alluvial Loamy Soil,1.22,Alluvial Plain / Valley Fill,1091.2,0.0,0,0.637
519943,Vyankatpura,Vaghodia,22.404352,73.368516,0.0,0.2,0.0,100.0,13.5,156.0,Deccan Trap Basalt,Alluvial Loamy Soil,1.18,Alluvial Plain / Valley Fill,1089.4,0.0,0,0.626
519945,Rahkui,Vaghodia,22.408263,73.335659,0.0,2.96,6.25,100.0,13.5,156.0,Deccan Trap Basalt,Alluvial Loamy Soil,1.18,Alluvial Plain / Valley Fill,1085.8,0.001,0,0.626
519946,Ganeshpura,Vaghodia,22.402363,73.274967,0.0,0.0,5.09,97.5,12.6,145.6,Deccan Trap Basalt,Alluvial Loamy Soil,1.11,Alluvial Plain / Valley Fill,1084.0,0.001,0,0.605
519944,Amrutpura,Vaghodia,22.398513,73.352163,0.0,1.9,3.42,92.5,12.15,140.4,Deccan Trap Basalt,Alluvial Loamy Soil,1.07,Alluvial Plain / Valley Fill,1084.0,0.0,0,0.594
519947,Bhaniyara,Vaghodia,22.393587,73.264179,0.0,2.45,5.05,92.5,12.15,140.4,Deccan Trap Basalt,Alluvial Loamy Soil,1.07,Alluvial Plain / Valley Fill,1078.6,0.001,0,0.593
519954,Jafarpura,Vaghodia,22.389601,73.367701,0.0,7.48,10.2,95.0,12.6,145.6,Deccan Trap Basalt,Alluvial Loamy Soil,1.11,Alluvial Plain / Valley Fill,1075.0,0.0,0,0.604
519952,Intoli,Vaghodia,22.38544,73.332133,0.0,6.17,11.89,92.5,12.6,145.6,Deccan Trap Basalt,Alluvial Loamy Soil,1.11,Alluvial Plain / Valley Fill,1064.2,0.001,0,0.602
519953,Rasulabad,Vaghodia,22.379755,73.345826,0.0,0.0,0.38,90.0,11.7,135.2,Quaternary Alluvium,Alluvial Loamy Soil,1.04,Alluvial Plain / Valley Fill,1076.8,0.0,0,0.583
519957,Rayan Talavadi,Vaghodia,22.369731,73.378642,0.0,1.37,4.58,92.5,12.15,140.4,Deccan Trap Basalt,Alluvial Loamy Soil,1.07,Alluvial Plain / Valley Fill,1067.8,0.0,0,0.592
519948,Bhaupura,Vaghodia,22.379426,73.279252,0.0,9.29,4.02,97.5,13.05,150.8,Deccan Trap Basalt,Alluvial Loamy Soil,1.14,Alluvial Plain / Valley Fill,1087.6,0.001,0,0.615
519951,Sakariya,Vaghodia,22.370251,73.321545,0.0,1.66,5.21,92.5,12.15,140.4,Deccan Trap Basalt,Alluvial Loamy Soil,1.07,Alluvial Plain / Valley Fill,1080.4,0.001,0,0.594
519949,Kumetha,Vaghodia,22.36591,73.282281,0.0,4.52,3.48,90.0,12.15,140.4,Deccan Trap Basalt,Alluvial Loamy Soil,1.07,Alluvial Plain / Valley Fill,1082.2,0.0,0,0.594
519958,Morlipura,Vaghodia,22.361659,73.295115,0.0,2.54,5.09,100.0,13.5,156.0,Deccan Trap Basalt,Alluvial Loamy Soil,1.18,Alluvial Plain / Valley Fill,1084.0,0.0,0,0.625
519962,Raval,Vaghodia,22.347207,73.346467,0.0,2.18,4.6,100.0,13.5,156.0,Deccan Trap Basalt,Alluvial Loamy Soil,1.18,Alluvial Plain / Valley Fill,1093.0,0.0,0,0.627
519963,Sanoli,Vaghodia,22.346867,73.382726,0.0,0.19,6.39,100.0,13.05,150.8,Deccan Trap Basalt,Alluvial Loamy Soil,1.14,Alluvial Plain / Valley Fill,1084.0,0.0,0,0.615
519961,Nimetha,Vaghodia,22.346736,73.31377,0.0,0.0,7.36,102.5,13.95,161.2,Deccan Trap Basalt,Alluvial Loamy Soil,1.22,Alluvial Plain / Valley Fill,1087.6,0.05,0,0.637
519960,Jesangpura,Vaghodia,22.337236,73.288132,0.0,0.75,5.26,95.0,12.6,145.6,Deccan Trap Basalt,Alluvial Loamy Soil,1.11,Alluvial Plain / Valley Fill,1076.8,0.0,0,0.604
519978,Chipad,Vaghodia,22.331109,73.336834,0.0,1.26,5.02,102.5,14.85,171.6,Deccan Trap Basalt,Alluvial Loamy Soil,1.29,Alluvial Plain / Valley Fill,1093.0,0.001,0,0.658
519984,Gajadra,Vaghodia,22.320324,73.360103,0.0,1.51,9.85,100.0,13.05,150.8,Deccan Trap Basalt,Alluvial Loamy Soil,1.14,Alluvial Plain / Valley Fill,1091.2,0.001,0,0.616
519979,Navi Jambuvai,Vaghodia,22.331554,73.307663,0.0,1.67,5.86,92.5,12.15,140.4,Deccan Trap Basalt,Alluvial Loamy Soil,1.07,Alluvial Plain / Valley Fill,1082.2,0.0,0,0.594
519959,Sikandarpura,Vaghodia,22.333964,73.270463,0.0,0.62,5.59,97.5,13.05,150.8,Deccan Trap Basalt,Alluvial Loamy Soil,1.14,Alluvial Plain / Valley Fill,1075.0,0.0,0,0.613
519982,Shripore Timbi,Vaghodia,22.316,73.300323,0.0,1.66,4.57,100.0,13.95,161.2,Deccan Trap Basalt,Alluvial Loamy Soil,1.22,Alluvial Plain / Valley Fill,1096.6,0.001,0,0.638
519977,Khandha,Vaghodia,22.325434,73.374753,0.0,1.94,6.37,97.5,13.05,150.8,Deccan Trap Basalt,Alluvial Loamy Soil,1.14,Alluvial Plain / Valley Fill,1093.0,0.0,0,0.616
519976,Nava Ajva,Vaghodia,22.323725,73.395499,0.0,2.35,5.01,95.0,12.6,145.6,Deccan Trap Basalt,Alluvial Loamy Soil,1.11,Alluvial Plain / Valley Fill,1082.2,0.0,0,0.605
519980,Bakrol,Vaghodia,22.323132,73.284063,0.0,0.88,3.53,100.0,13.5,156.0,Deccan Trap Basalt,Alluvial Loamy Soil,1.18,Alluvial Plain / Valley Fill,1089.4,0.0,0,0.626
520006,Ropa,Vaghodia,22.267676,73.333045,0.0,2.31,4.62,92.5,12.15,140.4,Deccan Trap Basalt,Alluvial Loamy Soil,1.07,Alluvial Plain / Valley Fill,1100.2,0.001,0,0.596
519983,Bhadol Khurd,Vaghodia,22.318998,73.322901,0.0,0.0,5.02,105.0,13.95,161.2,Deccan Trap Basalt,Alluvial Loamy Soil,1.22,Alluvial Plain / Valley Fill,1093.0,0.001,0,0.637
519981,Hanumanpura,Vaghodia,22.315167,73.270079,0.0,0.0,5.58,92.5,12.15,140.4,Deccan Trap Basalt,Alluvial Loamy Soil,1.07,Alluvial Plain / Valley Fill,1091.2,0.0,0,0.595
520000,Alva,Vaghodia,22.308185,73.32646,0.0,3.4,4.63,97.5,12.6,145.6,Deccan Trap Basalt,Alluvial Loamy Soil,1.11,Alluvial Plain / Valley Fill,1084.0,0.001,0,0.605
520001,Amodar,Vaghodia,22.298566,73.303627,0.0,1.19,4.76,102.5,13.95,161.2,Deccan Trap Basalt,Alluvial Loamy Soil,1.22,Alluvial Plain / Valley Fill,1076.8,0.001,0,0.635
520007,Limda,Vaghodia,22.283762,73.362083,0.0,1.14,4.8,85.0,10.8,124.8,Quaternary Alluvium,Alluvial Loamy Soil,0.96,Alluvial Plain / Valley Fill,1094.8,0.001,0,0.564
519999,Kamlapura,Vaghodia,22.287513,73.334125,0.0,1.38,4.5,92.5,12.15,140.4,Deccan Trap Basalt,Alluvial Loamy Soil,1.07,Alluvial Plain / Valley Fill,1087.6,0.001,0,0.595
519998,Dattapura,Vaghodia,22.290134,73.350391,0.0,0.72,3.6,92.5,12.15,140.4,Deccan Trap Basalt,Alluvial Loamy Soil,1.07,Alluvial Plain / Valley Fill,1084.0,0.001,0,0.594
520003,Pipaliya,Vaghodia,22.286007,73.31567,0.0,1.89,5.36,90.0,11.7,135.2,Quaternary Alluvium,Alluvial Loamy Soil,1.04,Alluvial Plain / Valley Fill,1076.8,0.001,0,0.583
520002,Pavlepur,Vaghodia,22.284299,73.289908,0.0,4.19,2.84,92.5,12.15,140.4,Deccan Trap Basalt,Alluvial Loamy Soil,1.07,Alluvial Plain / Valley Fill,1082.2,0.001,0,0.594
520008,Madheli,Vaghodia,22.265344,73.374207,0.0,1.82,4.68,90.0,11.7,135.2,Quaternary Alluvium,Alluvial Loamy Soil,1.04,Alluvial Plain / Valley Fill,1098.4,0.001,0,0.586
520004,Umarva,Vaghodia,22.269155,73.310472,0.0,2.12,3.64,95.0,13.05,150.8,Deccan Trap Basalt,Alluvial Loamy Soil,1.14,Alluvial Plain / Valley Fill,1087.6,0.001,0,0.615
520005,Mastupura,Vaghodia,22.258596,73.318803,0.0,2.53,6.33,92.5,12.15,140.4,Deccan Trap Basalt,Alluvial Loamy Soil,1.07,Alluvial Plain / Valley Fill,1100.2,0.0,0,0.596
520019,Falod,Vaghodia,22.251891,73.393337,0.0,2.7,5.95,100.0,13.5,156.0,Deccan Trap Basalt,Alluvial Loamy Soil,1.18,Alluvial Plain / Valley Fill,1109.2,0.001,0,0.629
519927,Alamgir,Vadodara Rural,22.211725,73.197007,,,,85.0,10.8,124.8,Quaternary Alluvium,Alluvial Loamy Soil,0.96,Alluvial Plain / Valley Fill,1085.8,0.0,0,0.563
519906,Nandesari,Vadodara Rural,22.41435,73.095614,,,,25.0,0.2,0.0,Quaternary Alluvium,Alluvial Loamy Soil,0.12,Alluvial Plain / Valley Fill,850.0,0.001,0,0.286
519909,Bajwa,Vadodara Rural,22.366252,73.140935,,,,25.0,0.2,0.0,Quaternary Alluvium,Alluvial Loamy Soil,0.12,Alluvial Plain / Valley Fill,850.0,0.001,0,0.286
519907,Ranoli,Vadodara Rural,22.398552,73.131306,,,,25.0,0.2,0.0,Quaternary Alluvium,Alluvial Loamy Soil,0.12,Alluvial Plain / Valley Fill,850.0,0.001,0,0.286
519908,Karachiya,Vadodara Rural,22.379471,73.131637,,,,25.0,0.2,0.0,Quaternary Alluvium,Alluvial Loamy Soil,0.12,Alluvial Plain / Valley Fill,850.0,0.001,0,0.286
519910,Jawaharnagar Gujarat Refinery CT,Vadodara Rural,22.359056,73.132399,,,,102.5,13.95,161.2,Deccan Trap Basalt,Alluvial Loamy Soil,1.22,Alluvial Plain / Valley Fill,1103.8,0.001,0,0.639
802593,Nandesari INA,Vadodara Rural,22.403717,73.104746,,,,90.0,11.7,135.2,Quaternary Alluvium,Alluvial Loamy Soil,1.04,Alluvial Plain / Valley Fill,1105.6,0.001,0,0.587
802595,GSFC Complex INA,Vadodara Rural,22.372328,73.152346,,,,25.0,0.2,0.0,Quaternary Alluvium,Alluvial Loamy Soil,0.12,Alluvial Plain / Valley Fill,850.0,0.001,0,0.286
802594,Petro Chemical Complex INA,Vadodara Rural,22.389119,73.111768,,,,25.0,0.2,0.0,Quaternary Alluvium,Alluvial Loamy Soil,0.12,Alluvial Plain / Valley Fill,850.0,0.001,0,0.286
519911,Undera,Vadodara Rural,22.343372,73.137039,,,,25.0,0.2,0.0,Quaternary Alluvium,Alluvial Loamy Soil,0.12,Alluvial Plain / Valley Fill,850.0,0.001,0,0.286
519919,Dasharath,Vadodara Rural,22.385983,73.157488,,,,25.0,0.2,0.0,Quaternary Alluvium,Alluvial Loamy Soil,0.12,Alluvial Plain / Valley Fill,850.0,0.001,0,0.286
999999,Sayaji Sarovar,Vaghodia,22.380487,73.406611,,,,25.0,0.2,0.0,Quaternary Alluvium,Alluvial Loamy Soil,0.12,Alluvial Plain / Valley Fill,850.0,0.001,0,0.286
519923,Gorva OG,Vadodara Rural,22.338225,73.15438,,,,25.0,0.2,0.0,Quaternary Alluvium,Alluvial Loamy Soil,0.12,Alluvial Plain / Valley Fill,850.0,0.001,0,0.286
519924,Sevasi,Vadodara Rural,22.306627,73.117423,,,,102.5,13.95,161.2,Deccan Trap Basalt,Alluvial Loamy Soil,1.22,Alluvial Plain / Valley Fill,1098.4,0.001,0,0.638
519918,Kalali OG,Vadodara Rural,22.250808,73.16557,,,,102.5,12.6,145.6,Deccan Trap Basalt,Alluvial Loamy Soil,1.11,Alluvial Plain / Valley Fill,1107.4,0.0,0,0.608
519925,Bhayli,Vadodara Rural,22.281721,73.121784,,,,100.0,13.5,156.0,Deccan Trap Basalt,Alluvial Loamy Soil,1.18,Alluvial Plain / Valley Fill,1107.4,0.001,0,0.629
519926,Bil,Vadodara Rural,22.248134,73.140536,,,,90.0,11.7,135.2,Quaternary Alluvium,Alluvial Loamy Soil,1.04,Alluvial Plain / Valley Fill,1098.4,0.002,0,0.586
519913,Karodiya OG,Vadodara Rural,22.349552,73.162735,,,,25.0,0.2,0.0,Quaternary Alluvium,Alluvial Loamy Soil,0.12,Alluvial Plain / Valley Fill,850.0,0.001,0,0.286
519912,Tarsali CT,Vadodara Rural,22.246946,73.229342,,,,92.5,12.15,140.4,Deccan Trap Basalt,Alluvial Loamy Soil,1.07,Alluvial Plain / Valley Fill,1098.4,0.001,0,0.596
520022,Jarod CT,Vaghodia,22.429672,73.332882,,,,97.5,13.05,150.8,Deccan Trap Basalt,Alluvial Loamy Soil,1.14,Alluvial Plain / Valley Fill,1069.6,0.0,0,0.613
520023,Vaghodia CT,Vaghodia,22.297497,73.39063,,,,25.0,0.2,0.0,Quaternary Alluvium,Alluvial Loamy Soil,0.12,Alluvial Plain / Valley Fill,850.0,0.0,0,0.286
802598,Vaghodia INA,Vaghodia,22.311117,73.38898,,,,97.5,13.05,150.8,Deccan Trap Basalt,Alluvial Loamy Soil,1.14,Alluvial Plain / Valley Fill,1087.6,0.001,0,0.615
519921,Dumad,Vadodara Rural,22.376152,73.201184,,,,87.5,11.25,130.0,Quaternary Alluvium,Alluvial Loamy Soil,1.0,Alluvial Plain / Valley Fill,1089.4,0.001,0,0.574
519922,Vemali,Vadodara Rural,22.35407,73.209843,,,,87.5,11.25,130.0,Quaternary Alluvium,Alluvial Loamy Soil,1.0,Alluvial Plain / Valley Fill,1105.6,0.001,0,0.577
519916,Sayajipura OG,Vadodara Rural,22.325296,73.25876,,,,25.0,0.2,0.0,Quaternary Alluvium,Alluvial Loamy Soil,0.12,Alluvial Plain / Valley Fill,850.0,0.0,0,0.286
519917,Bapod OG,Vadodara Rural,22.299225,73.259733,,,,85.0,10.8,124.8,Quaternary Alluvium,Alluvial Loamy Soil,0.96,Alluvial Plain / Valley Fill,1089.4,0.0,0,0.564
519914,Harni OG,Vadodara Rural,22.344634,73.257466,,,,95.0,12.6,145.6,Deccan Trap Basalt,Alluvial Loamy Soil,1.11,Alluvial Plain / Valley Fill,1100.2,0.0,0,0.607
520943,Bamboj,Dabhoi,22.211975,73.457983,3.88,4.6,5.18,92.5,12.15,140.4,Deccan Trap Basalt,Deep Black Cotton Soil,1.07,Alluvial Plain / Valley Fill,1094.8,0.001,0,0.59
520945,Lunadra,Dabhoi,22.206681,73.479518,4.96,0.0,4.96,95.0,13.05,150.8,Deccan Trap Basalt,Deep Black Cotton Soil,1.14,Alluvial Plain / Valley Fill,1093.0,0.001,0,0.608
520942,Naranpura,Dabhoi,22.204176,73.42546,0.0,11.43,6.67,95.0,13.05,150.8,Deccan Trap Basalt,Deep Black Cotton Soil,1.14,Alluvial Plain / Valley Fill,1089.4,0.001,0,0.615
520946,Simaliya,Dabhoi,22.19153,73.482411,12.04,2.14,4.59,92.5,12.15,140.4,Deccan Trap Basalt,Deep Black Cotton Soil,1.07,Alluvial Plain / Valley Fill,1091.2,0.0,0,0.577
520947,Sunvalja,Dabhoi,22.193872,73.456124,4.26,3.1,5.81,97.5,13.05,150.8,Deccan Trap Basalt,Deep Black Cotton Soil,1.14,Alluvial Plain / Valley Fill,1096.6,0.001,0,0.61
520941,Karalipura,Dabhoi,22.196452,73.417099,0.0,2.5,0.83,95.0,12.6,145.6,Deccan Trap Basalt,Deep Black Cotton Soil,1.11,Alluvial Plain / Valley Fill,1087.6,0.001,0,0.605
520948,Dangiwada,Dabhoi,22.186472,73.434297,4.37,4.57,5.2,87.5,11.25,130.0,Quaternary Alluvium,Deep Black Cotton Soil,1.0,Alluvial Plain / Valley Fill,1098.4,0.001,0,0.569
520965,Gopalpura,Dabhoi,22.169907,73.49663,0.0,0.0,0.0,25.0,0.2,0.0,Quaternary Alluvium,Deep Black Cotton Soil,0.12,Alluvial Plain / Valley Fill,850.0,0.05,0,0.286
520950,Vasaipura,Dabhoi,22.178906,73.405451,6.21,5.08,4.52,87.5,12.15,140.4,Deccan Trap Basalt,Deep Black Cotton Soil,1.07,Alluvial Plain / Valley Fill,1096.6,0.001,0,0.587
520949,Pragpura,Dabhoi,22.180934,73.423394,5.06,3.89,7.39,87.5,11.7,135.2,Quaternary Alluvium,Deep Black Cotton Soil,1.04,Alluvial Plain / Valley Fill,1103.8,0.001,0,0.58
520964,Akotadar,Dabhoi,22.17537,73.463987,0.0,15.21,4.63,87.5,11.25,130.0,Quaternary Alluvium,Deep Black Cotton Soil,1.0,Alluvial Plain / Valley Fill,1085.8,0.001,0,0.574
520963,Pansoli,Dabhoi,22.166243,73.452333,0.0,5.45,4.81,87.5,11.7,135.2,Quaternary Alluvium,Deep Black Cotton Soil,1.04,Alluvial Plain / Valley Fill,1084.0,0.0,0,0.584
520962,Morpura,Dabhoi,22.16282,73.420509,7.59,3.8,5.06,87.5,11.25,130.0,Quaternary Alluvium,Deep Black Cotton Soil,1.0,Alluvial Plain / Valley Fill,1085.8,0.0,0,0.562
520966,Vadhvana,Dabhoi,22.150349,73.491283,0.0,34.19,3.73,92.5,12.15,140.4,Deccan Trap Basalt,Deep Black Cotton Soil,1.07,Alluvial Plain / Valley Fill,1091.2,0.001,0,0.595
520967,Samsherpura,Dabhoi,22.150824,73.481159,0.0,12.37,3.09,92.5,12.15,140.4,Deccan Trap Basalt,Deep Black Cotton Soil,1.07,Alluvial Plain / Valley Fill,1105.6,0.0,0,0.597
520968,Kukad,Dabhoi,22.143096,73.46806,10.72,1.68,5.03,92.5,12.15,140.4,Deccan Trap Basalt,Deep Black Cotton Soil,1.07,Alluvial Plain / Valley Fill,1093.0,0.0,0,0.579
520969,Timbi,Dabhoi,22.15226,73.418344,0.0,4.1,8.61,85.0,10.8,124.8,Quaternary Alluvium,Deep Black Cotton Soil,0.96,Alluvial Plain / Valley Fill,1100.2,0.0,0,0.565
520970,Tarsana,Dabhoi,22.143425,73.407585,0.0,5.09,5.79,87.5,11.7,135.2,Quaternary Alluvium,Deep Black Cotton Soil,1.04,Alluvial Plain / Valley Fill,1091.2,0.0,0,0.585
520944,Amreshwar,Dabhoi,22.227089,73.472862,3.3,2.61,5.39,97.5,13.05,150.8,Deccan Trap Basalt,Deep Black Cotton Soil,1.14,Alluvial Plain / Valley Fill,1096.6,0.001,0,0.611
519975,Madodhar,Vaghodia,22.324726,73.419003,0.0,10.24,5.01,97.5,13.05,150.8,Deccan Trap Basalt,Alluvial Loamy Soil,1.14,Alluvial Plain / Valley Fill,1080.4,0.0,0,0.614
519974,Sangadol,Vaghodia,22.317903,73.442354,0.0,1.06,5.19,92.5,12.15,140.4,Deccan Trap Basalt,Alluvial Loamy Soil,1.07,Alluvial Plain / Valley Fill,1089.4,0.0,0,0.595
519971,Chipat,Vaghodia,22.326852,73.514534,0.0,11.34,1.03,87.5,11.25,130.0,Quaternary Alluvium,Alluvial Loamy Soil,1.0,Alluvial Plain / Valley Fill,1080.4,0.0,0,0.573
520012,Kachhota,Vaghodia,22.265121,73.51416,0.0,0.0,0.0,102.5,13.95,161.2,Deccan Trap Basalt,Alluvial Loamy Soil,1.22,Alluvial Plain / Valley Fill,1118.2,0.001,0,0.641
519988,Vedpur,Vaghodia,22.312013,73.529351,27.28,7.45,0.84,85.0,11.25,130.0,Quaternary Alluvium,Alluvial Loamy Soil,1.0,Alluvial Plain / Valley Fill,1093.0,0.0,0,0.534
519986,Ghodadra,Vaghodia,22.305494,73.459221,0.0,9.76,6.69,100.0,13.5,156.0,Deccan Trap Basalt,Alluvial Loamy Soil,1.18,Alluvial Plain / Valley Fill,1094.8,0.001,0,0.627
519987,Asha,Vaghodia,22.308156,73.496906,13.04,1.74,3.04,90.0,11.7,135.2,Quaternary Alluvium,Alluvial Loamy Soil,1.04,Alluvial Plain / Valley Fill,1075.0,0.0,0,0.564
519989,Moti Manekpur,Vaghodia,22.298435,73.531655,3.03,0.0,7.18,87.5,11.25,130.0,Quaternary Alluvium,Alluvial Loamy Soil,1.0,Alluvial Plain / Valley Fill,1080.4,0.0,0,0.569
519993,Vasvel,Vaghodia,22.296555,73.472661,0.0,2.59,17.63,92.5,12.15,140.4,Deccan Trap Basalt,Alluvial Loamy Soil,1.07,Alluvial Plain / Valley Fill,1091.2,0.0,0,0.595
519992,Saidal,Vaghodia,22.286926,73.50285,15.69,0.0,0.0,95.0,12.6,145.6,Deccan Trap Basalt,Alluvial Loamy Soil,1.11,Alluvial Plain / Valley Fill,1093.0,0.0,0,0.583
519985,Timbi,Vaghodia,22.299284,73.418253,0.0,0.54,4.32,97.5,13.05,150.8,Deccan Trap Basalt,Alluvial Loamy Soil,1.14,Alluvial Plain / Valley Fill,1091.2,0.001,0,0.616
519996,Dankheda,Vaghodia,22.286677,73.436341,0.0,10.43,9.13,95.0,12.6,145.6,Deccan Trap Basalt,Alluvial Loamy Soil,1.11,Alluvial Plain / Valley Fill,1112.8,0.001,0,0.609
519990,Nani Manekpur,Vaghodia,22.288167,73.543629,0.0,0.0,3.51,97.5,13.95,161.2,Deccan Trap Basalt,Alluvial Loamy Soil,1.22,Alluvial Plain / Valley Fill,1094.8,0.0,0,0.638
519997,Tavra,Vaghodia,22.286469,73.417679,0.0,1.73,4.76,97.5,13.05,150.8,Deccan Trap Basalt,Alluvial Loamy Soil,1.14,Alluvial Plain / Valley Fill,1093.0,0.001,0,0.616
519994,Chandpur,Vaghodia,22.285523,73.475938,0.0,0.94,17.69,100.0,13.5,156.0,Deccan Trap Basalt,Alluvial Loamy Soil,1.18,Alluvial Plain / Valley Fill,1123.6,0.0,0,0.631
520013,Rustampura,Vaghodia,22.276456,73.536888,0.0,13.15,7.04,100.0,13.5,156.0,Deccan Trap Basalt,Alluvial Loamy Soil,1.18,Alluvial Plain / Valley Fill,1096.6,0.001,0,0.627
519995,Ambali,Vaghodia,22.278101,73.446408,0.0,5.99,5.72,97.5,13.05,150.8,Deccan Trap Basalt,Alluvial Loamy Soil,1.14,Alluvial Plain / Valley Fill,1076.8,0.001,0,0.614
520010,Gugalpur,Vaghodia,22.267272,73.467115,0.0,13.8,5.33,95.0,13.05,150.8,Deccan Trap Basalt,Alluvial Loamy Soil,1.14,Alluvial Plain / Valley Fill,1109.2,0.0,0,0.618
520009,Vejalpur,Vaghodia,22.27193,73.405579,0.0,1.9,5.46,95.0,12.6,145.6,Deccan Trap Basalt,Alluvial Loamy Soil,1.11,Alluvial Plain / Valley Fill,1089.4,0.001,0,0.606
520011,Khervadi,Vaghodia,22.262781,73.483262,0.0,0.75,1.89,100.0,13.5,156.0,Deccan Trap Basalt,Alluvial Loamy Soil,1.18,Alluvial Plain / Valley Fill,1112.8,0.0,0,0.629
520018,Vyara,Vaghodia,22.252538,73.422919,0.0,10.33,6.04,90.0,12.6,145.6,Deccan Trap Basalt,Alluvial Loamy Soil,1.11,Alluvial Plain / Valley Fill,1080.4,0.001,0,0.604
520014,Ghoda,Vaghodia,22.264944,73.528892,0.0,0.0,3.67,107.5,14.85,171.6,Deccan Trap Basalt,Alluvial Loamy Soil,1.29,Alluvial Plain / Valley Fill,1112.8,0.001,0,0.661
520015,Nurpuri,Vaghodia,22.255319,73.516521,0.0,0.0,0.0,102.5,13.05,150.8,Deccan Trap Basalt,Alluvial Loamy Soil,1.14,Alluvial Plain / Valley Fill,1112.8,0.001,0,0.619
520016,Tarsva,Vaghodia,22.247893,73.482445,0.0,1.54,6.52,97.5,13.05,150.8,Deccan Trap Basalt,Alluvial Loamy Soil,1.14,Alluvial Plain / Valley Fill,1105.6,0.0,0,0.618
520017,Jambuwada,Vaghodia,22.235421,73.446638,0.0,2.78,5.01,97.5,13.05,150.8,Deccan Trap Basalt,Alluvial Loamy Soil,1.14,Alluvial Plain / Valley Fill,1098.4,0.001,0,0.617
520020,Antoli,Vaghodia,22.221961,73.417043,0.0,5.88,10.55,90.0,11.7,135.2,Quaternary Alluvium,Alluvial Loamy Soil,1.04,Alluvial Plain / Valley Fill,1084.0,0.001,0,0.584
520021,Karamliya Pura,Vaghodia,22.217807,73.437697,0.0,5.61,14.19,90.0,11.7,135.2,Quaternary Alluvium,Alluvial Loamy Soil,1.04,Alluvial Plain / Valley Fill,1082.2,0.001,0,0.584
519991,Koba,Vaghodia,22.284556,73.521797,56.82,0.0,0.65,97.5,13.5,156.0,Deccan Trap Basalt,Alluvial Loamy Soil,1.18,Alluvial Plain / Valley Fill,1080.4,0.001,0,0.54
519940,Adiran,Vaghodia,22.436866,73.411595,0.0,2.33,4.93,92.5,12.15,140.4,Deccan Trap Basalt,Alluvial Loamy Soil,1.07,Alluvial Plain / Valley Fill,1082.2,0.0,0,0.594
519955,Navgam,Vaghodia,22.407331,73.435575,0.0,19.61,4.17,97.5,12.6,145.6,Deccan Trap Basalt,Alluvial Loamy Soil,1.11,Alluvial Plain / Valley Fill,1071.4,0.0,0,0.603
519941,Karmasiya Kheda,Vaghodia,22.410759,73.412333,0.0,0.31,4.36,92.5,12.15,140.4,Deccan Trap Basalt,Alluvial Loamy Soil,1.07,Alluvial Plain / Valley Fill,1075.0,0.001,0,0.593
519956,Gutal,Vaghodia,22.373695,73.447886,0.0,2.28,12.83,92.5,12.15,140.4,Deccan Trap Basalt,Alluvial Loamy Soil,1.07,Alluvial Plain / Valley Fill,1096.6,0.0,0,0.596
519964,Juna Rampura,Vaghodia,22.3582,73.410424,0.0,3.56,2.91,105.0,14.4,166.4,Deccan Trap Basalt,Alluvial Loamy Soil,1.25,Alluvial Plain / Valley Fill,1093.0,0.0,0,0.647
519967,Dundelav,Vaghodia,22.347733,73.465353,0.0,4.93,1.35,97.5,13.05,150.8,Deccan Trap Basalt,Alluvial Loamy Soil,1.14,Alluvial Plain / Valley Fill,1069.6,0.001,0,0.613
519973,Goraj,Vaghodia,22.332591,73.47929,0.0,7.07,5.25,97.5,13.05,150.8,Deccan Trap Basalt,Alluvial Loamy Soil,1.14,Alluvial Plain / Valley Fill,1100.2,0.001,0,0.617
519965,Nava Rampura,Vaghodia,22.344775,73.408848,0.0,4.09,4.83,97.5,13.05,150.8,Deccan Trap Basalt,Alluvial Loamy Soil,1.14,Alluvial Plain / Valley Fill,1093.0,0.0,0,0.616
519966,Vesaniya,Vaghodia,22.342325,73.438877,0.0,1.42,10.66,100.0,13.5,156.0,Deccan Trap Basalt,Alluvial Loamy Soil,1.18,Alluvial Plain / Valley Fill,1080.4,0.0,0,0.625
519968,Valva,Vaghodia,22.342418,73.503181,0.0,12.34,2.13,92.5,12.15,140.4,Deccan Trap Basalt,Alluvial Loamy Soil,1.07,Alluvial Plain / Valley Fill,1094.8,0.001,0,0.596
519969,Hamirpuri,Vaghodia,22.339955,73.525062,0.0,15.07,9.59,95.0,12.6,145.6,Deccan Trap Basalt,Alluvial Loamy Soil,1.11,Alluvial Plain / Valley Fill,1082.2,0.0,0,0.605
519970,Dharola,Vaghodia,22.334722,73.546397,79.97,1.05,0.0,97.5,11.7,135.2,Quaternary Alluvium,Alluvial Loamy Soil,1.04,Alluvial Plain / Valley Fill,1071.4,0.05,0,0.463
519972,Gambhirpura,Vaghodia,22.333731,73.521104,0.0,6.25,12.5,92.5,12.15,140.4,Deccan Trap Basalt,Alluvial Loamy Soil,1.07,Alluvial Plain / Valley Fill,1084.0,0.0,0,0.594
519768,Wankaner,Savli,22.552458,73.177017,0.0,3.53,5.97,92.5,11.7,135.2,Quaternary Alluvium,Alluvial Loamy Soil,1.04,Alluvial Plain / Valley Fill,1066.0,0.001,0,0.582
519787,Bhadarva,Savli,22.510437,73.129922,0.0,8.16,20.92,105.0,14.4,166.4,Deccan Trap Basalt,Alluvial Loamy Soil,1.25,Alluvial Plain / Valley Fill,1082.2,0.001,0,0.646
519794,Ranipura B,Savli,22.50843,73.174065,0.0,0.0,0.0,100.0,12.6,145.6,Deccan Trap Basalt,Alluvial Loamy Soil,1.11,Alluvial Plain / Valley Fill,1076.8,0.001,0,0.604
519790,Khandi,Savli,22.499195,73.100319,0.0,19.83,11.57,97.5,12.15,140.4,Deccan Trap Basalt,Alluvial Loamy Soil,1.07,Alluvial Plain / Valley Fill,1080.4,0.001,0,0.594
519789,Jalampura,Savli,22.502329,73.105973,0.0,16.85,11.24,97.5,13.5,156.0,Deccan Trap Basalt,Alluvial Loamy Soil,1.18,Alluvial Plain / Valley Fill,1071.4,0.001,0,0.624
519792,Raniya,Savli,22.495709,73.133102,0.0,0.62,4.46,107.5,14.85,171.6,Deccan Trap Basalt,Alluvial Loamy Soil,1.29,Alluvial Plain / Valley Fill,1076.8,0.001,0,0.656
519793,Mahapura,Savli,22.495327,73.160927,0.0,0.85,4.27,105.0,14.4,166.4,Deccan Trap Basalt,Alluvial Loamy Soil,1.25,Alluvial Plain / Valley Fill,1078.6,0.0,0,0.645
519810,Anjesar,Savli,22.480895,73.17266,0.0,3.19,5.07,90.0,11.7,135.2,Quaternary Alluvium,Alluvial Loamy Soil,1.04,Alluvial Plain / Valley Fill,1071.4,0.001,0,0.583
519791,Poicha Raniya,Savli,22.475894,73.114821,0.0,3.9,5.07,95.0,12.15,140.4,Deccan Trap Basalt,Alluvial Loamy Soil,1.07,Alluvial Plain / Valley Fill,1084.0,0.0,0,0.594
519811,Moksi,Savli,22.468066,73.147281,0.0,0.0,2.75,97.5,13.05,150.8,Deccan Trap Basalt,Alluvial Loamy Soil,1.14,Alluvial Plain / Valley Fill,1073.2,0.001,0,0.613
519786,Bahidhara Alias Natvarnagar,Savli,22.512292,73.159483,0.0,24.7,0.0,100.0,14.4,166.4,Deccan Trap Basalt,Alluvial Loamy Soil,1.25,Alluvial Plain / Valley Fill,1075.0,0.001,0,0.645
519788,Parthampura Khandi,Savli,22.511161,73.118198,0.0,20.31,14.77,92.5,12.15,140.4,Deccan Trap Basalt,Alluvial Loamy Soil,1.07,Alluvial Plain / Valley Fill,1073.2,0.001,0,0.593
519824,Dodka,Vadodara Rural,22.455062,73.112726,0.0,6.09,22.46,90.0,12.15,140.4,Deccan Trap Basalt,Alluvial Loamy Soil,1.07,Alluvial Plain / Valley Fill,1093.0,0.0,0,0.595
519827,Vasna Kotariya,Vadodara Rural,22.447266,73.154772,0.0,3.61,7.03,97.5,13.05,150.8,Deccan Trap Basalt,Alluvial Loamy Soil,1.14,Alluvial Plain / Valley Fill,1062.4,0.001,0,0.612
519747,Ankaliya,Savli,22.616419,73.377167,0.0,4.74,0.9,97.5,13.05,150.8,Deccan Trap Basalt,Alluvial Loamy Soil,1.14,Alluvial Plain / Valley Fill,1075.0,0.001,0,0.613
519756,Lachhanpura,Savli,22.614795,73.22513,0.0,40.89,0.0,87.5,11.25,130.0,Quaternary Alluvium,Alluvial Loamy Soil,1.0,Alluvial Plain / Valley Fill,1078.6,0.001,0,0.573
519750,Mevli,Savli,22.614616,73.329978,0.0,14.99,5.8,95.0,12.6,145.6,Deccan Trap Basalt,Alluvial Loamy Soil,1.11,Alluvial Plain / Valley Fill,1075.0,0.002,0,0.604
519748,Dhantej,Savli,22.597216,73.356397,0.0,5.03,5.09,95.0,12.6,145.6,Deccan Trap Basalt,Alluvial Loamy Soil,1.11,Alluvial Plain / Valley Fill,1109.2,0.001,0,0.608
519795,Namisara,Savli,22.515105,73.189227,0.0,2.46,1.95,85.0,11.25,130.0,Quaternary Alluvium,Alluvial Loamy Soil,1.0,Alluvial Plain / Valley Fill,1076.8,0.001,0,0.573
519734,Latva,Desar,22.667525,73.366624,0.0,0.0,0.0,87.5,11.25,130.0,Quaternary Alluvium,Alluvial Loamy Soil,1.0,Alluvial Plain / Valley Fill,1078.6,0.001,0,0.573
519724,Bhila,Desar,22.666808,73.359725,0.0,43.9,0.0,90.0,11.7,135.2,Quaternary Alluvium,Alluvial Loamy Soil,1.04,Alluvial Plain / Valley Fill,1069.6,0.001,0,0.582
519730,Vansiya,Desar,22.664588,73.398534,0.0,2.32,0.0,87.5,11.25,130.0,Quaternary Alluvium,Alluvial Loamy Soil,1.0,Alluvial Plain / Valley Fill,1078.6,0.001,0,0.573
519722,Vaghanu Muvadu,Desar,22.657829,73.337583,0.0,64.97,0.0,90.0,11.25,130.0,Quaternary Alluvium,Alluvial Loamy Soil,1.0,Alluvial Plain / Valley Fill,1087.6,0.002,0,0.574
519721,Gorsan,Desar,22.66062,73.317646,0.0,23.53,0.0,85.0,11.25,130.0,Quaternary Alluvium,Alluvial Loamy Soil,1.0,Alluvial Plain / Valley Fill,1076.8,0.002,0,0.573
519720,Shihora,Desar,22.657088,73.2868,0.0,44.57,0.4,90.0,11.7,135.2,Quaternary Alluvium,Alluvial Loamy Soil,1.04,Alluvial Plain / Valley Fill,1062.4,0.003,0,0.581
519733,Limdi,Desar,22.654626,73.385685,0.0,7.82,0.0,90.0,11.7,135.2,Quaternary Alluvium,Alluvial Loamy Soil,1.04,Alluvial Plain / Valley Fill,1084.0,0.001,0,0.584
519731,Ghanta,Desar,22.65819,73.403154,0.0,28.24,0.0,87.5,10.8,124.8,Quaternary Alluvium,Alluvial Loamy Soil,0.96,Alluvial Plain / Valley Fill,1078.6,0.001,0,0.562
519738,Nhara,Savli,22.646613,73.312436,0.0,39.89,0.0,90.0,11.7,135.2,Quaternary Alluvium,Alluvial Loamy Soil,1.04,Alluvial Plain / Valley Fill,1066.0,0.002,0,0.582
519732,Andrakhiya,Desar,22.650172,73.392421,0.0,9.63,0.0,90.0,11.7,135.2,Quaternary Alluvium,Alluvial Loamy Soil,1.04,Alluvial Plain / Valley Fill,1075.0,0.002,0,0.583
519737,Gutardi,Savli,22.642703,73.334373,0.0,23.7,0.0,87.5,11.25,130.0,Quaternary Alluvium,Alluvial Loamy Soil,1.0,Alluvial Plain / Valley Fill,1058.8,0.001,0,0.57
519736,Sandhasal,Desar,22.644957,73.351477,0.0,0.0,9.03,92.5,12.15,140.4,Deccan Trap Basalt,Alluvial Loamy Soil,1.07,Alluvial Plain / Valley Fill,1078.6,0.001,0,0.593
519735,Vav,Desar,22.641302,73.3653,0.0,0.0,0.0,95.0,13.05,150.8,Deccan Trap Basalt,Alluvial Loamy Soil,1.14,Alluvial Plain / Valley Fill,1093.0,0.001,0,0.616
519740,Ajabpura,Savli,22.641095,73.26504,0.0,48.09,0.0,90.0,12.15,140.4,Deccan Trap Basalt,Alluvial Loamy Soil,1.07,Alluvial Plain / Valley Fill,1071.4,0.003,0,0.592
519741,Amarapura,Savli,22.630837,73.247017,0.0,30.47,0.0,87.5,11.25,130.0,Quaternary Alluvium,Alluvial Loamy Soil,1.0,Alluvial Plain / Valley Fill,1084.0,0.002,0,0.574
519745,Zumkha,Savli,22.628964,73.320551,0.0,16.86,0.0,95.0,12.6,145.6,Deccan Trap Basalt,Alluvial Loamy Soil,1.11,Alluvial Plain / Valley Fill,1071.4,0.002,0,0.603
519746,Dipapura,Savli,22.627892,73.344346,0.0,12.62,0.0,92.5,11.7,135.2,Quaternary Alluvium,Alluvial Loamy Soil,1.04,Alluvial Plain / Valley Fill,1057.0,0.001,0,0.58
519751,Vitoj,Savli,22.612199,73.311078,0.0,7.06,19.06,92.5,12.15,140.4,Deccan Trap Basalt,Alluvial Loamy Soil,1.07,Alluvial Plain / Valley Fill,1103.8,0.001,0,0.597
519742,Kalupura,Savli,22.620001,73.252806,42.2,19.27,0.0,90.0,11.7,135.2,Quaternary Alluvium,Alluvial Loamy Soil,1.04,Alluvial Plain / Valley Fill,1073.2,0.002,0,0.52
519749,Narpura,Savli,22.612873,73.347288,0.0,0.0,0.0,102.5,13.95,161.2,Deccan Trap Basalt,Alluvial Loamy Soil,1.22,Alluvial Plain / Valley Fill,1091.2,0.002,0,0.637
519752,Samantpura,Savli,22.610941,73.290607,0.0,27.91,0.0,92.5,13.05,150.8,Deccan Trap Basalt,Alluvial Loamy Soil,1.14,Alluvial Plain / Valley Fill,1066.0,0.001,0,0.612
519757,Rupankui,Savli,22.603019,73.212801,0.0,34.99,0.0,90.0,11.25,130.0,Quaternary Alluvium,Alluvial Loamy Soil,1.0,Alluvial Plain / Valley Fill,1078.6,0.001,0,0.573
519755,Rasawadi,Savli,22.606542,73.250407,0.0,0.61,4.91,92.5,11.7,135.2,Quaternary Alluvium,Alluvial Loamy Soil,1.04,Alluvial Plain / Valley Fill,1066.0,0.001,0,0.582
519753,Gangadiyapura,Savli,22.602837,73.281439,0.0,0.0,0.0,90.0,11.7,135.2,Quaternary Alluvium,Alluvial Loamy Soil,1.04,Alluvial Plain / Valley Fill,1064.2,0.001,0,0.582
519760,Dungrapura,Savli,22.599649,73.324299,0.0,8.14,0.0,92.5,12.15,140.4,Deccan Trap Basalt,Alluvial Loamy Soil,1.07,Alluvial Plain / Valley Fill,1075.0,0.001,0,0.593
519758,Kanoda,Savli,22.596876,73.199142,0.0,32.64,0.0,87.5,11.25,130.0,Quaternary Alluvium,Alluvial Loamy Soil,1.0,Alluvial Plain / Valley Fill,1062.4,0.001,0,0.571
519759,Rasulpur,Savli,22.594845,73.232122,0.0,0.5,0.0,87.5,10.8,124.8,Quaternary Alluvium,Alluvial Loamy Soil,0.96,Alluvial Plain / Valley Fill,1082.2,0.0,0,0.563
519763,Vasanpura,Savli,22.584223,73.309628,0.0,2.39,4.78,92.5,12.15,140.4,Deccan Trap Basalt,Alluvial Loamy Soil,1.07,Alluvial Plain / Valley Fill,1064.2,0.001,0,0.591
519766,Poicha Kanoda,Savli,22.583638,73.180915,0.0,15.25,0.28,87.5,11.25,130.0,Quaternary Alluvium,Alluvial Loamy Soil,1.0,Alluvial Plain / Valley Fill,1078.6,0.001,0,0.573
519764,Muval,Savli,22.578348,73.26441,0.0,1.26,9.9,25.0,0.2,0.0,Quaternary Alluvium,Alluvial Loamy Soil,0.12,Alluvial Plain / Valley Fill,850.0,0.0,0,0.286
519761,Tulsipura,Savli,22.567101,73.363504,0.0,4.21,4.89,95.0,12.6,145.6,Deccan Trap Basalt,Alluvial Loamy Soil,1.11,Alluvial Plain / Valley Fill,1067.8,0.001,0,0.603
519762,Kamalpura,Savli,22.574665,73.339106,0.0,1.14,5.04,90.0,11.7,135.2,Quaternary Alluvium,Alluvial Loamy Soil,1.04,Alluvial Plain / Valley Fill,1076.8,0.001,0,0.583
519767,Mevaliapura,Savli,22.571804,73.181615,0.0,0.0,11.11,92.5,12.15,140.4,Deccan Trap Basalt,Alluvial Loamy Soil,1.07,Alluvial Plain / Valley Fill,1075.0,0.001,0,0.593
519765,Sardarpura,Savli,22.567424,73.196341,0.0,0.0,5.43,95.0,12.6,145.6,Deccan Trap Basalt,Alluvial Loamy Soil,1.11,Alluvial Plain / Valley Fill,1082.2,0.05,0,0.605
519771,Moti Bhadol,Savli,22.548218,73.316037,0.0,0.77,8.94,90.0,11.7,135.2,Quaternary Alluvium,Alluvial Loamy Soil,1.04,Alluvial Plain / Valley Fill,1066.0,0.0,0,0.582
519770,Charanpura,Savli,22.561883,73.301134,0.0,0.0,2.38,95.0,12.6,145.6,Deccan Trap Basalt,Alluvial Loamy Soil,1.11,Alluvial Plain / Valley Fill,1075.0,0.05,0,0.604
519769,Javla,Savli,22.552921,73.254503,0.0,0.23,4.76,92.5,13.05,150.8,Deccan Trap Basalt,Alluvial Loamy Soil,1.14,Alluvial Plain / Valley Fill,1080.4,0.001,0,0.614
519772,Vadiya K,Savli,22.55089,73.339853,0.0,0.0,0.0,92.5,12.15,140.4,Deccan Trap Basalt,Alluvial Loamy Soil,1.07,Alluvial Plain / Valley Fill,1071.4,0.0,0,0.592
519784,Gothada,Savli,22.535905,73.224501,0.0,0.82,6.2,85.0,10.8,124.8,Quaternary Alluvium,Alluvial Loamy Soil,0.96,Alluvial Plain / Valley Fill,1073.2,0.001,0,0.561
519782,Sherpura,Savli,22.546389,73.290402,0.0,0.79,1.88,95.0,12.6,145.6,Deccan Trap Basalt,Alluvial Loamy Soil,1.11,Alluvial Plain / Valley Fill,1084.0,0.0,0,0.605
519773,Mal Ankaliya,Savli,22.546901,73.358528,0.0,0.4,5.0,85.0,10.8,124.8,Quaternary Alluvium,Alluvial Loamy Soil,0.96,Alluvial Plain / Valley Fill,1071.4,0.0,0,0.561
519774,Kambola,Savli,22.539939,73.389336,0.0,0.0,5.07,85.0,10.35,119.6,Quaternary Alluvium,Alluvial Loamy Soil,0.93,Alluvial Plain / Valley Fill,1066.0,0.05,0,0.551
519779,Ranipura Samlaya,Savli,22.52818,73.342841,0.0,11.76,33.33,92.5,12.15,140.4,Deccan Trap Basalt,Alluvial Loamy Soil,1.07,Alluvial Plain / Valley Fill,1071.4,0.0,0,0.592
519780,Nani Bhadol,Savli,22.522203,73.317746,0.0,1.26,5.05,87.5,11.7,135.2,Quaternary Alluvium,Alluvial Loamy Soil,1.04,Alluvial Plain / Valley Fill,1069.6,0.0,0,0.582
519783,Karachiya,Savli,22.526843,73.263858,0.0,1.52,5.03,92.5,12.15,140.4,Deccan Trap Basalt,Alluvial Loamy Soil,1.07,Alluvial Plain / Valley Fill,1075.0,0.001,0,0.593
519781,Samlaya,Savli,22.523995,73.290581,0.0,0.64,0.56,92.5,12.15,140.4,Deccan Trap Basalt,Alluvial Loamy Soil,1.07,Alluvial Plain / Valley Fill,1071.4,0.001,0,0.592
519785,Ranchhodpura,Savli,22.532442,73.183961,0.0,0.0,0.0,97.5,12.6,145.6,Deccan Trap Basalt,Alluvial Loamy Soil,1.11,Alluvial Plain / Valley Fill,1080.4,0.0,0,0.604
519777,Mudhela,Savli,22.50827,73.397671,0.0,2.93,0.93,95.0,12.6,145.6,Deccan Trap Basalt,Alluvial Loamy Soil,1.11,Alluvial Plain / Valley Fill,1082.2,0.001,0,0.605
519778,Ghantiyal,Savli,22.517542,73.377275,0.0,0.15,4.57,95.0,12.6,145.6,Deccan Trap Basalt,Alluvial Loamy Soil,1.11,Alluvial Plain / Valley Fill,1080.4,0.0,0,0.604
519796,Bautha,Savli,22.511578,73.213664,0.0,6.07,5.83,87.5,11.25,130.0,Quaternary Alluvium,Alluvial Loamy Soil,1.0,Alluvial Plain / Valley Fill,1078.6,0.001,0,0.573
519798,Pasva,Savli,22.501273,73.255812,0.0,2.94,5.12,87.5,11.25,130.0,Quaternary Alluvium,Alluvial Loamy Soil,1.0,Alluvial Plain / Valley Fill,1087.6,0.001,0,0.574
519799,Mota Motipura,Savli,22.504195,73.273909,0.0,0.44,0.0,87.5,11.7,135.2,Quaternary Alluvium,Alluvial Loamy Soil,1.04,Alluvial Plain / Valley Fill,1076.8,0.001,0,0.583
519802,Lotna,Savli,22.504372,73.36037,0.0,2.26,4.53,95.0,12.6,145.6,Deccan Trap Basalt,Alluvial Loamy Soil,1.11,Alluvial Plain / Valley Fill,1064.2,0.0,0,0.602
519801,Gangadiya,Savli,22.505454,73.33713,0.0,1.99,4.4,97.5,13.05,150.8,Deccan Trap Basalt,Alluvial Loamy Soil,1.14,Alluvial Plain / Valley Fill,1076.8,0.0,0,0.614
519800,Pratapnagar,Savli,22.499167,73.293923,0.0,0.0,2.27,92.5,12.15,140.4,Deccan Trap Basalt,Alluvial Loamy Soil,1.07,Alluvial Plain / Valley Fill,1080.4,0.0,0,0.594
519805,Vadadala,Savli,22.486995,73.319058,0.0,2.5,3.93,90.0,11.25,130.0,Quaternary Alluvium,Alluvial Loamy Soil,1.0,Alluvial Plain / Valley Fill,1064.2,0.0,0,0.571
519797,Lasundra,Savli,22.501698,73.232756,5.84,4.02,2.01,87.5,11.7,135.2,Quaternary Alluvium,Alluvial Loamy Soil,1.04,Alluvial Plain / Valley Fill,1066.0,0.001,0,0.573
519803,Sadra,Savli,22.501871,73.377151,0.0,1.32,5.59,100.0,13.5,156.0,Deccan Trap Basalt,Alluvial Loamy Soil,1.18,Alluvial Plain / Valley Fill,1078.6,0.0,0,0.625
519809,Tundav,Savli,22.482954,73.20198,3.42,2.73,1.4,85.0,11.25,130.0,Quaternary Alluvium,Alluvial Loamy Soil,1.0,Alluvial Plain / Valley Fill,1075.0,0.001,0,0.567
519804,Adalwada,Savli,22.483591,73.353783,0.0,1.38,4.3,87.5,11.25,130.0,Quaternary Alluvium,Alluvial Loamy Soil,1.0,Alluvial Plain / Valley Fill,1071.4,0.001,0,0.572
519807,Subhelav,Savli,22.48513,73.244201,0.0,2.25,4.95,85.0,11.25,130.0,Quaternary Alluvium,Alluvial Loamy Soil,1.0,Alluvial Plain / Valley Fill,1080.4,0.001,0,0.573
519808,Paldi,Savli,22.480526,73.22466,0.0,0.92,2.76,87.5,12.15,140.4,Deccan Trap Basalt,Alluvial Loamy Soil,1.07,Alluvial Plain / Valley Fill,1069.6,0.001,0,0.592
519822,Dhanora,Savli,22.46833,73.335342,0.0,12.15,4.86,87.5,11.7,135.2,Quaternary Alluvium,Alluvial Loamy Soil,1.04,Alluvial Plain / Valley Fill,1073.2,0.001,0,0.583
519806,Chandranagar,Savli,22.474179,73.25903,0.0,5.61,0.0,92.5,12.15,140.4,Deccan Trap Basalt,Alluvial Loamy Soil,1.07,Alluvial Plain / Valley Fill,1073.2,0.001,0,0.593
519814,Lamdapura,Savli,22.468742,73.226131,0.0,0.0,5.25,90.0,11.7,135.2,Quaternary Alluvium,Alluvial Loamy Soil,1.04,Alluvial Plain / Valley Fill,1064.2,0.001,0,0.582
519813,Manjusar,Savli,22.443886,73.19595,0.0,4.91,0.64,87.5,11.25,130.0,Quaternary Alluvium,Alluvial Loamy Soil,1.0,Alluvial Plain / Valley Fill,1098.4,0.001,0,0.576
519816,Alindra,Savli,22.453463,73.236236,0.0,0.37,1.35,92.5,12.15,140.4,Deccan Trap Basalt,Alluvial Loamy Soil,1.07,Alluvial Plain / Valley Fill,1075.0,0.0,0,0.593
519819,Khokhar,Savli,22.458132,73.261182,0.0,2.02,12.43,97.5,13.05,150.8,Deccan Trap Basalt,Alluvial Loamy Soil,1.14,Alluvial Plain / Valley Fill,1080.4,0.0,0,0.614
519812,Kunpad,Savli,22.456832,73.177151,0.0,1.33,4.38,95.0,12.6,145.6,Deccan Trap Basalt,Alluvial Loamy Soil,1.11,Alluvial Plain / Valley Fill,1112.8,0.001,0,0.609
519823,Haripura,Savli,22.455581,73.339935,0.0,3.23,3.77,87.5,11.25,130.0,Quaternary Alluvium,Alluvial Loamy Soil,1.0,Alluvial Plain / Valley Fill,1075.0,0.001,0,0.572
519821,Garadhiya,Savli,22.452432,73.313987,0.0,2.23,8.92,92.5,12.15,140.4,Deccan Trap Basalt,Alluvial Loamy Soil,1.07,Alluvial Plain / Valley Fill,1085.8,0.001,0,0.594
519815,Zumkal,Savli,22.450561,73.219561,0.0,0.9,4.95,90.0,11.7,135.2,Quaternary Alluvium,Alluvial Loamy Soil,1.04,Alluvial Plain / Valley Fill,1071.4,0.001,0,0.583
519723,Raipura Chhatrapura,Desar,22.665258,73.347779,0.0,8.85,2.67,90.0,11.7,135.2,Quaternary Alluvium,Alluvial Loamy Soil,1.04,Alluvial Plain / Valley Fill,1071.4,0.002,0,0.583
519739,Gulabpura Shihora,Savli,22.632917,73.293216,0.0,57.38,0.0,90.0,11.7,135.2,Quaternary Alluvium,Alluvial Loamy Soil,1.04,Alluvial Plain / Valley Fill,1075.0,0.002,0,0.583
519744,Gokalpura Ganeshpura,Savli,22.617289,73.293158,0.0,35.0,0.0,92.5,12.15,140.4,Deccan Trap Basalt,Alluvial Loamy Soil,1.07,Alluvial Plain / Valley Fill,1075.0,0.002,0,0.593
519743,Parthampura Shihora,Savli,22.614948,73.270947,0.0,6.55,7.39,95.0,12.6,145.6,Deccan Trap Basalt,Alluvial Loamy Soil,1.11,Alluvial Plain / Valley Fill,1066.0,0.001,0,0.602
519754,Dungripura Shihora,Savli,22.603431,73.264854,0.0,30.64,0.0,90.0,11.7,135.2,Quaternary Alluvium,Alluvial Loamy Soil,1.04,Alluvial Plain / Valley Fill,1071.4,0.001,0,0.583
519820,Vemar,Savli,22.469814,73.281217,0.0,3.7,7.89,95.0,12.6,145.6,Deccan Trap Basalt,Alluvial Loamy Soil,1.11,Alluvial Plain / Valley Fill,1073.2,0.0,0,0.603
519928,Bodidra,Vaghodia,22.478356,73.379884,0.0,1.03,5.15,90.0,11.7,135.2,Quaternary Alluvium,Alluvial Loamy Soil,1.04,Alluvial Plain / Valley Fill,1075.0,0.001,0,0.583
519934,Paldi,Vaghodia,22.455265,73.359683,0.0,2.3,7.89,85.0,10.8,124.8,Quaternary Alluvium,Alluvial Loamy Soil,0.96,Alluvial Plain / Valley Fill,1080.4,0.001,0,0.562
519933,Asoj,Vaghodia,22.458691,73.390985,0.0,3.3,4.8,25.0,0.2,0.0,Quaternary Alluvium,Alluvial Loamy Soil,0.12,Alluvial Plain / Valley Fill,850.0,0.001,0,0.286
253247,Savli,Savli,22.568753,73.224165,,,,82.5,0.2,0.0,Quaternary Alluvium,Alluvial Loamy Soil,0.12,Alluvial Plain / Valley Fill,850.0,0.001,0,0.286
519688,Udalpur,Desar,22.802194,73.396022,0.0,5.38,4.1,87.5,11.25,130.0,Quaternary Alluvium,Alluvial Loamy Soil,1.0,Alluvial Plain / Valley Fill,1071.4,0.001,0,0.572
519691,Jambu Goral,Desar,22.775084,73.333488,0.0,16.47,1.2,90.0,11.25,130.0,Quaternary Alluvium,Alluvial Loamy Soil,1.0,Alluvial Plain / Valley Fill,1069.6,0.0,0,0.572
519692,Varsada,Desar,22.762475,73.300533,0.0,8.67,3.53,90.0,11.7,135.2,Quaternary Alluvium,Alluvial Loamy Soil,1.04,Alluvial Plain / Valley Fill,1082.2,0.0,0,0.584
519701,Vejpur,Desar,22.742463,73.36421,0.0,0.11,4.69,95.0,12.6,145.6,Deccan Trap Basalt,Alluvial Loamy Soil,1.11,Alluvial Plain / Valley Fill,1064.2,0.0,0,0.602
519693,Waghpura,Desar,22.760329,73.26441,0.0,41.38,2.3,85.0,10.8,124.8,Quaternary Alluvium,Alluvial Loamy Soil,0.96,Alluvial Plain / Valley Fill,1069.6,0.001,0,0.561
519694,Tansiya,Desar,22.750929,73.274869,0.0,3.85,17.69,82.5,10.35,119.6,Quaternary Alluvium,Alluvial Loamy Soil,0.93,Alluvial Plain / Valley Fill,1076.8,0.001,0,0.552
519699,Desar,Desar,22.724372,73.31478,0.0,0.76,0.12,90.0,11.25,130.0,Quaternary Alluvium,Alluvial Loamy Soil,1.0,Alluvial Plain / Valley Fill,1076.8,0.0,0,0.573
519695,Himmatpura,Desar,22.742906,73.278312,0.0,23.51,1.49,87.5,11.25,130.0,Quaternary Alluvium,Alluvial Loamy Soil,1.0,Alluvial Plain / Valley Fill,1067.8,0.001,0,0.571
519696,Dungripura I,Desar,22.739024,73.271448,0.0,24.73,0.0,85.0,10.8,124.8,Quaternary Alluvium,Alluvial Loamy Soil,0.96,Alluvial Plain / Valley Fill,1075.0,0.001,0,0.562
519700,Valavav,Desar,22.723502,73.331573,0.0,0.81,2.85,95.0,12.6,145.6,Deccan Trap Basalt,Alluvial Loamy Soil,1.11,Alluvial Plain / Valley Fill,1073.2,0.0,0,0.603
519697,Intvad,Desar,22.7274,73.271766,0.0,41.86,0.0,85.0,11.25,130.0,Quaternary Alluvium,Alluvial Loamy Soil,1.0,Alluvial Plain / Valley Fill,1055.2,0.001,0,0.569
519702,Jesar Gopari,Desar,22.707522,73.377173,0.0,5.91,3.5,95.0,11.7,135.2,Quaternary Alluvium,Alluvial Loamy Soil,1.04,Alluvial Plain / Valley Fill,1069.6,0.001,0,0.582
519704,Kadachhala,Desar,22.70282,73.329977,0.0,6.29,0.92,95.0,12.15,140.4,Deccan Trap Basalt,Alluvial Loamy Soil,1.07,Alluvial Plain / Valley Fill,1069.6,0.001,0,0.592
519703,Vaktapura,Desar,22.698117,73.353822,0.0,38.56,0.0,87.5,10.8,124.8,Quaternary Alluvium,Alluvial Loamy Soil,0.96,Alluvial Plain / Valley Fill,1076.8,0.001,0,0.562
519705,Manekla,Desar,22.704202,73.274686,0.0,17.65,0.0,87.5,11.25,130.0,Quaternary Alluvium,Alluvial Loamy Soil,1.0,Alluvial Plain / Valley Fill,1062.4,0.001,0,0.571
519706,Moti Varnoli,Desar,22.692163,73.274425,0.0,8.86,10.13,87.5,12.15,140.4,Deccan Trap Basalt,Alluvial Loamy Soil,1.07,Alluvial Plain / Valley Fill,1071.4,0.001,0,0.592
519712,Pipalchhat Vanto,Desar,22.694689,73.38464,0.0,22.35,0.0,87.5,11.7,135.2,Quaternary Alluvium,Alluvial Loamy Soil,1.04,Alluvial Plain / Valley Fill,1084.0,0.001,0,0.584
519707,Nani Varnoli,Desar,22.691971,73.291851,0.0,62.1,0.0,95.0,12.6,145.6,Deccan Trap Basalt,Alluvial Loamy Soil,1.11,Alluvial Plain / Valley Fill,1053.4,0.001,0,0.6
519711,Dolatpura,Desar,22.692905,73.367228,0.0,14.81,0.0,87.5,11.7,135.2,Quaternary Alluvium,Alluvial Loamy Soil,1.04,Alluvial Plain / Valley Fill,1073.2,0.001,0,0.583
519713,Rampuri Narpuri,Desar,22.6889,73.381596,0.0,17.5,0.0,87.5,11.25,130.0,Quaternary Alluvium,Alluvial Loamy Soil,1.0,Alluvial Plain / Valley Fill,1073.2,0.002,0,0.572
519708,Chhalier,Desar,22.690042,73.310529,0.0,11.17,0.0,90.0,11.7,135.2,Quaternary Alluvium,Alluvial Loamy Soil,1.04,Alluvial Plain / Valley Fill,1064.2,0.001,0,0.582
519710,Ghemalpura,Desar,22.688546,73.3522,0.0,8.62,0.0,85.0,10.8,124.8,Quaternary Alluvium,Alluvial Loamy Soil,0.96,Alluvial Plain / Valley Fill,1082.2,0.001,0,0.563
519709,Vankaneda,Desar,22.689375,73.342643,0.0,8.07,0.0,87.5,11.25,130.0,Quaternary Alluvium,Alluvial Loamy Soil,1.0,Alluvial Plain / Valley Fill,1069.6,0.001,0,0.572
519718,Rajpur,Desar,22.681284,73.285408,0.0,53.73,0.31,87.5,11.25,130.0,Quaternary Alluvium,Alluvial Loamy Soil,1.0,Alluvial Plain / Valley Fill,1057.0,0.001,0,0.57
519726,Pipalchhat,Desar,22.683959,73.394569,0.0,5.26,0.0,95.0,12.6,145.6,Deccan Trap Basalt,Alluvial Loamy Soil,1.11,Alluvial Plain / Valley Fill,1066.0,0.001,0,0.602
519714,Vadiya Pandu,Desar,22.681779,73.372321,0.0,42.47,0.0,92.5,12.15,140.4,Deccan Trap Basalt,Alluvial Loamy Soil,1.07,Alluvial Plain / Valley Fill,1082.2,0.002,0,0.594
519715,Rajupura,Desar,22.678101,73.357688,0.0,20.83,0.0,87.5,11.25,130.0,Quaternary Alluvium,Alluvial Loamy Soil,1.0,Alluvial Plain / Valley Fill,1105.6,0.001,0,0.577
519716,Limdanu Muvadu,Desar,22.675546,73.343148,0.0,6.0,0.0,82.5,11.25,130.0,Quaternary Alluvium,Alluvial Loamy Soil,1.0,Alluvial Plain / Valley Fill,1071.4,0.001,0,0.572
519725,Pandu,Desar,22.67458,73.381692,0.0,10.46,0.84,90.0,11.7,135.2,Quaternary Alluvium,Alluvial Loamy Soil,1.04,Alluvial Plain / Valley Fill,1076.8,0.001,0,0.583
519727,Sanpiya,Desar,22.676801,73.404608,0.0,1.36,0.0,95.0,12.6,145.6,Deccan Trap Basalt,Alluvial Loamy Soil,1.11,Alluvial Plain / Valley Fill,1071.4,0.001,0,0.603
519719,Pratappura,Desar,22.67092,73.295452,0.0,35.03,10.66,95.0,12.6,145.6,Deccan Trap Basalt,Alluvial Loamy Soil,1.11,Alluvial Plain / Valley Fill,1067.8,0.002,0,0.603
519698,Nani Varnoli Vanto,Desar,22.711908,73.279058,0.0,5.77,0.0,82.5,10.35,119.6,Quaternary Alluvium,Alluvial Loamy Soil,0.93,Alluvial Plain / Valley Fill,1062.4,0.001,0,0.55
519717,Kalyan Patelnu Muvadu,Desar,22.67911,73.317626,0.94,14.15,0.0,90.0,11.7,135.2,Quaternary Alluvium,Alluvial Loamy Soil,1.04,Alluvial Plain / Valley Fill,1076.8,0.001,0,0.582
519776,Singaniya,Savli,22.515372,73.408679,0.0,3.26,5.12,92.5,12.15,140.4,Deccan Trap Basalt,Alluvial Loamy Soil,1.07,Alluvial Plain / Valley Fill,1075.0,0.001,0,0.593
519775,Khakhariya,Savli,22.541527,73.404569,0.0,0.58,5.19,85.0,10.8,124.8,Quaternary Alluvium,Alluvial Loamy Soil,0.96,Alluvial Plain / Valley Fill,1064.2,0.0,0,0.56
519929,Rajpura,Vaghodia,22.49415,73.408481,0.0,2.52,2.52,92.5,12.15,140.4,Deccan Trap Basalt,Alluvial Loamy Soil,1.07,Alluvial Plain / Valley Fill,1076.8,0.001,0,0.593
519930,Sarnej,Vaghodia,22.479316,73.412146,0.0,2.68,5.35,95.0,13.05,150.8,Deccan Trap Basalt,Alluvial Loamy Soil,1.14,Alluvial Plain / Valley Fill,1076.8,0.001,0,0.614
519932,Hansapura,Vaghodia,22.464653,73.405246,0.0,8.0,4.57,90.0,11.25,130.0,Quaternary Alluvium,Alluvial Loamy Soil,1.0,Alluvial Plain / Valley Fill,1073.2,0.001,0,0.572
519931,Khandiwada,Vaghodia,22.45873,73.420955,0.0,20.89,0.0,90.0,11.25,130.0,Quaternary Alluvium,Alluvial Loamy Soil,1.0,Alluvial Plain / Valley Fill,1076.8,0.001,0,0.573
519729,Kaslapura,Desar,22.661765,73.412087,0.0,4.97,0.0,92.5,12.15,140.4,Deccan Trap Basalt,Alluvial Loamy Soil,1.07,Alluvial Plain / Valley Fill,1075.0,0.001,0,0.593
519689,Tulsigam,Desar,22.772278,73.398801,0.0,0.21,2.07,97.5,13.05,150.8,Deccan Trap Basalt,Alluvial Loamy Soil,1.14,Alluvial Plain / Valley Fill,1080.4,0.0,0,0.614
519690,Vachchhesar,Desar,22.764564,73.401582,0.0,0.18,4.55,95.0,12.6,145.6,Deccan Trap Basalt,Alluvial Loamy Soil,1.11,Alluvial Plain / Valley Fill,1067.8,0.05,0,0.603
519728,Mokampura,Desar,22.670578,73.41003,0.0,3.29,0.0,92.5,12.15,140.4,Deccan Trap Basalt,Alluvial Loamy Soil,1.07,Alluvial Plain / Valley Fill,1078.6,0.001,0,0.593
