village_code,village_name,subdistrict,latitude,longitude,total_population,total_households,sc_st_population_share_pct,population_density_per_ha,drainage_quality_score,road_connectivity_score,healthcare_access_score,surface_water_exposure,flood_hazard_score_FROM_MODEL1,erosion_risk_score_FROM_MODEL2,cloudburst_exceedance_probability_FROM_MODEL3,landslide_susceptibility_score_FROM_MODEL4,exposure_score_TARGET,vulnerability_score_TARGET,composite_risk_score_TARGET,priority_category_TARGET,hazard_diversity,max_hazard,exposure_score_calc,risk_category,red_zone_priority
521212,Alampura,Karjan,21.852286,73.21197,639.0,138.0,59.47,3.277,1,1,0,1,0.364,0.98,0.95,0.631,0.705,0.688,0.67,High (Relocation Priority),0.2913478733976504,0.98,20.94003,High,428.13000000000005
521189,Ranapur,Karjan,21.948871,73.255503,1166.0,271.0,26.07,1.887,1,2,0,1,0.516,0.98,0.95,0.639,0.618,0.404,0.602,Medium (Mitigation),0.2296161652265217,0.98,22.00242,Moderate,701.932
521185,Latipur Timbi,Karjan,21.946091,73.184216,908.0,181.0,12.67,3.948,0,2,0,1,0.49,0.98,0.95,0.629,0.747,0.351,0.605,Medium (Mitigation),0.24120582497112292,0.98,35.84784,Moderate,549.34
521005,Surajghoda,Dabhoi,22.067393,73.538224,77.0,15.0,23.38,0.975,0,2,0,0,0.479,0.98,0.937,0.607,0.061,0.394,0.475,Medium (Mitigation),0.24614138890754098,0.98,0.75075,Moderate,36.574999999999996
521135,Kanabha,Karjan,22.0648,73.030688,1574.0,316.0,10.42,3.49,0,2,0,1,0.553,0.98,0.911,0.592,0.718,0.342,0.604,Medium (Mitigation),0.2177689907524332,0.98,54.9326,Moderate,950.696
521141,Karamadi,Karjan,22.050547,73.08421,1763.0,413.0,57.01,4.509,0,2,0,1,0.466,0.98,0.9,0.585,0.782,0.528,0.652,High (Relocation Priority),0.2463674423836613,0.98,79.49367000000001,High,1149.476
521220,Vaniyad,Sinor,22.028989,73.401592,851.0,184.0,49.0,1.347,2,2,0,1,0.346,0.98,0.95,0.648,0.584,0.496,0.585,Medium (Mitigation),0.29725185729725334,0.98,11.46297,Moderate,497.835
521206,Lilod,Karjan,21.882002,73.226019,1223.0,268.0,28.37,3.16,1,2,0,1,0.532,0.98,0.95,0.627,0.698,0.413,0.623,Medium (Mitigation),0.22625409756878803,0.98,38.646800000000006,Moderate,761.929
521097,Bhadara,Padra,22.141,73.033592,730.0,137.0,9.04,1.896,1,2,0,1,0.51,0.98,0.912,0.585,0.618,0.336,0.572,Medium (Mitigation),0.23375681808238236,0.98,13.8408,Moderate,417.55999999999995
519880,Rabhipura,Vadodara Rural,22.168777,73.231734,619.0,133.0,9.37,3.174,0,1,0,1,0.569,0.98,0.899,0.593,0.698,0.487,0.646,Medium (Mitigation),0.20983386285344893,0.98,19.64706,Moderate,399.874
519890,Meghakui,Vadodara Rural,22.138633,73.278804,1208.0,266.0,26.9,2.709,2,2,0,0,0.34,0.98,0.95,0.625,0.169,0.408,0.473,Medium (Mitigation),0.30214166103557005,0.98,32.724720000000005,Moderate,571.384
519858,Talsat,Vadodara Rural,22.238004,73.1711,1124.0,249.0,7.74,4.887,2,2,1,0,0.512,0.98,0.95,0.649,0.305,0.181,0.472,Medium (Mitigation),0.2292558614299752,0.98,54.92988,Moderate,530.528
519835,Sisva,Vadodara Rural,22.397016,73.178636,2799.0,533.0,12.04,6.696,0,2,1,1,0.559,0.98,0.934,0.606,0.918,0.198,0.606,Medium (Mitigation),0.2178782152181963,0.98,187.42104,Moderate,1696.194
519884,Vadsala,Vadodara Rural,22.157934,73.174287,3156.0,758.0,36.72,4.541,1,1,0,1,0.441,0.98,0.95,0.615,0.784,0.597,0.674,High (Relocation Priority),0.2623972814899829,0.98,143.31396,High,2127.1440000000002
519876,Hansajipura,Vadodara Rural,22.205196,73.260987,223.0,47.0,17.94,0.878,1,2,0,1,0.375,0.98,0.95,0.636,0.555,0.372,0.548,Medium (Mitigation),0.2861530767497238,0.98,1.95794,Moderate,122.20400000000001
519861,Chikhodara,Vadodara Rural,22.233156,73.236326,1747.0,380.0,25.36,2.956,2,2,0,1,0.507,0.98,0.921,0.597,0.685,0.401,0.606,Medium (Mitigation),0.23423118921270925,0.98,51.64131999999999,Moderate,1058.682
802597,Por Ramangamdi INA,Vadodara Rural,22.142991,73.180844,311.0,123.0,28.63,2.3600000000000003,0,0,0,0,0.548,0.02,0.921,0.596,0.148,0.7,0.502,Medium (Mitigation),0.3729855895339657,0.921,7.339600000000002,Moderate,156.122
519915,Sama OG,Vadodara Rural,22.347302,73.207008,0.0,0.0,28.63,2.3600000000000003,0,0,0,0,0.55,0.02,0.906,0.587,0.148,0.7,0.5,Medium (Mitigation),0.3671115861242555,0.906,0.0,Moderate,0.0
521151,Dhamanja,Karjan,21.998056,73.080688,890.0,175.0,57.3,1.532,0,2,0,1,0.529,0.98,0.899,0.584,0.596,0.529,0.629,Medium (Mitigation),0.22470870032110463,0.98,13.6348,Moderate,559.8100000000001
521152,Lakodara,Karjan,21.995859,73.111902,1947.0,389.0,23.88,2.638,0,3,0,0,0.538,0.98,0.911,0.595,0.165,0.246,0.462,Medium (Mitigation),0.22184529143827536,0.98,51.36186,Moderate,899.514
521162,Osalam,Karjan,21.991137,73.145019,1678.0,335.0,46.42,2.054,1,2,0,1,0.393,0.98,0.95,0.65,0.628,0.486,0.602,Medium (Mitigation),0.2769878156164996,0.98,34.46612,Moderate,1010.156
521112,Kotna,Padra,22.0948,72.981493,1214.0,257.0,30.56,1.623,1,2,0,1,0.498,0.98,0.936,0.606,0.601,0.422,0.596,Medium (Mitigation),0.23919030080670078,0.98,19.703219999999998,Moderate,723.544
521116,Kothwada,Padra,22.110103,73.07992,780.0,159.0,16.92,3.319,1,2,0,1,0.539,0.98,0.95,0.618,0.707,0.368,0.612,Medium (Mitigation),0.22579692203393736,0.98,25.8882,Moderate,477.36
521113,Shahera,Padra,22.100724,73.017333,869.0,187.0,19.79,2.803,1,1,0,1,0.512,0.98,0.915,0.593,0.675,0.529,0.643,Medium (Mitigation),0.2319612036526798,0.98,24.358069999999998,Moderate,558.767
521117,Vasnaref,Padra,22.08068,72.97523,407.0,88.0,15.97,0.938,1,2,0,1,0.506,0.98,0.899,0.586,0.559,0.364,0.567,Medium (Mitigation),0.23189275538489768,0.98,3.8176599999999996,Moderate,230.76899999999998
521119,Sokhdaraghu,Padra,22.064954,72.97663,2015.0,397.0,18.46,5.741,1,2,0,1,0.527,0.98,0.95,0.626,0.859,0.374,0.643,Medium (Mitigation),0.22824164825903268,0.98,115.68115,Moderate,1295.645
519899,Kashipura,Vadodara Rural,22.116365,73.166323,1117.0,241.0,50.49,2.382,2,2,1,1,0.402,0.98,0.935,0.606,0.649,0.352,0.563,Medium (Mitigation),0.27536808699145465,0.98,26.606939999999998,Moderate,628.871
519898,Sarar,Vadodara Rural,22.104863,73.149804,2480.0,518.0,28.59,2.248,2,2,0,1,0.482,0.98,0.938,0.607,0.641,0.414,0.598,Medium (Mitigation),0.24529217272469173,0.98,55.750400000000006,Moderate,1483.04
251215,Karjan,Karjan,22.053736,73.127378,30405.0,6473.0,28.63,2.3600000000000003,0,0,0,0,0.651,0.02,0.388,0.286,0.148,0.7,0.448,Medium (Mitigation),0.26095002714440685,0.651,717.558,Moderate,13621.44
520999,Mandala,Dabhoi,22.082633,73.328643,3427.0,794.0,53.02,1.824,2,3,1,1,0.522,0.98,0.895,0.574,0.614,0.212,0.534,Medium (Mitigation),0.2285277153140657,0.98,62.50848,Moderate,1830.018
520998,Parikha,Dabhoi,22.082741,73.291885,1131.0,253.0,48.28,1.698,2,2,0,1,0.424,0.044,0.391,0.286,0.606,0.493,0.429,Medium (Mitigation),0.1718844088333785,0.424,19.20438,Moderate,485.199
520973,Nada,Dabhoi,22.131256,73.375066,1826.0,462.0,52.52,1.749,0,3,1,1,0.293,0.98,0.901,0.573,0.609,0.21,0.482,Medium (Mitigation),0.31616280089008997,0.98,31.93674,Moderate,880.132
520979,Sejpura,Dabhoi,22.122262,73.298782,421.0,97.0,83.37,1.807,0,2,0,0,0.487,0.98,0.941,0.621,0.113,0.633,0.561,Medium (Mitigation),0.24150966164248308,0.98,7.607469999999999,Moderate,236.181
520982,Tharvasa,Dabhoi,22.112532,73.392616,731.0,151.0,38.99,2.15,0,3,0,1,0.404,0.98,0.909,0.586,0.634,0.306,0.542,Medium (Mitigation),0.27149754449472774,0.98,15.716499999999998,Moderate,396.20200000000006
520981,Baripura,Dabhoi,22.112979,73.33336,720.0,168.0,30.83,1.856,0,2,0,1,0.497,0.98,0.935,0.605,0.616,0.423,0.599,Medium (Mitigation),0.23950417532894913,0.98,13.3632,Moderate,431.28
520980,Vakhatpura,Dabhoi,22.115875,73.315005,180.0,47.0,38.89,0.994,0,1,0,1,0.528,0.98,0.881,0.576,0.562,0.606,0.642,Medium (Mitigation),0.22309545789489604,0.98,1.7892,Moderate,115.56
520991,Habipura,Dabhoi,22.106409,73.353946,1688.0,373.0,34.95,1.724,0,3,0,1,0.512,0.98,0.927,0.584,0.608,0.29,0.558,Medium (Mitigation),0.23694355868012112,0.98,29.10112,Moderate,941.9040000000001
520978,Chhatral,Dabhoi,22.109304,73.290473,1170.0,260.0,38.21,2.135,2,2,1,1,0.541,0.98,0.912,0.593,0.633,0.303,0.573,Medium (Mitigation),0.22158895881037635,0.98,24.979499999999998,Moderate,670.41
520977,Khanpur,Dabhoi,22.11699,73.276368,918.0,192.0,35.19,2.155,1,2,0,1,0.445,0.98,0.95,0.614,0.635,0.441,0.598,Medium (Mitigation),0.2610177197050039,0.98,19.782899999999998,Moderate,548.9639999999999
520994,Menpura,Dabhoi,22.106381,73.232355,1048.0,241.0,57.25,2.345,2,2,0,0,0.416,0.98,0.95,0.63,0.147,0.529,0.522,Medium (Mitigation),0.27000740730579964,0.98,24.575600000000005,Moderate,547.056
520993,Kunvarpura,Dabhoi,22.102555,73.268697,482.0,109.0,16.8,1.668,1,0,0,1,0.457,0.98,0.928,0.606,0.604,0.667,0.66,High (Relocation Priority),0.25229529656072996,0.98,8.03976,High,318.12
521128,Bamangam,Karjan,22.103873,73.192831,1884.0,418.0,21.76,2.599,1,3,1,1,0.507,0.98,0.924,0.598,0.662,0.087,0.508,Medium (Mitigation),0.23474010451277103,0.98,48.965160000000004,Moderate,957.072
519905,Samsabad,Vadodara Rural,22.120986,73.265597,801.0,180.0,39.08,1.298,1,2,0,1,0.363,0.98,0.95,0.615,0.581,0.456,0.574,Medium (Mitigation),0.29369939280382135,0.98,10.396980000000001,Moderate,459.77399999999994
520987,Navi Mangrol,Dabhoi,22.095945,73.471121,394.0,94.0,52.79,1.677,0,2,0,1,0.531,0.98,0.864,0.563,0.605,0.511,0.62,Medium (Mitigation),0.2220097595452356,0.98,6.607380000000001,Moderate,244.28
521020,Manpur,Dabhoi,22.05,73.448552,371.0,92.0,30.19,1.995,0,2,0,0,0.558,0.98,0.889,0.578,0.125,0.421,0.507,Medium (Mitigation),0.21499050366624725,0.98,7.4014500000000005,Moderate,188.097
521023,Akoti,Dabhoi,22.041523,73.490974,1091.0,225.0,34.1,2.178,0,3,0,1,0.416,0.98,0.95,0.606,0.636,0.286,0.545,Medium (Mitigation),0.2736274839996889,0.98,23.761979999999998,Moderate,594.595
521001,Sitpur,Dabhoi,22.08057,73.471272,1813.0,415.0,47.05,1.923,0,3,1,1,0.497,0.98,0.901,0.587,0.62,0.188,0.524,Medium (Mitigation),0.23521107541950484,0.98,34.86399,Moderate,950.0120000000001
520989,Gamdi Kanayada,Dabhoi,22.095686,73.413239,981.0,201.0,25.69,2.266,0,2,0,1,0.536,0.98,0.919,0.596,0.642,0.403,0.604,Medium (Mitigation),0.22415229198025166,0.98,22.22946,Moderate,592.524
521003,Dharmapura,Dabhoi,22.085604,73.534557,338.0,79.0,18.93,2.449,0,3,0,0,0.506,0.98,0.899,0.582,0.153,0.226,0.444,Medium (Mitigation),0.23280088058252701,0.98,8.277619999999999,Moderate,150.072
521012,Vadaj,Dabhoi,22.075049,73.438367,2266.0,493.0,64.34,1.634,2,2,1,0,0.424,0.98,0.95,0.617,0.102,0.407,0.477,Medium (Mitigation),0.2687345344387282,0.98,37.02644,Moderate,1080.882
521002,Bhilodiya,Dabhoi,22.079777,73.507412,1251.0,321.0,28.54,2.005,0,3,1,0,0.456,0.98,0.917,0.596,0.125,0.114,0.396,Low (Monitoring),0.25185362812554435,0.98,25.082549999999998,Low,495.396
521000,Kanayada,Dabhoi,22.076657,73.405223,1421.0,266.0,31.53,3.769,0,2,0,0,0.424,0.98,0.95,0.629,0.236,0.426,0.511,Medium (Mitigation),0.2669236782303136,0.98,53.55749,Moderate,726.131
521010,Chanwada,Dabhoi,22.064168,73.468113,1686.0,361.0,30.66,3.587,0,3,1,1,0.486,0.98,0.908,0.587,0.724,0.123,0.524,Medium (Mitigation),0.2406579522891359,0.98,60.476820000000004,Moderate,883.464
521004,Para,Dabhoi,22.072918,73.531128,211.0,53.0,54.5,1.192,0,2,0,0,0.549,0.98,0.898,0.585,0.074,0.518,0.525,Medium (Mitigation),0.21786387187109904,0.98,2.51512,Moderate,110.775
521006,Asgol,Dabhoi,22.064052,73.533433,352.0,84.0,17.05,1.66,0,2,1,0,0.494,0.98,0.878,0.563,0.104,0.218,0.425,Medium (Mitigation),0.23663104191969406,0.98,5.8431999999999995,Moderate,149.6
521007,Araniya,Dabhoi,22.058945,73.527337,417.0,98.0,34.29,1.976,0,2,0,1,0.528,0.98,0.882,0.571,0.624,0.437,0.604,Medium (Mitigation),0.22455047687917892,0.98,8.23992,Moderate,251.868
521013,Ten Talav,Dabhoi,22.049604,73.413979,3013.0,658.0,47.93,2.151,2,2,1,1,0.413,0.98,0.95,0.657,0.634,0.342,0.565,Medium (Mitigation),0.26777976025084493,0.98,64.80963,Moderate,1702.3449999999998
521009,Asodara,Dabhoi,22.048387,73.5033,746.0,158.0,90.62,1.122,2,2,0,1,0.443,0.98,0.898,0.584,0.57,0.662,0.644,Medium (Mitigation),0.2545275034254648,0.98,8.37012,Moderate,480.42400000000004
521008,Nagdol,Dabhoi,22.053618,73.516519,557.0,132.0,64.63,1.982,0,2,0,1,0.539,0.98,0.882,0.574,0.624,0.559,0.643,Medium (Mitigation),0.22035180204996435,0.98,11.03974,Moderate,358.151
521011,Ordi,Dabhoi,22.050937,73.459476,742.0,145.0,29.78,2.821,0,2,0,1,0.536,0.98,0.865,0.564,0.676,0.419,0.608,Medium (Mitigation),0.22042440125055726,0.98,20.931820000000002,Moderate,451.13599999999997
521022,Paragam,Dabhoi,22.040225,73.47484,582.0,126.0,31.96,2.61,0,2,0,0,0.533,0.98,0.852,0.555,0.163,0.428,0.506,Medium (Mitigation),0.2212223617388923,0.98,15.190199999999999,Moderate,294.492
521021,Rajpura,Dabhoi,22.034954,73.452827,759.0,165.0,38.21,2.59,1,2,1,1,0.492,0.98,0.885,0.566,0.662,0.303,0.563,Medium (Mitigation),0.23809154401896204,0.98,19.6581,Moderate,427.31699999999995
521026,Gumanpura,Dabhoi,22.027967,73.466711,365.0,75.0,15.62,1.789,0,1,0,1,0.508,0.98,0.896,0.583,0.612,0.512,0.622,Medium (Mitigation),0.2312262600426979,0.98,6.52985,Moderate,227.03
521025,Bhumasiya,Dabhoi,22.029212,73.484929,427.0,88.0,59.72,3.991,0,2,0,0,0.528,0.98,0.915,0.595,0.249,0.539,0.564,Medium (Mitigation),0.22609216409833108,0.98,17.04157,Moderate,240.82799999999997
521024,Sompura,Dabhoi,22.025399,73.498561,581.0,131.0,26.16,2.728,0,2,0,0,0.492,0.98,0.928,0.59,0.17,0.405,0.501,Medium (Mitigation),0.24270901645111306,0.98,15.849680000000001,Moderate,291.081
521030,Jesangpura,Dabhoi,22.019937,73.480743,102.0,24.0,100.0,0.343,0,2,0,0,0.499,0.98,0.915,0.576,0.05,0.7,0.565,Medium (Mitigation),0.24026166291497,0.98,0.34986000000000006,Moderate,57.629999999999995
521027,Sanor,Dabhoi,22.01772,73.454152,1258.0,296.0,39.9,1.972,0,2,1,1,0.443,0.98,0.95,0.668,0.623,0.31,0.56,Medium (Mitigation),0.2539374923086388,0.98,24.80776,Moderate,704.48
521031,Bhalodra,Dabhoi,22.010556,73.493043,657.0,137.0,57.69,1.413,0,2,0,1,0.494,0.98,0.948,0.613,0.588,0.531,0.627,Medium (Mitigation),0.2422827205284493,0.98,9.28341,Moderate,411.939
521028,Mandva,Dabhoi,22.001965,73.434328,2792.0,627.0,29.12,2.405,0,3,0,1,0.423,0.98,0.946,0.616,0.65,0.266,0.544,Medium (Mitigation),0.268262775402527,0.98,67.1476,Moderate,1518.8480000000002
521033,Gamdi,Dabhoi,21.999967,73.472539,138.0,29.0,92.03,0.407,1,2,0,1,0.49,0.98,0.899,0.584,0.525,0.668,0.647,Medium (Mitigation),0.23784080810491712,0.98,0.5616599999999999,Moderate,89.286
521029,Fulwadi,Dabhoi,22.007016,73.452339,593.0,125.0,61.55,1.382,0,3,0,0,0.397,0.98,0.95,0.627,0.086,0.396,0.465,Medium (Mitigation),0.2781540340650602,0.98,8.19526,Moderate,275.745
521034,Chandod,Dabhoi,21.991799,73.460127,3019.0,742.0,14.87,46.446,1,3,1,1,0.519,0.98,0.917,0.594,0.98,0.059,0.565,Medium (Mitigation),0.2298267463402233,0.98,1402.20474,Moderate,1705.735
521219,Nana Karala,Sinor,22.018617,73.417563,1173.0,244.0,41.77,2.168,2,1,1,1,0.288,0.98,0.95,0.648,0.636,0.467,0.574,Medium (Mitigation),0.32262413631551706,0.98,25.430640000000004,Moderate,673.3019999999999
521234,Satisana,Sinor,22.001769,73.406543,937.0,208.0,49.63,1.396,2,3,0,0,0.362,0.98,0.95,0.648,0.087,0.349,0.445,Medium (Mitigation),0.2903721749754959,0.98,13.08052,Moderate,416.96500000000003
521032,Baglipura,Dabhoi,22.003732,73.504446,422.0,82.0,6.16,4.637,0,2,1,0,0.443,0.98,0.939,0.604,0.29,0.175,0.447,Medium (Mitigation),0.26070225673489417,0.98,19.56814,Moderate,188.63400000000001
520985,Bhimpura Kukad,Dabhoi,22.139255,73.508042,1347.0,319.0,54.86,2.026,0,2,0,0,0.532,0.98,0.883,0.574,0.127,0.519,0.53,Medium (Mitigation),0.22274705385257063,0.98,27.290219999999998,Moderate,713.9100000000001
520984,Karnet,Dabhoi,22.114336,73.484308,2044.0,415.0,74.02,2.668,0,1,1,0,0.52,0.98,0.885,0.574,0.167,0.596,0.559,Medium (Mitigation),0.22699541111367574,0.98,54.53392000000001,Moderate,1142.596
520983,Boriyad,Dabhoi,22.120655,73.460479,1024.0,226.0,70.7,3.151,2,2,0,1,0.372,0.98,0.926,0.595,0.697,0.583,0.633,Medium (Mitigation),0.2867942061246473,0.98,32.266239999999996,Moderate,648.192
520988,Dharmpuri,Dabhoi,22.10525,73.445468,1732.0,390.0,57.45,1.912,2,3,0,1,0.492,0.98,0.921,0.599,0.619,0.38,0.584,Medium (Mitigation),0.239088547055967,0.98,33.11584,Moderate,1011.4879999999999
520986,Juni Mangrol,Dabhoi,22.104319,73.475881,475.0,102.0,23.79,2.14,0,2,0,1,0.514,0.98,0.911,0.595,0.634,0.395,0.595,Medium (Mitigation),0.2298854787352462,0.98,10.165000000000001,Moderate,282.625
251213,Dabhoi,Dabhoi,22.132821,73.43051,51240.0,10259.0,28.63,2.3600000000000003,0,0,0,0,0.353,0.02,0.92,0.597,0.148,0.7,0.458,Medium (Mitigation),0.3806980430735099,0.92,1209.2640000000001,Moderate,23467.920000000002
521017,Kayavarohan,Dabhoi,22.075851,73.250283,8409.0,1899.0,34.37,2.502,1,3,1,1,0.476,0.98,0.94,0.605,0.656,0.137,0.517,Medium (Mitigation),0.24839535019802605,0.98,210.39318,Moderate,4347.453
520995,Puniyad,Dabhoi,22.100616,73.213227,1544.0,322.0,34.72,2.792,2,2,1,1,0.502,0.98,0.95,0.614,0.674,0.289,0.574,Medium (Mitigation),0.239701898198575,0.98,43.10848,Moderate,886.256
520992,Kothara,Dabhoi,22.101065,73.306994,824.0,185.0,60.44,1.93,0,2,0,0,0.494,0.98,0.903,0.584,0.121,0.542,0.53,Medium (Mitigation),0.23736101196279055,0.98,15.9032,Moderate,436.72
520990,Sathod,Dabhoi,22.088947,73.380113,3682.0,788.0,46.44,2.039,0,3,1,1,0.511,0.98,0.916,0.594,0.627,0.186,0.53,Medium (Mitigation),0.23231641497463468,0.98,75.07598000000002,Moderate,1951.46
520997,Sultanpura,Dabhoi,22.081722,73.275647,559.0,111.0,48.48,2.254,0,2,0,0,0.513,0.98,0.937,0.605,0.141,0.494,0.529,Medium (Mitigation),0.23434785398348898,0.98,12.599860000000001,Moderate,295.711
520996,Fofaliya,Dabhoi,22.077858,73.207523,985.0,199.0,37.56,2.165,2,1,0,1,0.426,0.98,0.95,0.621,0.635,0.6,0.642,Medium (Mitigation),0.26732299439691554,0.98,21.32525,Moderate,632.37
521015,Pisai,Dabhoi,22.065104,73.353468,1396.0,326.0,44.48,2.053,1,2,0,0,0.423,0.98,0.945,0.607,0.128,0.478,0.502,Medium (Mitigation),0.26944186138509857,0.98,28.659879999999998,Moderate,700.792
521014,Shirola,Dabhoi,22.056849,73.383541,1599.0,356.0,23.7,2.596,2,3,0,1,0.5,0.98,0.95,0.63,0.662,0.245,0.559,Medium (Mitigation),0.2372762103540934,0.98,41.51004,Moderate,893.8410000000001
521016,Karmal,Dabhoi,22.058746,73.302368,1401.0,333.0,47.39,3.052,2,2,1,1,0.451,0.98,0.921,0.598,0.691,0.34,0.577,Medium (Mitigation),0.25431017806345596,0.98,42.75852,Moderate,808.377
521018,Lingsthali,Dabhoi,22.042229,73.252039,1935.0,447.0,43.93,2.245,1,1,1,1,0.486,0.98,0.95,0.639,0.64,0.476,0.621,Medium (Mitigation),0.24094311223467943,0.98,43.44075,Moderate,1201.635
521019,Bananj,Dabhoi,22.024348,73.233382,835.0,197.0,62.87,1.998,0,2,0,1,0.368,0.98,0.95,0.617,0.625,0.551,0.612,Medium (Mitigation),0.2913799066510936,0.98,16.6833,Moderate,511.02
521143,Dhanora,Karjan,22.081782,73.187754,741.0,162.0,29.28,2.301,1,2,0,1,0.426,0.98,0.942,0.609,0.644,0.417,0.588,Medium (Mitigation),0.26718205403806594,0.98,17.050410000000003,Moderate,435.70799999999997
521144,Gandhara,Karjan,22.053571,73.215055,1828.0,413.0,33.04,2.344,1,3,0,1,0.382,0.98,0.95,0.639,0.646,0.282,0.541,Medium (Mitigation),0.2828690804359265,0.98,42.848319999999994,Moderate,988.9480000000001
521145,Ganpatpura,Karjan,22.055872,73.196843,1466.0,304.0,50.82,1.837,1,3,1,0,0.447,0.98,0.95,0.64,0.115,0.203,0.425,Medium (Mitigation),0.2560838078962953,0.98,26.930419999999998,Moderate,623.05
521156,Dhavat,Karjan,22.033506,73.18218,2340.0,539.0,47.44,1.84,1,3,0,1,0.439,0.98,0.95,0.629,0.615,0.34,0.564,Medium (Mitigation),0.26093485777105363,0.98,43.056000000000004,Moderate,1319.7599999999998
521157,Kurali,Karjan,22.024655,73.212051,1924.0,459.0,59.56,3.255,1,3,1,1,0.287,0.98,0.95,0.642,0.703,0.238,0.518,Medium (Mitigation),0.32350309117533943,0.98,62.6262,Moderate,996.6320000000001
521158,Vemar,Karjan,22.001203,73.236051,2655.0,570.0,52.32,2.541,1,3,1,1,0.496,0.98,0.922,0.595,0.659,0.209,0.541,Medium (Mitigation),0.23875562820591267,0.98,67.46355,Moderate,1436.355
521160,Kasampur,Karjan,22.010784,73.197272,601.0,143.0,56.41,1.247,1,1,0,1,0.368,0.98,0.95,0.651,0.578,0.676,0.643,Medium (Mitigation),0.2875034782398293,0.98,7.4944700000000015,Moderate,386.443
521159,Kothav,Karjan,22.000365,73.216065,998.0,198.0,33.07,1.976,1,2,0,0,0.424,0.98,0.95,0.66,0.124,0.432,0.492,Medium (Mitigation),0.2628225003051806,0.98,19.72048,Moderate,491.016
521172,Nishaliya,Karjan,21.994476,73.203651,533.0,114.0,51.59,1.89,1,2,0,1,0.414,0.98,0.95,0.649,0.618,0.506,0.61,Medium (Mitigation),0.2683186849003749,0.98,10.0737,Moderate,325.13
521171,Choranda,Karjan,21.988212,73.178437,3674.0,731.0,23.84,3.016,1,1,1,1,0.371,0.98,0.95,0.628,0.688,0.395,0.58,Medium (Mitigation),0.28877023738605745,0.98,110.80784,Moderate,2130.92
521217,Sandha,Sinor,22.051567,73.333742,714.0,165.0,41.88,2.462,2,1,0,0,0.365,0.98,0.95,0.616,0.154,0.618,0.538,Medium (Mitigation),0.29274605035764356,0.98,17.578680000000002,Moderate,384.132
521218,Damnagar,Sinor,22.048448,73.35436,587.0,134.0,42.25,1.784,0,2,0,1,0.336,0.98,0.899,0.586,0.612,0.469,0.571,Medium (Mitigation),0.2963628125569513,0.98,10.47208,Moderate,335.17699999999996
521216,Garadi,Sinor,22.046886,73.313492,1223.0,242.0,12.76,3.227,2,2,0,0,0.366,0.98,0.95,0.618,0.202,0.351,0.467,Medium (Mitigation),0.29207932712421353,0.98,39.46621,Moderate,571.1410000000001
521215,Nana Habipura,Sinor,22.045817,73.288605,771.0,171.0,43.06,2.394,2,2,0,1,0.398,0.98,0.924,0.597,0.65,0.472,0.596,Medium (Mitigation),0.27564394303763207,0.98,18.45774,Moderate,459.51599999999996
521225,Achisara,Sinor,22.032329,73.319689,937.0,212.0,45.57,1.28,2,2,0,1,0.378,0.98,0.95,0.629,0.58,0.482,0.586,Medium (Mitigation),0.28573457963641713,0.98,11.9936,Moderate,549.082
521222,Puniyad,Sinor,22.034808,73.362022,1426.0,343.0,45.65,2.088,2,1,0,1,0.438,0.98,0.922,0.597,0.631,0.633,0.65,Medium (Mitigation),0.2596438265521957,0.98,29.774880000000003,Moderate,926.9
521221,Anandi,Sinor,22.027457,73.377876,1470.0,332.0,42.86,1.939,2,2,1,1,0.399,0.98,0.95,0.627,0.621,0.321,0.55,Medium (Mitigation),0.277336137806333,0.98,28.5033,Moderate,808.5000000000001
521223,Bhekhada,Sinor,22.034538,73.340775,572.0,139.0,53.15,2.846,2,1,1,0,0.388,0.98,0.95,0.648,0.178,0.513,0.518,Medium (Mitigation),0.27932000763759596,0.98,16.27912,Moderate,296.296
521214,Timbarva,Sinor,22.02638,73.271644,2047.0,504.0,47.19,1.32,2,2,1,1,0.309,0.98,0.95,0.629,0.582,0.339,0.528,Medium (Mitigation),0.3149952380592443,0.98,27.0204,Moderate,1080.816
521224,Chhanbhoi,Sinor,22.018022,73.343451,817.0,203.0,62.79,1.559,2,1,0,1,0.49,0.98,0.925,0.598,0.597,0.701,0.675,High (Relocation Priority),0.2409818457892627,0.98,12.737029999999999,High,551.475
521231,Avakhal,Sinor,22.0029,73.3245,3162.0,753.0,45.51,2.353,2,3,1,0,0.525,0.98,0.922,0.598,0.147,0.182,0.437,Medium (Mitigation),0.22807655878381422,0.98,74.40186,Moderate,1381.794
521232,Malpur,Sinor,22.006701,73.353646,1179.0,246.0,46.99,2.557,2,3,0,1,0.502,0.98,0.95,0.641,0.66,0.338,0.587,Medium (Mitigation),0.23448720647404198,0.98,30.14703,Moderate,692.073
521226,Tarva,Sinor,22.00933,73.267989,808.0,179.0,68.32,1.548,2,2,0,0,0.369,0.98,0.95,0.639,0.097,0.573,0.515,Medium (Mitigation),0.2883406550130129,0.98,12.507840000000002,Moderate,416.12
521233,Segva,Sinor,22.006763,73.374721,1414.0,308.0,48.16,3.121,2,3,1,0,0.393,0.98,0.95,0.629,0.195,0.193,0.426,Medium (Mitigation),0.2795317513271077,0.98,44.13094,Moderate,602.364
521230,Sadhli,Sinor,21.990856,73.297683,6269.0,1284.0,23.91,5.533,2,3,1,1,0.505,0.98,0.95,0.66,0.846,0.096,0.554,Medium (Mitigation),0.2300498134462766,0.98,346.86377,Moderate,3473.0260000000003
521108,Sampla,Padra,22.092733,72.917623,1449.0,310.0,16.7,1.664,1,2,0,1,0.439,0.98,0.92,0.596,0.604,0.367,0.564,Medium (Mitigation),0.25895993898670894,0.98,24.11136,Moderate,817.2359999999999
521107,Shanpur,Padra,22.104415,72.950166,1367.0,277.0,11.85,2.639,1,2,0,0,0.536,0.98,0.914,0.595,0.165,0.347,0.492,Medium (Mitigation),0.22320450264275585,0.98,36.07513,Moderate,672.564
521090,Kanzat,Padra,22.108455,72.889902,4659.0,1005.0,6.48,6.373,1,3,1,1,0.532,0.98,0.937,0.593,0.898,0.05,0.55,Medium (Mitigation),0.23065197448392533,0.98,296.91807,Moderate,2562.4500000000003
521110,Bhanpur,Padra,22.090872,72.938779,801.0,164.0,2.12,2.543,1,2,0,1,0.497,0.98,0.937,0.607,0.659,0.308,0.573,Medium (Mitigation),0.23959462292241315,0.98,20.36943,Moderate,458.97299999999996
521111,Vanchhara,Padra,22.075925,72.949723,1460.0,315.0,34.86,1.7,1,2,1,1,0.522,0.98,0.932,0.605,0.606,0.289,0.562,Medium (Mitigation),0.22996575832066826,0.98,24.82,Moderate,820.5200000000001
521109,Danoli,Padra,22.069706,72.919621,1017.0,232.0,9.14,2.11,1,2,0,1,0.388,0.98,0.918,0.596,0.632,0.337,0.549,Medium (Mitigation),0.27833013970223686,0.98,21.4587,Moderate,558.3330000000001
521118,Nedra,Padra,22.052913,72.928131,1030.0,226.0,39.42,1.876,1,2,0,1,0.51,0.98,0.934,0.606,0.617,0.458,0.612,Medium (Mitigation),0.23442624995223268,0.98,19.3228,Moderate,630.36
521227,Tinglod,Sinor,21.990449,73.25099,819.0,194.0,44.2,1.754,2,3,0,0,0.504,0.98,0.939,0.597,0.11,0.327,0.47,Medium (Mitigation),0.23975404063331238,0.98,14.365260000000001,Moderate,384.92999999999995
521122,Abhara,Karjan,22.088832,73.023087,1059.0,245.0,61.66,1.629,2,2,0,1,0.507,0.98,0.95,0.639,0.602,0.547,0.64,Medium (Mitigation),0.232970670543168,0.98,17.25111,Moderate,677.76
521142,Kandari,Karjan,22.080348,73.151713,4295.0,973.0,46.87,2.688,1,3,1,1,0.481,0.98,0.95,0.64,0.668,0.187,0.539,Medium (Mitigation),0.24270060431184204,0.98,115.4496,Moderate,2315.005
521132,Kurai,Karjan,22.077144,73.102052,1473.0,344.0,60.9,1.796,1,2,1,1,0.427,0.98,0.95,0.627,0.612,0.394,0.577,Medium (Mitigation),0.2660162902279984,0.98,26.455080000000002,Moderate,849.9209999999999
521134,Handod,Karjan,22.074506,73.054631,2095.0,466.0,30.69,2.054,0,2,1,0,0.43,0.98,0.921,0.597,0.128,0.273,0.439,Medium (Mitigation),0.2624588856691018,0.98,43.031299999999995,Moderate,919.705
521133,Khandha,Karjan,22.070567,73.073476,1362.0,259.0,23.42,1.694,0,2,0,1,0.446,0.98,0.926,0.606,0.606,0.394,0.576,Medium (Mitigation),0.25598632775990204,0.98,23.07228,Moderate,784.512
521136,Chorbhuj,Karjan,22.061192,73.010019,1128.0,254.0,28.99,1.332,1,2,0,1,0.438,0.98,0.927,0.606,0.583,0.416,0.576,Medium (Mitigation),0.25929953721516746,0.98,15.02496,Moderate,649.728
521123,Sambhoi,Karjan,22.107029,73.03894,1257.0,253.0,32.22,1.765,1,2,0,1,0.522,0.98,0.95,0.608,0.61,0.429,0.607,Medium (Mitigation),0.23391451429956198,0.98,22.18605,Moderate,762.999
521124,Surwada,Karjan,22.107989,73.055006,1382.0,299.0,23.44,2.838,1,2,0,0,0.503,0.98,0.938,0.616,0.177,0.394,0.505,Medium (Mitigation),0.23584369824101722,0.98,39.22116,Moderate,697.91
521121,Virjai,Karjan,22.100334,73.001793,1738.0,397.0,29.92,1.647,2,2,1,1,0.471,0.98,0.914,0.593,0.603,0.27,0.541,Medium (Mitigation),0.24620113728413198,0.98,28.624859999999998,Moderate,940.258
521126,Pingalwada,Karjan,22.108714,73.097279,1508.0,359.0,31.83,1.926,1,3,1,1,0.504,0.98,0.922,0.598,0.62,0.127,0.511,Medium (Mitigation),0.2353012253828413,0.98,29.044079999999997,Moderate,770.588
521127,Harsunda,Karjan,22.10727,73.123008,463.0,105.0,58.53,2.74,1,2,0,1,0.536,0.98,0.942,0.609,0.671,0.534,0.653,High (Relocation Priority),0.2268029614739043,0.98,12.686200000000001,High,302.339
521125,Manpur,Karjan,22.098113,73.075975,1022.0,210.0,41.1,2.094,0,2,0,0,0.522,0.98,0.934,0.606,0.131,0.464,0.52,Medium (Mitigation),0.2302426256510003,0.98,21.400679999999998,Moderate,531.44
521131,Anastu,Karjan,22.086903,73.114773,1899.0,420.0,44.13,2.208,1,2,1,0,0.5,0.98,0.95,0.643,0.138,0.327,0.479,Medium (Mitigation),0.2348877391436173,0.98,41.92992,Moderate,909.621
521129,Manglej,Karjan,22.094203,73.173107,1297.0,276.0,45.1,2.362,1,3,0,0,0.554,0.98,0.903,0.588,0.148,0.33,0.486,Medium (Mitigation),0.2166508327547654,0.98,30.63514,Moderate,630.342
521130,Kherda,Karjan,22.092915,73.136272,1211.0,221.0,17.34,2.533,1,2,0,1,0.507,0.98,0.936,0.607,0.658,0.369,0.594,Medium (Mitigation),0.23577460988551474,0.98,30.674629999999997,Moderate,719.334
521137,Umaj,Karjan,22.055899,72.964382,1167.0,245.0,34.53,2.185,1,2,1,1,0.466,0.98,0.917,0.596,0.637,0.288,0.553,Medium (Mitigation),0.24815368222132028,0.98,25.49895,Moderate,645.351
521146,Vemardi,Karjan,22.052172,73.172982,1212.0,256.0,51.4,2.344,1,3,0,0,0.481,0.98,0.95,0.652,0.146,0.356,0.486,Medium (Mitigation),0.24074381265846342,0.98,28.40928,Moderate,589.032
521166,Mankan,Karjan,21.932658,73.069718,1792.0,335.0,25.22,4.87,1,2,0,1,0.477,0.98,0.95,0.626,0.804,0.401,0.628,Medium (Mitigation),0.2466662725222076,0.98,87.27040000000001,Moderate,1125.376
521184,Sarupur Timbi,Karjan,21.929106,73.150558,768.0,158.0,45.57,2.279,1,2,0,1,0.533,0.98,0.95,0.638,0.642,0.482,0.634,Medium (Mitigation),0.22359393998943705,0.98,17.50272,Moderate,486.91200000000003
521183,Saniyad,Karjan,21.923933,73.173165,1228.0,259.0,60.02,1.785,0,1,1,0,0.442,0.98,0.936,0.605,0.112,0.54,0.521,Medium (Mitigation),0.2601555624365289,0.98,21.9198,Moderate,639.788
521163,Dethan,Karjan,21.977393,73.104835,2225.0,444.0,24.31,2.878,1,3,1,1,0.471,0.98,0.922,0.594,0.68,0.097,0.506,Medium (Mitigation),0.24791715686226048,0.98,64.0355,Moderate,1125.85
521164,Valan,Karjan,21.954884,73.075371,10182.0,1854.0,15.46,4.353,1,3,1,0,0.515,0.98,0.927,0.594,0.272,0.062,0.424,Medium (Mitigation),0.23361364115422142,0.98,443.22246,Moderate,4317.168
521169,Atali,Karjan,21.963404,73.147394,1222.0,262.0,35.52,1.711,1,2,0,1,0.329,0.98,0.95,0.617,0.607,0.442,0.567,Medium (Mitigation),0.3076719031695939,0.98,20.90842,Moderate,692.8739999999999
521170,Bachar,Karjan,21.962801,73.17002,1253.0,252.0,28.57,2.021,1,2,1,1,0.479,0.98,0.95,0.618,0.626,0.264,0.552,Medium (Mitigation),0.24737471576537484,0.98,25.323130000000003,Moderate,691.6560000000001
521168,Kiya,Karjan,21.957047,73.121666,1410.0,273.0,22.91,1.502,0,2,0,1,0.402,0.98,0.939,0.607,0.594,0.392,0.564,Medium (Mitigation),0.2762112717951001,0.98,21.1782,Moderate,795.2399999999999
521176,Urad,Karjan,21.941814,73.159467,1073.0,226.0,37.65,2.379,1,2,0,1,0.491,0.98,0.95,0.618,0.649,0.451,0.615,Medium (Mitigation),0.24291613779244883,0.98,25.52667,Moderate,659.895
521177,Koliyad,Karjan,21.927209,73.131173,2612.0,538.0,45.83,2.877,1,2,1,1,0.452,0.98,0.95,0.617,0.68,0.333,0.577,Medium (Mitigation),0.25780661356916346,0.98,75.14724,Moderate,1507.1239999999998
521167,Divi,Karjan,21.933756,73.116397,844.0,162.0,38.51,1.967,1,2,0,0,0.368,0.98,0.939,0.607,0.123,0.454,0.481,Medium (Mitigation),0.28993390051297324,0.98,16.601480000000002,Moderate,405.964
521165,Mesrad,Karjan,21.930546,73.021135,2174.0,393.0,27.92,2.053,1,2,1,1,0.496,0.98,0.95,0.64,0.628,0.262,0.557,Medium (Mitigation),0.2369437345306546,0.98,44.63222,Moderate,1210.9180000000001
521178,Sansrod,Karjan,21.912531,73.096947,5649.0,1129.0,26.87,6.068,1,3,1,1,0.464,0.98,0.95,0.635,0.879,0.107,0.553,Medium (Mitigation),0.25014046054167244,0.98,342.78132,Moderate,3123.8970000000004
521182,Sanapura,Karjan,21.90548,73.145016,891.0,207.0,51.96,1.993,1,2,0,1,0.469,0.98,0.928,0.606,0.625,0.508,0.619,Medium (Mitigation),0.24779611915174676,0.98,17.757630000000002,Moderate,551.529
521181,Saring,Karjan,21.890801,73.129828,1731.0,385.0,41.19,1.947,1,2,0,1,0.426,0.98,0.95,0.617,0.622,0.465,0.599,Medium (Mitigation),0.2679444905199582,0.98,33.70257,Moderate,1036.869
521179,Haldarva,Karjan,21.896641,73.077939,2141.0,402.0,41.29,3.393,1,3,0,0,0.425,0.98,0.95,0.626,0.212,0.315,0.472,Medium (Mitigation),0.26696488533138585,0.98,72.64412999999999,Moderate,1010.5519999999999
521195,Karan,Karjan,21.89618,73.168278,703.0,151.0,39.4,1.538,1,2,0,1,0.4,0.98,0.939,0.607,0.596,0.458,0.584,Medium (Mitigation),0.27700842345796395,0.98,10.81214,Moderate,410.55199999999996
521180,Mantroj,Karjan,21.889077,73.10036,857.0,190.0,63.83,1.884,1,1,0,0,0.534,0.98,0.95,0.646,0.118,0.705,0.597,Medium (Mitigation),0.2216205465805611,0.98,16.14588,Moderate,511.62899999999996
521196,Pachhiyapura,Karjan,21.894566,73.156396,1144.0,254.0,29.11,1.692,1,2,1,0,0.477,0.98,0.95,0.616,0.106,0.266,0.448,Medium (Mitigation),0.24849731722227236,0.98,19.356479999999998,Moderate,512.5120000000001
521197,Delvada,Karjan,21.877363,73.14759,504.0,131.0,27.98,1.775,1,2,0,1,0.508,0.98,0.95,0.617,0.611,0.412,0.599,Medium (Mitigation),0.23692245566851614,0.98,8.946,Moderate,301.896
521199,Arjanpura,Karjan,21.867865,73.164557,368.0,75.0,15.49,3.041,0,2,0,0,0.479,0.98,0.95,0.616,0.19,0.362,0.494,Medium (Mitigation),0.24775037840536188,0.98,11.19088,Moderate,181.792
521198,Somaj,Karjan,21.868243,73.149303,230.0,53.0,37.83,1.438,1,2,0,1,0.471,0.98,0.942,0.609,0.59,0.451,0.597,Medium (Mitigation),0.24998999979999198,0.98,3.3074,Moderate,137.31
521192,Samri,Karjan,21.935162,73.197469,1436.0,267.0,12.4,5.419,1,2,1,1,0.376,0.98,0.95,0.619,0.839,0.2,0.552,Medium (Mitigation),0.2878256127125126,0.98,77.81684,Moderate,792.672
521173,Methi,Karjan,21.973103,73.221783,1076.0,252.0,40.33,1.871,0,2,1,0,0.492,0.98,0.95,0.617,0.117,0.311,0.467,Medium (Mitigation),0.24274317704108594,0.98,20.13196,Moderate,502.492
521174,Chhanchhva,Karjan,21.973599,73.197097,727.0,153.0,60.52,1.298,1,2,0,1,0.54,0.98,0.95,0.617,0.581,0.542,0.64,Medium (Mitigation),0.22568174494185386,0.98,9.43646,Moderate,465.28000000000003
521175,Kala,Karjan,21.949247,73.1791,1323.0,253.0,15.42,3.5,1,2,0,1,0.531,0.98,0.946,0.619,0.719,0.362,0.611,Medium (Mitigation),0.22729862882707114,0.98,46.305,Moderate,808.353
521187,Simli,Karjan,21.952537,73.220691,1682.0,363.0,55.95,2.288,1,2,0,1,0.447,0.98,0.95,0.617,0.643,0.524,0.626,Medium (Mitigation),0.2597364048415239,0.98,38.484159999999996,Moderate,1052.932
521186,Kanthariya,Karjan,21.947104,73.19995,574.0,137.0,45.12,1.421,1,2,0,1,0.392,0.98,0.95,0.628,0.589,0.48,0.59,Medium (Mitigation),0.28007320471619557,0.98,8.15654,Moderate,338.65999999999997
521188,Kothiya,Karjan,21.943,73.238991,1072.0,249.0,27.61,2.325,0,2,0,1,0.493,0.98,0.95,0.64,0.645,0.41,0.604,Medium (Mitigation),0.2380873439167511,0.98,24.924,Moderate,647.4879999999999
521190,Deroli,Karjan,21.935378,73.221769,581.0,139.0,28.4,1.478,0,2,1,1,0.476,0.98,0.95,0.657,0.592,0.264,0.547,Medium (Mitigation),0.24195919077398154,0.98,8.58718,Moderate,317.807
521193,Samra,Karjan,21.918272,73.193568,936.0,191.0,24.89,1.498,0,2,0,1,0.333,0.98,0.95,0.616,0.594,0.4,0.553,Medium (Mitigation),0.3060962539245893,0.98,14.021279999999999,Moderate,517.6080000000001
521191,Fatepur,Karjan,21.918199,73.21762,668.0,146.0,55.39,1.403,0,2,0,1,0.501,0.98,0.95,0.637,0.588,0.522,0.628,Medium (Mitigation),0.23559428402800153,0.98,9.37204,Moderate,419.504
521194,Sherpura,Karjan,21.905708,73.187584,238.0,50.0,66.39,1.46,0,2,0,0,0.292,0.98,0.924,0.596,0.091,0.566,0.489,Medium (Mitigation),0.31929088096384256,0.98,3.4748,Moderate,116.38199999999999
521203,Kahona,Karjan,21.90302,73.210746,582.0,140.0,64.95,1.406,0,1,0,1,0.46,0.98,0.924,0.595,0.588,0.71,0.669,High (Relocation Priority),0.2522437643761817,0.98,8.18292,High,389.358
521140,Kambola,Karjan,22.040465,73.053253,1244.0,311.0,53.54,1.296,1,2,0,0,0.424,0.98,0.92,0.597,0.081,0.514,0.501,Medium (Mitigation),0.26452772381485207,0.98,16.12224,Moderate,623.244
521202,Ropa,Karjan,21.890067,73.20414,729.0,156.0,60.22,3.878,0,2,0,1,0.421,0.98,0.95,0.626,0.742,0.541,0.645,Medium (Mitigation),0.2685670307390689,0.98,28.270619999999997,Moderate,470.20500000000004
521204,Hirjipura,Karjan,21.896063,73.215054,212.0,55.0,58.49,1.395,0,1,1,1,0.491,0.98,0.943,0.607,0.587,0.534,0.626,Medium (Mitigation),0.243289094152067,0.98,2.9574000000000003,Moderate,132.712
521201,Rarod,Karjan,21.873413,73.196423,1335.0,313.0,53.26,1.943,0,2,1,0,0.325,0.98,0.877,0.57,0.121,0.363,0.435,Medium (Mitigation),0.2981487324585947,0.98,25.93905,Moderate,580.725
521200,Oz,Karjan,21.87564,73.180678,1616.0,341.0,46.35,1.758,1,2,0,0,0.381,0.98,0.938,0.606,0.11,0.485,0.49,Medium (Mitigation),0.284537490207061,0.98,28.40928,Moderate,791.84
521205,Bakapur,Karjan,21.890455,73.218039,114.0,24.0,79.82,0.613,1,1,0,1,0.498,0.98,0.95,0.627,0.538,0.769,0.69,High (Relocation Priority),0.23859082826741965,0.98,0.69882,High,78.66
521208,Malod,Karjan,21.875783,73.219811,587.0,115.0,13.63,3.413,0,1,0,1,0.467,0.98,0.95,0.626,0.713,0.505,0.639,Medium (Mitigation),0.2504880236658032,0.98,20.034309999999998,Moderate,375.093
521207,Sayar,Karjan,21.857272,73.234331,2364.0,491.0,16.07,2.926,1,2,0,1,0.482,0.98,0.95,0.631,0.683,0.364,0.595,Medium (Mitigation),0.24387343028710606,0.98,69.17064,Moderate,1406.58
521209,Sagdol,Karjan,21.861315,73.214469,1022.0,231.0,55.77,2.044,1,2,0,0,0.36,0.98,0.938,0.606,0.128,0.523,0.501,Medium (Mitigation),0.29309611620308673,0.98,20.88968,Moderate,512.022
521210,Pura,Karjan,21.84658,73.185721,1149.0,239.0,48.74,2.082,0,2,0,1,0.443,0.98,0.95,0.65,0.63,0.495,0.616,Medium (Mitigation),0.25626597511179666,0.98,23.922179999999997,Moderate,707.784
521213,Nani Koral,Karjan,21.836794,73.222085,723.0,157.0,47.72,1.38,1,1,0,1,0.49,0.98,0.95,0.647,0.586,0.641,0.661,High (Relocation Priority),0.23803833724843565,0.98,9.9774,High,477.903
521211,Moti Koral,Karjan,21.835705,73.206877,2809.0,602.0,7.19,4.168,0,2,1,1,0.493,0.98,0.95,0.629,0.76,0.179,0.557,Medium (Mitigation),0.24007915361396956,0.98,117.07912,Moderate,1564.613
521235,Mota Karala,Sinor,21.985864,73.394809,1932.0,460.0,72.15,2.128,2,2,1,0,0.331,0.98,0.95,0.638,0.133,0.439,0.474,Medium (Mitigation),0.30466087704199896,0.98,41.11296,Moderate,915.7679999999999
521236,Simli,Sinor,21.984892,73.361907,1695.0,377.0,61.06,2.008,2,3,1,0,0.455,0.98,0.95,0.628,0.126,0.244,0.441,Medium (Mitigation),0.2547984497598052,0.98,34.0356,Moderate,747.495
521229,Utraj,Sinor,21.982802,73.275034,1851.0,431.0,33.55,2.738,2,3,1,1,0.491,0.98,0.95,0.638,0.671,0.134,0.526,Medium (Mitigation),0.23920336536094133,0.98,50.68037999999999,Moderate,973.6260000000001
521238,Tersa,Sinor,21.979599,73.329423,761.0,166.0,53.35,2.408,1,2,0,0,0.434,0.98,0.95,0.659,0.15,0.513,0.524,Medium (Mitigation),0.2587822443677309,0.98,18.324879999999997,Moderate,398.764
521239,Manjrol,Sinor,21.958358,73.313963,1903.0,415.0,29.16,2.068,0,2,0,1,0.535,0.98,0.95,0.617,0.629,0.417,0.611,Medium (Mitigation),0.22740052770387317,0.98,39.35404,Moderate,1162.733
521237,Kukas,Sinor,21.968984,73.339508,1885.0,423.0,31.25,2.417,2,2,1,0,0.518,0.98,0.95,0.617,0.151,0.275,0.469,Medium (Mitigation),0.23335005892435512,0.98,45.56045,Moderate,884.0649999999999
521228,Bavaliya,Sinor,21.972337,73.245191,851.0,184.0,55.46,1.351,0,2,0,1,0.404,0.98,0.922,0.596,0.584,0.522,0.599,Medium (Mitigation),0.27295604041676746,0.98,11.49701,Moderate,509.74899999999997
521244,Mota Fofaliya,Sinor,21.962219,73.372037,2235.0,549.0,50.78,2.37,2,3,1,0,0.387,0.98,0.95,0.648,0.148,0.203,0.419,Medium (Mitigation),0.2797419942256316,0.98,52.9695,Moderate,936.4649999999999
521241,Diver,Sinor,21.948215,73.272071,1252.0,298.0,48.8,1.276,1,2,1,0,0.454,0.98,0.95,0.657,0.08,0.345,0.464,Medium (Mitigation),0.25082846063927167,0.98,15.975520000000001,Moderate,580.928
521240,Mindhol,Sinor,21.952392,73.295069,1517.0,317.0,21.29,1.662,2,3,0,0,0.533,0.98,0.95,0.605,0.104,0.235,0.45,Medium (Mitigation),0.23083760525529629,0.98,25.21254,Moderate,682.65
521249,Kanjetha,Sinor,21.945834,73.354149,786.0,193.0,47.07,0.872,0,3,1,0,0.423,0.98,0.95,0.616,0.054,0.188,0.402,Medium (Mitigation),0.26928593848670723,0.98,6.8539200000000005,Moderate,315.97200000000004
521253,Zanzad,Sinor,21.934401,73.397659,1418.0,362.0,43.58,1.682,1,2,1,0,0.413,0.98,0.95,0.648,0.105,0.324,0.453,Medium (Mitigation),0.26885730415966014,0.98,23.85076,Moderate,642.354
521248,Ambali,Sinor,21.941445,73.383561,765.0,191.0,59.22,1.587,2,2,0,0,0.427,0.98,0.95,0.669,0.099,0.537,0.52,Medium (Mitigation),0.2605257504867161,0.98,12.140550000000001,Moderate,397.8
521243,Damapura,Sinor,21.938019,73.340071,692.0,159.0,42.34,1.524,0,3,0,0,0.405,0.98,0.95,0.638,0.095,0.319,0.447,Medium (Mitigation),0.27342686407886113,0.98,10.54608,Moderate,309.324
521242,Surasamal,Sinor,21.935182,73.299184,1982.0,407.0,32.19,1.787,2,3,0,0,0.454,0.98,0.94,0.605,0.112,0.279,0.446,Medium (Mitigation),0.25660004546635085,0.98,35.41834,Moderate,883.972
521250,Sinor,Sinor,21.913786,73.32889,8041.0,1806.0,24.35,4.964,1,3,1,1,0.457,0.98,0.95,0.639,0.81,0.097,0.535,Medium (Mitigation),0.25225714393583915,0.98,399.15524000000005,Moderate,4301.935
521251,Mandva,Sinor,21.916101,73.302506,1756.0,351.0,23.29,3.76,0,3,0,0,0.415,0.98,0.95,0.678,0.235,0.243,0.457,Medium (Mitigation),0.26468644972243416,0.98,66.0256,Moderate,802.4920000000001
521252,Malsar,Sinor,21.900312,73.310124,2284.0,564.0,46.23,2.827,1,2,1,1,0.453,0.98,0.95,0.691,0.677,0.335,0.583,Medium (Mitigation),0.24713086951384008,0.98,64.56868,Moderate,1331.572
521139,Bodaka,Karjan,22.051885,73.042031,1292.0,291.0,31.81,2.091,0,2,0,1,0.483,0.98,0.95,0.617,0.631,0.427,0.602,Medium (Mitigation),0.24607112792849142,0.98,27.01572,Moderate,777.784
521148,Juni Jitharadi,Karjan,22.036119,73.142535,1417.0,328.0,45.31,3.499,1,3,1,1,0.447,0.98,0.95,0.65,0.719,0.181,0.54,Medium (Mitigation),0.2546414145420968,0.98,49.580830000000006,Moderate,765.1800000000001
521149,Miyagam,Karjan,22.024358,73.081515,5416.0,1106.0,9.47,2.49,1,3,1,1,0.471,0.98,0.937,0.606,0.656,0.05,0.489,Medium (Mitigation),0.24929032605912865,0.98,134.85840000000002,Moderate,2648.424
521147,Navi Jithardi,Karjan,22.033466,73.159902,502.0,105.0,44.22,1.812,1,3,0,0,0.429,0.98,0.95,0.661,0.113,0.327,0.46,Medium (Mitigation),0.2606159370926242,0.98,9.09624,Moderate,230.92000000000002
521138,Sanpa,Karjan,22.034048,73.012524,2120.0,449.0,40.05,1.941,1,2,0,0,0.413,0.98,0.901,0.586,0.121,0.46,0.487,Medium (Mitigation),0.26618665130568314,0.98,41.1492,Moderate,1032.44
521154,Bharthana,Karjan,22.010464,73.135645,1761.0,364.0,39.52,1.865,0,2,1,0,0.507,0.98,0.95,0.627,0.117,0.308,0.47,Medium (Mitigation),0.2352686407775871,0.98,32.84265,Moderate,827.67
521037,Karnali,Dabhoi,21.984619,73.497232,2084.0,470.0,47.36,1.857,0,2,1,1,0.46,0.98,0.894,0.583,0.616,0.339,0.56,Medium (Mitigation),0.24759021924677613,0.98,38.69988,Moderate,1167.0400000000002
521035,Bhimpura,Dabhoi,21.987198,73.436545,232.0,63.0,84.05,0.847,0,2,0,1,0.532,0.98,0.948,0.616,0.553,0.636,0.66,High (Relocation Priority),0.22813738550852786,0.98,1.96504,High,153.12
521036,Nanderiya,Dabhoi,21.977089,73.428682,554.0,132.0,32.49,1.063,0,2,0,1,0.481,0.98,0.95,0.634,0.566,0.43,0.591,Medium (Mitigation),0.24372850332559243,0.98,5.8890199999999995,Moderate,327.414
521245,Bithali,Sinor,21.968351,73.408341,1045.0,256.0,53.3,1.762,2,2,1,0,0.369,0.98,0.95,0.629,0.11,0.363,0.454,Medium (Mitigation),0.2894857509446708,0.98,18.4129,Moderate,474.43
521246,Dariapura,Sinor,21.961805,73.426855,315.0,80.0,62.54,1.312,0,2,0,0,0.455,0.98,0.95,0.658,0.082,0.55,0.526,Medium (Mitigation),0.25028433830345836,0.98,4.1328000000000005,Moderate,165.69
521247,Moletha,Sinor,21.942678,73.417418,1402.0,324.0,57.7,1.119,2,2,0,1,0.37,0.98,0.95,0.645,0.57,0.531,0.598,Medium (Mitigation),0.28726802235310955,0.98,15.68838,Moderate,838.396
521254,Barkal,Sinor,21.926138,73.414838,1896.0,466.0,54.27,3.286,1,0,1,1,0.461,0.98,0.95,0.689,0.705,0.667,0.69,High (Relocation Priority),0.24395491386729637,0.98,62.30256,High,1308.24
521150,Mangrol,Karjan,22.010746,73.042253,1485.0,316.0,45.05,1.672,0,3,0,0,0.495,0.98,0.939,0.607,0.104,0.33,0.469,Medium (Mitigation),0.2408213376481965,0.98,24.8292,Moderate,696.4649999999999
521153,Vadava,Karjan,22.016245,73.117332,63.0,19.0,68.25,0.223,0,2,0,1,0.5,0.98,0.95,0.617,0.514,0.573,0.626,Medium (Mitigation),0.2398171178210596,0.98,0.14049,Moderate,39.438
521155,Bharthali,Karjan,22.012236,73.158012,697.0,158.0,58.97,1.636,0,2,0,1,0.53,0.98,0.95,0.64,0.602,0.536,0.641,Medium (Mitigation),0.22427661492005802,0.98,11.40292,Moderate,446.777
521161,Sandarna,Karjan,22.009674,73.171879,621.0,138.0,52.5,2.326,1,2,0,1,0.507,0.98,0.95,0.661,0.645,0.51,0.639,Medium (Mitigation),0.2291062344561288,0.98,14.444460000000001,Moderate,396.819
521053,Majatan,Padra,22.200015,72.946778,3288.0,629.0,1.61,7.195,1,2,0,1,0.442,0.98,0.95,0.628,0.95,0.306,0.621,Medium (Mitigation),0.25990254583849953,0.98,236.5716,Moderate,2041.848
521068,Sandha,Padra,22.195533,72.9519,2600.0,531.0,0.96,7.715,1,2,0,1,0.475,0.98,0.95,0.617,0.98,0.304,0.633,Medium (Mitigation),0.24906023367852204,0.98,200.59,Moderate,1645.8
521051,Dudhwada,Padra,22.188995,72.88756,1854.0,460.0,17.96,3.02,1,2,1,1,0.451,0.98,0.896,0.585,0.689,0.222,0.537,Medium (Mitigation),0.25093558270334376,0.98,55.9908,Moderate,995.5980000000001
521069,Chitral,Padra,22.181074,72.94459,1728.0,351.0,4.34,4.645,1,1,1,0,0.536,0.98,0.95,0.65,0.29,0.317,0.515,Medium (Mitigation),0.22009997728305195,0.98,80.26559999999999,Moderate,889.9200000000001
521073,Gavasad,Padra,22.157491,72.945741,3613.0,780.0,9.38,3.815,1,3,1,1,0.543,0.98,0.938,0.607,0.738,0.05,0.522,Medium (Mitigation),0.22389432030908388,0.98,137.83595,Moderate,1885.986
521070,Brahmanvasi,Padra,22.156645,72.87854,2175.0,430.0,5.24,3.68,1,2,0,1,0.477,0.98,0.933,0.605,0.73,0.321,0.586,Medium (Mitigation),0.24626323991479795,0.98,80.04,Moderate,1274.55
521072,Gametha,Padra,22.158279,72.921893,3759.0,762.0,2.08,10.959,1,2,0,1,0.432,0.98,0.936,0.606,0.98,0.308,0.623,Medium (Mitigation),0.2638351758200563,0.98,411.94881000000004,Moderate,2341.857
521071,Masar,Padra,22.138,72.902181,3552.0,764.0,11.97,2.61,1,3,1,1,0.508,0.98,0.894,0.594,0.663,0.05,0.494,Medium (Mitigation),0.228321410880948,0.98,92.7072,Moderate,1754.6879999999999
521089,Kural,Padra,22.135169,72.92693,2659.0,569.0,11.36,4.731,1,3,0,1,0.396,0.98,0.933,0.606,0.796,0.195,0.544,Medium (Mitigation),0.2772692734509181,0.98,125.79728999999999,Moderate,1446.496
521092,Pindapa,Padra,22.118469,72.939888,1572.0,302.0,3.31,2.278,1,2,0,1,0.443,0.98,0.95,0.617,0.642,0.313,0.561,Medium (Mitigation),0.261287198308681,0.98,35.81016,Moderate,881.892
521091,Abhor,Padra,22.113757,72.911893,2304.0,472.0,8.2,3.076,1,3,1,1,0.521,0.98,0.917,0.582,0.692,0.05,0.504,Medium (Mitigation),0.23198706860512724,0.98,70.87104000000001,Moderate,1161.216
521038,Mahmadpura,Padra,22.291407,72.940406,1481.0,323.0,1.35,1.438,1,2,0,1,0.489,0.98,0.883,0.592,0.59,0.305,0.55,Medium (Mitigation),0.23301645149359448,0.98,21.29678,Moderate,814.5500000000001
521047,Dabka,Padra,22.256706,72.942834,7345.0,1545.0,3.38,3.854,1,2,1,1,0.507,0.98,0.898,0.588,0.741,0.164,0.543,Medium (Mitigation),0.23087857559043168,0.98,283.0763,Moderate,3988.3350000000005
521046,Sultanpura,Padra,22.262225,72.953614,892.0,167.0,3.48,2.983,1,2,0,1,0.559,0.98,0.856,0.554,0.686,0.314,0.582,Medium (Mitigation),0.2147733301258173,0.98,26.60836,Moderate,519.144
521050,Tithor,Padra,22.236859,72.879837,4916.0,1078.0,2.2,1.997,1,1,1,1,0.452,0.05,0.388,0.285,0.625,0.309,0.385,Low (Monitoring),0.1764622244750039,0.452,98.17252,Low,1892.66
521048,Pavda,Padra,22.236162,72.947623,2113.0,453.0,0.0,3.753,1,2,0,1,0.419,0.98,0.95,0.616,0.735,0.3,0.57,Medium (Mitigation),0.2708694334914887,0.98,79.30089,Moderate,1204.4099999999999
521049,Chokari,Padra,22.224893,72.932033,8884.0,1811.0,2.45,6.438,1,1,1,1,0.374,0.98,0.95,0.615,0.902,0.31,0.597,Medium (Mitigation),0.2891716618204488,0.98,571.95192,Moderate,5303.748
521052,Karkhadi,Padra,22.211761,72.909747,4791.0,1100.0,9.41,2.886,1,2,1,1,0.287,0.98,0.916,0.594,0.68,0.188,0.491,Medium (Mitigation),0.31975446309108285,0.98,138.26826,Moderate,2352.381
521066,Vadu,Padra,22.209616,72.986248,9626.0,1916.0,3.66,11.014,1,3,1,0,0.414,0.98,0.948,0.613,0.688,0.05,0.485,Medium (Mitigation),0.2728019733555215,0.98,1060.2076399999999,Moderate,4668.61
521082,Chansad,Padra,22.205561,73.144045,2775.0,634.0,39.93,1.603,1,2,1,1,0.434,0.98,0.895,0.581,0.6,0.31,0.542,Medium (Mitigation),0.2577576381021521,0.98,44.48325,Moderate,1504.0500000000002
521064,Ranu,Padra,22.211772,73.031885,6092.0,1188.0,8.54,7.1,1,2,1,0,0.502,0.98,0.95,0.646,0.444,0.184,0.498,Medium (Mitigation),0.2335943777862244,0.98,432.532,Moderate,3033.816
521065,Bhoj,Padra,22.193754,73.008189,7072.0,1403.0,4.19,6.134,1,2,1,1,0.444,0.98,0.904,0.587,0.883,0.167,0.559,Medium (Mitigation),0.25496061787395063,0.98,433.79648000000003,Moderate,3953.2480000000005
521079,Sejakuva,Padra,22.198411,73.068203,2343.0,512.0,24.93,6.332,1,2,1,1,0.494,0.98,0.892,0.595,0.896,0.25,0.597,Medium (Mitigation),0.2325544739052193,0.98,148.35876,Moderate,1398.771
521078,Pipli,Padra,22.2017,73.053223,2046.0,406.0,11.49,5.115,1,1,0,1,0.467,0.98,0.925,0.595,0.82,0.496,0.653,High (Relocation Priority),0.24991115087833385,0.98,104.6529,High,1336.038
521081,Sareja,Padra,22.203683,73.113123,10.0,2.0,100.0,0.053,1,0,0,0,0.529,0.98,0.913,0.593,0.05,0.95,0.648,Medium (Mitigation),0.2257600126978499,0.98,0.0053,Moderate,6.48
521080,Goriyad,Padra,22.196894,73.091538,1943.0,429.0,16.16,3.164,1,3,1,1,0.524,0.98,0.879,0.574,0.698,0.065,0.506,Medium (Mitigation),0.2244480266490812,0.98,61.47652,Moderate,983.158
521067,Vishrampura,Padra,22.193413,72.967121,2997.0,606.0,2.64,12.753,1,2,1,1,0.482,0.98,0.896,0.586,0.98,0.161,0.584,Medium (Mitigation),0.23954957733212556,0.98,382.20741000000004,Moderate,1750.2479999999998
521083,Madapur,Padra,22.186936,73.111059,865.0,182.0,24.86,2.912,1,2,0,1,0.499,0.98,0.914,0.593,0.682,0.399,0.602,Medium (Mitigation),0.23621811954208766,0.98,25.1888,Moderate,520.73
521076,Karnakuva,Padra,22.187439,72.979074,1289.0,283.0,8.69,8.425,1,3,0,0,0.53,0.98,0.946,0.616,0.527,0.185,0.519,Medium (Mitigation),0.2283097311402502,0.98,108.59825000000001,Moderate,668.991
521077,Vadadla,Padra,22.188515,73.028952,927.0,180.0,12.94,3.511,1,2,0,1,0.515,0.98,0.9,0.586,0.719,0.352,0.597,Medium (Mitigation),0.22907840724666012,0.98,32.54697,Moderate,553.419
521085,Sadhi,Padra,22.161574,73.052519,3794.0,819.0,18.5,2.71,1,2,1,1,0.481,0.98,0.916,0.594,0.669,0.224,0.543,Medium (Mitigation),0.2428598704328623,0.98,102.81739999999999,Moderate,2060.1420000000003
521084,Amla,Padra,22.163586,73.07259,2129.0,449.0,11.65,2.083,1,2,1,1,0.483,0.98,0.861,0.563,0.63,0.197,0.52,Medium (Mitigation),0.23684506187238388,0.98,44.34707,Moderate,1107.08
521098,Saras Vani,Padra,22.172324,73.097141,2305.0,511.0,28.37,2.115,1,3,1,1,0.509,0.98,0.895,0.583,0.632,0.113,0.506,Medium (Mitigation),0.23066769026747835,0.98,48.75075000000001,Moderate,1166.33
521074,Lola,Padra,22.177699,72.962268,1535.0,270.0,1.69,12.792,1,2,0,1,0.538,0.98,0.94,0.618,0.98,0.307,0.648,Medium (Mitigation),0.22355014351743693,0.98,196.3572,Moderate,994.6800000000001
521099,Shihor,Padra,22.173503,73.125801,915.0,184.0,28.63,1.993,1,2,0,1,0.546,0.98,0.918,0.596,0.625,0.415,0.607,Medium (Mitigation),0.2206475318994829,0.98,18.23595,Moderate,555.405
521075,Muval,Padra,22.170072,72.975278,4164.0,903.0,10.16,5.332,1,2,0,1,0.517,0.98,0.931,0.604,0.833,0.341,0.622,Medium (Mitigation),0.23166786570433112,0.98,222.02448,Moderate,2590.008
521086,Anti,Padra,22.165322,73.0332,5055.0,837.0,5.48,5.857,1,2,0,1,0.564,0.98,0.91,0.595,0.866,0.322,0.63,Medium (Mitigation),0.21332350237764866,0.98,296.07135,Moderate,3184.65
521087,Rajupura,Padra,22.168519,73.012009,1185.0,277.0,8.86,4.593,1,0,0,1,0.438,0.98,0.901,0.595,0.787,0.635,0.679,High (Relocation Priority),0.2550954069885749,0.98,54.42705,High,804.615
521088,Jalalpur,Padra,22.161426,72.996259,2069.0,434.0,9.57,4.857,1,2,1,1,0.39,0.98,0.904,0.585,0.804,0.188,0.537,Medium (Mitigation),0.2759654265785239,0.98,100.49133,Moderate,1111.053
521100,Thikariya Mubarak,Padra,22.156815,73.117238,425.0,90.0,35.29,2.56,1,2,0,1,0.541,0.98,0.916,0.595,0.66,0.441,0.62,Medium (Mitigation),0.22204053683956,0.98,10.88,Moderate,263.5
521096,Ambada,Padra,22.148851,73.018604,1021.0,244.0,11.85,1.34,1,2,1,1,0.395,0.98,0.901,0.583,0.584,0.197,0.497,Medium (Mitigation),0.2736449950818274,0.98,13.681400000000002,Moderate,507.437
521101,Virpur,Padra,22.145269,73.103502,310.0,71.0,34.19,1.065,1,3,0,1,0.544,0.98,0.95,0.617,0.567,0.287,0.561,Medium (Mitigation),0.22431729759427824,0.98,3.3015,Moderate,173.91000000000003
521095,Kalyankui,Padra,22.14601,73.000385,627.0,141.0,11.0,2.93,1,2,0,1,0.382,0.98,0.898,0.586,0.683,0.344,0.558,Medium (Mitigation),0.2776058356735319,0.98,18.371100000000002,Moderate,349.86600000000004
521093,Mobha,Padra,22.132009,72.969914,4796.0,973.0,3.98,3.609,1,2,1,1,0.458,0.98,0.914,0.594,0.726,0.166,0.532,Medium (Mitigation),0.2507767931846964,0.98,173.08764,Moderate,2551.472
521104,Bhadari,Padra,22.131602,73.046963,1111.0,217.0,19.71,2.971,1,1,0,1,0.521,0.98,0.899,0.585,0.686,0.529,0.645,Medium (Mitigation),0.22709084085449152,0.98,33.00781,Moderate,716.595
521094,Sadra,Padra,22.129314,72.989277,2275.0,465.0,6.55,2.902,1,2,0,1,0.446,0.98,0.912,0.594,0.681,0.326,0.568,Medium (Mitigation),0.2547809516689451,0.98,66.0205,Moderate,1292.1999999999998
521102,Medhad,Padra,22.130513,73.090522,695.0,147.0,62.16,1.651,1,3,0,1,0.541,0.98,0.942,0.609,0.603,0.399,0.6,Medium (Mitigation),0.2251147855354389,0.98,11.47445,Moderate,417.0
521105,Gayapura,Padra,22.128234,73.022714,581.0,139.0,10.84,2.979,1,1,0,0,0.509,0.98,0.948,0.614,0.186,0.493,0.538,Medium (Mitigation),0.23666484741084806,0.98,17.30799,Moderate,312.57800000000003
521103,Husepur,Padra,22.125176,73.075912,709.0,186.0,61.35,1.649,1,1,1,1,0.477,0.98,0.938,0.604,0.603,0.545,0.629,Medium (Mitigation),0.24771539448864832,0.98,11.691410000000001,Moderate,445.961
521106,Kanda,Padra,22.124838,73.006094,763.0,169.0,15.47,1.847,1,2,0,1,0.514,0.98,0.931,0.606,0.615,0.362,0.584,Medium (Mitigation),0.23227336624474762,0.98,14.09261,Moderate,445.592
521115,Sadad,Padra,22.114914,73.061825,727.0,164.0,22.15,1.817,1,0,0,1,0.551,0.98,0.881,0.574,0.614,0.689,0.683,High (Relocation Priority),0.21647863635934145,0.98,13.20959,High,496.54100000000005
521114,Thikariya Math,Padra,22.118614,73.022857,329.0,78.0,48.02,1.759,1,1,0,1,0.492,0.98,0.894,0.584,0.61,0.642,0.656,High (Relocation Priority),0.23603036527814242,0.98,5.78711,High,215.824
519872,Khalipur,Vadodara Rural,22.204744,73.165883,1054.0,226.0,43.64,2.173,0,2,0,0,0.535,0.98,0.917,0.593,0.136,0.475,0.524,Medium (Mitigation),0.22472705667097587,0.98,22.90342,Moderate,552.296
519882,Karali,Vadodara Rural,22.173667,73.153527,1075.0,225.0,25.58,3.391,1,0,0,1,0.496,0.98,0.915,0.595,0.712,0.702,0.699,High (Relocation Priority),0.23707734321665294,0.98,36.45325,High,751.425
519883,Itola,Vadodara Rural,22.15177,73.142673,3600.0,801.0,39.06,2.317,2,2,1,1,0.478,0.98,0.934,0.605,0.645,0.306,0.565,Medium (Mitigation),0.2461454515796165,0.98,83.412,Moderate,2033.9999999999998
519895,Raman Gamdi,Vadodara Rural,22.128858,73.171689,559.0,126.0,51.52,2.227,2,2,0,1,0.733,0.035,0.388,0.279,0.639,0.506,0.508,Medium (Mitigation),0.28988086633420057,0.733,12.44893,Moderate,283.972
519896,Gosindra,Vadodara Rural,22.127304,73.126298,1021.0,219.0,43.49,1.404,0,0,0,1,0.516,0.98,0.915,0.594,0.588,0.774,0.7,High (Relocation Priority),0.2303698113902948,0.98,14.33484,High,714.6999999999999
519897,Untiya Medhad,Vadodara Rural,22.117336,73.107781,733.0,150.0,32.61,1.986,2,2,0,1,0.528,0.98,0.932,0.595,0.624,0.43,0.608,Medium (Mitigation),0.230236653612466,0.98,14.55738,Moderate,445.664
520921,Mahmadpura,Dabhoi,22.216605,73.282351,539.0,108.0,34.69,2.591,0,2,1,0,0.508,0.98,0.943,0.587,0.162,0.289,0.47,Medium (Mitigation),0.24166160914248117,0.98,13.965490000000003,Moderate,253.32999999999998
520922,Palaswada,Dabhoi,22.209198,73.299901,1447.0,325.0,61.37,2.144,0,3,0,1,0.421,0.98,0.894,0.586,0.634,0.395,0.571,Medium (Mitigation),0.26155480623889643,0.98,31.023680000000002,Moderate,826.237
520938,Kaddhara,Dabhoi,22.206892,73.373629,985.0,220.0,43.25,1.389,2,2,1,0,0.436,0.98,0.95,0.618,0.087,0.323,0.452,Medium (Mitigation),0.2638534947023948,0.98,13.68165,Moderate,445.22
520920,Mosampura,Dabhoi,22.206209,73.27003,313.0,66.0,54.63,1.134,0,2,0,1,0.41,0.98,0.95,0.602,0.571,0.519,0.6,Medium (Mitigation),0.27662429394397015,0.98,3.5494199999999996,Moderate,187.79999999999998
520930,Valipura,Dabhoi,22.207937,73.317144,437.0,88.0,54.92,2.163,0,2,0,1,0.423,0.98,0.929,0.596,0.635,0.52,0.614,Medium (Mitigation),0.26726391451148057,0.98,9.452309999999999,Moderate,268.318
520937,Kaddharapura,Dabhoi,22.211852,73.35813,458.0,112.0,55.02,3.785,0,2,0,0,0.553,0.98,0.95,0.629,0.237,0.52,0.568,Medium (Mitigation),0.21849027438309465,0.98,17.3353,Moderate,260.14399999999995
520929,Bhavpura,Dabhoi,22.207408,73.328601,350.0,77.0,75.43,2.071,0,2,0,0,0.457,0.98,0.929,0.594,0.129,0.602,0.545,Medium (Mitigation),0.2547717933105364,0.98,7.2485,Moderate,190.75
520940,Karali,Dabhoi,22.202326,73.400652,605.0,142.0,55.04,1.734,0,3,1,1,0.515,0.98,0.911,0.59,0.608,0.22,0.537,Medium (Mitigation),0.23068159874597716,0.98,10.490699999999999,Moderate,324.88500000000005
520936,Abdalapura,Dabhoi,22.200262,73.353441,479.0,108.0,23.59,2.521,1,2,0,1,0.497,0.98,0.95,0.628,0.658,0.394,0.602,Medium (Mitigation),0.2387723811499144,0.98,12.07559,Moderate,288.358
520935,Vayadpur,Dabhoi,22.198432,73.342671,943.0,199.0,67.34,2.807,0,1,0,0,0.516,0.98,0.95,0.615,0.175,0.719,0.606,Medium (Mitigation),0.23448578492807048,0.98,26.47001,Moderate,571.458
520931,Kundhela,Dabhoi,22.188539,73.281796,2513.0,566.0,50.78,2.045,1,2,1,1,0.426,0.98,0.931,0.594,0.628,0.353,0.563,Medium (Mitigation),0.26694740430778996,0.98,51.39085,Moderate,1414.819
520952,Gojali,Dabhoi,22.190698,73.378433,565.0,155.0,67.96,1.405,2,2,0,1,0.525,0.98,0.938,0.608,0.588,0.572,0.645,Medium (Mitigation),0.22976999368934142,0.98,7.93825,Moderate,364.425
520934,Bhilapur,Dabhoi,22.192919,73.325929,2290.0,512.0,52.53,4.039,1,3,1,1,0.49,0.98,0.95,0.626,0.752,0.21,0.564,Medium (Mitigation),0.24176227993630436,0.98,92.4931,Moderate,1291.56
520953,Banaiya,Dabhoi,22.184445,73.35092,338.0,77.0,41.42,2.238,0,2,0,1,0.526,0.98,0.882,0.575,0.64,0.466,0.615,Medium (Mitigation),0.22418946600290268,0.98,7.564439999999999,Moderate,207.87
520951,Vasai,Dabhoi,22.173534,73.392085,1860.0,408.0,56.56,2.204,0,3,1,1,0.511,0.98,0.917,0.584,0.638,0.226,0.544,Medium (Mitigation),0.23484037131634758,0.98,40.994400000000006,Moderate,1011.84
520932,Baherampura,Dabhoi,22.176949,73.301674,514.0,130.0,75.29,1.408,0,2,0,1,0.515,0.98,0.928,0.603,0.588,0.601,0.65,Medium (Mitigation),0.23183974350112335,0.98,7.23712,Moderate,334.1
520933,Navapur,Dabhoi,22.181324,73.316668,356.0,76.0,11.8,2.58,0,1,0,1,0.541,0.98,0.931,0.604,0.661,0.497,0.639,Medium (Mitigation),0.22351286316451677,0.98,9.184800000000001,Moderate,227.484
520958,Ambav,Dabhoi,22.163756,73.364609,851.0,161.0,76.62,2.79,2,2,0,0,0.394,0.98,0.95,0.615,0.174,0.606,0.544,Medium (Mitigation),0.2810283200438466,0.98,23.7429,Moderate,462.944
520959,Puda,Dabhoi,22.17066,73.375582,858.0,186.0,41.49,1.535,0,2,0,1,0.484,0.98,0.893,0.574,0.596,0.466,0.598,Medium (Mitigation),0.24075627371541813,0.98,13.1703,Moderate,513.084
520957,Thuvavi,Dabhoi,22.160641,73.341034,2651.0,612.0,47.42,1.942,2,2,1,0,0.506,0.98,0.95,0.629,0.121,0.34,0.48,Medium (Mitigation),0.23524508496459598,0.98,51.482420000000005,Moderate,1272.48
520954,Rajli,Dabhoi,22.165455,73.323543,789.0,183.0,47.66,2.497,2,2,0,1,0.511,0.98,0.95,0.627,0.656,0.491,0.634,Medium (Mitigation),0.233804761856269,0.98,19.70133,Moderate,500.226
520955,Anguthan,Dabhoi,22.159431,73.3033,1177.0,299.0,55.48,1.555,2,2,1,1,0.505,0.98,0.95,0.646,0.597,0.372,0.586,Medium (Mitigation),0.23245124936926737,0.98,18.30235,Moderate,689.722
520960,Hansapura,Dabhoi,22.153796,73.382468,430.0,97.0,43.49,1.438,0,2,0,0,0.424,0.98,0.9,0.585,0.09,0.474,0.487,Medium (Mitigation),0.2619292207193895,0.98,6.183400000000001,Moderate,209.41
520961,Kajapur,Dabhoi,22.154333,73.39991,694.0,154.0,10.23,3.672,2,3,0,1,0.545,0.98,0.904,0.588,0.73,0.191,0.558,Medium (Mitigation),0.21970643292053754,0.98,25.48368,Moderate,387.252
520972,Vega,Dabhoi,22.14562,73.385446,852.0,198.0,32.63,2.559,1,3,0,1,0.419,0.98,0.9,0.586,0.66,0.281,0.543,Medium (Mitigation),0.2636606088642493,0.98,21.80268,Moderate,462.636
520974,Borbar,Dabhoi,22.136422,73.338357,1149.0,276.0,56.31,1.464,0,2,1,1,0.434,0.98,0.933,0.594,0.592,0.375,0.564,Medium (Mitigation),0.264392857946907,0.98,16.82136,Moderate,648.036
520956,Nariya,Dabhoi,22.138527,73.302603,1139.0,251.0,45.65,1.68,0,2,0,1,0.412,0.98,0.95,0.646,0.605,0.483,0.6,Medium (Mitigation),0.269520561986156,0.98,19.1352,Moderate,683.4
520971,Fartikui,Dabhoi,22.141432,73.372255,877.0,208.0,42.76,3.132,2,3,1,1,0.318,0.98,0.936,0.605,0.696,0.171,0.499,Medium (Mitigation),0.31019604016385083,0.98,27.467640000000003,Moderate,437.623
520975,Thikariya,Dabhoi,22.129972,73.310806,278.0,65.0,98.2,1.209,0,2,0,0,0.427,0.98,0.914,0.595,0.076,0.693,0.553,Medium (Mitigation),0.26228864507129035,0.98,3.3610200000000003,Moderate,153.734
520976,Dangikuva,Dabhoi,22.127059,73.277309,389.0,81.0,40.62,1.37,0,2,0,1,0.388,0.98,0.95,0.666,0.586,0.462,0.586,Medium (Mitigation),0.2774502958489442,0.98,5.329300000000001,Moderate,227.95399999999998
519871,Mujar Gamdi,Vadodara Rural,22.208463,73.208264,494.0,114.0,35.22,2.176,1,2,0,0,0.438,0.98,0.905,0.584,0.136,0.441,0.49,Medium (Mitigation),0.25798110395918533,0.98,10.749440000000002,Moderate,242.06
519870,Vora Gamdi,Vadodara Rural,22.212751,73.219301,688.0,147.0,21.22,1.751,2,2,0,0,0.468,0.98,0.897,0.585,0.109,0.385,0.474,Medium (Mitigation),0.24497142690526175,0.98,12.046879999999998,Moderate,326.11199999999997
519869,Dhaniyavi,Vadodara Rural,22.206285,73.249285,2353.0,462.0,24.9,1.735,2,2,1,1,0.387,0.98,0.95,0.635,0.608,0.25,0.524,Medium (Mitigation),0.28125788877825275,0.98,40.82455,Moderate,1232.972
519873,Varnama,Vadodara Rural,22.180305,73.185476,4251.0,951.0,30.82,2.413,2,2,1,0,0.438,0.98,0.943,0.61,0.151,0.273,0.449,Medium (Mitigation),0.26260410634006975,0.98,102.57662999999998,Moderate,1908.699
519874,Sundarpura,Vadodara Rural,22.184391,73.218524,1267.0,283.0,32.83,3.361,2,2,1,1,0.42,0.98,0.95,0.646,0.71,0.281,0.562,Medium (Mitigation),0.2662154515926276,0.98,42.583870000000005,Moderate,712.0540000000001
519877,Raghavpura,Vadodara Rural,22.186983,73.262388,850.0,176.0,27.29,2.297,2,2,1,1,0.489,0.98,0.95,0.615,0.644,0.259,0.556,Medium (Mitigation),0.24423827163926076,0.98,19.5245,Moderate,472.6
519879,Patarveni,Vadodara Rural,22.173582,73.25714,721.0,173.0,56.17,1.878,2,2,0,1,0.514,0.98,0.936,0.606,0.617,0.525,0.634,Medium (Mitigation),0.23352658663772455,0.98,13.54038,Moderate,457.11400000000003
519875,Shahpura,Vadodara Rural,22.177526,73.236638,493.0,118.0,48.48,1.541,0,2,0,1,0.531,0.98,0.947,0.615,0.596,0.494,0.626,Medium (Mitigation),0.22844601842302553,0.98,7.59713,Moderate,308.618
519878,Samaspura,Vadodara Rural,22.177009,73.265683,961.0,224.0,59.94,2.794,2,2,0,1,0.553,0.98,0.949,0.608,0.675,0.54,0.66,High (Relocation Priority),0.22319572875244123,0.98,26.850340000000003,High,634.26
519887,Hansapura,Vadodara Rural,22.163973,73.244571,308.0,76.0,47.08,1.596,1,2,0,1,0.451,0.98,0.936,0.603,0.6,0.488,0.605,Medium (Mitigation),0.2570868854427753,0.98,4.91568,Moderate,186.34
519888,Mastupur Gamdi,Vadodara Rural,22.163233,73.277417,430.0,94.0,41.16,2.905,1,2,0,1,0.477,0.98,0.95,0.644,0.682,0.465,0.625,Medium (Mitigation),0.24359443753911952,0.98,12.491499999999998,Moderate,268.75
519881,Fatepura,Vadodara Rural,22.166403,73.223225,278.0,63.0,17.99,1.607,0,1,0,0,0.54,0.98,0.944,0.606,0.1,0.522,0.536,Medium (Mitigation),0.22667671546352822,0.98,4.46746,Moderate,149.008
519892,Ajitpura,Vadodara Rural,22.153972,73.234141,190.0,41.0,18.95,1.011,0,2,0,1,0.466,0.98,0.913,0.593,0.563,0.376,0.564,Medium (Mitigation),0.247788888639772,0.98,1.9208999999999998,Moderate,107.16
519886,Kajapur,Vadodara Rural,22.156066,73.213603,462.0,108.0,5.63,1.711,1,2,0,1,0.522,0.98,0.95,0.612,0.607,0.323,0.575,Medium (Mitigation),0.23302646487756132,0.98,7.904820000000001,Moderate,265.65
519891,Salad,Vadodara Rural,22.148334,73.2608,1501.0,324.0,57.89,1.869,2,2,1,1,0.464,0.98,0.95,0.627,0.617,0.382,0.582,Medium (Mitigation),0.2514721654577301,0.98,28.053690000000003,Moderate,873.582
519885,Untiya Kajapur,Vadodara Rural,22.151983,73.198403,313.0,79.0,65.81,1.573,1,3,0,1,0.485,0.98,0.934,0.605,0.598,0.413,0.589,Medium (Mitigation),0.24358571386680297,0.98,4.92349,Moderate,184.357
519889,Kandkoi,Vadodara Rural,22.152256,73.280713,155.0,37.0,40.65,0.556,1,2,0,0,0.382,0.98,0.95,0.657,0.05,0.463,0.477,Medium (Mitigation),0.28091086961288386,0.98,0.8618000000000001,Moderate,73.935
519893,Dolatpura,Vadodara Rural,22.145677,73.218235,82.0,17.0,12.2,0.641,0,2,0,1,0.507,0.98,0.923,0.594,0.54,0.349,0.562,Medium (Mitigation),0.2353791268004309,0.98,0.52562,Moderate,46.084
519894,Por,Vadodara Rural,22.134139,73.195065,7342.0,1627.0,24.38,11.977,2,2,1,1,0.557,0.98,0.901,0.586,0.98,0.248,0.628,Medium (Mitigation),0.21579465547907653,0.98,879.35134,Moderate,4610.776
519900,Ankhi,Vadodara Rural,22.129567,73.203911,1179.0,243.0,19.76,3.127,2,2,0,1,0.464,0.98,0.905,0.576,0.695,0.379,0.589,Medium (Mitigation),0.250060492681271,0.98,36.867329999999995,Moderate,694.4309999999999
519903,Rasulpur,Vadodara Rural,22.140617,73.233564,68.0,13.0,58.82,0.459,1,2,0,1,0.518,0.98,0.95,0.627,0.529,0.535,0.623,Medium (Mitigation),0.23126229697034487,0.98,0.31212,Moderate,42.364
519904,Runvad,Vadodara Rural,22.127215,73.239275,1400.0,315.0,44.5,2.205,2,2,0,1,0.456,0.98,0.935,0.604,0.638,0.478,0.61,Medium (Mitigation),0.25476835884125537,0.98,30.87,Moderate,854.0
519902,Ramnath,Vadodara Rural,22.134989,73.223695,1239.0,228.0,2.1,4.302,2,2,1,1,0.484,0.98,0.918,0.571,0.769,0.158,0.543,Medium (Mitigation),0.24723049299523445,0.98,53.30178,Moderate,672.777
519901,Fajalpur Ankhi,Vadodara Rural,22.123439,73.221401,579.0,125.0,12.95,3.031,2,2,1,1,0.39,0.98,0.95,0.608,0.689,0.202,0.525,Medium (Mitigation),0.28364766877236974,0.98,17.549490000000002,Moderate,303.975
521039,Jaspur,Padra,22.286455,73.060154,7658.0,1530.0,5.08,4.862,1,2,1,1,0.416,0.98,0.903,0.586,0.804,0.17,0.538,Medium (Mitigation),0.26548995586776286,0.98,372.33196000000004,Moderate,4120.004
521043,Umaraya,Padra,22.268181,73.02998,4115.0,775.0,1.36,7.635,1,2,1,1,0.463,0.98,0.945,0.579,0.977,0.155,0.582,Medium (Mitigation),0.25965538058485643,0.98,314.18025,Moderate,2394.93
521041,Tajpura,Padra,22.266245,73.069227,1720.0,360.0,20.12,5.165,1,2,1,1,0.375,0.98,0.95,0.659,0.823,0.23,0.56,Medium (Mitigation),0.2837146453745382,0.98,88.838,Moderate,963.2
521042,Luna,Padra,22.26456,73.049273,2739.0,521.0,9.6,6.114,1,2,0,1,0.344,0.98,0.921,0.607,0.882,0.338,0.591,Medium (Mitigation),0.2954939367680269,0.98,167.46246,Moderate,1618.749
521040,Sangma,Padra,22.264793,73.087969,3096.0,664.0,13.02,9.41,1,3,1,1,0.431,0.98,0.95,0.647,0.98,0.052,0.55,Medium (Mitigation),0.26156834670884777,0.98,291.3336,Moderate,1702.8000000000002
521044,Ekalbara,Padra,22.256383,73.017797,4435.0,917.0,2.21,7.479,1,3,0,1,0.464,0.98,0.95,0.627,0.967,0.159,0.586,Medium (Mitigation),0.2514721654577301,0.98,331.69365,Moderate,2598.91
521045,Mujpur,Padra,22.245552,72.992466,9410.0,1923.0,4.39,10.585,1,2,1,1,0.492,0.98,0.95,0.629,0.98,0.168,0.597,Medium (Mitigation),0.24045425760422706,0.98,996.0485000000001,Moderate,5617.7699999999995
521058,Dabhasa,Padra,22.23737,73.038788,8337.0,1708.0,8.29,6.953,1,3,1,1,0.372,0.98,0.935,0.606,0.935,0.05,0.523,Medium (Mitigation),0.2874501406041287,0.98,579.67161,Moderate,4360.251
521059,Sokhdakhurd,Padra,22.244837,73.11375,2139.0,462.0,24.4,4.785,1,2,1,1,0.508,0.98,0.95,0.627,0.799,0.248,0.589,Medium (Mitigation),0.23490192989132008,0.98,102.35115,Moderate,1259.8709999999999
521057,Mahuvad,Padra,22.234796,73.013282,2564.0,534.0,9.56,5.308,1,3,1,1,0.319,0.98,0.95,0.637,0.832,0.05,0.494,Medium (Mitigation),0.30993601490200084,0.98,136.09712,Moderate,1266.616
521061,Darapura,Padra,22.228044,73.106676,3032.0,666.0,15.2,7.431,1,2,0,1,0.532,0.98,0.877,0.572,0.964,0.361,0.649,Medium (Mitigation),0.22200356603742502,0.98,225.30792000000002,Moderate,1967.768
521060,Patod,Padra,22.225549,73.120499,2479.0,532.0,16.9,4.851,1,2,0,1,0.536,0.98,0.881,0.573,0.803,0.368,0.621,Medium (Mitigation),0.22133007025707105,0.98,120.25629,Moderate,1539.459
521055,Narsipura,Padra,22.229941,72.973697,3447.0,729.0,0.52,12.91,1,2,0,1,0.427,0.98,0.95,0.616,0.98,0.302,0.622,Medium (Mitigation),0.2677080188065597,0.98,445.00770000000006,Moderate,2144.034
521056,Dhobikuwa,Padra,22.22517,73.002439,3392.0,710.0,0.18,17.218,1,2,0,1,0.33,0.98,0.95,0.626,0.98,0.301,0.6,Medium (Mitigation),0.3062825492906835,0.98,584.0345599999999,Moderate,2035.1999999999998
521063,Latipura,Padra,22.222343,73.058454,2702.0,592.0,20.91,7.72,1,2,0,0,0.456,0.98,0.928,0.606,0.482,0.384,0.55,Medium (Mitigation),0.2526730430154089,0.98,208.59439999999998,Moderate,1486.1000000000001
521062,Ghayaj,Padra,22.219221,73.082331,2667.0,594.0,25.12,3.614,1,3,0,1,0.519,0.98,0.915,0.592,0.726,0.25,0.571,Medium (Mitigation),0.22981224220364474,0.98,96.38538,Moderate,1522.857
521054,Somjipura,Padra,22.215018,72.968122,2480.0,518.0,1.25,9.841,1,2,0,1,0.315,0.98,0.95,0.627,0.98,0.305,0.598,Medium (Mitigation),0.31260091703853543,0.98,244.05679999999995,Moderate,1483.04
519844,Sindhrot,Vadodara Rural,22.328932,73.071113,7027.0,1480.0,2.8,6.394,2,3,1,1,0.528,0.98,0.887,0.552,0.9,0.05,0.542,Medium (Mitigation),0.230546271566758,0.98,449.30638,Moderate,3808.6340000000005
519842,Ankodiya,Vadodara Rural,22.334255,73.122831,4608.0,937.0,26.41,8.845,2,2,1,1,0.491,0.98,0.95,0.638,0.98,0.256,0.624,Medium (Mitigation),0.23920336536094133,0.98,407.5776,Moderate,2875.392
519825,Rayaka,Vadodara Rural,22.439928,73.10356,1981.0,361.0,6.71,3.329,2,3,0,1,0.417,0.98,0.923,0.586,0.708,0.177,0.523,Medium (Mitigation),0.2698178397857834,0.98,65.94749,Moderate,1036.063
519826,Sankarda,Vadodara Rural,22.433457,73.127512,7460.0,1472.0,5.12,10.163,2,2,1,0,0.535,0.98,0.916,0.585,0.635,0.17,0.532,Medium (Mitigation),0.22645234966029093,0.98,758.1597999999999,Moderate,3968.7200000000003
519828,Sokhda,Vadodara Rural,22.424976,73.16211,12610.0,2454.0,10.06,10.686,1,2,1,1,0.468,0.98,0.913,0.585,0.98,0.19,0.591,Medium (Mitigation),0.24865571915133314,0.98,1347.5046,Moderate,7452.509999999999
519829,Padmala,Vadodara Rural,22.415159,73.132252,5446.0,1059.0,10.72,7.836,2,3,1,1,0.484,0.98,0.934,0.605,0.98,0.05,0.557,Medium (Mitigation),0.24394996071599057,0.98,426.74856,Moderate,3033.4220000000005
519832,Ajod,Vadodara Rural,22.40144,73.158016,2661.0,526.0,16.27,6.554,2,2,1,1,0.379,0.029,0.391,0.286,0.91,0.215,0.395,Low (Monitoring),0.16817921988164888,0.391,174.40194,Low,1051.095
519831,Anagadh,Vadodara Rural,22.373755,73.080302,14780.0,2815.0,3.83,12.999,2,2,1,0,0.588,0.98,0.922,0.578,0.812,0.165,0.578,Medium (Mitigation),0.21381923829877114,0.98,1921.2522,Moderate,8542.84
519836,Dhanora,Vadodara Rural,22.379574,73.097867,4006.0,864.0,7.16,10.711,2,2,1,1,0.519,0.98,0.902,0.586,0.98,0.179,0.599,Medium (Mitigation),0.22819490937938705,0.98,429.08266000000003,Moderate,2399.594
519837,Kotna,Vadodara Rural,22.359605,73.058884,2902.0,594.0,0.48,7.01,2,2,1,1,0.494,0.98,0.92,0.596,0.938,0.152,0.579,Medium (Mitigation),0.2387655754081815,0.98,203.4302,Moderate,1680.2579999999998
519848,Khanpur,Vadodara Rural,22.318836,73.118396,1466.0,304.0,13.17,7.596,2,3,0,1,0.752,0.049,0.388,0.286,0.975,0.203,0.49,Medium (Mitigation),0.29231190533401136,0.752,111.35736000000001,Moderate,718.34
519843,Sherkhi,Vadodara Rural,22.33714,73.093718,9464.0,1841.0,4.21,7.663,2,3,1,0,0.452,0.98,0.95,0.631,0.479,0.05,0.453,Medium (Mitigation),0.25548825804721437,0.98,725.22632,Moderate,4287.192
519859,Chapad,Vadodara Rural,22.229309,73.156898,2419.0,530.0,26.0,4.877,2,2,0,1,0.511,0.98,0.935,0.605,0.805,0.404,0.634,Medium (Mitigation),0.23454264004653824,0.98,117.97462999999999,Moderate,1533.646
519846,Ampad,Vadodara Rural,22.303464,73.085825,1610.0,296.0,2.8,3.508,2,2,1,0,0.454,0.98,0.913,0.597,0.219,0.161,0.428,Medium (Mitigation),0.2514690173096214,0.98,56.4788,Moderate,689.08
519847,Mahapura,Vadodara Rural,22.302753,73.103757,1601.0,268.0,4.62,12.315,2,2,0,1,0.548,0.98,0.95,0.637,0.98,0.318,0.655,High (Relocation Priority),0.21845422861551567,0.98,197.16314999999997,High,1048.655
519845,Hinglot,Vadodara Rural,22.293659,73.078092,1057.0,206.0,1.7,3.872,2,2,0,1,0.44,0.98,0.95,0.616,0.742,0.307,0.579,Medium (Mitigation),0.2626194966105906,0.98,40.92704,Moderate,612.0029999999999
519851,Raypura,Vadodara Rural,22.279864,73.09255,5619.0,1085.0,0.61,12.514,2,2,1,0,0.468,0.98,0.932,0.605,0.782,0.152,0.544,Medium (Mitigation),0.24934363837884452,0.98,703.16166,Moderate,3056.7360000000003
519852,Gokalpura,Vadodara Rural,22.266038,73.114605,1032.0,208.0,25.0,6.255,2,3,0,1,0.568,0.98,0.95,0.628,0.891,0.25,0.621,Medium (Mitigation),0.21365002535299016,0.98,64.5516,Moderate,640.872
519853,Samiyala,Vadodara Rural,22.25584,73.124736,6364.0,1315.0,10.39,12.754,2,3,1,1,0.59,0.98,0.95,0.628,0.98,0.05,0.584,Medium (Mitigation),0.2064848662735359,0.98,811.6645599999999,Moderate,3716.5759999999996
519830,Fajalpur Sankarda,Vadodara Rural,22.426235,73.087611,4740.0,950.0,3.76,7.72,1,3,0,1,0.449,0.98,0.915,0.594,0.98,0.165,0.581,Medium (Mitigation),0.25436260207297245,0.98,365.92799999999994,Moderate,2753.9399999999996
251214,Padra,Padra,22.244951,73.080335,46660.0,9579.0,28.63,2.3600000000000003,0,0,0,0,0.773,0.02,0.388,0.286,0.148,0.7,0.476,Medium (Mitigation),0.3121146957984089,0.773,1101.1760000000002,Moderate,22210.16
520926,Kunvarwada,Dabhoi,22.252725,73.337496,1014.0,215.0,34.32,1.657,2,2,0,1,0.434,0.98,0.897,0.585,0.604,0.437,0.581,Medium (Mitigation),0.25747880171643905,0.98,16.80198,Moderate,589.134
520927,Vanadra,Dabhoi,22.238186,73.364509,2531.0,547.0,40.1,1.85,0,3,0,1,0.379,0.98,0.932,0.59,0.616,0.31,0.537,Medium (Mitigation),0.2861961739786191,0.98,46.8235,Moderate,1359.1470000000002
520925,Saguwada,Dabhoi,22.240843,73.32019,840.0,162.0,38.57,1.883,0,1,1,1,0.453,0.98,0.899,0.586,0.618,0.454,0.594,Medium (Mitigation),0.2506824019883858,0.98,15.8172,Moderate,498.96
520924,Malharpura,Dabhoi,22.238425,73.302594,370.0,85.0,13.51,2.079,0,1,0,1,0.539,0.98,0.897,0.586,0.63,0.504,0.63,Medium (Mitigation),0.220548558523212,0.98,7.6923,Moderate,233.1
520939,Dholar,Dabhoi,22.222189,73.395816,2049.0,491.0,42.46,2.419,0,3,1,1,0.474,0.98,0.94,0.603,0.651,0.17,0.525,Medium (Mitigation),0.24952137516987732,0.98,49.56531,Moderate,1075.7250000000001
520928,Mavli,Dabhoi,22.221537,73.342496,962.0,212.0,57.59,1.529,2,2,0,0,0.494,0.98,0.945,0.614,0.096,0.53,0.528,Medium (Mitigation),0.24130530454177754,0.98,14.708979999999999,Moderate,507.93600000000004
520923,Rasulpura,Dabhoi,22.22173,73.317514,376.0,90.0,60.9,1.357,0,2,0,0,0.509,0.98,0.911,0.585,0.085,0.544,0.528,Medium (Mitigation),0.23385946634677843,0.98,5.10232,Moderate,198.52800000000002
519818,Indrad,Savli,22.439792,73.273307,1912.0,422.0,36.77,1.828,2,2,0,1,0.482,0.98,0.916,0.595,0.614,0.447,0.6,Medium (Mitigation),0.24229647816948008,0.98,34.95136,Moderate,1147.2
519817,Pilol,Savli,22.422196,73.230199,3242.0,646.0,16.19,5.376,2,2,0,1,0.545,0.98,0.896,0.583,0.836,0.365,0.631,Medium (Mitigation),0.21918485349129396,0.98,174.28992000000002,Moderate,2045.702
519833,Asoj,Vadodara Rural,22.421,73.199415,3801.0,827.0,18.71,3.474,2,2,1,0,0.522,0.98,0.891,0.584,0.217,0.225,0.459,Medium (Mitigation),0.22523228750188842,0.98,132.04674,Moderate,1744.659
519834,Virod,Vadodara Rural,22.394473,73.226574,2461.0,506.0,47.3,2.254,2,2,1,1,0.491,0.98,0.86,0.561,0.641,0.339,0.566,Medium (Mitigation),0.2344397577204003,0.98,55.47094,Moderate,1392.926
519839,Sukhlipur,Vadodara Rural,22.374111,73.255936,942.0,185.0,37.26,2.935,2,1,0,1,0.548,0.98,0.902,0.575,0.683,0.599,0.671,High (Relocation Priority),0.2216805133519859,0.98,27.6477,High,632.082
519838,Dena,Vadodara Rural,22.365988,73.221735,2565.0,480.0,25.22,5.777,2,2,0,1,0.557,0.98,0.902,0.586,0.861,0.401,0.65,Medium (Mitigation),0.21601909637807487,0.98,148.18005000000002,Moderate,1667.25
519841,Kotali,Vadodara Rural,22.35516,73.235373,1269.0,266.0,42.71,4.067,2,3,0,1,0.484,0.98,0.909,0.575,0.754,0.321,0.588,Medium (Mitigation),0.24418981687749935,0.98,51.61023,Moderate,746.1719999999999
519840,Amaliyara,Vadodara Rural,22.362429,73.256445,1618.0,344.0,57.42,3.35,2,3,1,1,0.472,0.98,0.942,0.586,0.709,0.23,0.553,Medium (Mitigation),0.254194151519398,0.98,54.203,Moderate,894.7540000000001
519849,Ankhol,Vadodara Rural,22.304008,73.270046,1129.0,233.0,56.69,3.043,2,2,0,1,0.488,0.98,0.895,0.583,0.69,0.527,0.637,Medium (Mitigation),0.23785780065689108,0.98,34.35547,Moderate,719.173
519850,Khatamba,Vadodara Rural,22.286521,73.27036,920.0,190.0,50.43,2.534,2,2,0,1,0.522,0.98,0.933,0.606,0.658,0.502,0.636,Medium (Mitigation),0.22999184768160805,0.98,23.312799999999996,Moderate,585.12
519854,Shankarpura,Vadodara Rural,22.275823,73.272863,751.0,167.0,36.09,1.911,2,3,0,1,0.555,0.98,0.885,0.576,0.619,0.294,0.567,Medium (Mitigation),0.21557829204258946,0.98,14.35161,Moderate,425.81699999999995
519864,Tatarpura,Vadodara Rural,22.265645,73.294879,1046.0,233.0,45.89,2.193,2,2,0,0,0.498,0.98,0.879,0.576,0.137,0.484,0.514,Medium (Mitigation),0.23252150438185282,0.98,22.93878,Moderate,537.644
519855,Jobantekri,Vadodara Rural,22.267751,73.281069,430.0,92.0,81.86,4.624,1,2,0,0,0.569,0.98,0.884,0.586,0.289,0.627,0.604,Medium (Mitigation),0.20850479610790734,0.98,19.8832,Moderate,259.71999999999997
519856,Ratanpur,Vadodara Rural,22.268483,73.256635,1508.0,344.0,41.45,5.112,2,3,0,1,0.521,0.98,0.884,0.575,0.82,0.316,0.606,Medium (Mitigation),0.22621671025810625,0.98,77.08896,Moderate,913.848
519868,Kelanpur,Vadodara Rural,22.242363,73.281591,2929.0,614.0,50.46,3.458,2,3,1,0,0.538,0.98,0.92,0.607,0.216,0.202,0.46,Medium (Mitigation),0.22112345722092291,0.98,101.28482,Moderate,1347.3400000000001
519857,Vadadla,Vadodara Rural,22.248199,73.250718,2303.0,503.0,17.89,5.83,2,2,1,1,0.437,0.98,0.878,0.573,0.864,0.222,0.566,Medium (Mitigation),0.25444449296457566,0.98,134.2649,Moderate,1303.4979999999998
519865,Sultanpura,Vadodara Rural,22.245836,73.303381,298.0,75.0,34.56,1.319,1,2,0,1,0.53,0.98,0.887,0.574,0.582,0.438,0.597,Medium (Mitigation),0.2242281204487965,0.98,3.9306200000000002,Moderate,177.906
519863,Navapura,Vadodara Rural,22.242051,73.265192,387.0,73.0,0.0,3.794,1,2,0,1,0.506,0.98,0.902,0.585,0.737,0.3,0.583,Medium (Mitigation),0.23279658502649905,0.98,14.682780000000001,Moderate,225.62099999999998
519862,Alhadpura,Vadodara Rural,22.230247,73.265911,991.0,217.0,34.01,1.955,0,2,0,1,0.539,0.98,0.92,0.598,0.622,0.436,0.611,Medium (Mitigation),0.2229220715855655,0.98,19.37405,Moderate,605.501
519867,Hetampura,Vadodara Rural,22.227236,73.2839,1504.0,317.0,1.2,6.04,2,1,0,1,0.513,0.98,0.894,0.582,0.878,0.455,0.659,High (Relocation Priority),0.22933872328937385,0.98,90.8416,High,991.1360000000001
519866,Diwalipura,Vadodara Rural,22.228,73.295272,661.0,136.0,21.63,2.146,2,3,0,1,0.5,0.98,0.896,0.585,0.634,0.237,0.542,Medium (Mitigation),0.23349571730547863,0.98,14.185059999999998,Moderate,358.262
519860,Maretha,Vadodara Rural,22.223075,73.183108,1918.0,403.0,18.2,7.959,2,2,0,1,0.542,0.98,0.95,0.617,0.98,0.373,0.669,High (Relocation Priority),0.22499833332716043,0.98,152.65362,High,1283.142
251209,Vadodara,Vadodara Rural,22.306225,73.182732,1752371.0,393887.0,28.63,2.3600000000000003,0,0,0,0,0.765,0.02,0.388,0.286,0.148,0.7,0.474,Medium (Mitigation),0.3086501525459961,0.765,41355.95560000001,Moderate,830623.8539999999
519938,Panch Devla,Vaghodia,22.43723,73.378274,867.0,179.0,21.8,3.335,1,3,0,1,0.439,0.98,0.927,0.602,0.708,0.237,0.547,Medium (Mitigation),0.25960097585846376,0.98,28.914450000000002,Moderate,474.249
519939,Abhrampura,Vaghodia,22.430948,73.384792,627.0,147.0,19.62,1.39,1,2,0,1,0.431,0.98,0.942,0.614,0.587,0.378,0.566,Medium (Mitigation),0.26441681111457344,0.98,8.7153,Moderate,354.88199999999995
519936,Kamrol,Vaghodia,22.426497,73.295766,2097.0,441.0,46.78,2.074,1,3,1,1,0.492,0.98,0.923,0.594,0.63,0.187,0.528,Medium (Mitigation),0.24062332250497526,0.98,43.49178,Moderate,1107.2160000000001
519942,Kodarvaya,Vaghodia,22.415313,73.384313,398.0,88.0,71.11,1.579,1,2,0,1,0.346,0.98,0.95,0.614,0.599,0.584,0.612,Medium (Mitigation),0.3008803749000589,0.98,6.28442,Moderate,243.576
519935,Amreshwar,Vaghodia,22.413419,73.264611,480.0,106.0,45.0,1.943,1,2,0,1,0.443,0.98,0.95,0.616,0.621,0.48,0.607,Medium (Mitigation),0.2614541068715502,0.98,9.3264,Moderate,291.36
519950,Kotambi,Vaghodia,22.396152,73.312378,3740.0,755.0,47.57,1.918,1,3,0,1,0.527,0.98,0.891,0.576,0.62,0.34,0.575,Medium (Mitigation),0.22554895994735452,0.98,71.7332,Moderate,2150.5
519937,Lilora,Vaghodia,22.428497,73.363664,1698.0,371.0,28.03,3.093,1,3,1,1,0.422,0.98,0.95,0.637,0.693,0.112,0.508,Medium (Mitigation),0.26659754312446315,0.98,52.51914,Moderate,862.5840000000001
519943,Vyankatpura,Vaghodia,22.404352,73.368516,592.0,134.0,63.68,1.194,1,2,0,1,0.445,0.98,0.95,0.626,0.575,0.555,0.622,Medium (Mitigation),0.25903715949647066,0.98,7.068479999999999,Moderate,368.224
519945,Rahkui,Vaghodia,22.408263,73.335659,773.0,169.0,80.6,2.534,1,2,0,0,0.471,0.98,0.95,0.626,0.158,0.622,0.564,Medium (Mitigation),0.24895431307772115,0.98,19.58782,Moderate,435.972
519946,Ganeshpura,Vaghodia,22.402363,73.274967,981.0,204.0,40.06,1.666,1,2,0,1,0.458,0.98,0.94,0.605,0.604,0.46,0.599,Medium (Mitigation),0.2550926302345875,0.98,16.34346,Moderate,587.619
519944,Amrutpura,Vaghodia,22.398513,73.352163,409.0,88.0,90.46,1.561,1,1,0,1,0.522,0.98,0.912,0.594,0.598,0.812,0.714,High (Relocation Priority),0.22763128080296874,0.98,6.3844899999999996,High,292.026
519947,Bhaniyara,Vaghodia,22.393587,73.264179,1796.0,405.0,26.28,2.595,1,3,1,1,0.551,0.98,0.913,0.593,0.662,0.105,0.522,Medium (Mitigation),0.21861438653482984,0.98,46.60620000000001,Moderate,937.5120000000001
519954,Jafarpura,Vaghodia,22.389601,73.367701,358.0,81.0,53.35,2.452,1,1,0,0,0.535,0.98,0.933,0.604,0.153,0.663,0.586,Medium (Mitigation),0.22601917322799556,0.98,8.77816,Moderate,209.78799999999998
519952,Intoli,Vaghodia,22.38544,73.332133,1060.0,204.0,2.92,4.69,1,2,0,0,0.464,0.98,0.919,0.602,0.293,0.312,0.492,Medium (Mitigation),0.24823023586984724,0.98,49.714000000000006,Moderate,521.52
519953,Rasulabad,Vaghodia,22.379755,73.345826,2279.0,453.0,43.97,2.185,1,3,1,1,0.437,0.98,0.894,0.583,0.637,0.176,0.51,Medium (Mitigation),0.25605012530101734,0.98,49.79615,Moderate,1162.29
519957,Rayan Talavadi,Vaghodia,22.369731,73.378642,1597.0,336.0,24.67,2.442,1,1,1,1,0.429,0.98,0.914,0.592,0.653,0.399,0.581,Medium (Mitigation),0.26203991426243955,0.98,38.998740000000005,Moderate,927.857
519948,Bhaupura,Vaghodia,22.379426,73.279252,663.0,143.0,28.21,2.046,1,3,0,1,0.503,0.98,0.95,0.615,0.628,0.263,0.557,Medium (Mitigation),0.2391359446005556,0.98,13.564979999999998,Moderate,369.29100000000005
519951,Sakariya,Vaghodia,22.370251,73.321545,654.0,163.0,62.84,1.546,1,2,0,1,0.412,0.98,0.911,0.594,0.597,0.551,0.611,Medium (Mitigation),0.2675498395937973,0.98,10.110840000000001,Moderate,399.594
519949,Kumetha,Vaghodia,22.36591,73.282281,1595.0,298.0,18.06,2.058,1,2,1,1,0.402,0.98,0.906,0.594,0.629,0.222,0.516,Medium (Mitigation),0.2703053828542821,0.98,32.8251,Moderate,823.02
519958,Morlipura,Vaghodia,22.361659,73.295115,993.0,209.0,17.72,2.52,1,2,0,1,0.342,0.98,0.95,0.625,0.658,0.371,0.56,Medium (Mitigation),0.30129539768583696,0.98,25.023600000000002,Moderate,556.08
519962,Raval,Vaghodia,22.347207,73.346467,2702.0,575.0,40.64,2.183,1,3,1,1,0.41,0.98,0.95,0.627,0.636,0.163,0.508,Medium (Mitigation),0.27285939602659826,0.98,58.98465999999999,Moderate,1372.616
519963,Sanoli,Vaghodia,22.346867,73.382726,1202.0,250.0,50.42,1.164,1,1,0,1,0.439,0.98,0.95,0.615,0.573,0.652,0.648,Medium (Mitigation),0.2631742135291121,0.98,13.99128,Moderate,778.8960000000001
519961,Nimetha,Vaghodia,22.346736,73.31377,2328.0,458.0,55.28,1.73,1,2,1,1,0.3,0.98,0.95,0.637,0.608,0.371,0.541,Medium (Mitigation),0.31819634923529,0.98,40.2744,Moderate,1259.448
519960,Jesangpura,Vaghodia,22.337236,73.288132,811.0,162.0,29.84,3.06,1,2,0,1,0.421,0.98,0.932,0.604,0.691,0.419,0.595,Medium (Mitigation),0.2674501511185465,0.98,24.816599999999998,Moderate,482.54499999999996
519978,Chipad,Vaghodia,22.331109,73.336834,944.0,204.0,16.84,1.975,1,2,0,1,0.468,0.98,0.95,0.658,0.623,0.367,0.582,Medium (Mitigation),0.24501972709695571,0.98,18.644000000000002,Moderate,549.408
519984,Gajadra,Vaghodia,22.320324,73.360103,1685.0,366.0,45.22,1.95,1,2,0,0,0.504,0.98,0.95,0.616,0.122,0.481,0.521,Medium (Mitigation),0.23857004561903128,0.98,32.8575,Moderate,877.885
519979,Navi Jambuvai,Vaghodia,22.331554,73.307663,491.0,116.0,35.64,2.063,1,2,0,1,0.418,0.98,0.911,0.594,0.629,0.443,0.586,Medium (Mitigation),0.2652223909602405,0.98,10.129330000000001,Moderate,287.726
519959,Sikandarpura,Vaghodia,22.333964,73.270463,2905.0,653.0,11.6,18.043,1,1,0,1,0.404,0.98,0.949,0.613,0.98,0.496,0.675,High (Relocation Priority),0.2770421147286696,0.98,524.14915,High,1960.8750000000002
519982,Shripore Timbi,Vaghodia,22.316,73.300323,670.0,142.0,40.6,1.393,1,2,0,1,0.498,0.98,0.95,0.638,0.587,0.462,0.609,Medium (Mitigation),0.23654386485385745,0.98,9.3331,Moderate,408.03
519977,Khandha,Vaghodia,22.325434,73.374753,1128.0,223.0,52.3,2.93,1,2,0,1,0.55,0.98,0.95,0.616,0.683,0.509,0.652,High (Relocation Priority),0.22252490497320368,0.98,33.050399999999996,High,735.456
519976,Nava Ajva,Vaghodia,22.323725,73.395499,869.0,200.0,46.61,1.36,1,2,0,1,0.53,0.98,0.935,0.605,0.585,0.486,0.619,Medium (Mitigation),0.22798026230355994,0.98,11.818400000000002,Moderate,537.911
519980,Bakrol,Vaghodia,22.323132,73.284063,1017.0,190.0,49.26,1.496,1,2,0,1,0.475,0.98,0.95,0.626,0.594,0.497,0.615,Medium (Mitigation),0.24742726203876564,0.98,15.21432,Moderate,625.455
520006,Ropa,Vaghodia,22.267676,73.333045,633.0,127.0,30.02,3.659,1,0,0,1,0.548,0.98,0.917,0.596,0.729,0.72,0.72,High (Relocation Priority),0.21976407804734602,0.98,23.161469999999998,High,455.76
519983,Bhadol Khurd,Vaghodia,22.318998,73.322901,458.0,101.0,22.27,2.091,1,2,0,1,0.414,0.98,0.95,0.637,0.631,0.389,0.577,Medium (Mitigation),0.2698609209697963,0.98,9.576780000000001,Moderate,264.26599999999996
519981,Hanumanpura,Vaghodia,22.315167,73.270079,504.0,121.0,41.47,2.008,1,2,0,1,0.422,0.98,0.917,0.595,0.626,0.466,0.594,Medium (Mitigation),0.2649207428647293,0.98,10.12032,Moderate,299.376
520000,Alva,Vaghodia,22.308185,73.32646,2066.0,415.0,22.07,3.183,1,2,1,1,0.507,0.98,0.938,0.605,0.699,0.238,0.562,Medium (Mitigation),0.23670868171657752,0.98,65.76078,Moderate,1161.092
520001,Amodar,Vaghodia,22.298566,73.303627,1591.0,348.0,21.43,4.749,1,3,0,0,0.499,0.98,0.95,0.635,0.297,0.236,0.483,Medium (Mitigation),0.23671501853494634,0.98,75.55659,Moderate,768.453
520007,Limda,Vaghodia,22.283762,73.362083,2608.0,574.0,54.68,2.981,1,3,1,1,0.567,0.98,0.865,0.564,0.686,0.219,0.557,Medium (Mitigation),0.2113969410059348,0.98,77.74448,Moderate,1452.6560000000002
519999,Kamlapura,Vaghodia,22.287513,73.334125,433.0,81.0,66.97,1.498,1,2,0,1,0.433,0.98,0.915,0.595,0.594,0.568,0.621,Medium (Mitigation),0.26022858541418287,0.98,6.48634,Moderate,268.893
519998,Dattapura,Vaghodia,22.290134,73.350391,40.0,10.0,50.0,0.305,0,1,0,0,0.486,0.98,0.914,0.594,0.05,0.65,0.548,Medium (Mitigation),0.24059578827014688,0.98,0.122,Moderate,21.92
520003,Pipaliya,Vaghodia,22.286007,73.31567,1320.0,291.0,56.29,2.082,1,3,1,0,0.489,0.98,0.892,0.583,0.13,0.225,0.434,Medium (Mitigation),0.2368473488698294,0.98,27.4824,Moderate,572.88
520002,Pavlepur,Vaghodia,22.284299,73.289908,1313.0,308.0,38.23,1.966,1,3,0,0,0.49,0.98,0.91,0.594,0.123,0.303,0.459,Medium (Mitigation),0.23823447833314698,0.98,25.81358,Moderate,602.667
520008,Madheli,Vaghodia,22.265344,73.374207,2057.0,434.0,37.72,2.345,1,3,0,1,0.463,0.98,0.899,0.586,0.647,0.301,0.556,Medium (Mitigation),0.24702901314083198,0.98,48.23665,Moderate,1143.692
520004,Umarva,Vaghodia,22.269155,73.310472,1090.0,265.0,34.95,1.652,1,1,1,0,0.473,0.98,0.941,0.615,0.103,0.44,0.497,Medium (Mitigation),0.2478674040691918,0.98,18.0068,Moderate,541.73
520005,Mastupura,Vaghodia,22.258596,73.318803,487.0,131.0,62.63,2.064,1,2,0,1,0.534,0.98,0.916,0.596,0.629,0.551,0.646,Medium (Mitigation),0.22409744904096224,0.98,10.05168,Moderate,314.60200000000003
520019,Falod,Vaghodia,22.251891,73.393337,1903.0,422.0,23.7,5.143,1,2,0,1,0.529,0.98,0.95,0.629,0.821,0.395,0.642,Medium (Mitigation),0.22689645215384038,0.98,97.87128999999999,Moderate,1221.726
519927,Alamgir,Vadodara Rural,22.211725,73.197007,0.0,0.0,28.63,2.3600000000000003,0,0,0,0,0.488,0.02,0.862,0.563,0.148,0.7,0.48,Medium (Mitigation),0.3485373007297784,0.862,0.0,Moderate,0.0
519906,Nandesari,Vadodara Rural,22.41435,73.095614,8290.0,1717.0,28.63,2.3600000000000003,0,0,0,0,0.708,0.02,0.388,0.286,0.148,0.7,0.461,Medium (Mitigation),0.28437240841309946,0.708,195.644,Moderate,3821.69
519909,Bajwa,Vadodara Rural,22.366252,73.140935,9611.0,1906.0,28.63,2.3600000000000003,0,0,0,0,0.756,0.02,0.388,0.286,0.148,0.7,0.472,Medium (Mitigation),0.30476821794056325,0.756,226.81960000000004,Moderate,4536.392
519907,Ranoli,Vadodara Rural,22.398552,73.131306,11726.0,2511.0,28.63,2.3600000000000003,0,0,0,0,0.645,0.02,0.388,0.286,0.148,0.7,0.447,Medium (Mitigation),0.2585438389648198,0.645,276.7336,Moderate,5241.522
519908,Karachiya,Vadodara Rural,22.379471,73.131637,7103.0,1565.0,28.63,2.3600000000000003,0,0,0,0,0.751,0.02,0.388,0.286,0.148,0.7,0.471,Medium (Mitigation),0.3026189848638053,0.751,167.63080000000002,Moderate,3345.513
519910,Jawaharnagar Gujarat Refinery CT,Vadodara Rural,22.359056,73.132399,3417.0,884.0,28.63,2.3600000000000003,0,0,0,0,0.438,0.02,0.95,0.639,0.148,0.7,0.483,Medium (Mitigation),0.38966342314019325,0.95,80.64120000000001,Moderate,1650.411
802593,Nandesari INA,Vadodara Rural,22.403717,73.104746,3679.0,833.0,28.63,2.3600000000000003,0,0,0,0,0.543,0.02,0.904,0.587,0.148,0.7,0.498,Medium (Mitigation),0.36619894410916404,0.904,86.82440000000001,Moderate,1832.142
802595,GSFC Complex INA,Vadodara Rural,22.372328,73.152346,2242.0,574.0,28.63,2.3600000000000003,0,0,0,0,0.72,0.02,0.388,0.286,0.148,0.7,0.464,Medium (Mitigation),0.2894195340101747,0.72,52.91120000000001,Moderate,1040.288
802594,Petro Chemical Complex INA,Vadodara Rural,22.389119,73.111768,1951.0,603.0,28.63,2.3600000000000003,0,0,0,0,0.687,0.02,0.388,0.286,0.148,0.7,0.456,Medium (Mitigation),0.27563184987709,0.687,46.043600000000005,Moderate,889.6560000000001
519911,Undera,Vadodara Rural,22.343372,73.137039,16902.0,3434.0,28.63,2.3600000000000003,0,0,0,0,0.751,0.02,0.388,0.286,0.148,0.7,0.471,Medium (Mitigation),0.3026189848638053,0.751,398.88720000000006,Moderate,7960.842
519919,Dasharath,Vadodara Rural,22.385983,73.157488,0.0,0.0,28.63,2.3600000000000003,0,0,0,0,0.668,0.02,0.388,0.286,0.148,0.7,0.452,Medium (Mitigation),0.2678326591984878,0.668,0.0,Moderate,0.0
999999,Sayaji Sarovar,Vaghodia,22.380487,73.406611,0.0,0.0,28.63,2.3600000000000003,0,0,0,0,0.756,0.02,0.388,0.286,0.148,0.7,0.472,Medium (Mitigation),0.30476821794056325,0.756,0.0,Moderate,0.0
519923,Gorva OG,Vadodara Rural,22.338225,73.15438,0.0,0.0,28.63,2.3600000000000003,0,0,0,0,0.738,0.02,0.388,0.286,0.148,0.7,0.468,Medium (Mitigation),0.2970566724829905,0.738,0.0,Moderate,0.0
519924,Sevasi,Vadodara Rural,22.306627,73.117423,0.0,0.0,28.63,2.3600000000000003,0,0,0,0,0.514,0.02,0.95,0.638,0.148,0.7,0.5,Medium (Mitigation),0.38661738191654027,0.95,0.0,Moderate,0.0
519918,Kalali OG,Vadodara Rural,22.250808,73.16557,0.0,0.0,28.63,2.3600000000000003,0,0,0,0,0.537,0.02,0.95,0.608,0.148,0.7,0.503,Medium (Mitigation),0.38411228826997973,0.95,0.0,Moderate,0.0
519925,Bhayli,Vadodara Rural,22.281721,73.121784,0.0,0.0,28.63,2.3600000000000003,0,0,0,0,0.49,0.02,0.95,0.629,0.148,0.7,0.494,Medium (Mitigation),0.38629037005858685,0.95,0.0,Moderate,0.0
519926,Bil,Vadodara Rural,22.248134,73.140536,0.0,0.0,28.63,2.3600000000000003,0,0,0,0,0.457,0.02,0.9,0.586,0.148,0.7,0.478,Medium (Mitigation),0.3648299832342,0.9,0.0,Moderate,0.0
519913,Karodiya OG,Vadodara Rural,22.349552,73.162735,0.0,0.0,28.63,2.3600000000000003,0,0,0,0,0.736,0.02,0.388,0.286,0.148,0.7,0.467,Medium (Mitigation),0.2962043213729334,0.736,0.0,Moderate,0.0
519912,Tarsali CT,Vadodara Rural,22.246946,73.229342,4929.0,1081.0,28.63,2.3600000000000003,0,0,0,0,0.532,0.02,0.915,0.596,0.148,0.7,0.498,Medium (Mitigation),0.3705278891887447,0.915,116.32440000000003,Moderate,2454.642
520022,Jarod CT,Vaghodia,22.429672,73.332882,7200.0,1601.0,28.63,2.3600000000000003,0,0,0,0,0.472,0.02,0.946,0.613,0.148,0.7,0.488,Medium (Mitigation),0.38393521588934765,0.946,169.92000000000004,Moderate,3513.6
520023,Vaghodia CT,Vaghodia,22.297497,73.39063,16604.0,3604.0,28.63,2.3600000000000003,0,0,0,0,0.683,0.02,0.388,0.286,0.148,0.7,0.456,Medium (Mitigation),0.27398099082478944,0.683,391.8544,Moderate,7571.424
802598,Vaghodia INA,Vaghodia,22.311117,73.38898,248.0,60.0,28.63,2.3600000000000003,0,0,0,0,0.481,0.02,0.95,0.615,0.148,0.7,0.491,Medium (Mitigation),0.38531242734522153,0.95,5.852800000000001,Moderate,121.768
519921,Dumad,Vadodara Rural,22.376152,73.201184,0.0,0.0,28.63,2.3600000000000003,0,0,0,0,0.445,0.02,0.883,0.574,0.148,0.7,0.473,Medium (Mitigation),0.35780301843332735,0.883,0.0,Moderate,0.0
519922,Vemali,Vadodara Rural,22.35407,73.209843,0.0,0.0,28.63,2.3600000000000003,0,0,0,0,0.552,0.02,0.887,0.577,0.148,0.7,0.498,Medium (Mitigation),0.35985089504774986,0.887,0.0,Moderate,0.0
519916,Sayajipura OG,Vadodara Rural,22.325296,73.25876,0.0,0.0,28.63,2.3600000000000003,0,0,0,0,0.601,0.02,0.388,0.286,0.148,0.7,0.437,Medium (Mitigation),0.2413053045417775,0.601,0.0,Moderate,0.0
519917,Bapod OG,Vadodara Rural,22.299225,73.259733,0.0,0.0,28.63,2.3600000000000003,0,0,0,0,0.455,0.02,0.865,0.564,0.148,0.7,0.473,Medium (Mitigation),0.3499723798625638,0.865,0.0,Moderate,0.0
519914,Harni OG,Vadodara Rural,22.344634,73.257466,0.0,0.0,28.63,2.3600000000000003,0,0,0,0,0.35,0.02,0.937,0.607,0.148,0.7,0.46,Medium (Mitigation),0.38878828857532904,0.937,0.0,Moderate,0.0
520943,Bamboj,Dabhoi,22.211975,73.457983,1331.0,289.0,33.66,1.915,0,2,0,1,0.502,0.98,0.917,0.59,0.62,0.435,0.601,Medium (Mitigation),0.23654650705516664,0.98,25.488650000000003,Moderate,799.9309999999999
520945,Lunadra,Dabhoi,22.206681,73.479518,245.0,55.0,71.02,1.017,1,2,0,0,0.54,0.98,0.947,0.608,0.064,0.584,0.548,Medium (Mitigation),0.22698513167165815,0.98,2.4916499999999995,Moderate,134.26000000000002
520942,Naranpura,Dabhoi,22.204176,73.42546,180.0,41.0,6.67,1.714,0,2,0,1,0.524,0.98,0.947,0.615,0.607,0.327,0.576,Medium (Mitigation),0.2308830872974458,0.98,3.0852,Moderate,103.67999999999999
520946,Simaliya,Dabhoi,22.19153,73.482411,3180.0,669.0,61.01,3.245,0,3,1,1,0.444,0.98,0.917,0.577,0.703,0.244,0.547,Medium (Mitigation),0.2599185769941554,0.98,103.191,Moderate,1739.46
520947,Sunvalja,Dabhoi,22.193872,73.456124,492.0,100.0,12.8,1.907,0,2,0,0,0.477,0.98,0.95,0.61,0.119,0.351,0.475,Medium (Mitigation),0.24963757062322703,0.98,9.38244,Moderate,233.7
520941,Karalipura,Dabhoi,22.196452,73.417099,306.0,71.0,83.01,2.55,0,2,0,1,0.514,0.98,0.936,0.605,0.659,0.632,0.674,High (Relocation Priority),0.23374540993710802,0.98,7.803,High,206.244
520948,Dangiwada,Dabhoi,22.186472,73.434297,737.0,160.0,43.83,1.532,2,2,0,1,0.47,0.98,0.884,0.569,0.596,0.475,0.597,Medium (Mitigation),0.24472075923386638,0.98,11.290840000000001,Moderate,439.989
520965,Gopalpura,Dabhoi,22.169907,73.49663,517.0,107.0,74.27,1.119,2,3,0,1,0.562,0.038,0.388,0.286,0.57,0.447,0.439,Medium (Mitigation),0.21898173439810004,0.562,5.78523,Moderate,226.963
520950,Vasaipura,Dabhoi,22.178906,73.405451,534.0,120.0,11.24,3.017,0,3,0,0,0.521,0.98,0.901,0.587,0.189,0.195,0.446,Medium (Mitigation),0.2270688221663203,0.98,16.11078,Moderate,238.16400000000002
520949,Pragpura,Dabhoi,22.180934,73.423394,425.0,93.0,75.29,1.66,1,2,1,1,0.499,0.98,0.893,0.58,0.604,0.451,0.599,Medium (Mitigation),0.23428899533126463,0.98,7.055,Moderate,254.575
520964,Akotadar,Dabhoi,22.17537,73.463987,1395.0,266.0,92.9,2.306,2,2,0,0,0.534,0.98,0.88,0.574,0.144,0.672,0.58,Medium (Mitigation),0.22149191106373764,0.98,32.1687,Moderate,809.0999999999999
520963,Pansoli,Dabhoi,22.166243,73.452333,2213.0,425.0,72.39,2.878,2,3,0,1,0.55,0.98,0.89,0.584,0.68,0.44,0.623,Medium (Mitigation),0.21606480509328677,0.98,63.69014,Moderate,1378.699
520962,Morpura,Dabhoi,22.16282,73.420509,492.0,95.0,48.37,6.15,0,2,0,1,0.502,0.98,0.879,0.562,0.884,0.493,0.666,High (Relocation Priority),0.23445450873605878,0.98,30.258000000000003,High,327.672
520966,Vadhvana,Dabhoi,22.150349,73.491283,1357.0,301.0,50.33,1.744,1,1,1,1,0.368,0.98,0.917,0.595,0.609,0.501,0.589,Medium (Mitigation),0.28626211764744564,0.98,23.66608,Moderate,799.2729999999999
520967,Samsherpura,Dabhoi,22.150824,73.481159,383.0,93.0,99.48,3.948,0,1,0,1,0.397,0.98,0.921,0.597,0.747,0.848,0.728,High (Relocation Priority),0.27531966269532343,0.98,15.120840000000001,High,278.824
520968,Kukad,Dabhoi,22.143096,73.46806,1501.0,278.0,57.63,2.514,0,2,0,1,0.365,0.98,0.918,0.579,0.657,0.531,0.606,Medium (Mitigation),0.29002815955236716,0.98,37.735139999999994,Moderate,909.606
520969,Timbi,Dabhoi,22.15226,73.418344,1001.0,204.0,62.74,4.102,1,3,0,1,0.467,0.98,0.868,0.565,0.756,0.401,0.604,Medium (Mitigation),0.24326802776635761,0.98,41.06102,Moderate,604.6039999999999
520970,Tarsana,Dabhoi,22.143425,73.407585,1108.0,228.0,48.19,2.565,2,3,0,1,0.476,0.98,0.893,0.585,0.66,0.343,0.573,Medium (Mitigation),0.24121981676470947,0.98,28.4202,Moderate,634.8839999999999
520944,Amreshwar,Dabhoi,22.227089,73.472862,788.0,212.0,46.83,1.373,0,2,1,1,0.501,0.98,0.95,0.611,0.586,0.337,0.57,Medium (Mitigation),0.24068028585656948,0.98,10.81924,Moderate,449.15999999999997
519975,Madodhar,Vaghodia,22.324726,73.419003,4634.0,984.0,28.85,5.048,1,3,0,1,0.538,0.98,0.95,0.614,0.816,0.265,0.603,Medium (Mitigation),0.22705285728217556,0.98,233.92432,Moderate,2794.302
519974,Sangadol,Vaghodia,22.317903,73.442354,2626.0,561.0,27.38,2.65,1,2,1,0,0.462,0.98,0.917,0.595,0.166,0.26,0.449,Medium (Mitigation),0.24981926800522544,0.98,69.589,Moderate,1179.074
519971,Chipat,Vaghodia,22.326852,73.514534,408.0,76.0,14.46,4.206,1,2,0,0,0.404,0.98,0.881,0.573,0.263,0.358,0.48,Medium (Mitigation),0.26742288608120285,0.98,17.160480000000003,Moderate,195.84
520012,Kachhota,Vaghodia,22.265121,73.51416,263.0,70.0,34.6,0.892,1,2,0,1,0.471,0.98,0.95,0.641,0.556,0.438,0.59,Medium (Mitigation),0.24642848861282252,0.98,2.34596,Moderate,155.17
519988,Vedpur,Vaghodia,22.312013,73.529351,1603.0,343.0,18.4,1.929,1,2,1,1,0.414,0.98,0.878,0.534,0.621,0.224,0.51,Medium (Mitigation),0.2704483931054746,0.98,30.92187,Moderate,817.53
519986,Ghodadra,Vaghodia,22.305494,73.459221,1564.0,323.0,38.94,2.833,1,2,0,1,0.489,0.98,0.95,0.627,0.677,0.456,0.622,Medium (Mitigation),0.24195109698724931,0.98,44.30812,Moderate,972.808
519987,Asha,Vaghodia,22.308156,73.496906,336.0,87.0,47.62,1.455,1,2,0,1,0.454,0.98,0.898,0.564,0.591,0.49,0.597,Medium (Mitigation),0.2545008185972428,0.98,4.8888,Moderate,200.59199999999998
519989,Moti Manekpur,Vaghodia,22.298435,73.531655,806.0,158.0,23.95,1.288,1,2,0,1,0.486,0.98,0.883,0.569,0.58,0.396,0.573,Medium (Mitigation),0.23900139469607007,0.98,10.381279999999999,Moderate,461.83799999999997
519993,Vasvel,Vaghodia,22.296555,73.472661,1880.0,436.0,50.11,2.321,1,2,1,0,0.444,0.98,0.917,0.595,0.145,0.35,0.468,Medium (Mitigation),0.2565319993035307,0.98,43.634800000000006,Moderate,879.84
519992,Saidal,Vaghodia,22.286926,73.50285,1792.0,358.0,60.32,1.939,1,2,0,1,0.388,0.98,0.936,0.583,0.621,0.541,0.609,Medium (Mitigation),0.28474359811357774,0.98,34.746880000000004,Moderate,1091.328
519985,Timbi,Vaghodia,22.299284,73.418253,685.0,148.0,13.43,3.703,1,3,0,0,0.466,0.98,0.95,0.616,0.231,0.204,0.451,Medium (Mitigation),0.25263676164274534,0.98,25.36555,Moderate,308.935
519996,Dankheda,Vaghodia,22.286677,73.436341,794.0,161.0,50.76,3.452,1,3,0,1,0.535,0.98,0.94,0.609,0.716,0.353,0.607,Medium (Mitigation),0.22662891842540012,0.98,27.40888,Moderate,481.95799999999997
519990,Nani Manekpur,Vaghodia,22.288167,73.543629,207.0,46.0,44.44,3.632,1,2,0,1,0.528,0.98,0.95,0.638,0.727,0.478,0.648,Medium (Mitigation),0.2254062998232303,0.98,7.5182400000000005,Moderate,134.136
519997,Tavra,Vaghodia,22.286469,73.417679,1427.0,290.0,35.88,3.089,1,2,0,0,0.477,0.98,0.95,0.616,0.193,0.444,0.518,Medium (Mitigation),0.24849731722227236,0.98,44.080029999999994,Moderate,739.186
519994,Chandpur,Vaghodia,22.285523,73.475938,378.0,85.0,61.9,1.109,1,2,0,1,0.358,0.98,0.95,0.631,0.569,0.548,0.599,Medium (Mitigation),0.29387341379126714,0.98,4.19202,Moderate,226.422
520013,Rustampura,Vaghodia,22.276456,73.536888,1460.0,288.0,60.07,6.822,1,2,1,1,0.516,0.98,0.95,0.627,0.926,0.39,0.658,High (Relocation Priority),0.2319861705648277,0.98,99.6012,High,960.6800000000001
519995,Ambali,Vaghodia,22.278101,73.446408,934.0,206.0,35.01,2.42,1,3,0,1,0.503,0.98,0.95,0.614,0.651,0.29,0.569,Medium (Mitigation),0.23934128352626505,0.98,22.6028,Moderate,531.4459999999999
520010,Gugalpur,Vaghodia,22.267272,73.467115,448.0,105.0,50.89,1.085,1,3,1,1,0.389,0.98,0.947,0.618,0.568,0.204,0.501,Medium (Mitigation),0.2818776330253963,0.98,4.8608,Moderate,224.448
520009,Vejalpur,Vaghodia,22.27193,73.405579,1589.0,346.0,38.77,3.765,1,1,0,1,0.492,0.98,0.933,0.606,0.735,0.605,0.676,High (Relocation Priority),0.2405956150888873,0.98,59.82585,High,1074.164
520011,Khervadi,Vaghodia,22.262781,73.483262,1207.0,253.0,70.17,2.273,1,3,1,1,0.438,0.98,0.95,0.629,0.642,0.281,0.551,Medium (Mitigation),0.26133168579412636,0.98,27.435109999999998,Moderate,665.057
520018,Vyara,Vaghodia,22.252538,73.422919,4994.0,1097.0,63.42,2.198,1,2,0,1,0.447,0.98,0.917,0.604,0.637,0.554,0.629,Medium (Mitigation),0.2537965064114687,0.98,109.76812,Moderate,3141.226
520014,Ghoda,Vaghodia,22.264944,73.528892,554.0,116.0,3.97,2.541,1,2,0,1,0.549,0.98,0.95,0.661,0.659,0.316,0.593,Medium (Mitigation),0.21316816522798768,0.98,14.07714,Moderate,328.522
520015,Nurpuri,Vaghodia,22.255319,73.516521,356.0,86.0,4.21,1.29,1,3,0,1,0.518,0.98,0.95,0.619,0.581,0.167,0.522,Medium (Mitigation),0.2329254172476675,0.98,4.5924000000000005,Moderate,185.832
520016,Tarsva,Vaghodia,22.247893,73.482445,1537.0,276.0,57.64,1.392,1,3,0,1,0.508,0.98,0.95,0.618,0.587,0.381,0.585,Medium (Mitigation),0.2367164266937693,0.98,21.395039999999998,Moderate,899.145
520017,Jambuwada,Vaghodia,22.235421,73.446638,1233.0,281.0,77.45,1.715,1,2,0,1,0.508,0.98,0.95,0.617,0.607,0.61,0.658,High (Relocation Priority),0.23692245566851614,0.98,21.145950000000003,High,811.3140000000001
520020,Antoli,Vaghodia,22.221961,73.417043,1292.0,303.0,56.73,2.239,1,2,0,1,0.484,0.98,0.899,0.584,0.64,0.527,0.627,Medium (Mitigation),0.23993801282831365,0.98,28.927880000000002,Moderate,810.084
520021,Karamliya Pura,Vaghodia,22.217807,73.437697,1336.0,275.0,69.39,2.201,1,2,1,1,0.528,0.98,0.896,0.584,0.638,0.428,0.606,Medium (Mitigation),0.22436577279077127,0.98,29.40536,Moderate,809.616
519991,Koba,Vaghodia,22.284556,73.521797,0.0,0.0,28.63,0.0,0,0,0,0,0.367,0.98,0.95,0.54,0.05,0.7,0.536,Medium (Mitigation),0.30388964554039455,0.98,0.0,Moderate,0.0
519940,Adiran,Vaghodia,22.436866,73.411595,2423.0,518.0,12.34,3.139,1,1,0,1,0.542,0.98,0.913,0.594,0.696,0.499,0.645,Medium (Mitigation),0.22125306024248945,0.98,76.05797,Moderate,1562.835
519955,Navgam,Vaghodia,22.407331,73.435575,1353.0,312.0,22.91,3.324,1,3,0,1,0.473,0.98,0.939,0.603,0.708,0.242,0.558,Medium (Mitigation),0.24963490007074998,0.98,44.97371999999999,Moderate,754.974
519941,Karmasiya Kheda,Vaghodia,22.410759,73.412333,3574.0,728.0,22.19,1.212,1,2,1,1,0.489,0.98,0.912,0.593,0.576,0.239,0.531,Medium (Mitigation),0.2392662394349302,0.98,43.31688,Moderate,1897.794
519956,Gutal,Vaghodia,22.373695,73.447886,3767.0,770.0,21.79,2.207,1,3,1,0,0.501,0.98,0.919,0.596,0.138,0.087,0.401,Medium (Mitigation),0.23606072665029793,0.98,83.13769,Moderate,1510.567
519964,Juna Rampura,Vaghodia,22.3582,73.410424,1280.0,269.0,56.25,4.142,1,2,0,1,0.413,0.98,0.95,0.647,0.759,0.525,0.644,Medium (Mitigation),0.26898141199718617,0.98,53.0176,Moderate,824.32
519967,Dundelav,Vaghodia,22.347733,73.465353,599.0,117.0,40.73,2.674,1,2,0,0,0.513,0.98,0.947,0.613,0.167,0.463,0.526,Medium (Mitigation),0.23519123424708382,0.98,16.01726,Moderate,315.074
519973,Goraj,Vaghodia,22.332591,73.47929,5093.0,1073.0,42.67,3.564,1,2,1,1,0.535,0.98,0.95,0.617,0.723,0.321,0.601,Medium (Mitigation),0.22740052770387317,0.98,181.51452,Moderate,3060.893
519965,Nava Rampura,Vaghodia,22.344775,73.408848,608.0,123.0,13.82,2.252,1,2,0,1,0.449,0.98,0.95,0.616,0.641,0.355,0.575,Medium (Mitigation),0.2591336527740077,0.98,13.69216,Moderate,349.59999999999997
519966,Vesaniya,Vaghodia,22.342325,73.438877,1007.0,224.0,4.77,2.358,1,3,0,1,0.355,0.98,0.95,0.625,0.647,0.169,0.5,Medium (Mitigation),0.29581807472386357,0.98,23.745060000000002,Moderate,503.5
519968,Valva,Vaghodia,22.342418,73.503181,700.0,151.0,20.57,2.767,1,2,0,1,0.509,0.98,0.918,0.596,0.673,0.382,0.598,Medium (Mitigation),0.233037014227354,0.98,19.369,Moderate,418.59999999999997
519969,Hamirpuri,Vaghodia,22.339955,73.525062,127.0,32.0,64.57,1.74,1,2,0,1,0.407,0.98,0.936,0.605,0.609,0.558,0.618,Medium (Mitigation),0.27378458685616325,0.98,2.2098,Moderate,78.486
519970,Dharola,Vaghodia,22.334722,73.546397,283.0,60.0,27.56,0.493,1,2,0,0,0.266,0.98,0.917,0.463,0.05,0.41,0.417,Medium (Mitigation),0.34758452209498625,0.98,1.3951900000000002,Moderate,118.011
519972,Gambhirpura,Vaghodia,22.333731,73.521104,711.0,137.0,35.3,8.887,1,2,0,1,0.42,0.98,0.917,0.594,0.98,0.441,0.657,High (Relocation Priority),0.26586008224878993,0.98,63.18657,High,467.127
519768,Wankaner,Savli,22.552458,73.177017,8770.0,1598.0,7.17,5.344,2,2,1,1,0.388,0.98,0.902,0.582,0.834,0.179,0.54,Medium (Mitigation),0.2767646412869004,0.98,468.66880000000003,Moderate,4735.8
519787,Bhadarva,Savli,22.510437,73.129922,5951.0,1253.0,7.14,11.02,2,2,1,0,0.494,0.98,0.95,0.646,0.689,0.179,0.544,Medium (Mitigation),0.23666220653074288,0.98,655.8002,Moderate,3237.344
519794,Ranipura B,Savli,22.50843,73.174065,482.0,96.0,0.0,0.699,0,2,0,1,0.428,0.98,0.948,0.604,0.544,0.3,0.533,Medium (Mitigation),0.2687650770964611,0.98,3.36918,Moderate,256.906
519790,Khandi,Savli,22.499195,73.100319,1467.0,300.0,0.95,13.216,0,2,0,1,0.523,0.98,0.93,0.594,0.98,0.304,0.64,Medium (Mitigation),0.2316482606597051,0.98,193.87872,Moderate,938.88
519789,Jalampura,Savli,22.502329,73.105973,837.0,163.0,0.0,4.756,2,2,0,1,0.467,0.98,0.95,0.624,0.797,0.3,0.594,Medium (Mitigation),0.25083510519861446,0.98,39.80772,Moderate,497.178
519792,Raniya,Savli,22.495709,73.133102,3279.0,705.0,10.95,4.822,2,2,0,1,0.356,0.98,0.95,0.656,0.801,0.344,0.586,Medium (Mitigation),0.29219342908422835,0.98,158.11338,Moderate,1921.494
519793,Mahapura,Savli,22.495327,73.160927,694.0,139.0,2.74,5.832,1,2,0,1,0.457,0.98,0.95,0.645,0.864,0.311,0.61,Medium (Mitigation),0.25134173283930916,0.98,40.47408,Moderate,423.34
519810,Anjesar,Savli,22.480895,73.17266,2334.0,438.0,14.4,4.387,1,2,0,1,0.542,0.98,0.896,0.583,0.774,0.358,0.615,Medium (Mitigation),0.2201278037868002,0.98,102.39258,Moderate,1435.41
519791,Poicha Raniya,Savli,22.475894,73.114821,2945.0,590.0,20.92,3.83,1,2,1,1,0.376,0.98,0.926,0.594,0.739,0.234,0.538,Medium (Mitigation),0.2853325545160711,0.98,112.79350000000001,Moderate,1584.41
519811,Moksi,Savli,22.468066,73.147281,5706.0,1248.0,8.53,4.775,2,2,1,1,0.541,0.98,0.95,0.613,0.798,0.184,0.576,Medium (Mitigation),0.2262638577708188,0.98,272.4615,Moderate,3286.656
519786,Bahidhara Alias Natvarnagar,Savli,22.512292,73.159483,3711.0,712.0,4.28,3.383,0,2,1,1,0.351,0.98,0.95,0.645,0.711,0.167,0.513,Medium (Mitigation),0.295385059428085,0.98,125.54313,Moderate,1903.743
519788,Parthampura Khandi,Savli,22.511161,73.118198,898.0,195.0,17.15,2.906,2,2,0,1,0.496,0.98,0.915,0.593,0.682,0.369,0.593,Medium (Mitigation),0.2375050876648049,0.98,26.09588,Moderate,532.514
519824,Dodka,Vadodara Rural,22.455062,73.112726,3724.0,716.0,5.91,4.836,2,2,1,1,0.402,0.98,0.914,0.595,0.802,0.174,0.537,Medium (Mitigation),0.2720016850438002,0.98,180.09264000000002,Moderate,1999.788
519827,Vasna Kotariya,Vadodara Rural,22.447266,73.154772,3974.0,796.0,5.23,7.964,2,2,1,1,0.529,0.98,0.949,0.612,0.98,0.171,0.605,Medium (Mitigation),0.2303338157254958,0.98,316.48936000000003,Moderate,2404.27
519747,Ankaliya,Savli,22.616419,73.377167,1067.0,240.0,21.37,2.409,1,2,0,1,0.474,0.98,0.95,0.613,0.651,0.385,0.591,Medium (Mitigation),0.25018176725466357,0.98,25.70403,Moderate,630.597
519756,Lachhanpura,Savli,22.614795,73.22513,1201.0,252.0,14.32,4.882,0,2,0,0,0.502,0.98,0.883,0.573,0.305,0.357,0.51,Medium (Mitigation),0.23270940390681824,0.98,58.632819999999995,Moderate,612.51
519750,Mevli,Savli,22.614616,73.329978,3775.0,755.0,7.42,4.135,0,2,1,1,0.473,0.98,0.936,0.604,0.758,0.18,0.549,Medium (Mitigation),0.24868236098820254,0.98,156.09625,Moderate,2072.4750000000004
519748,Dhantej,Savli,22.597216,73.356397,5470.0,1173.0,11.81,3.438,1,2,1,1,0.539,0.98,0.947,0.608,0.715,0.197,0.562,Medium (Mitigation),0.22732135843338608,0.98,188.0586,Moderate,3074.1400000000003
519795,Namisara,Savli,22.515105,73.189227,2102.0,476.0,14.03,2.158,0,2,1,1,0.513,0.98,0.873,0.573,0.635,0.206,0.532,Medium (Mitigation),0.22700715847743655,0.98,45.36116,Moderate,1118.2640000000001
519734,Latva,Desar,22.667525,73.366624,1635.0,348.0,3.55,5.125,0,2,0,0,0.576,0.98,0.886,0.573,0.32,0.314,0.517,Medium (Mitigation),0.2105110844270835,0.98,83.79375,Moderate,845.2950000000001
519724,Bhila,Desar,22.666808,73.359725,325.0,80.0,0.0,2.642,0,2,0,0,0.522,0.98,0.898,0.582,0.165,0.3,0.472,Medium (Mitigation),0.227252429396622,0.98,8.5865,Moderate,153.4
519730,Vansiya,Desar,22.664588,73.398534,1144.0,256.0,4.11,4.417,1,2,0,0,0.552,0.98,0.886,0.573,0.276,0.316,0.504,Medium (Mitigation),0.2174923370297599,0.98,50.53048,Moderate,576.576
519722,Vaghanu Muvadu,Desar,22.657829,73.337583,361.0,84.0,1.66,1.823,0,3,0,0,0.412,0.98,0.893,0.574,0.114,0.157,0.393,Low (Monitoring),0.26683250051920837,0.98,6.581029999999999,Low,141.87300000000002
519721,Gorsan,Desar,22.66062,73.317646,717.0,136.0,0.0,3.515,0,3,0,1,0.545,0.98,0.875,0.573,0.72,0.15,0.54,Medium (Mitigation),0.2173298184787352,0.98,25.202550000000002,Moderate,387.18
519720,Shihora,Desar,22.657088,73.2868,6021.0,1208.0,7.64,4.848,0,3,0,1,0.459,0.98,0.897,0.581,0.803,0.181,0.549,Medium (Mitigation),0.24901723501262585,0.98,291.89808,Moderate,3305.5290000000005
519733,Limdi,Desar,22.654626,73.385685,960.0,188.0,14.69,2.682,0,2,0,0,0.552,0.98,0.904,0.584,0.168,0.359,0.498,Medium (Mitigation),0.2185375635140711,0.98,25.7472,Moderate,478.08
519731,Ghanta,Desar,22.65819,73.403154,163.0,32.0,0.0,0.639,0,2,0,1,0.555,0.98,0.876,0.562,0.54,0.3,0.551,Medium (Mitigation),0.21753371386216586,0.98,1.0415699999999999,Moderate,89.813
519738,Nhara,Savli,22.646613,73.312436,2460.0,477.0,0.24,6.631,0,3,1,1,0.554,0.98,0.898,0.582,0.914,0.05,0.554,Medium (Mitigation),0.21709828803255604,0.98,163.1226,Moderate,1362.8400000000001
519732,Andrakhiya,Desar,22.650172,73.392421,574.0,99.0,23.52,3.053,0,2,0,1,0.555,0.98,0.902,0.583,0.691,0.394,0.613,Medium (Mitigation),0.21742278322813058,0.98,17.52422,Moderate,351.86199999999997
519737,Gutardi,Savli,22.642703,73.334373,1726.0,345.0,10.43,3.332,0,2,0,1,0.549,0.98,0.882,0.57,0.708,0.342,0.597,Medium (Mitigation),0.21835349779657756,0.98,57.51032,Moderate,1030.422
519736,Sandhasal,Desar,22.644957,73.351477,4248.0,900.0,12.29,5.323,1,2,1,1,0.492,0.98,0.921,0.593,0.833,0.199,0.572,Medium (Mitigation),0.24035043859609106,0.98,226.12104000000002,Moderate,2429.8559999999998
519735,Vav,Desar,22.641302,73.3653,1145.0,249.0,0.0,4.811,0,2,0,0,0.462,0.98,0.949,0.616,0.301,0.3,0.493,Medium (Mitigation),0.25389548374610105,0.98,55.085950000000004,Moderate,564.485
519740,Ajabpura,Savli,22.641095,73.26504,2222.0,459.0,0.0,2.92,0,3,1,1,0.5,0.98,0.907,0.592,0.682,0.05,0.497,Medium (Mitigation),0.23445166523898553,0.98,64.8824,Moderate,1104.334
519741,Amarapura,Savli,22.630837,73.247017,2071.0,454.0,3.43,3.711,0,3,0,1,0.559,0.98,0.887,0.574,0.732,0.164,0.551,Medium (Mitigation),0.21534932861128991,0.98,76.85481,Moderate,1141.121
519745,Zumkha,Savli,22.628964,73.320551,1164.0,220.0,24.57,4.583,0,2,0,1,0.469,0.98,0.937,0.603,0.786,0.398,0.619,Medium (Mitigation),0.250605101038799,0.98,53.34612,Moderate,720.516
519746,Dipapura,Savli,22.627892,73.344346,1022.0,216.0,22.02,3.395,0,2,0,1,0.5,0.98,0.909,0.58,0.712,0.388,0.604,Medium (Mitigation),0.23758559860956782,0.98,34.6969,Moderate,617.288
519751,Vitoj,Savli,22.612199,73.311078,1667.0,320.0,3.0,3.922,1,2,0,1,0.542,0.98,0.927,0.597,0.745,0.312,0.6,Medium (Mitigation),0.223884642915349,0.98,65.37974,Moderate,1000.1999999999999
519742,Kalupura,Savli,22.620001,73.252806,91.0,22.0,38.46,0.835,0,3,0,1,0.483,0.98,0.903,0.52,0.552,0.304,0.538,Medium (Mitigation),0.2564169781170246,0.98,0.75985,Moderate,48.958000000000006
519749,Narpura,Savli,22.612873,73.347288,624.0,134.0,19.87,9.455,0,2,0,1,0.467,0.98,0.95,0.637,0.98,0.379,0.656,High (Relocation Priority),0.24864231337405143,0.98,58.9992,High,409.344
519752,Samantpura,Savli,22.610941,73.290607,30.0,9.0,0.0,0.233,0,2,0,0,0.514,0.98,0.938,0.612,0.05,0.3,0.453,Medium (Mitigation),0.23273733406281563,0.98,0.0699,Moderate,13.59
519757,Rupankui,Savli,22.603019,73.212801,1963.0,428.0,0.66,3.367,0,2,0,0,0.443,0.98,0.89,0.573,0.21,0.303,0.463,Medium (Mitigation),0.25483916496488523,0.98,66.09421,Moderate,908.869
519755,Rasawadi,Savli,22.606542,73.250407,1152.0,243.0,3.73,7.067,0,3,1,0,0.415,0.98,0.908,0.582,0.442,0.05,0.429,Medium (Mitigation),0.26771050907027666,0.98,81.41184,Moderate,494.20799999999997
519753,Gangadiyapura,Savli,22.602837,73.281439,416.0,100.0,7.21,4.522,0,2,0,0,0.506,0.98,0.898,0.582,0.283,0.329,0.501,Medium (Mitigation),0.23257615240317883,0.98,18.81152,Moderate,208.416
519760,Dungrapura,Savli,22.599649,73.324299,358.0,95.0,0.0,0.307,1,2,0,1,0.526,0.98,0.922,0.593,0.519,0.3,0.547,Medium (Mitigation),0.22890955273499036,0.98,1.09906,Moderate,195.82600000000002
519758,Kanoda,Savli,22.596876,73.199142,4854.0,1074.0,2.35,8.398,0,2,1,1,0.516,0.98,0.878,0.571,0.98,0.159,0.588,Medium (Mitigation),0.22754102194256462,0.98,407.63892,Moderate,2854.152
519759,Rasulpur,Savli,22.594845,73.232122,1466.0,306.0,15.69,3.674,1,3,0,1,0.426,0.98,0.874,0.563,0.73,0.213,0.533,Medium (Mitigation),0.2595244047612222,0.98,53.860839999999996,Moderate,781.378
519763,Vasanpura,Savli,22.584223,73.309628,920.0,220.0,6.96,1.013,0,2,1,0,0.379,0.98,0.918,0.591,0.063,0.178,0.385,Low (Monitoring),0.2826599841977401,0.98,9.3196,Low,354.2
519766,Poicha Kanoda,Savli,22.583638,73.180915,5020.0,1046.0,1.25,4.731,0,3,0,1,0.453,0.98,0.881,0.573,0.796,0.155,0.537,Medium (Mitigation),0.24927010116203935,0.98,237.4962,Moderate,2695.7400000000002
519764,Muval,Savli,22.578348,73.26441,1873.0,425.0,46.93,1.024,2,2,1,1,0.752,0.035,0.388,0.286,0.564,0.338,0.447,Medium (Mitigation),0.29745517869644383,0.752,19.17952,Moderate,837.231
519761,Tulsipura,Savli,22.567101,73.363504,1344.0,278.0,37.5,1.287,0,2,0,1,0.401,0.98,0.934,0.603,0.58,0.45,0.578,Medium (Mitigation),0.27597403259485603,0.98,17.297279999999997,Moderate,776.832
519762,Kamalpura,Savli,22.574665,73.339106,607.0,122.0,53.54,0.987,0,2,0,1,0.402,0.98,0.898,0.583,0.562,0.514,0.589,Medium (Mitigation),0.2702497301879627,0.98,5.991090000000001,Moderate,357.52299999999997
519767,Mevaliapura,Savli,22.571804,73.181615,1130.0,205.0,0.44,10.367,0,2,0,1,0.405,0.98,0.917,0.593,0.98,0.302,0.612,Medium (Mitigation),0.27184968272926124,0.98,117.14710000000001,Moderate,691.56
519765,Sardarpura,Savli,22.567424,73.196341,526.0,118.0,2.28,5.717,0,2,0,1,0.345,0.98,0.935,0.605,0.857,0.309,0.579,Medium (Mitigation),0.29867415355199384,0.98,30.07142,Moderate,304.554
519771,Moti Bhadol,Savli,22.548218,73.316037,1557.0,346.0,16.18,1.719,0,3,0,1,0.452,0.98,0.896,0.582,0.607,0.215,0.519,Medium (Mitigation),0.25114338533992886,0.98,26.764830000000003,Moderate,808.083
519770,Charanpura,Savli,22.561883,73.301134,930.0,195.0,4.52,2.209,0,2,0,0,0.311,0.98,0.934,0.604,0.138,0.318,0.43,Medium (Mitigation),0.3127740132001592,0.98,20.543699999999998,Moderate,399.9
519769,Javla,Savli,22.552921,73.254503,781.0,176.0,26.76,0.885,1,3,0,0,0.422,0.98,0.939,0.614,0.055,0.257,0.421,Medium (Mitigation),0.26720450969248255,0.98,6.91185,Moderate,328.801
519772,Vadiya K,Savli,22.55089,73.339853,1396.0,317.0,17.48,2.441,0,3,1,1,0.467,0.98,0.917,0.592,0.653,0.07,0.491,Medium (Mitigation),0.24856789816868952,0.98,34.07636,Moderate,685.436
519784,Gothada,Savli,22.535905,73.224501,9347.0,1902.0,7.57,3.821,0,3,1,1,0.49,0.98,0.864,0.561,0.739,0.05,0.5,Medium (Mitigation),0.23555661032258607,0.98,357.14887000000004,Moderate,4673.5
519782,Sherpura,Savli,22.546389,73.290402,1461.0,315.0,14.58,1.442,0,3,0,0,0.359,0.98,0.937,0.605,0.09,0.208,0.398,Low (Monitoring),0.29339095078069466,0.98,21.067619999999998,Low,581.4780000000001
519773,Mal Ankaliya,Savli,22.546901,73.358528,1007.0,228.0,13.11,2.018,0,3,0,0,0.391,0.98,0.865,0.561,0.126,0.202,0.4,Low (Monitoring),0.2710625696525927,0.98,20.32126,Low,402.8
519774,Kambola,Savli,22.539939,73.389336,985.0,227.0,35.84,1.561,2,3,0,1,0.351,0.98,0.855,0.551,0.598,0.293,0.511,Medium (Mitigation),0.28602724229229165,0.98,15.37585,Moderate,503.33500000000004
519779,Ranipura Samlaya,Savli,22.52818,73.342841,2038.0,451.0,2.06,19.98,1,3,0,0,0.48,0.98,0.916,0.592,0.98,0.158,0.585,Medium (Mitigation),0.24362813192787627,0.98,407.19239999999996,Moderate,1192.23
519780,Nani Bhadol,Savli,22.522203,73.317746,1465.0,345.0,28.33,1.54,0,2,1,1,0.5,0.98,0.892,0.582,0.596,0.263,0.541,Medium (Mitigation),0.23328023205292528,0.98,22.561,Moderate,792.565
519783,Karachiya,Savli,22.526843,73.263858,1387.0,287.0,5.98,2.114,0,3,1,1,0.526,0.98,0.898,0.593,0.632,0.05,0.492,Medium (Mitigation),0.22332842034397082,0.98,29.32118,Moderate,682.404
519781,Samlaya,Savli,22.523995,73.290581,2232.0,469.0,14.52,1.876,2,2,1,1,0.507,0.98,0.917,0.592,0.617,0.208,0.534,Medium (Mitigation),0.2343771888786677,0.98,41.87232,Moderate,1191.8880000000001
519785,Ranchhodpura,Savli,22.532442,73.183961,1569.0,289.0,0.0,12.552,0,2,0,1,0.448,0.98,0.942,0.604,0.98,0.3,0.624,Medium (Mitigation),0.25956052601785706,0.98,196.94088,Moderate,979.056
519777,Mudhela,Savli,22.50827,73.397671,734.0,159.0,21.12,1.173,1,2,0,1,0.491,0.98,0.933,0.605,0.573,0.384,0.577,Medium (Mitigation),0.24116021645370947,0.98,8.609820000000001,Moderate,423.518
519778,Ghantiyal,Savli,22.517542,73.377275,1385.0,311.0,13.43,2.037,1,2,0,1,0.509,0.98,0.937,0.604,0.627,0.354,0.583,Medium (Mitigation),0.23596680557513453,0.98,28.21245,Moderate,807.4549999999999
519796,Bautha,Savli,22.511578,73.213664,1541.0,321.0,14.41,3.74,1,2,1,1,0.531,0.98,0.881,0.573,0.734,0.208,0.558,Medium (Mitigation),0.22289365924882953,0.98,57.6334,Moderate,859.878
519798,Pasva,Savli,22.501273,73.255812,1155.0,235.0,28.4,1.477,0,2,0,1,0.529,0.98,0.881,0.574,0.592,0.414,0.591,Medium (Mitigation),0.22327412150388887,0.98,17.059350000000002,Moderate,682.605
519799,Mota Motipura,Savli,22.504195,73.273909,312.0,77.0,33.01,0.689,1,3,0,0,0.511,0.98,0.889,0.583,0.05,0.282,0.44,Medium (Mitigation),0.228683733571061,0.98,2.14968,Moderate,137.28
519802,Lotna,Savli,22.504372,73.36037,1669.0,335.0,43.14,3.149,2,2,0,1,0.477,0.98,0.933,0.602,0.697,0.473,0.625,Medium (Mitigation),0.24685083215037648,0.98,52.55681,Moderate,1043.125
519801,Gangadiya,Savli,22.505454,73.33713,2265.0,484.0,37.88,1.608,0,2,1,1,0.349,0.98,0.95,0.614,0.6,0.302,0.528,Medium (Mitigation),0.29963018873271097,0.98,36.421200000000006,Moderate,1195.92
519800,Pratapnagar,Savli,22.499167,73.293923,1488.0,297.0,44.89,2.248,1,3,1,0,0.458,0.98,0.912,0.594,0.14,0.18,0.419,Medium (Mitigation),0.250306478808147,0.98,33.45024,Moderate,623.472
519805,Vadadala,Savli,22.486995,73.319058,966.0,190.0,7.87,1.728,1,3,0,1,0.513,0.98,0.885,0.571,0.608,0.181,0.521,Medium (Mitigation),0.22998894900987454,0.98,16.69248,Moderate,503.286
519797,Lasundra,Savli,22.501698,73.232756,1261.0,259.0,27.84,2.537,1,2,1,1,0.53,0.98,0.886,0.573,0.659,0.261,0.559,Medium (Mitigation),0.22426528190218536,0.98,31.991569999999996,Moderate,704.8990000000001
519803,Sadra,Savli,22.501871,73.377151,649.0,137.0,1.23,2.135,1,2,0,1,0.52,0.98,0.95,0.625,0.633,0.305,0.575,Medium (Mitigation),0.2309536389263727,0.98,13.856149999999998,Moderate,373.17499999999995
519809,Tundav,Savli,22.482954,73.20198,6102.0,1116.0,14.31,4.264,0,3,1,1,0.509,0.98,0.869,0.567,0.766,0.057,0.512,Medium (Mitigation),0.22892848228213106,0.98,260.18928,Moderate,3124.224
519804,Adalwada,Savli,22.483591,73.353783,672.0,141.0,26.64,1.163,1,2,1,0,0.492,0.98,0.881,0.572,0.073,0.257,0.431,Medium (Mitigation),0.23586913744701743,0.98,7.815360000000001,Moderate,289.632
519807,Subhelav,Savli,22.48513,73.244201,590.0,137.0,33.9,1.329,1,1,0,1,0.502,0.98,0.875,0.573,0.583,0.586,0.634,Medium (Mitigation),0.23103607221961392,0.98,7.8411,Moderate,374.06
519808,Paldi,Savli,22.480526,73.22466,749.0,151.0,22.3,2.291,0,2,0,0,0.479,0.98,0.898,0.592,0.143,0.389,0.485,Medium (Mitigation),0.2398324067621666,0.98,17.159589999999998,Moderate,363.265
519822,Dhanora,Savli,22.46833,73.335342,1254.0,255.0,26.87,4.463,1,2,0,0,0.507,0.98,0.872,0.583,0.279,0.407,0.521,Medium (Mitigation),0.226481051451698,0.98,55.96602,Moderate,653.3340000000001
519806,Chandranagar,Savli,22.474179,73.25903,191.0,38.0,47.64,0.369,1,2,0,0,0.389,0.98,0.914,0.593,0.05,0.491,0.479,Medium (Mitigation),0.27744188580673973,0.98,0.70479,Moderate,91.48899999999999
519814,Lamdapura,Savli,22.468742,73.226131,880.0,161.0,47.16,2.716,0,2,0,1,0.43,0.98,0.894,0.582,0.67,0.489,0.608,Medium (Mitigation),0.2588506647985797,0.98,23.900800000000004,Moderate,535.04
519813,Manjusar,Savli,22.443886,73.19595,5001.0,1024.0,16.5,3.559,2,3,1,1,0.491,0.98,0.885,0.576,0.722,0.066,0.504,Medium (Mitigation),0.23616801928570544,0.98,177.98559,Moderate,2520.504
519816,Alindra,Savli,22.453463,73.236236,622.0,151.0,34.89,0.739,0,2,0,1,0.465,0.98,0.913,0.593,0.546,0.44,0.58,Medium (Mitigation),0.24815502547131033,0.98,4.59658,Moderate,360.76
519819,Khokhar,Savli,22.458132,73.261182,1108.0,230.0,13.36,3.212,0,2,1,1,0.483,0.98,0.95,0.614,0.701,0.203,0.549,Medium (Mitigation),0.24664600138660264,0.98,35.58896,Moderate,608.292
519812,Kunpad,Savli,22.456832,73.177151,2788.0,581.0,4.38,5.31,0,2,0,0,0.546,0.98,0.944,0.609,0.332,0.318,0.523,Medium (Mitigation),0.22395888759621332,0.98,148.0428,Moderate,1458.124
519823,Haripura,Savli,22.455581,73.339935,741.0,146.0,50.47,1.123,1,2,0,1,0.533,0.98,0.877,0.572,0.57,0.502,0.613,Medium (Mitigation),0.2216912267095836,0.98,8.32143,Moderate,454.233
519821,Garadhiya,Savli,22.452432,73.313987,1719.0,367.0,43.92,3.487,1,3,1,1,0.531,0.98,0.92,0.594,0.718,0.176,0.55,Medium (Mitigation),0.22652501701430977,0.98,59.94153,Moderate,945.45
519815,Zumkal,Savli,22.450561,73.219561,271.0,65.0,32.1,1.221,0,2,0,1,0.498,0.98,0.895,0.583,0.576,0.428,0.587,Medium (Mitigation),0.2344027872416765,0.98,3.30891,Moderate,159.077
519723,Raipura Chhatrapura,Desar,22.665258,73.347779,426.0,98.0,1.64,0.877,0,2,0,1,0.455,0.98,0.9,0.583,0.555,0.307,0.537,Medium (Mitigation),0.25075419571099233,0.98,3.73602,Moderate,228.762
519739,Gulabpura Shihora,Savli,22.632917,73.293216,581.0,125.0,0.0,2.441,1,2,0,1,0.544,0.98,0.902,0.583,0.653,0.3,0.575,Medium (Mitigation),0.2208383647225575,0.98,14.18221,Moderate,334.075
519744,Gokalpura Ganeshpura,Savli,22.617289,73.293158,588.0,170.0,0.0,1.633,1,2,0,1,0.472,0.98,0.918,0.593,0.602,0.3,0.551,Medium (Mitigation),0.24678921505338655,0.98,9.602039999999999,Moderate,323.988
519743,Parthampura Shihora,Savli,22.614948,73.270947,2363.0,492.0,15.91,2.864,1,2,1,1,0.547,0.98,0.933,0.602,0.679,0.214,0.56,Medium (Mitigation),0.2225166660424937,0.98,67.67631999999999,Moderate,1323.2800000000002
519754,Dungripura Shihora,Savli,22.603431,73.264854,490.0,125.0,0.0,2.832,0,2,0,1,0.454,0.98,0.897,0.583,0.677,0.3,0.559,Medium (Mitigation),0.2504429409399807,0.98,13.876799999999998,Moderate,273.91
519820,Vemar,Savli,22.469814,73.281217,1971.0,403.0,19.74,2.355,1,2,0,0,0.461,0.98,0.932,0.603,0.147,0.379,0.483,Medium (Mitigation),0.25232915011944224,0.98,46.417049999999996,Moderate,951.9929999999999
519928,Bodidra,Vaghodia,22.478356,73.379884,1047.0,236.0,10.98,1.796,1,2,0,1,0.539,0.98,0.896,0.583,0.612,0.344,0.578,Medium (Mitigation),0.22107690969434143,0.98,18.80412,Moderate,605.1659999999999
519934,Paldi,Vaghodia,22.455265,73.359683,1260.0,249.0,29.05,2.199,1,2,1,1,0.537,0.98,0.863,0.562,0.637,0.266,0.554,Medium (Mitigation),0.22025818183819337,0.98,27.707399999999996,Moderate,698.0400000000001
519933,Asoj,Vaghodia,22.458691,73.390985,1952.0,420.0,24.59,3.06,1,3,1,1,0.775,0.039,0.388,0.286,0.691,0.098,0.406,Medium (Mitigation),0.30602287496198716,0.775,59.7312,Moderate,792.5120000000001
253247,Savli,Savli,22.568753,73.224165,18467.0,3608.0,28.63,2.3600000000000003,0,0,0,0,0.452,0.02,0.391,0.286,0.148,0.7,0.404,Medium (Mitigation),0.1909020254825321,0.452,435.82120000000003,Moderate,7460.668000000001
519688,Udalpur,Desar,22.802194,73.396022,859.0,167.0,22.35,2.197,1,3,1,1,0.557,0.98,0.884,0.572,0.637,0.089,0.509,Medium (Mitigation),0.21585238011196448,0.98,18.87223,Moderate,437.231
519691,Jambu Goral,Desar,22.775084,73.333488,4203.0,870.0,6.71,2.972,0,2,1,1,0.492,0.98,0.892,0.572,0.686,0.177,0.531,Medium (Mitigation),0.2382491692885133,0.98,124.91316,Moderate,2231.793
519692,Varsada,Desar,22.762475,73.300533,8683.0,1762.0,7.16,4.139,2,3,1,1,0.386,0.98,0.902,0.584,0.759,0.05,0.486,Medium (Mitigation),0.2772363612515501,0.98,359.38937000000004,Moderate,4219.938
519701,Vejpur,Desar,22.742463,73.36421,3511.0,800.0,37.85,1.258,2,2,1,1,0.371,0.98,0.934,0.602,0.579,0.301,0.526,Medium (Mitigation),0.2881601117434542,0.98,44.16838,Moderate,1846.786
519693,Waghpura,Desar,22.760329,73.26441,208.0,37.0,0.0,2.419,1,2,0,1,0.52,0.98,0.865,0.561,0.651,0.3,0.564,Medium (Mitigation),0.22610985530636796,0.98,5.0315199999999995,Moderate,117.31199999999998
519694,Tansiya,Desar,22.750929,73.274869,917.0,149.0,0.0,5.955,0,2,0,0,0.472,0.98,0.851,0.552,0.372,0.3,0.495,Medium (Mitigation),0.2410620597826764,0.98,54.60735,Moderate,453.915
519699,Desar,Desar,22.724372,73.31478,6396.0,1270.0,10.3,3.74,2,2,1,1,0.484,0.98,0.868,0.573,0.734,0.191,0.541,Medium (Mitigation),0.23569241962071388,0.98,239.21040000000002,Moderate,3460.2360000000003
519695,Himmatpura,Desar,22.742906,73.278312,1095.0,245.0,0.0,4.086,0,2,0,0,0.417,0.98,0.882,0.571,0.255,0.3,0.464,Medium (Mitigation),0.2630773016941345,0.98,44.7417,Moderate,508.08000000000004
519696,Dungripura I,Desar,22.739024,73.271448,1110.0,210.0,0.0,6.201,0,2,0,0,0.487,0.98,0.867,0.562,0.388,0.3,0.504,Medium (Mitigation),0.23692333499819443,0.98,68.83109999999999,Moderate,559.44
519700,Valavav,Desar,22.723502,73.331573,904.0,185.0,27.88,1.837,1,3,1,1,0.55,0.98,0.939,0.603,0.615,0.112,0.517,Medium (Mitigation),0.222810831573931,0.98,16.606479999999998,Moderate,467.368
519697,Intvad,Desar,22.7274,73.271766,1693.0,353.0,2.78,2.072,0,2,1,1,0.466,0.98,0.874,0.569,0.63,0.161,0.507,Medium (Mitigation),0.24400324451394767,0.98,35.07896,Moderate,858.351
519702,Jesar Gopari,Desar,22.707522,73.377173,1881.0,437.0,5.79,4.116,1,2,1,0,0.554,0.98,0.917,0.582,0.257,0.173,0.461,Medium (Mitigation),0.22147742548621066,0.98,77.42195999999998,Moderate,867.1410000000001
519704,Kadachhala,Desar,22.70282,73.329977,1724.0,387.0,12.47,2.665,0,3,0,1,0.515,0.98,0.924,0.592,0.667,0.2,0.544,Medium (Mitigation),0.23333434523590108,0.98,45.9446,Moderate,937.8560000000001
519703,Vaktapura,Desar,22.698117,73.353822,1184.0,227.0,0.51,3.044,1,2,1,0,0.57,0.98,0.878,0.562,0.19,0.152,0.44,Medium (Mitigation),0.2136999454063259,0.98,36.04096,Moderate,520.96
519705,Manekla,Desar,22.704202,73.274686,572.0,118.0,0.0,4.175,0,2,0,1,0.485,0.98,0.883,0.571,0.761,0.3,0.58,Medium (Mitigation),0.2388965954829272,0.98,23.881,Moderate,331.76
519706,Moti Varnoli,Desar,22.692163,73.274425,1388.0,301.0,9.87,8.785,0,2,1,0,0.523,0.98,0.902,0.592,0.549,0.189,0.517,Medium (Mitigation),0.22545860669607035,0.98,121.9358,Moderate,717.596
519712,Pipalchhat Vanto,Desar,22.694689,73.38464,310.0,70.0,0.0,3.647,1,2,0,1,0.517,0.98,0.897,0.584,0.728,0.3,0.583,Medium (Mitigation),0.22820531691147486,0.98,11.3057,Moderate,180.73
519707,Nani Varnoli,Desar,22.691971,73.291851,263.0,69.0,3.8,1.06,0,2,0,1,0.498,0.98,0.93,0.6,0.566,0.315,0.556,Medium (Mitigation),0.23894769302087854,0.98,2.7878000000000003,Moderate,146.228
519711,Dolatpura,Desar,22.692905,73.367228,484.0,122.0,27.07,3.585,1,2,0,1,0.532,0.98,0.898,0.583,0.724,0.408,0.618,Medium (Mitigation),0.2237593573462348,0.98,17.351399999999998,Moderate,299.112
519713,Rampuri Narpuri,Desar,22.6889,73.381596,508.0,110.0,0.0,6.35,1,2,0,1,0.484,0.98,0.886,0.572,0.897,0.3,0.608,Medium (Mitigation),0.2396629577830778,0.98,32.257999999999996,Moderate,308.864
519708,Chhalier,Desar,22.690042,73.310529,4027.0,859.0,5.31,4.941,0,2,1,1,0.549,0.98,0.895,0.582,0.809,0.171,0.568,Medium (Mitigation),0.21797629840573646,0.98,198.97406999999998,Moderate,2287.336
519710,Ghemalpura,Desar,22.688546,73.3522,404.0,95.0,12.38,3.483,0,2,0,1,0.527,0.98,0.868,0.563,0.718,0.35,0.594,Medium (Mitigation),0.22402455222586654,0.98,14.07132,Moderate,239.976
519709,Vankaneda,Desar,22.689375,73.342643,1543.0,338.0,3.05,6.919,1,3,0,0,0.523,0.98,0.885,0.572,0.432,0.162,0.482,Medium (Mitigation),0.22652299368202486,0.98,106.76017,Moderate,743.726
519718,Rajpur,Desar,22.681284,73.285408,578.0,126.0,0.0,1.628,0,2,0,1,0.445,0.98,0.878,0.57,0.602,0.3,0.539,Medium (Mitigation),0.2521089380935683,0.98,9.409839999999999,Moderate,311.54200000000003
519726,Pipalchhat,Desar,22.683959,73.394569,738.0,156.0,38.48,6.417,1,2,0,1,0.495,0.98,0.936,0.602,0.901,0.454,0.665,High (Relocation Priority),0.24109662654905262,0.98,47.35746,High,490.77000000000004
519714,Vadiya Pandu,Desar,22.681779,73.372321,226.0,47.0,2.21,1.548,0,2,0,0,0.53,0.98,0.926,0.594,0.097,0.309,0.466,Medium (Mitigation),0.22831776102616283,0.98,3.4984800000000003,Moderate,105.316
519715,Rajupura,Desar,22.678101,73.357688,988.0,216.0,31.58,4.595,1,2,1,1,0.568,0.98,0.891,0.577,0.787,0.276,0.598,Medium (Mitigation),0.21273614330119522,0.98,45.398599999999995,Moderate,590.824
519716,Limdanu Muvadu,Desar,22.675546,73.343148,260.0,56.0,8.46,2.6,0,3,0,1,0.579,0.98,0.87,0.572,0.662,0.184,0.546,Medium (Mitigation),0.2067403766402038,0.98,6.76,Moderate,141.96
519725,Pandu,Desar,22.67458,73.381692,1911.0,361.0,12.04,7.996,1,2,1,0,0.57,0.98,0.906,0.583,0.5,0.198,0.52,Medium (Mitigation),0.21381046902962136,0.98,152.80356,Moderate,993.72
519727,Sanpiya,Desar,22.676801,73.404608,814.0,159.0,0.0,5.5,1,2,0,0,0.566,0.98,0.94,0.603,0.344,0.3,0.523,Medium (Mitigation),0.21793328489853647,0.98,44.77,Moderate,425.72200000000004
519719,Pratappura,Desar,22.67092,73.295452,1904.0,399.0,1.58,9.665,0,2,0,1,0.468,0.98,0.936,0.603,0.98,0.306,0.63,Medium (Mitigation),0.25072345323084555,0.98,184.0216,Moderate,1199.52
519698,Nani Varnoli Vanto,Desar,22.711908,73.279058,390.0,75.0,2.82,3.786,0,2,0,1,0.51,0.98,0.848,0.55,0.737,0.311,0.58,Medium (Mitigation),0.22874148435879893,0.98,14.7654,Moderate,226.2
519717,Kalyan Patelnu Muvadu,Desar,22.67911,73.317626,218.0,46.0,0.0,1.033,1,2,0,1,0.543,0.98,0.904,0.582,0.565,0.3,0.557,Medium (Mitigation),0.22186238227033142,0.98,2.25194,Moderate,121.42600000000002
519776,Singaniya,Savli,22.515372,73.408679,302.0,70.0,11.26,1.405,1,2,0,0,0.511,0.98,0.913,0.593,0.088,0.345,0.47,Medium (Mitigation),0.23183093696341164,0.98,4.2431,Moderate,141.94
519775,Khakhariya,Savli,22.541527,73.404569,2023.0,432.0,24.47,2.915,1,3,1,0,0.386,0.98,0.866,0.56,0.182,0.098,0.379,Low (Monitoring),0.27333495934475704,0.98,58.97045,Low,766.717
519929,Rajpura,Vaghodia,22.49415,73.408481,2277.0,469.0,2.46,5.152,1,2,1,1,0.488,0.98,0.915,0.593,0.822,0.16,0.556,Medium (Mitigation),0.2403289412451193,0.98,117.31104,Moderate,1266.0120000000002
519930,Sarnej,Vaghodia,22.479316,73.412146,2297.0,482.0,26.86,3.617,1,2,0,0,0.463,0.98,0.944,0.614,0.226,0.407,0.51,Medium (Mitigation),0.252587113685556,0.98,83.08248999999999,Moderate,1171.47
519932,Hansapura,Vaghodia,22.464653,73.405246,1216.0,266.0,9.46,6.989,1,3,0,1,0.576,0.98,0.884,0.572,0.937,0.188,0.603,Medium (Mitigation),0.21038060747131618,0.98,84.98624,Moderate,733.2479999999999
519931,Khandiwada,Vaghodia,22.45873,73.420955,1033.0,220.0,23.81,4.591,1,2,1,1,0.501,0.98,0.886,0.573,0.787,0.245,0.573,Medium (Mitigation),0.23368497312978143,0.98,47.42503000000001,Moderate,591.909
519729,Kaslapura,Desar,22.661765,73.412087,758.0,162.0,9.37,2.641,1,2,0,0,0.494,0.98,0.917,0.593,0.165,0.337,0.479,Medium (Mitigation),0.23868389137099305,0.98,20.01878,Moderate,363.082
519689,Tulsigam,Desar,22.772278,73.398801,1546.0,303.0,57.96,1.105,1,2,0,1,0.396,0.98,0.95,0.614,0.569,0.532,0.602,Medium (Mitigation),0.2803640490505157,0.98,17.083299999999998,Moderate,930.692
519690,Vachchhesar,Desar,22.764564,73.401582,2695.0,516.0,18.63,4.891,1,2,1,1,0.353,0.98,0.936,0.603,0.806,0.225,0.545,Medium (Mitigation),0.29587046715299814,0.98,131.81245,Moderate,1468.775
519728,Mokampura,Desar,22.670578,73.41003,795.0,170.0,10.94,5.599,1,2,0,0,0.518,0.98,0.922,0.593,0.35,0.344,0.524,Medium (Mitigation),0.23159933074169278,0.98,44.51205,Moderate,416.58000000000004
