village_code,village_name,subdistrict,latitude,longitude,total_population,total_households,sc_st_population_share_pct,composite_risk_score_FROM_MODEL5,priority_category_FROM_MODEL5,urgency_score,geo_area_ha,population_density_per_ha,male_population,female_population,pct_forest,pct_barren_uncultivable,pct_net_sown,pct_fallow,pct_pastures,irrigation_coverage_pct,road_connectivity_score,healthcare_access_score,drainage_quality_score,nearest_town_dist_km,district_hq_dist_km,tapwater_treated,tubewell_borehole,river_canal_present,surface_water_exposure,elevation_m_EXTERNAL_TOFILL,distance_to_river_km_EXTERNAL_TOFILL,rainfall_24hr_max_mm_EXTERNAL_TOFILL,flood_hazard_score_TARGET,runoff_coefficient_EXTERNAL_TOFILL,flood_hazard_score_FROM_MODEL1,erosion_risk_score_FROM_MODEL2,cloudburst_exceedance_probability_FROM_MODEL3,landslide_susceptibility_score_FROM_MODEL4,relocation_urgency_index,vulnerability_ratio,hazard_x_density,distance_x_risk,water_risk
521212,Alampura,Karjan,21.852286,73.21197,639.0,138.0,59.47,0.67,High (Relocation Priority),428.13000000000005,195.0,3.277,347.0,292.0,0.0,7.69,89.23,0.0,1.03,100.0,1,0,1,15.0,52.0,0.0,1.0,1.0,1,100.0,2.732,246.4,0.364,0.55,0.364,0.98,0.95,0.631,428.13000000000005,54.063636363636355,2.19559,10.05,0.364
521189,Ranapur,Karjan,21.948871,73.255503,1166.0,271.0,26.07,0.602,Medium (Mitigation),701.932,618.0,1.887,597.0,569.0,0.0,23.14,69.26,0.0,5.02,70.09,2,0,1,20.0,50.0,0.0,1.0,1.0,1,102.5,0.501,249.6,0.516,0.51,0.516,0.98,0.95,0.639,701.932,12.414285714285715,1.135974,12.04,0.516
521185,Latipur Timbi,Karjan,21.946091,73.184216,908.0,181.0,12.67,0.605,Medium (Mitigation),549.34,230.0,3.948,453.0,455.0,0.0,1.87,90.19,0.0,0.0,100.0,2,0,0,20.0,41.0,0.0,1.0,0.0,1,100.0,0.992,247.2,0.49,0.57,0.49,0.98,0.95,0.629,549.34,6.033333333333333,2.38854,12.1,0.49
521005,Surajghoda,Dabhoi,22.067393,73.538224,77.0,15.0,23.38,0.475,Medium (Mitigation),36.575,79.0,0.975,45.0,32.0,0.0,7.69,87.18,0.0,3.85,55.88,2,0,0,16.0,48.0,0.0,1.0,0.0,0,95.0,0.943,246.4,0.479,0.48,0.479,0.98,0.937,0.607,36.574999999999996,11.133333333333333,0.46312499999999995,7.6,0.0
521135,Kanabha,Karjan,22.0648,73.030688,1574.0,316.0,10.42,0.604,Medium (Mitigation),950.696,451.0,3.49,803.0,771.0,0.0,1.01,77.37,17.78,2.63,75.72,2,0,0,10.0,45.0,0.0,1.0,1.0,1,92.5,0.026,245.6,0.553,0.55,0.553,0.98,0.911,0.592,950.696,4.961904761904762,2.1079600000000003,6.04,0.553
521141,Karamadi,Karjan,22.050547,73.08421,1763.0,413.0,57.01,0.652,High (Relocation Priority),1149.476,391.0,4.509,920.0,843.0,0.0,5.22,62.39,30.0,1.09,87.11,2,0,0,3.0,40.0,0.0,1.0,1.0,1,90.0,1.438,247.2,0.466,0.59,0.466,0.98,0.9,0.585,1149.476,27.147619047619045,2.939868,1.956,0.466
521220,Vaniyad,Sinor,22.028989,73.401592,851.0,184.0,49.0,0.585,Medium (Mitigation),497.835,632.0,1.347,447.0,404.0,0.0,0.79,82.12,0.0,2.22,92.5,2,0,2,14.0,48.0,0.0,1.0,0.0,1,105.0,2.85,244.8,0.346,0.49,0.346,0.98,0.95,0.648,497.835,23.333333333333332,0.7879949999999999,8.19,0.346
521206,Lilod,Karjan,21.882002,73.226019,1223.0,268.0,28.37,0.623,Medium (Mitigation),761.929,387.0,3.16,610.0,613.0,0.0,19.57,57.25,13.04,8.45,75.95,2,0,1,18.0,54.0,0.0,1.0,1.0,1,100.0,0.338,250.4,0.532,0.54,0.532,0.98,0.95,0.627,761.929,13.50952380952381,1.96868,11.214,0.532
521097,Bhadara,Padra,22.141,73.033592,730.0,137.0,9.04,0.572,Medium (Mitigation),417.56,385.0,1.896,365.0,365.0,0.0,4.42,85.71,0.0,8.57,21.21,2,0,1,13.0,40.0,0.0,1.0,0.0,1,95.0,0.559,245.6,0.51,0.51,0.51,0.98,0.912,0.585,417.55999999999995,4.304761904761905,1.084512,7.435999999999999,0.51
519880,Rabhipura,Vadodara Rural,22.168777,73.231734,619.0,133.0,9.37,0.646,Medium (Mitigation),399.874,195.0,3.174,331.0,288.0,0.0,10.77,81.03,0.0,5.64,47.47,1,0,0,22.0,22.0,0.0,1.0,1.0,1,87.5,0.034,246.4,0.569,0.55,0.569,0.98,0.899,0.593,399.874,8.518181818181818,2.050404,14.212,0.569
519890,Meghakui,Vadodara Rural,22.138633,73.278804,1208.0,266.0,26.9,0.473,Medium (Mitigation),571.384,446.0,2.709,617.0,591.0,0.0,8.16,90.21,0.0,0.0,41.34,2,0,2,21.0,21.0,0.0,1.0,0.0,0,100.0,3.025,244.8,0.34,0.53,0.34,0.98,0.95,0.625,571.384,12.809523809523808,1.281357,9.933,0.0
519858,Talsat,Vadodara Rural,22.238004,73.1711,1124.0,249.0,7.74,0.472,Medium (Mitigation),530.528,230.0,4.887,572.0,552.0,0.0,0.44,76.42,0.0,4.8,34.29,2,1,2,12.0,12.0,0.0,1.0,0.0,0,105.0,0.73,246.4,0.512,0.6,0.512,0.98,0.95,0.649,530.528,3.6857142857142855,2.3066639999999996,5.664,0.0
519835,Sisva,Vadodara Rural,22.397016,73.178636,2799.0,533.0,12.04,0.606,Medium (Mitigation),1696.194,418.0,6.696,1448.0,1351.0,0.0,4.07,73.98,0.0,1.63,54.95,2,1,0,15.0,15.0,0.0,1.0,0.0,1,95.0,0.16,245.6,0.559,0.65,0.559,0.98,0.934,0.606,1696.194,5.7333333333333325,4.057776,9.09,0.559
519884,Vadsala,Vadodara Rural,22.157934,73.174287,3156.0,758.0,36.72,0.674,High (Relocation Priority),2127.144,695.0,4.541,1622.0,1534.0,0.0,0.0,70.61,0.9,14.54,4.25,1,0,1,18.0,18.0,0.0,1.0,0.0,1,97.5,1.727,247.2,0.441,0.59,0.441,0.98,0.95,0.615,2127.1440000000002,33.381818181818176,3.0606340000000003,12.132000000000001,0.441
519876,Hansajipura,Vadodara Rural,22.205196,73.260987,223.0,47.0,17.94,0.548,Medium (Mitigation),122.204,254.0,0.878,117.0,106.0,0.0,0.8,88.35,4.02,4.82,2.27,2,0,1,15.0,15.0,0.0,1.0,0.0,1,102.5,2.424,245.6,0.375,0.48,0.375,0.98,0.95,0.636,122.20400000000001,8.542857142857143,0.481144,8.22,0.375
519861,Chikhodara,Vadodara Rural,22.233156,73.236326,1747.0,380.0,25.36,0.606,Medium (Mitigation),1058.682,591.0,2.956,881.0,866.0,0.0,0.0,89.68,0.0,4.91,23.44,2,0,2,10.0,10.0,0.0,1.0,0.0,1,92.5,0.672,246.4,0.507,0.54,0.507,0.98,0.921,0.597,1058.682,12.076190476190476,1.7913359999999998,6.06,0.507
802597,Por Ramangamdi INA,Vadodara Rural,22.142991,73.180844,311.0,123.0,28.63,0.502,Medium (Mitigation),156.122,0.0,,0.0,0.0,,,,,,,0,0,0,0.0,,,,,0,92.5,0.027,247.2,0.548,0.51,0.548,0.02,0.921,0.596,156.122,286.29999999999995,1.004,0.0,0.0
519915,Sama OG,Vadodara Rural,22.347302,73.207008,0.0,0.0,28.63,0.5,Medium (Mitigation),0.0,0.0,,0.0,0.0,,,,,,,0,0,0,0.0,,,,,0,90.0,0.078,248.8,0.55,0.51,0.55,0.02,0.906,0.587,0.0,286.29999999999995,1.0,0.0,0.0
521151,Dhamanja,Karjan,21.998056,73.080688,890.0,175.0,57.3,0.629,Medium (Mitigation),559.8100000000001,581.0,1.532,449.0,441.0,0.0,4.48,89.85,0.0,5.16,76.63,2,0,0,8.0,46.0,0.0,1.0,0.0,1,90.0,0.347,247.2,0.529,0.5,0.529,0.98,0.899,0.584,559.8100000000001,27.285714285714285,0.963628,5.032,0.529
521152,Lakodara,Karjan,21.995859,73.111902,1947.0,389.0,23.88,0.462,Medium (Mitigation),899.514,738.0,2.638,1006.0,941.0,0.0,2.68,79.11,11.97,4.97,100.0,3,0,0,7.0,37.0,0.0,1.0,0.0,0,90.0,0.277,247.2,0.538,0.53,0.538,0.98,0.911,0.595,899.514,7.703225806451612,1.218756,3.234,0.0
521162,Osalam,Karjan,21.991137,73.145019,1678.0,335.0,46.42,0.602,Medium (Mitigation),1010.156,817.0,2.054,873.0,805.0,0.0,3.92,90.45,0.0,4.65,100.0,2,0,1,12.0,45.0,0.0,1.0,0.0,1,102.5,2.241,247.2,0.393,0.51,0.393,0.98,0.95,0.65,1010.156,22.104761904761904,1.236508,7.224,0.393
521112,Kotna,Padra,22.0948,72.981493,1214.0,257.0,30.56,0.596,Medium (Mitigation),723.544,748.0,1.623,638.0,576.0,0.4,5.35,86.1,0.0,5.21,55.9,2,0,1,15.0,40.0,0.0,1.0,1.0,1,95.0,0.706,245.6,0.498,0.5,0.498,0.98,0.936,0.606,723.544,14.55238095238095,0.967308,8.94,0.498
521116,Kothwada,Padra,22.110103,73.07992,780.0,159.0,16.92,0.612,Medium (Mitigation),477.36,235.0,3.319,388.0,392.0,0.0,4.68,80.85,0.0,0.0,52.63,2,0,1,10.0,28.0,0.0,0.0,1.0,1,100.0,0.238,245.6,0.539,0.55,0.539,0.98,0.95,0.618,477.36,8.057142857142857,2.031228,6.12,0.539
521113,Shahera,Padra,22.100724,73.017333,869.0,187.0,19.79,0.643,Medium (Mitigation),558.767,310.0,2.803,448.0,421.0,0.32,4.84,81.94,0.0,7.1,39.37,1,0,1,17.0,37.0,0.0,1.0,1.0,1,92.5,0.576,246.4,0.512,0.53,0.512,0.98,0.915,0.593,558.767,17.99090909090909,1.802329,10.931000000000001,0.512
521117,Vasnaref,Padra,22.08068,72.97523,407.0,88.0,15.97,0.567,Medium (Mitigation),230.769,434.0,0.938,211.0,196.0,0.0,3.23,85.94,0.0,5.07,71.85,2,0,1,16.0,51.0,0.0,1.0,1.0,1,90.0,0.621,245.6,0.506,0.48,0.506,0.98,0.899,0.586,230.76899999999998,7.604761904761904,0.5318459999999999,9.072,0.506
521119,Sokhdaraghu,Padra,22.064954,72.97663,2015.0,397.0,18.46,0.643,Medium (Mitigation),1295.645,351.0,5.741,1028.0,987.0,0.0,0.57,87.78,0.0,5.11,16.5,2,0,1,15.0,51.0,0.0,1.0,1.0,1,97.5,0.569,247.2,0.527,0.62,0.527,0.98,0.95,0.626,1295.645,8.790476190476191,3.6914629999999997,9.645,0.527
519899,Kashipura,Vadodara Rural,22.116365,73.166323,1117.0,241.0,50.49,0.563,Medium (Mitigation),628.871,469.0,2.382,578.0,539.0,0.0,0.84,84.63,12.63,1.47,55.97,2,1,2,8.0,22.0,0.0,1.0,0.0,1,95.0,2.125,246.4,0.402,0.52,0.402,0.98,0.935,0.606,628.871,24.042857142857144,1.3410659999999999,4.504,0.402
519898,Sarar,Vadodara Rural,22.104863,73.149804,2480.0,518.0,28.59,0.598,Medium (Mitigation),1483.04,1103.0,2.248,1287.0,1193.0,0.0,1.08,95.78,2.95,0.0,46.15,2,0,2,8.0,20.0,0.0,1.0,0.0,1,95.0,0.991,246.4,0.482,0.52,0.482,0.98,0.938,0.607,1483.04,13.614285714285714,1.3443040000000002,4.784,0.482
251215,Karjan,Karjan,22.053736,73.127378,30405.0,6473.0,28.63,0.448,Medium (Mitigation),13621.44,0.0,,0.0,0.0,,,,,,,0,0,0,0.0,,0.0,0.0,0.0,0,25.0,1.909,120.0,0.651,0.51,0.651,0.02,0.388,0.286,13621.44,286.29999999999995,0.896,0.0,0.0
520999,Mandala,Dabhoi,22.082633,73.328643,3427.0,794.0,53.02,0.534,Medium (Mitigation),1830.018,1879.0,1.824,1782.0,1645.0,7.03,1.6,87.17,0.0,3.78,45.05,3,1,2,10.0,30.0,0.0,1.0,0.0,1,90.0,0.407,244.8,0.522,0.49,0.522,0.98,0.895,0.574,1830.018,17.103225806451615,0.9740160000000001,5.34,0.522
520998,Parikha,Dabhoi,22.082741,73.291885,1131.0,253.0,48.28,0.429,Medium (Mitigation),485.199,666.0,1.698,586.0,545.0,0.0,8.87,87.07,0.0,3.01,56.82,2,0,2,15.0,25.0,0.0,1.0,0.0,1,90.0,1.065,120.0,0.424,0.5,0.424,0.044,0.391,0.286,485.199,22.99047619047619,0.7284419999999999,6.435,0.424
520973,Nada,Dabhoi,22.131256,73.375066,1826.0,462.0,52.52,0.482,Medium (Mitigation),880.132,1044.0,1.749,967.0,859.0,7.94,1.82,83.44,0.0,5.84,16.63,3,1,0,5.0,35.0,0.0,1.0,1.0,1,90.0,3.692,247.2,0.293,0.49,0.293,0.98,0.901,0.573,880.132,16.941935483870967,0.843018,2.41,0.293
520979,Sejpura,Dabhoi,22.122262,73.298782,421.0,97.0,83.37,0.561,Medium (Mitigation),236.181,233.0,1.807,217.0,204.0,2.59,4.31,87.07,0.0,6.03,100.0,2,0,0,12.0,30.0,0.0,1.0,0.0,0,92.5,0.85,243.2,0.487,0.5,0.487,0.98,0.941,0.621,236.181,39.7,1.013727,6.732000000000001,0.0
520982,Tharvasa,Dabhoi,22.112532,73.392616,731.0,151.0,38.99,0.542,Medium (Mitigation),396.20200000000006,340.0,2.15,385.0,346.0,0.0,0.0,89.71,0.0,5.59,98.36,3,0,0,3.0,45.0,0.0,1.0,1.0,1,92.5,2.08,247.2,0.404,0.51,0.404,0.98,0.909,0.586,396.20200000000006,12.57741935483871,1.1653,1.6260000000000001,0.404
520981,Baripura,Dabhoi,22.112979,73.33336,720.0,168.0,30.83,0.599,Medium (Mitigation),431.28,388.0,1.856,371.0,349.0,0.0,3.87,79.9,0.0,0.0,80.65,2,0,0,9.0,27.0,0.0,1.0,0.0,1,95.0,0.745,246.4,0.497,0.51,0.497,0.98,0.935,0.605,431.28,14.68095238095238,1.111744,5.391,0.497
520980,Vakhatpura,Dabhoi,22.115875,73.315005,180.0,47.0,38.89,0.642,Medium (Mitigation),115.56,181.0,0.994,91.0,89.0,0.0,0.0,73.48,0.0,0.0,75.19,1,0,0,11.0,30.0,0.0,1.0,1.0,1,87.5,0.444,244.0,0.528,0.48,0.528,0.98,0.881,0.576,115.56,35.35454545454545,0.638148,7.062,0.528
520991,Habipura,Dabhoi,22.106409,73.353946,1688.0,373.0,34.95,0.558,Medium (Mitigation),941.904,979.0,1.724,891.0,797.0,0.0,8.69,87.93,0.0,3.07,93.02,3,0,0,6.0,36.0,0.0,1.0,0.0,1,100.0,0.516,246.4,0.512,0.5,0.512,0.98,0.927,0.584,941.9040000000001,11.274193548387098,0.9619920000000001,3.3480000000000003,0.512
520978,Chhatral,Dabhoi,22.109304,73.290473,1170.0,260.0,38.21,0.573,Medium (Mitigation),670.41,548.0,2.135,610.0,560.0,0.0,2.19,84.12,0.0,12.77,81.13,2,1,2,15.0,45.0,0.0,1.0,0.0,1,92.5,0.123,245.6,0.541,0.51,0.541,0.98,0.912,0.593,670.41,18.195238095238096,1.2233549999999997,8.594999999999999,0.541
520977,Khanpur,Dabhoi,22.11699,73.276368,918.0,192.0,35.19,0.598,Medium (Mitigation),548.9639999999999,426.0,2.155,463.0,455.0,0.0,19.01,76.06,0.0,4.93,61.73,2,0,1,19.0,25.0,0.0,1.0,1.0,1,97.5,1.494,245.6,0.445,0.51,0.445,0.98,0.95,0.614,548.9639999999999,16.757142857142856,1.28869,11.362,0.445
520994,Menpura,Dabhoi,22.106381,73.232355,1048.0,241.0,57.25,0.522,Medium (Mitigation),547.056,447.0,2.345,543.0,505.0,0.0,0.0,84.56,0.0,0.0,79.37,2,0,2,22.0,29.0,0.0,1.0,0.0,0,100.0,1.938,248.0,0.416,0.52,0.416,0.98,0.95,0.63,547.056,27.26190476190476,1.2240900000000001,11.484,0.0
520993,Kunvarpura,Dabhoi,22.102555,73.268697,482.0,109.0,16.8,0.66,High (Relocation Priority),318.12,289.0,1.668,250.0,232.0,0.0,2.77,92.04,0.0,0.0,75.19,0,0,1,20.0,32.0,0.0,0.0,1.0,1,92.5,1.298,246.4,0.457,0.5,0.457,0.98,0.928,0.606,318.12,168.0,1.10088,13.200000000000001,0.457
521128,Bamangam,Karjan,22.103873,73.192831,1884.0,418.0,21.76,0.508,Medium (Mitigation),957.072,725.0,2.599,951.0,933.0,0.0,3.98,45.38,44.09,0.0,100.0,3,1,1,9.0,25.0,0.0,1.0,1.0,1,92.5,0.66,247.2,0.507,0.53,0.507,0.98,0.924,0.598,957.072,7.019354838709678,1.320292,4.572,0.507
519905,Samsabad,Vadodara Rural,22.120986,73.265597,801.0,180.0,39.08,0.574,Medium (Mitigation),459.774,617.0,1.298,439.0,362.0,0.0,2.32,92.86,0.0,2.14,28.85,2,0,1,21.0,21.0,0.0,1.0,1.0,1,97.5,2.616,246.4,0.363,0.49,0.363,0.98,0.95,0.615,459.77399999999994,18.609523809523807,0.7450519999999999,12.053999999999998,0.363
520987,Navi Mangrol,Dabhoi,22.095945,73.471121,394.0,94.0,52.79,0.62,Medium (Mitigation),244.28,235.0,1.677,212.0,182.0,0.0,0.0,80.08,0.0,7.63,100.0,2,0,0,8.0,36.0,0.0,0.0,1.0,1,85.0,0.615,246.4,0.531,0.5,0.531,0.98,0.864,0.563,244.28,25.138095238095236,1.03974,4.96,0.531
521020,Manpur,Dabhoi,22.05,73.448552,371.0,92.0,30.19,0.507,Medium (Mitigation),188.097,186.0,1.995,186.0,185.0,0.0,11.83,76.34,0.0,11.83,100.0,2,0,0,14.0,48.0,0.0,1.0,0.0,0,87.5,0.109,247.2,0.558,0.51,0.558,0.98,0.889,0.578,188.097,14.376190476190477,1.011465,7.098,0.0
521023,Akoti,Dabhoi,22.041523,73.490974,1091.0,225.0,34.1,0.545,Medium (Mitigation),594.595,501.0,2.178,552.0,539.0,5.79,8.18,80.64,0.0,5.19,100.0,3,0,0,10.0,40.0,0.0,1.0,1.0,1,97.5,1.888,247.2,0.416,0.5,0.416,0.98,0.95,0.606,594.595,11.0,1.1870100000000001,5.45,0.416
521001,Sitpur,Dabhoi,22.08057,73.471272,1813.0,415.0,47.05,0.524,Medium (Mitigation),950.012,943.0,1.923,920.0,893.0,0.0,0.0,74.44,0.0,25.56,43.02,3,1,0,8.0,43.0,0.0,1.0,1.0,1,90.0,0.805,245.6,0.497,0.51,0.497,0.98,0.901,0.587,950.0120000000001,15.177419354838708,1.007652,4.192,0.497
520989,Gamdi Kanayada,Dabhoi,22.095686,73.413239,981.0,201.0,25.69,0.604,Medium (Mitigation),592.524,433.0,2.266,505.0,476.0,0.0,9.95,84.49,0.0,0.69,72.6,2,0,0,5.0,40.0,0.0,1.0,0.0,1,92.5,0.214,246.4,0.536,0.52,0.536,0.98,0.919,0.596,592.524,12.233333333333334,1.3686639999999999,3.02,0.536
521003,Dharmapura,Dabhoi,22.085604,73.534557,338.0,79.0,18.93,0.444,Medium (Mitigation),150.072,138.0,2.449,169.0,169.0,2.17,2.9,86.96,0.0,7.97,83.33,3,0,0,17.0,49.0,0.0,1.0,0.0,0,90.0,0.708,246.4,0.506,0.52,0.506,0.98,0.899,0.582,150.072,6.106451612903226,1.087356,7.548,0.0
521012,Vadaj,Dabhoi,22.075049,73.438367,2266.0,493.0,64.34,0.477,Medium (Mitigation),1080.882,1387.0,1.634,1148.0,1118.0,0.0,10.97,87.88,0.0,1.15,98.52,2,1,2,7.0,45.0,0.0,1.0,0.0,0,97.5,1.769,246.4,0.424,0.5,0.424,0.98,0.95,0.617,1080.882,30.63809523809524,0.7794179999999999,3.339,0.0
521002,Bhilodiya,Dabhoi,22.079777,73.507412,1251.0,321.0,28.54,0.396,Low (Monitoring),495.396,624.0,2.005,631.0,620.0,0.0,13.62,86.38,0.0,0.0,92.76,3,1,0,15.0,50.0,0.0,0.0,0.0,0,92.5,1.339,245.6,0.456,0.51,0.456,0.98,0.917,0.596,495.396,9.206451612903225,0.79398,5.94,0.0
521000,Kanayada,Dabhoi,22.076657,73.405223,1421.0,266.0,31.53,0.511,Medium (Mitigation),726.131,377.0,3.769,687.0,734.0,0.0,2.92,85.41,0.0,5.57,53.42,2,0,0,5.0,40.0,0.0,1.0,0.0,0,100.0,1.893,244.0,0.424,0.56,0.424,0.98,0.95,0.629,726.131,15.014285714285714,1.9259590000000002,2.555,0.0
521010,Chanwada,Dabhoi,22.064168,73.468113,1686.0,361.0,30.66,0.524,Medium (Mitigation),883.464,470.0,3.587,888.0,798.0,0.0,0.0,76.6,0.0,21.28,83.33,3,1,0,11.0,41.0,0.0,1.0,1.0,1,92.5,1.007,245.6,0.486,0.56,0.486,0.98,0.908,0.587,883.464,9.890322580645162,1.8795880000000003,5.764,0.486
521004,Para,Dabhoi,22.072918,73.531128,211.0,53.0,54.5,0.525,Medium (Mitigation),110.775,177.0,1.192,111.0,100.0,0.56,2.26,90.96,0.0,6.21,62.11,2,0,0,16.0,48.0,0.0,1.0,0.0,0,90.0,0.009,245.6,0.549,0.48,0.549,0.98,0.898,0.585,110.775,25.952380952380953,0.6258,8.4,0.0
521006,Asgol,Dabhoi,22.064052,73.533433,352.0,84.0,17.05,0.425,Medium (Mitigation),149.6,212.0,1.66,186.0,166.0,0.0,4.69,89.2,0.0,5.16,94.74,2,1,0,17.0,49.0,0.0,1.0,0.0,0,90.0,0.834,246.4,0.494,0.5,0.494,0.98,0.878,0.563,149.6,8.119047619047619,0.7054999999999999,7.225,0.0
521007,Araniya,Dabhoi,22.058945,73.527337,417.0,98.0,34.29,0.604,Medium (Mitigation),251.868,211.0,1.976,231.0,186.0,1.42,4.72,87.74,0.0,6.13,46.24,2,0,0,15.0,47.0,0.0,1.0,0.0,1,87.5,0.537,247.2,0.528,0.51,0.528,0.98,0.882,0.571,251.868,16.32857142857143,1.193504,9.06,0.528
521013,Ten Talav,Dabhoi,22.049604,73.413979,3013.0,658.0,47.93,0.565,Medium (Mitigation),1702.3449999999998,1401.0,2.151,1562.0,1451.0,2.28,6.99,82.24,0.0,8.49,100.0,2,1,2,12.0,42.0,0.0,1.0,0.0,1,105.0,1.94,245.6,0.413,0.51,0.413,0.98,0.95,0.657,1702.3449999999998,22.823809523809523,1.2153149999999997,6.779999999999999,0.413
521009,Asodara,Dabhoi,22.048387,73.5033,746.0,158.0,90.62,0.644,Medium (Mitigation),480.424,665.0,1.122,371.0,375.0,0.0,19.1,80.45,0.0,0.3,93.46,2,0,2,15.0,47.0,0.0,1.0,1.0,1,90.0,1.521,246.4,0.443,0.48,0.443,0.98,0.898,0.584,480.42400000000004,43.15238095238095,0.7225680000000001,9.66,0.443
521008,Nagdol,Dabhoi,22.053618,73.516519,557.0,132.0,64.63,0.643,Medium (Mitigation),358.151,281.0,1.982,280.0,277.0,0.0,11.03,84.7,0.0,1.78,84.03,2,0,0,17.0,49.0,0.0,1.0,1.0,1,87.5,0.371,247.2,0.539,0.51,0.539,0.98,0.882,0.574,358.151,30.77619047619047,1.274426,10.931000000000001,0.539
521011,Ordi,Dabhoi,22.050937,73.459476,742.0,145.0,29.78,0.608,Medium (Mitigation),451.136,263.0,2.821,384.0,358.0,0.0,15.91,79.55,0.0,3.79,66.67,2,0,0,13.0,43.0,0.0,1.0,1.0,1,85.0,0.614,245.6,0.536,0.53,0.536,0.98,0.865,0.564,451.13599999999997,14.18095238095238,1.715168,7.904,0.536
521022,Paragam,Dabhoi,22.040225,73.47484,582.0,126.0,31.96,0.506,Medium (Mitigation),294.492,223.0,2.61,305.0,277.0,0.0,0.0,75.34,0.0,4.48,100.0,2,0,0,10.0,40.0,0.0,1.0,0.0,0,82.5,0.823,247.2,0.533,0.53,0.533,0.98,0.852,0.555,294.492,15.219047619047618,1.32066,5.0600000000000005,0.0
521021,Rajpura,Dabhoi,22.034954,73.452827,759.0,165.0,38.21,0.563,Medium (Mitigation),427.317,293.0,2.59,395.0,364.0,0.0,10.54,85.37,0.0,3.4,100.0,2,1,1,17.0,57.0,0.0,0.0,1.0,1,90.0,0.936,247.2,0.492,0.53,0.492,0.98,0.885,0.566,427.31699999999995,18.195238095238096,1.4581699999999997,9.571,0.492
521026,Gumanpura,Dabhoi,22.027967,73.466711,365.0,75.0,15.62,0.622,Medium (Mitigation),227.03,204.0,1.789,178.0,187.0,0.0,22.55,70.59,0.0,6.86,100.0,1,0,0,14.0,40.0,0.0,0.0,1.0,1,90.0,0.641,246.4,0.508,0.5,0.508,0.98,0.896,0.583,227.03,14.199999999999998,1.112758,8.708,0.508
521025,Bhumasiya,Dabhoi,22.029212,73.484929,427.0,88.0,59.72,0.564,Medium (Mitigation),240.828,107.0,3.991,225.0,202.0,0.0,0.0,11.21,0.0,88.79,100.0,2,0,0,15.0,45.0,0.0,1.0,0.0,0,92.5,0.439,245.6,0.528,0.57,0.528,0.98,0.915,0.595,240.82799999999997,28.438095238095237,2.250924,8.459999999999999,0.0
521024,Sompura,Dabhoi,22.025399,73.498561,581.0,131.0,26.16,0.501,Medium (Mitigation),291.081,213.0,2.728,299.0,282.0,2.35,2.82,90.14,0.0,3.29,100.0,2,0,0,12.0,42.0,0.0,1.0,0.0,0,97.5,0.865,245.6,0.492,0.53,0.492,0.98,0.928,0.59,291.081,12.457142857142857,1.3667280000000002,6.0120000000000005,0.0
521030,Jesangpura,Dabhoi,22.019937,73.480743,102.0,24.0,100.0,0.565,Medium (Mitigation),57.63,297.0,0.343,53.0,49.0,11.78,0.0,41.41,0.0,46.46,100.0,2,0,0,12.0,42.0,0.0,1.0,0.0,0,92.5,0.578,246.4,0.499,0.44,0.499,0.98,0.915,0.576,57.629999999999995,47.61904761904762,0.193795,6.779999999999999,0.0
521027,Sanor,Dabhoi,22.01772,73.454152,1258.0,296.0,39.9,0.56,Medium (Mitigation),704.48,638.0,1.972,654.0,604.0,0.0,12.09,87.13,0.0,0.78,100.0,2,1,0,23.0,58.0,0.0,0.0,0.0,1,110.0,1.511,245.6,0.443,0.51,0.443,0.98,0.95,0.668,704.48,19.0,1.1043200000000002,12.88,0.443
521031,Bhalodra,Dabhoi,22.010556,73.493043,657.0,137.0,57.69,0.627,Medium (Mitigation),411.939,465.0,1.413,342.0,315.0,0.0,28.39,71.61,0.0,0.0,100.0,2,0,0,25.0,60.0,0.0,1.0,1.0,1,97.5,0.735,244.8,0.494,0.49,0.494,0.98,0.948,0.613,411.939,27.471428571428568,0.885951,15.675,0.494
521028,Mandva,Dabhoi,22.001965,73.434328,2792.0,627.0,29.12,0.544,Medium (Mitigation),1518.8480000000002,1161.0,2.405,1460.0,1332.0,0.0,0.0,74.53,0.0,0.0,100.0,3,0,0,20.0,50.0,0.0,1.0,1.0,1,95.0,1.832,245.6,0.423,0.52,0.423,0.98,0.946,0.616,1518.8480000000002,9.393548387096775,1.30832,10.88,0.423
521033,Gamdi,Dabhoi,21.999967,73.472539,138.0,29.0,92.03,0.647,Medium (Mitigation),89.286,339.0,0.407,74.0,64.0,0.0,0.0,81.66,0.0,18.34,61.59,2,0,1,23.0,43.0,0.0,1.0,1.0,1,90.0,0.818,247.2,0.49,0.46,0.49,0.98,0.899,0.584,89.286,43.82380952380952,0.263329,14.881,0.49
521029,Fulwadi,Dabhoi,22.007016,73.452339,593.0,125.0,61.55,0.465,Medium (Mitigation),275.745,429.0,1.382,311.0,282.0,0.0,24.53,50.47,0.0,21.03,100.0,3,0,0,20.0,50.0,0.0,1.0,0.0,0,102.5,2.135,245.6,0.397,0.49,0.397,0.98,0.95,0.627,275.745,19.854838709677416,0.64263,9.3,0.0
521034,Chandod,Dabhoi,21.991799,73.460127,3019.0,742.0,14.87,0.565,Medium (Mitigation),1705.735,65.0,46.446,1530.0,1489.0,0.0,69.23,24.62,0.0,0.0,100.0,3,1,1,20.0,50.0,0.0,1.0,1.0,1,92.5,1.168,247.2,0.519,0.85,0.519,0.98,0.917,0.594,1705.735,4.796774193548386,26.241989999999998,11.299999999999999,0.519
521219,Nana Karala,Sinor,22.018617,73.417563,1173.0,244.0,41.77,0.574,Medium (Mitigation),673.3019999999999,541.0,2.168,599.0,574.0,0.0,1.48,93.35,0.0,1.85,79.21,1,1,2,14.0,50.0,0.0,1.0,0.0,1,107.5,3.755,246.4,0.288,0.52,0.288,0.98,0.95,0.648,673.3019999999999,37.97272727272727,1.244432,8.036,0.288
521234,Satisana,Sinor,22.001769,73.406543,937.0,208.0,49.63,0.445,Medium (Mitigation),416.965,671.0,1.396,470.0,467.0,0.0,1.94,83.61,0.0,7.6,71.3,3,0,2,16.0,52.0,0.0,1.0,0.0,0,105.0,2.629,245.6,0.362,0.49,0.362,0.98,0.95,0.648,416.96500000000003,16.00967741935484,0.62122,7.12,0.0
521032,Baglipura,Dabhoi,22.003732,73.504446,422.0,82.0,6.16,0.447,Medium (Mitigation),188.634,91.0,4.637,221.0,201.0,0.0,4.44,88.89,0.0,6.67,100.0,2,1,0,20.0,53.0,0.0,1.0,0.0,0,97.5,1.686,245.6,0.443,0.59,0.443,0.98,0.939,0.604,188.63400000000001,2.933333333333333,2.072739,8.94,0.0
520985,Bhimpura Kukad,Dabhoi,22.139255,73.508042,1347.0,319.0,54.86,0.53,Medium (Mitigation),713.9100000000001,665.0,2.026,711.0,636.0,0.0,15.34,73.68,0.0,5.86,81.63,2,0,0,10.0,40.0,0.0,0.0,0.0,0,87.5,0.469,247.2,0.532,0.51,0.532,0.98,0.883,0.574,713.9100000000001,26.123809523809523,1.07378,5.300000000000001,0.0
520984,Karnet,Dabhoi,22.114336,73.484308,2044.0,415.0,74.02,0.559,Medium (Mitigation),1142.596,766.0,2.668,1029.0,1015.0,0.65,7.04,75.88,0.0,5.22,85.91,1,1,0,8.0,40.0,0.0,1.0,0.0,0,87.5,0.694,248.0,0.52,0.53,0.52,0.98,0.885,0.574,1142.596,67.29090909090908,1.4914120000000002,4.472,0.0
520983,Boriyad,Dabhoi,22.120655,73.460479,1024.0,226.0,70.7,0.633,Medium (Mitigation),648.192,325.0,3.151,525.0,499.0,1.23,9.2,64.11,0.0,3.68,52.15,2,0,2,3.0,30.0,0.0,0.0,0.0,1,95.0,2.601,245.6,0.372,0.54,0.372,0.98,0.926,0.595,648.192,33.666666666666664,1.994583,1.899,0.372
520988,Dharmpuri,Dabhoi,22.10525,73.445468,1732.0,390.0,57.45,0.584,Medium (Mitigation),1011.488,906.0,1.912,876.0,856.0,0.0,1.77,83.33,0.0,4.64,53.11,3,0,2,4.0,35.0,0.0,1.0,1.0,1,92.5,0.812,244.8,0.492,0.51,0.492,0.98,0.921,0.599,1011.4879999999999,18.532258064516128,1.1166079999999998,2.336,0.492
520986,Juni Mangrol,Dabhoi,22.104319,73.475881,475.0,102.0,23.79,0.595,Medium (Mitigation),282.625,222.0,2.14,249.0,226.0,0.0,4.5,63.51,0.0,0.9,100.0,2,0,0,7.0,38.0,0.0,1.0,1.0,1,90.0,0.574,247.2,0.514,0.51,0.514,0.98,0.911,0.595,282.625,11.328571428571427,1.2733,4.165,0.514
251213,Dabhoi,Dabhoi,22.132821,73.43051,51240.0,10259.0,28.63,0.458,Medium (Mitigation),23467.92,0.0,,0.0,0.0,,,,,,,0,0,0,0.0,,0.0,0.0,0.0,0,92.5,2.806,246.4,0.353,0.51,0.353,0.02,0.92,0.597,23467.920000000002,286.29999999999995,0.916,0.0,0.0
521017,Kayavarohan,Dabhoi,22.075851,73.250283,8409.0,1899.0,34.37,0.517,Medium (Mitigation),4347.453,3361.0,2.502,4370.0,4039.0,1.67,2.98,91.46,0.0,3.9,100.0,3,1,1,18.0,30.0,0.0,1.0,0.0,1,95.0,1.087,248.0,0.476,0.52,0.476,0.98,0.94,0.605,4347.453,11.087096774193547,1.293534,9.306000000000001,0.476
520995,Puniyad,Dabhoi,22.100616,73.213227,1544.0,322.0,34.72,0.574,Medium (Mitigation),886.256,553.0,2.792,806.0,738.0,2.89,1.99,90.24,0.0,4.88,80.16,2,1,2,13.0,22.0,0.0,1.0,1.0,1,97.5,0.73,248.0,0.502,0.53,0.502,0.98,0.95,0.614,886.256,16.53333333333333,1.6026079999999998,7.462,0.502
520992,Kothara,Dabhoi,22.101065,73.306994,824.0,185.0,60.44,0.53,Medium (Mitigation),436.72,427.0,1.93,427.0,397.0,0.0,5.85,88.99,0.0,4.68,78.95,2,0,0,15.0,32.0,0.0,1.0,0.0,0,92.5,0.783,245.6,0.494,0.51,0.494,0.98,0.903,0.584,436.72,28.780952380952378,1.0229,7.95,0.0
520990,Sathod,Dabhoi,22.088947,73.380113,3682.0,788.0,46.44,0.53,Medium (Mitigation),1951.46,1806.0,2.039,1898.0,1784.0,0.72,2.71,96.46,0.0,0.0,91.85,3,1,0,5.0,35.0,0.0,1.0,0.0,1,92.5,0.545,245.6,0.511,0.51,0.511,0.98,0.916,0.594,1951.46,14.98064516129032,1.0806700000000002,2.6500000000000004,0.511
520997,Sultanpura,Dabhoi,22.081722,73.275647,559.0,111.0,48.48,0.529,Medium (Mitigation),295.711,248.0,2.254,288.0,271.0,0.0,12.1,83.87,0.0,4.03,100.0,2,0,0,18.0,21.0,0.0,1.0,0.0,0,95.0,0.556,248.0,0.513,0.52,0.513,0.98,0.937,0.605,295.711,23.085714285714282,1.192366,9.522,0.0
520996,Fofaliya,Dabhoi,22.077858,73.207523,985.0,199.0,37.56,0.642,Medium (Mitigation),632.37,455.0,2.165,516.0,469.0,0.0,6.61,88.11,0.0,4.41,62.5,1,0,2,13.0,22.0,0.0,1.0,0.0,1,97.5,1.785,248.8,0.426,0.51,0.426,0.98,0.95,0.621,632.37,34.14545454545455,1.38993,8.346,0.426
521015,Pisai,Dabhoi,22.065104,73.353468,1396.0,326.0,44.48,0.502,Medium (Mitigation),700.792,680.0,2.053,710.0,686.0,0.0,7.49,87.22,0.0,5.29,100.0,2,0,1,12.0,44.0,0.0,1.0,0.0,0,97.5,1.804,245.6,0.423,0.51,0.423,0.98,0.945,0.607,700.792,21.18095238095238,1.030606,6.024,0.0
521014,Shirola,Dabhoi,22.056849,73.383541,1599.0,356.0,23.7,0.559,Medium (Mitigation),893.8410000000001,616.0,2.596,845.0,754.0,0.0,0.0,87.34,0.0,12.66,100.0,3,0,2,9.0,42.0,0.0,1.0,1.0,1,100.0,0.738,244.8,0.5,0.53,0.5,0.98,0.95,0.63,893.8410000000001,7.64516129032258,1.4511640000000001,5.031000000000001,0.5
521016,Karmal,Dabhoi,22.058746,73.302368,1401.0,333.0,47.39,0.577,Medium (Mitigation),808.377,459.0,3.052,745.0,656.0,0.0,7.19,87.58,0.0,5.23,100.0,2,1,2,14.0,40.0,0.0,1.0,0.0,1,92.5,1.473,245.6,0.451,0.54,0.451,0.98,0.921,0.598,808.377,22.566666666666666,1.7610039999999998,8.078,0.451
521018,Lingsthali,Dabhoi,22.042229,73.252039,1935.0,447.0,43.93,0.621,Medium (Mitigation),1201.635,862.0,2.245,1036.0,899.0,0.0,7.19,89.56,0.0,3.25,90.67,1,1,1,26.0,36.0,0.0,1.0,1.0,1,102.5,0.944,248.0,0.486,0.52,0.486,0.98,0.95,0.639,1201.635,39.93636363636363,1.394145,16.146,0.486
521019,Bananj,Dabhoi,22.024348,73.233382,835.0,197.0,62.87,0.612,Medium (Mitigation),511.02,418.0,1.998,438.0,397.0,0.0,2.63,83.05,0.0,14.32,100.0,2,0,0,14.0,34.0,0.0,1.0,1.0,1,97.5,2.609,248.0,0.368,0.51,0.368,0.98,0.95,0.617,511.02,29.938095238095237,1.222776,8.568,0.368
521143,Dhanora,Karjan,22.081782,73.187754,741.0,162.0,29.28,0.588,Medium (Mitigation),435.708,322.0,2.301,365.0,376.0,0.0,0.61,84.55,4.85,4.55,71.68,2,0,1,8.0,34.0,0.0,1.0,1.0,1,95.0,1.787,246.4,0.426,0.52,0.426,0.98,0.942,0.609,435.70799999999997,13.942857142857143,1.352988,4.704,0.426
521144,Gandhara,Karjan,22.053571,73.215055,1828.0,413.0,33.04,0.541,Medium (Mitigation),988.948,780.0,2.344,953.0,875.0,0.0,8.97,85.64,0.0,4.1,90.57,3,0,1,9.0,35.0,0.0,1.0,1.0,1,100.0,2.43,248.8,0.382,0.52,0.382,0.98,0.95,0.639,988.9480000000001,10.658064516129032,1.2681040000000001,4.869000000000001,0.382
521145,Ganpatpura,Karjan,22.055872,73.196843,1466.0,304.0,50.82,0.425,Medium (Mitigation),623.05,798.0,1.837,778.0,688.0,0.0,4.01,89.35,0.0,3.76,91.16,3,1,1,7.0,30.0,0.0,1.0,0.0,0,102.5,1.483,248.8,0.447,0.51,0.447,0.98,0.95,0.64,623.05,16.393548387096775,0.780725,2.975,0.0
521156,Dhavat,Karjan,22.033506,73.18218,2340.0,539.0,47.44,0.564,Medium (Mitigation),1319.7599999999998,1272.0,1.84,1232.0,1108.0,0.0,0.94,86.56,0.0,4.01,81.83,3,0,1,6.0,40.0,0.0,1.0,1.0,1,100.0,1.587,248.0,0.439,0.51,0.439,0.98,0.95,0.629,1319.7599999999998,15.303225806451612,1.03776,3.3839999999999995,0.439
521157,Kurali,Karjan,22.024655,73.212051,1924.0,459.0,59.56,0.518,Medium (Mitigation),996.632,591.0,3.255,1005.0,919.0,0.0,0.34,90.52,0.0,4.74,100.0,3,1,1,10.0,40.0,0.0,1.0,1.0,1,102.5,3.849,248.8,0.287,0.55,0.287,0.98,0.95,0.642,996.6320000000001,19.212903225806453,1.68609,5.18,0.287
521158,Vemar,Karjan,22.001203,73.236051,2655.0,570.0,52.32,0.541,Medium (Mitigation),1436.355,1045.0,2.541,1348.0,1307.0,0.0,2.3,86.12,0.0,4.5,100.0,3,1,1,11.0,42.0,0.0,1.0,1.0,1,92.5,0.825,249.6,0.496,0.53,0.496,0.98,0.922,0.595,1436.355,16.87741935483871,1.374681,5.9510000000000005,0.496
521160,Kasampur,Karjan,22.010784,73.197272,601.0,143.0,56.41,0.643,Medium (Mitigation),386.443,482.0,1.247,319.0,282.0,0.0,0.0,85.68,0.0,4.98,100.0,1,0,1,12.0,40.0,0.0,1.0,1.0,1,102.5,2.555,247.2,0.368,0.49,0.368,0.98,0.95,0.651,386.443,51.281818181818174,0.8018210000000001,7.716,0.368
521159,Kothav,Karjan,22.000365,73.216065,998.0,198.0,33.07,0.492,Medium (Mitigation),491.016,505.0,1.976,518.0,480.0,0.0,6.92,87.94,0.0,4.15,100.0,2,0,1,10.0,39.0,0.0,1.0,0.0,0,107.5,1.8,247.2,0.424,0.51,0.424,0.98,0.95,0.66,491.016,15.747619047619047,0.972192,4.92,0.0
521172,Nishaliya,Karjan,21.994476,73.203651,533.0,114.0,51.59,0.61,Medium (Mitigation),325.13,282.0,1.89,278.0,255.0,0.0,14.89,80.14,0.0,4.96,100.0,2,0,1,12.0,41.0,0.0,1.0,0.0,1,105.0,1.945,247.2,0.414,0.51,0.414,0.98,0.95,0.649,325.13,24.566666666666666,1.1528999999999998,7.32,0.414
521171,Choranda,Karjan,21.988212,73.178437,3674.0,731.0,23.84,0.58,Medium (Mitigation),2130.92,1218.0,3.016,1901.0,1773.0,0.0,1.2,74.88,5.12,4.96,93.48,1,1,1,10.0,35.0,0.0,1.0,1.0,1,100.0,2.626,248.8,0.371,0.54,0.371,0.98,0.95,0.628,2130.92,21.672727272727272,1.74928,5.8,0.371
521217,Sandha,Sinor,22.051567,73.333742,714.0,165.0,41.88,0.538,Medium (Mitigation),384.132,290.0,2.462,395.0,319.0,0.0,0.34,84.48,0.0,5.17,78.37,1,0,2,12.0,45.0,0.0,1.0,0.0,0,97.5,2.664,246.4,0.365,0.52,0.365,0.98,0.95,0.616,384.132,38.07272727272727,1.3245560000000003,6.456,0.0
521218,Damnagar,Sinor,22.048448,73.35436,587.0,134.0,42.25,0.571,Medium (Mitigation),335.177,329.0,1.784,311.0,276.0,0.0,0.0,87.5,0.0,4.88,89.86,2,0,0,12.0,44.0,0.0,1.0,0.0,1,90.0,3.085,245.6,0.336,0.5,0.336,0.98,0.899,0.586,335.17699999999996,20.119047619047617,1.018664,6.851999999999999,0.336
521216,Garadi,Sinor,22.046886,73.313492,1223.0,242.0,12.76,0.467,Medium (Mitigation),571.1410000000001,379.0,3.227,642.0,581.0,0.0,0.79,87.11,0.0,5.79,90.94,2,0,2,10.0,45.0,0.0,1.0,0.0,0,97.5,2.705,245.6,0.366,0.55,0.366,0.98,0.95,0.618,571.1410000000001,6.076190476190476,1.507009,4.67,0.0
521215,Nana Habipura,Sinor,22.045817,73.288605,771.0,171.0,43.06,0.596,Medium (Mitigation),459.516,322.0,2.394,399.0,372.0,0.0,1.66,89.4,0.0,7.62,100.0,2,0,2,20.0,40.0,0.0,1.0,0.0,1,92.5,2.197,248.8,0.398,0.52,0.398,0.98,0.924,0.597,459.51599999999996,20.504761904761907,1.426824,11.92,0.398
521225,Achisara,Sinor,22.032329,73.319689,937.0,212.0,45.57,0.586,Medium (Mitigation),549.082,732.0,1.28,466.0,471.0,0.0,8.06,86.89,0.0,3.69,81.45,2,0,2,20.0,5.0,0.0,0.0,0.0,1,100.0,2.405,246.4,0.378,0.49,0.378,0.98,0.95,0.629,549.082,21.7,0.75008,11.719999999999999,0.378
521222,Puniyad,Sinor,22.034808,73.362022,1426.0,343.0,45.65,0.65,Medium (Mitigation),926.9,683.0,2.088,731.0,695.0,0.0,2.2,82.87,0.0,4.69,87.46,1,0,2,13.0,45.0,0.0,1.0,0.0,1,92.5,1.594,247.2,0.438,0.51,0.438,0.98,0.922,0.597,926.9,41.49999999999999,1.3572000000000002,8.450000000000001,0.438
521221,Anandi,Sinor,22.027457,73.377876,1470.0,332.0,42.86,0.55,Medium (Mitigation),808.5000000000001,758.0,1.939,744.0,726.0,0.0,14.78,81.79,0.0,3.17,80.0,2,1,2,12.0,44.0,0.0,1.0,0.0,1,97.5,2.147,245.6,0.399,0.51,0.399,0.98,0.95,0.627,808.5000000000001,20.409523809523808,1.0664500000000001,6.6000000000000005,0.399
521223,Bhekhada,Sinor,22.034538,73.340775,572.0,139.0,53.15,0.518,Medium (Mitigation),296.296,201.0,2.846,299.0,273.0,0.0,0.0,81.5,0.0,6.0,89.57,1,1,2,16.0,51.0,0.0,1.0,0.0,0,105.0,2.361,245.6,0.388,0.54,0.388,0.98,0.95,0.648,296.296,48.31818181818181,1.474228,8.288,0.0
521214,Timbarva,Sinor,22.02638,73.271644,2047.0,504.0,47.19,0.528,Medium (Mitigation),1080.816,1551.0,1.32,1078.0,969.0,0.0,0.71,87.43,0.0,4.38,73.75,2,1,2,24.0,40.0,0.0,1.0,0.0,1,102.5,3.403,247.2,0.309,0.49,0.309,0.98,0.95,0.629,1080.816,22.471428571428568,0.69696,12.672,0.309
521224,Chhanbhoi,Sinor,22.018022,73.343451,817.0,203.0,62.79,0.675,High (Relocation Priority),551.475,524.0,1.559,432.0,385.0,0.0,3.82,78.82,0.0,5.15,92.01,1,0,2,16.0,45.0,0.0,1.0,0.0,1,92.5,0.842,248.0,0.49,0.5,0.49,0.98,0.925,0.598,551.475,57.08181818181818,1.052325,10.8,0.49
521231,Avakhal,Sinor,22.0029,73.3245,3162.0,753.0,45.51,0.437,Medium (Mitigation),1381.794,1344.0,2.353,1629.0,1533.0,0.0,2.31,83.1,0.0,4.02,94.18,3,1,2,19.0,48.0,0.0,1.0,0.0,0,92.5,0.371,246.4,0.525,0.52,0.525,0.98,0.922,0.598,1381.794,14.680645161290322,1.028261,8.303,0.0
521232,Malpur,Sinor,22.006701,73.353646,1179.0,246.0,46.99,0.587,Medium (Mitigation),692.073,461.0,2.557,612.0,567.0,0.0,1.74,88.94,0.0,2.6,79.27,3,0,2,18.0,45.0,0.0,1.0,0.0,1,102.5,0.713,244.8,0.502,0.53,0.502,0.98,0.95,0.641,692.073,15.158064516129032,1.500959,10.565999999999999,0.502
521226,Tarva,Sinor,22.00933,73.267989,808.0,179.0,68.32,0.515,Medium (Mitigation),416.12,522.0,1.548,412.0,396.0,0.0,0.57,83.52,0.0,4.79,100.0,2,0,2,25.0,42.0,0.0,1.0,0.0,0,102.5,2.563,248.0,0.369,0.5,0.369,0.98,0.95,0.639,416.12,32.53333333333333,0.79722,12.875,0.0
521233,Segva,Sinor,22.006763,73.374721,1414.0,308.0,48.16,0.426,Medium (Mitigation),602.364,453.0,3.121,760.0,654.0,0.0,0.79,72.64,21.26,4.33,86.72,3,1,2,14.0,50.0,0.0,1.0,0.0,0,100.0,2.3,246.4,0.393,0.54,0.393,0.98,0.95,0.629,602.364,15.53548387096774,1.329546,5.9639999999999995,0.0
521230,Sadhli,Sinor,21.990856,73.297683,6269.0,1284.0,23.91,0.554,Medium (Mitigation),3473.0260000000003,1133.0,5.533,3234.0,3035.0,0.0,0.88,89.4,0.0,4.15,95.55,3,1,2,20.0,40.0,0.0,1.0,0.0,1,107.5,0.896,249.6,0.505,0.62,0.505,0.98,0.95,0.66,3473.0260000000003,7.712903225806452,3.0652820000000003,11.080000000000002,0.505
521108,Sampla,Padra,22.092733,72.917623,1449.0,310.0,16.7,0.564,Medium (Mitigation),817.2359999999999,871.0,1.664,762.0,687.0,0.0,3.1,85.65,0.0,3.44,46.92,2,0,1,9.0,25.0,0.0,1.0,1.0,1,92.5,1.565,247.2,0.439,0.5,0.439,0.98,0.92,0.596,817.2359999999999,7.952380952380952,0.9384959999999999,5.076,0.439
521107,Shanpur,Padra,22.104415,72.950166,1367.0,277.0,11.85,0.492,Medium (Mitigation),672.564,518.0,2.639,707.0,660.0,0.0,2.12,85.33,0.0,4.05,11.31,2,0,1,16.0,50.0,0.0,1.0,0.0,0,92.5,0.232,244.8,0.536,0.53,0.536,0.98,0.914,0.595,672.564,5.642857142857142,1.2983879999999999,7.872,0.0
521090,Kanzat,Padra,22.108455,72.889902,4659.0,1005.0,6.48,0.55,Medium (Mitigation),2562.4500000000003,731.0,6.373,2435.0,2224.0,8.48,1.78,87.55,0.0,0.0,62.5,3,1,1,10.0,48.0,0.0,1.0,0.0,1,95.0,0.487,247.2,0.532,0.62,0.532,0.98,0.937,0.593,2562.4500000000003,2.0903225806451613,3.5051500000000004,5.5,0.532
521110,Bhanpur,Padra,22.090872,72.938779,801.0,164.0,2.12,0.573,Medium (Mitigation),458.973,315.0,2.543,419.0,382.0,0.0,0.64,89.49,0.0,4.46,60.85,2,0,1,14.0,41.0,0.0,1.0,1.0,1,95.0,0.787,245.6,0.497,0.53,0.497,0.98,0.937,0.607,458.97299999999996,1.0095238095238095,1.457139,8.021999999999998,0.497
521111,Vanchhara,Padra,22.075925,72.949723,1460.0,315.0,34.86,0.562,Medium (Mitigation),820.5200000000001,859.0,1.7,782.0,678.0,0.0,3.61,84.63,0.0,5.36,13.76,2,1,1,18.0,4.0,0.0,1.0,1.0,1,95.0,0.364,245.6,0.522,0.5,0.522,0.98,0.932,0.605,820.5200000000001,16.599999999999998,0.9554,10.116000000000001,0.522
521109,Danoli,Padra,22.069706,72.919621,1017.0,232.0,9.14,0.549,Medium (Mitigation),558.3330000000001,482.0,2.11,554.0,463.0,0.0,2.9,82.16,0.0,4.36,30.38,2,0,1,12.0,48.0,0.0,1.0,0.0,1,92.5,2.303,245.6,0.388,0.51,0.388,0.98,0.918,0.596,558.3330000000001,4.352380952380953,1.15839,6.588000000000001,0.388
521118,Nedra,Padra,22.052913,72.928131,1030.0,226.0,39.42,0.612,Medium (Mitigation),630.36,549.0,1.876,516.0,514.0,0.0,7.28,87.16,0.0,5.56,78.02,2,0,1,18.0,50.0,0.0,1.0,1.0,1,95.0,0.564,245.6,0.51,0.51,0.51,0.98,0.934,0.606,630.36,18.771428571428572,1.148112,11.016,0.51
521227,Tinglod,Sinor,21.990449,73.25099,819.0,194.0,44.2,0.47,Medium (Mitigation),384.93,467.0,1.754,439.0,380.0,0.0,0.43,87.15,0.0,1.93,100.0,3,0,2,14.0,46.0,0.0,1.0,0.0,0,97.5,0.646,248.8,0.504,0.5,0.504,0.98,0.939,0.597,384.92999999999995,14.258064516129032,0.82438,6.58,0.0
521122,Abhara,Karjan,22.088832,73.023087,1059.0,245.0,61.66,0.64,Medium (Mitigation),677.76,650.0,1.629,533.0,526.0,0.0,4.55,85.58,2.73,4.86,88.65,2,0,2,10.0,50.0,0.0,1.0,1.0,1,102.5,0.586,246.4,0.507,0.5,0.507,0.98,0.95,0.639,677.76,29.36190476190476,1.04256,6.4,0.507
521142,Kandari,Karjan,22.080348,73.151713,4295.0,973.0,46.87,0.539,Medium (Mitigation),2315.005,1598.0,2.688,2231.0,2064.0,0.0,7.0,87.0,0.0,5.24,100.0,3,1,1,4.0,30.0,0.0,1.0,1.0,1,107.5,1.023,246.4,0.481,0.53,0.481,0.98,0.95,0.64,2315.005,15.119354838709675,1.4488320000000001,2.156,0.481
521132,Kurai,Karjan,22.077144,73.102052,1473.0,344.0,60.9,0.577,Medium (Mitigation),849.9209999999999,820.0,1.796,810.0,663.0,0.0,0.0,77.87,15.73,4.94,85.57,2,1,1,3.0,32.0,0.0,1.0,1.0,1,102.5,1.723,245.6,0.427,0.5,0.427,0.98,0.95,0.627,849.9209999999999,28.999999999999996,1.036292,1.7309999999999999,0.427
521134,Handod,Karjan,22.074506,73.054631,2095.0,466.0,30.69,0.439,Medium (Mitigation),919.705,1020.0,2.054,1083.0,1012.0,0.0,2.36,87.03,5.11,4.03,80.14,2,1,0,6.0,42.0,0.0,1.0,0.0,0,92.5,1.707,246.4,0.43,0.51,0.43,0.98,0.921,0.597,919.705,14.614285714285714,0.9017059999999999,2.634,0.0
521133,Khandha,Karjan,22.070567,73.073476,1362.0,259.0,23.42,0.576,Medium (Mitigation),784.512,804.0,1.694,694.0,668.0,0.0,2.2,81.48,13.89,1.74,71.02,2,0,0,4.0,38.0,0.0,1.0,1.0,1,92.5,1.451,244.8,0.446,0.5,0.446,0.98,0.926,0.606,784.512,11.152380952380952,0.975744,2.304,0.446
521136,Chorbhuj,Karjan,22.061192,73.010019,1128.0,254.0,28.99,0.576,Medium (Mitigation),649.728,847.0,1.332,586.0,542.0,0.0,4.96,87.89,0.0,5.21,81.27,2,0,1,12.0,50.0,0.0,1.0,0.0,1,92.5,1.545,246.4,0.438,0.49,0.438,0.98,0.927,0.606,649.728,13.804761904761904,0.767232,6.911999999999999,0.438
521123,Sambhoi,Karjan,22.107029,73.03894,1257.0,253.0,32.22,0.607,Medium (Mitigation),762.999,712.0,1.765,651.0,606.0,0.0,7.63,71.35,16.06,4.28,85.93,2,0,1,12.0,45.0,0.0,1.0,1.0,1,100.0,0.375,246.4,0.522,0.5,0.522,0.98,0.95,0.608,762.999,15.342857142857142,1.0713549999999998,7.284,0.522
521124,Surwada,Karjan,22.107989,73.055006,1382.0,299.0,23.44,0.505,Medium (Mitigation),697.91,487.0,2.838,715.0,667.0,0.0,3.23,84.04,4.04,7.07,73.32,2,0,1,9.0,42.0,0.0,1.0,0.0,0,92.5,0.719,245.6,0.503,0.54,0.503,0.98,0.938,0.616,697.91,11.161904761904761,1.43319,4.545,0.0
521121,Virjai,Karjan,22.100334,73.001793,1738.0,397.0,29.92,0.541,Medium (Mitigation),940.258,1055.0,1.647,906.0,832.0,0.0,0.0,83.29,10.84,4.97,89.15,2,1,2,11.0,60.0,0.0,1.0,1.0,1,92.5,1.105,246.4,0.471,0.5,0.471,0.98,0.914,0.593,940.258,14.247619047619049,0.8910270000000001,5.9510000000000005,0.471
521126,Pingalwada,Karjan,22.108714,73.097279,1508.0,359.0,31.83,0.511,Medium (Mitigation),770.588,783.0,1.926,771.0,737.0,0.0,3.07,86.59,0.0,5.24,78.61,3,1,1,8.0,40.0,0.0,1.0,1.0,1,92.5,0.653,246.4,0.504,0.51,0.504,0.98,0.922,0.598,770.588,10.26774193548387,0.984186,4.088,0.504
521127,Harsunda,Karjan,22.10727,73.123008,463.0,105.0,58.53,0.653,High (Relocation Priority),302.339,169.0,2.74,239.0,224.0,0.0,3.55,87.57,0.0,4.73,86.49,2,0,1,7.0,40.0,0.0,1.0,1.0,1,95.0,0.231,246.4,0.536,0.53,0.536,0.98,0.942,0.609,302.339,27.87142857142857,1.7892200000000003,4.571,0.536
521125,Manpur,Karjan,22.098113,73.075975,1022.0,210.0,41.1,0.52,Medium (Mitigation),531.44,488.0,2.094,519.0,503.0,0.0,2.28,85.92,4.14,6.21,99.28,2,0,0,8.0,41.0,0.0,1.0,0.0,0,95.0,0.383,245.6,0.522,0.51,0.522,0.98,0.934,0.606,531.44,19.571428571428573,1.08888,4.16,0.0
521131,Anastu,Karjan,22.086903,73.114773,1899.0,420.0,44.13,0.479,Medium (Mitigation),909.621,860.0,2.208,978.0,921.0,0.0,3.7,69.63,17.99,4.13,60.79,2,1,1,4.0,36.0,0.0,1.0,0.0,0,102.5,0.727,246.4,0.5,0.52,0.5,0.98,0.95,0.643,909.621,21.014285714285716,1.0576320000000001,1.916,0.0
521129,Manglej,Karjan,22.094203,73.173107,1297.0,276.0,45.1,0.486,Medium (Mitigation),630.342,549.0,2.362,679.0,618.0,0.0,0.0,75.76,7.84,5.35,70.59,3,0,1,8.0,32.0,0.0,1.0,0.0,0,90.0,0.02,246.4,0.554,0.52,0.554,0.98,0.903,0.588,630.342,14.548387096774194,1.147932,3.888,0.0
521130,Kherda,Karjan,22.092915,73.136272,1211.0,221.0,17.34,0.594,Medium (Mitigation),719.334,478.0,2.533,599.0,612.0,0.0,2.93,86.82,0.0,5.23,83.13,2,0,1,6.0,40.0,0.0,1.0,1.0,1,95.0,0.651,245.6,0.507,0.53,0.507,0.98,0.936,0.607,719.334,8.257142857142856,1.5046019999999998,3.564,0.507
521137,Umaj,Karjan,22.055899,72.964382,1167.0,245.0,34.53,0.553,Medium (Mitigation),645.351,534.0,2.185,614.0,553.0,0.0,4.68,83.71,0.0,8.43,89.93,2,1,1,16.0,50.0,0.0,1.0,1.0,1,92.5,1.217,245.6,0.466,0.52,0.466,0.98,0.917,0.596,645.351,16.442857142857143,1.2083050000000002,8.848,0.466
521146,Vemardi,Karjan,22.052172,73.172982,1212.0,256.0,51.4,0.486,Medium (Mitigation),589.032,517.0,2.344,650.0,562.0,0.0,8.06,86.18,1.54,3.45,100.0,3,0,1,6.0,32.0,0.0,0.0,0.0,0,105.0,1.006,246.4,0.481,0.52,0.481,0.98,0.95,0.652,589.032,16.58064516129032,1.139184,2.916,0.0
521166,Mankan,Karjan,21.932658,73.069718,1792.0,335.0,25.22,0.628,Medium (Mitigation),1125.376,368.0,4.87,930.0,862.0,0.0,3.92,86.42,7.83,0.78,90.63,2,0,1,2.0,65.0,0.0,1.0,1.0,1,100.0,1.228,245.6,0.477,0.6,0.477,0.98,0.95,0.626,1125.376,12.009523809523808,3.05836,1.256,0.477
521184,Sarupur Timbi,Karjan,21.929106,73.150558,768.0,158.0,45.57,0.634,Medium (Mitigation),486.912,337.0,2.279,402.0,366.0,0.0,5.34,87.54,0.0,3.86,67.8,2,0,1,19.0,55.0,0.0,1.0,1.0,1,102.5,0.274,248.0,0.533,0.52,0.533,0.98,0.95,0.638,486.91200000000003,21.7,1.444886,12.046,0.533
521183,Saniyad,Karjan,21.923933,73.173165,1228.0,259.0,60.02,0.521,Medium (Mitigation),639.788,688.0,1.785,630.0,598.0,0.0,3.86,82.76,10.21,1.1,75.0,1,1,0,7.0,55.0,0.0,1.0,0.0,0,95.0,1.516,247.2,0.442,0.5,0.442,0.98,0.936,0.605,639.788,54.56363636363636,0.929985,3.6470000000000002,0.0
521163,Dethan,Karjan,21.977393,73.104835,2225.0,444.0,24.31,0.506,Medium (Mitigation),1125.85,773.0,2.878,1139.0,1086.0,0.0,1.08,82.31,13.72,2.29,100.0,3,1,1,10.0,42.0,0.0,1.0,0.0,1,95.0,1.19,246.4,0.471,0.54,0.471,0.98,0.922,0.594,1125.85,7.841935483870967,1.4562680000000001,5.0600000000000005,0.471
521164,Valan,Karjan,21.954884,73.075371,10182.0,1854.0,15.46,0.424,Medium (Mitigation),4317.168,2339.0,4.353,5232.0,4950.0,0.94,1.76,87.67,5.14,1.76,100.0,3,1,1,3.0,45.0,0.0,1.0,0.0,0,95.0,0.656,247.2,0.515,0.58,0.515,0.98,0.927,0.594,4317.168,4.987096774193549,1.8456719999999998,1.272,0.0
521169,Atali,Karjan,21.963404,73.147394,1222.0,262.0,35.52,0.567,Medium (Mitigation),692.8739999999999,714.0,1.711,632.0,590.0,0.0,1.82,83.5,0.0,4.48,80.57,2,0,1,10.0,45.0,0.0,1.0,0.0,1,97.5,3.145,248.0,0.329,0.5,0.329,0.98,0.95,0.617,692.8739999999999,16.914285714285715,0.9701369999999999,5.67,0.329
521170,Bachar,Karjan,21.962801,73.17002,1253.0,252.0,28.57,0.552,Medium (Mitigation),691.6560000000001,620.0,2.021,622.0,631.0,0.0,0.44,76.44,17.38,4.71,80.54,2,1,1,20.0,60.0,0.0,1.0,1.0,1,100.0,1.028,248.8,0.479,0.51,0.479,0.98,0.95,0.618,691.6560000000001,13.604761904761904,1.1155920000000001,11.040000000000001,0.479
521168,Kiya,Karjan,21.957047,73.121666,1410.0,273.0,22.91,0.564,Medium (Mitigation),795.2399999999999,939.0,1.502,721.0,689.0,0.0,1.6,91.37,0.0,3.83,53.38,2,0,0,5.0,42.0,0.0,0.0,1.0,1,95.0,2.098,247.2,0.402,0.5,0.402,0.98,0.939,0.607,795.2399999999999,10.90952380952381,0.8471279999999999,2.82,0.402
521176,Urad,Karjan,21.941814,73.159467,1073.0,226.0,37.65,0.615,Medium (Mitigation),659.895,451.0,2.379,550.0,523.0,0.0,9.85,81.62,2.63,4.81,80.43,2,0,1,6.0,48.0,0.0,1.0,1.0,1,97.5,0.87,248.0,0.491,0.52,0.491,0.98,0.95,0.618,659.895,17.928571428571427,1.463085,3.69,0.491
521177,Koliyad,Karjan,21.927209,73.131173,2612.0,538.0,45.83,0.577,Medium (Mitigation),1507.1239999999998,908.0,2.877,1364.0,1248.0,0.0,6.61,88.11,0.0,3.85,75.0,2,1,1,5.0,55.0,0.0,1.0,1.0,1,97.5,1.465,248.0,0.452,0.54,0.452,0.98,0.95,0.617,1507.1239999999998,21.823809523809523,1.6600289999999998,2.885,0.452
521167,Divi,Karjan,21.933756,73.116397,844.0,162.0,38.51,0.481,Medium (Mitigation),405.964,429.0,1.967,457.0,387.0,0.0,11.16,82.56,0.0,4.88,64.23,2,0,1,4.0,45.0,0.0,1.0,0.0,0,95.0,2.596,247.2,0.368,0.51,0.368,0.98,0.939,0.607,405.964,18.338095238095235,0.946127,1.924,0.0
521165,Mesrad,Karjan,21.930546,73.021135,2174.0,393.0,27.92,0.557,Medium (Mitigation),1210.918,1059.0,2.053,1119.0,1055.0,0.0,0.66,90.18,0.0,6.42,62.83,2,1,1,3.0,58.0,0.0,1.0,0.0,1,102.5,0.757,245.6,0.496,0.51,0.496,0.98,0.95,0.64,1210.9180000000001,13.295238095238096,1.143521,1.6710000000000003,0.496
521178,Sansrod,Karjan,21.912531,73.096947,5649.0,1129.0,26.87,0.553,Medium (Mitigation),3123.8970000000004,931.0,6.068,2846.0,2803.0,0.0,0.43,89.14,0.0,0.43,51.77,3,1,1,6.0,65.0,0.0,1.0,1.0,1,100.0,1.492,247.2,0.464,0.63,0.464,0.98,0.95,0.635,3123.8970000000004,8.667741935483871,3.355604,3.3180000000000005,0.464
521182,Sanapura,Karjan,21.90548,73.145016,891.0,207.0,51.96,0.619,Medium (Mitigation),551.529,447.0,1.993,449.0,442.0,0.0,0.0,78.88,14.91,4.35,100.0,2,0,1,9.0,60.0,0.0,1.0,0.0,1,92.5,1.154,247.2,0.469,0.51,0.469,0.98,0.928,0.606,551.529,24.742857142857144,1.233667,5.571,0.469
521181,Saring,Karjan,21.890801,73.129828,1731.0,385.0,41.19,0.599,Medium (Mitigation),1036.869,889.0,1.947,909.0,822.0,0.0,2.45,79.77,10.65,5.86,80.11,2,0,1,14.0,58.0,0.0,1.0,1.0,1,97.5,1.773,247.2,0.426,0.51,0.426,0.98,0.95,0.617,1036.869,19.614285714285714,1.166253,8.386,0.426
521179,Haldarva,Karjan,21.896641,73.077939,2141.0,402.0,41.29,0.472,Medium (Mitigation),1010.552,631.0,3.393,1085.0,1056.0,0.0,3.14,92.14,1.57,1.73,76.79,3,0,1,2.0,56.0,0.0,1.0,0.0,0,100.0,1.871,247.2,0.425,0.55,0.425,0.98,0.95,0.626,1010.5519999999999,13.319354838709677,1.6014959999999998,0.944,0.0
521195,Karan,Karjan,21.89618,73.168278,703.0,151.0,39.4,0.584,Medium (Mitigation),410.552,457.0,1.538,374.0,329.0,0.0,0.0,71.12,22.87,5.62,100.0,2,0,1,11.0,62.0,0.0,1.0,0.0,1,95.0,2.119,247.2,0.4,0.5,0.4,0.98,0.939,0.607,410.55199999999996,18.76190476190476,0.898192,6.4239999999999995,0.4
521180,Mantroj,Karjan,21.889077,73.10036,857.0,190.0,63.83,0.597,Medium (Mitigation),511.629,455.0,1.884,439.0,418.0,0.0,6.0,69.6,18.0,4.4,86.21,1,0,1,4.0,55.0,0.0,1.0,0.0,0,105.0,0.223,246.4,0.534,0.51,0.534,0.98,0.95,0.646,511.62899999999996,58.027272727272724,1.1247479999999999,2.388,0.0
521196,Pachhiyapura,Karjan,21.894566,73.156396,1144.0,254.0,29.11,0.448,Medium (Mitigation),512.5120000000001,676.0,1.692,603.0,541.0,0.0,2.65,81.15,0.88,4.86,88.93,2,1,1,8.0,54.0,0.0,1.0,0.0,0,97.5,1.024,247.2,0.477,0.5,0.477,0.98,0.95,0.616,512.5120000000001,13.86190476190476,0.758016,3.584,0.0
521197,Delvada,Karjan,21.877363,73.14759,504.0,131.0,27.98,0.599,Medium (Mitigation),301.896,284.0,1.775,246.0,258.0,0.0,16.56,47.13,19.75,4.46,60.81,2,0,1,5.0,56.0,0.0,1.0,1.0,1,97.5,0.584,248.8,0.508,0.5,0.508,0.98,0.95,0.617,301.896,13.323809523809523,1.0632249999999999,2.995,0.508
521199,Arjanpura,Karjan,21.867865,73.164557,368.0,75.0,15.49,0.494,Medium (Mitigation),181.792,121.0,3.041,182.0,186.0,0.0,3.23,70.97,4.84,19.35,68.18,2,0,0,11.0,61.0,0.0,1.0,0.0,0,97.5,1.078,248.0,0.479,0.54,0.479,0.98,0.95,0.616,181.792,7.376190476190476,1.502254,5.434,0.0
521198,Somaj,Karjan,21.868243,73.149303,230.0,53.0,37.83,0.597,Medium (Mitigation),137.31,160.0,1.438,132.0,98.0,0.0,16.77,50.93,0.0,11.18,74.07,2,0,1,8.0,56.0,0.0,1.0,1.0,1,95.0,1.083,247.2,0.471,0.49,0.471,0.98,0.942,0.609,137.31,18.014285714285712,0.858486,4.776,0.471
521192,Samri,Karjan,21.935162,73.197469,1436.0,267.0,12.4,0.552,Medium (Mitigation),792.672,265.0,5.419,727.0,709.0,0.0,0.0,83.15,5.86,5.49,88.11,2,1,1,16.0,38.0,0.0,1.0,1.0,1,97.5,2.709,248.0,0.376,0.61,0.376,0.98,0.95,0.619,792.672,5.904761904761905,2.991288,8.832,0.376
521173,Methi,Karjan,21.973103,73.221783,1076.0,252.0,40.33,0.467,Medium (Mitigation),502.492,575.0,1.871,565.0,511.0,0.0,1.57,86.09,0.0,4.87,100.0,2,1,0,14.0,35.0,0.0,1.0,0.0,0,97.5,0.844,250.4,0.492,0.51,0.492,0.98,0.95,0.617,502.492,19.204761904761902,0.873757,6.538,0.0
521174,Chhanchhva,Karjan,21.973599,73.197097,727.0,153.0,60.52,0.64,Medium (Mitigation),465.28,560.0,1.298,367.0,360.0,0.0,0.0,89.75,0.0,5.22,100.0,2,0,1,9.0,45.0,0.0,1.0,1.0,1,97.5,0.113,248.8,0.54,0.49,0.54,0.98,0.95,0.617,465.28000000000003,28.81904761904762,0.83072,5.76,0.54
521175,Kala,Karjan,21.949247,73.1791,1323.0,253.0,15.42,0.611,Medium (Mitigation),808.353,378.0,3.5,669.0,654.0,0.0,0.0,80.25,13.33,4.69,100.0,2,0,1,20.0,42.0,0.0,1.0,0.0,1,92.5,0.367,248.0,0.531,0.55,0.531,0.98,0.946,0.619,808.353,7.3428571428571425,2.1385,12.219999999999999,0.531
521187,Simli,Karjan,21.952537,73.220691,1682.0,363.0,55.95,0.626,Medium (Mitigation),1052.932,735.0,2.288,868.0,814.0,0.0,1.09,86.12,0.0,4.9,82.15,2,0,1,18.0,38.0,0.0,1.0,0.0,1,97.5,1.488,247.2,0.447,0.52,0.447,0.98,0.95,0.617,1052.932,26.642857142857142,1.4322879999999998,11.268,0.447
521186,Kanthariya,Karjan,21.947104,73.19995,574.0,137.0,45.12,0.59,Medium (Mitigation),338.66,404.0,1.421,304.0,270.0,0.0,1.73,86.14,0.0,4.95,100.0,2,0,1,20.0,45.0,0.0,1.0,1.0,1,100.0,2.212,247.2,0.392,0.49,0.392,0.98,0.95,0.628,338.65999999999997,21.485714285714284,0.83839,11.799999999999999,0.392
521188,Kothiya,Karjan,21.943,73.238991,1072.0,249.0,27.61,0.604,Medium (Mitigation),647.4879999999999,461.0,2.325,568.0,504.0,0.0,15.63,63.53,15.23,3.61,88.33,2,0,0,22.0,50.0,0.0,1.0,1.0,1,102.5,0.843,248.8,0.493,0.52,0.493,0.98,0.95,0.64,647.4879999999999,13.147619047619047,1.4043,13.288,0.493
521190,Deroli,Karjan,21.935378,73.221769,581.0,139.0,28.4,0.547,Medium (Mitigation),317.807,393.0,1.478,308.0,273.0,0.0,13.3,67.46,13.3,4.04,70.42,2,1,0,20.0,48.0,0.0,1.0,1.0,1,107.5,1.034,249.6,0.476,0.49,0.476,0.98,0.95,0.657,317.807,13.523809523809522,0.808466,10.940000000000001,0.476
521193,Samra,Karjan,21.918272,73.193568,936.0,191.0,24.89,0.553,Medium (Mitigation),517.6080000000001,625.0,1.498,481.0,455.0,0.0,4.63,80.56,7.1,4.63,91.95,2,0,0,19.0,40.0,0.0,0.0,1.0,1,97.5,3.06,247.2,0.333,0.49,0.333,0.98,0.95,0.616,517.6080000000001,11.852380952380953,0.8283940000000001,10.507000000000001,0.333
521191,Fatepur,Karjan,21.918199,73.21762,668.0,146.0,55.39,0.628,Medium (Mitigation),419.504,476.0,1.403,342.0,326.0,0.0,25.0,68.96,1.67,3.12,90.63,2,0,0,20.0,55.0,0.0,1.0,1.0,1,97.5,0.678,249.6,0.501,0.49,0.501,0.98,0.95,0.637,419.504,26.376190476190477,0.881084,12.56,0.501
521194,Sherpura,Karjan,21.905708,73.187584,238.0,50.0,66.39,0.489,Medium (Mitigation),116.382,163.0,1.46,119.0,119.0,0.0,5.2,76.3,11.56,5.78,53.03,2,0,0,15.0,65.0,0.0,1.0,0.0,0,92.5,3.651,249.6,0.292,0.49,0.292,0.98,0.924,0.596,116.38199999999999,31.614285714285714,0.71394,7.335,0.0
521203,Kahona,Karjan,21.90302,73.210746,582.0,140.0,64.95,0.669,High (Relocation Priority),389.358,414.0,1.406,314.0,268.0,0.0,12.77,76.87,0.0,5.54,87.77,1,0,0,23.0,42.0,0.0,1.0,1.0,1,92.5,1.258,250.4,0.46,0.49,0.46,0.98,0.924,0.595,389.358,59.04545454545455,0.940614,15.387,0.46
521140,Kambola,Karjan,22.040465,73.053253,1244.0,311.0,53.54,0.501,Medium (Mitigation),623.244,960.0,1.296,620.0,624.0,0.0,4.18,80.6,8.96,5.07,75.31,2,0,1,8.0,43.0,0.0,1.0,0.0,0,92.5,1.748,245.6,0.424,0.49,0.424,0.98,0.92,0.597,623.244,25.495238095238093,0.649296,4.008,0.0
521202,Ropa,Karjan,21.890067,73.20414,729.0,156.0,60.22,0.645,Medium (Mitigation),470.205,188.0,3.878,377.0,352.0,0.0,10.11,81.91,0.0,5.32,64.94,2,0,0,20.0,55.0,0.0,1.0,0.0,1,100.0,1.983,248.8,0.421,0.57,0.421,0.98,0.95,0.626,470.20500000000004,28.676190476190474,2.50131,12.9,0.421
521204,Hirjipura,Karjan,21.896063,73.215054,212.0,55.0,58.49,0.626,Medium (Mitigation),132.712,152.0,1.395,105.0,107.0,0.0,13.91,74.17,0.0,5.3,79.46,1,1,0,23.0,42.0,0.0,1.0,1.0,1,95.0,0.813,249.6,0.491,0.49,0.491,0.98,0.943,0.607,132.712,53.17272727272727,0.87327,14.398,0.491
521201,Rarod,Karjan,21.873413,73.196423,1335.0,313.0,53.26,0.435,Medium (Mitigation),580.725,687.0,1.943,686.0,649.0,0.0,2.66,81.91,7.29,6.31,85.62,2,1,0,8.0,65.0,0.0,1.0,0.0,0,87.5,3.436,248.0,0.325,0.51,0.325,0.98,0.877,0.57,580.725,25.36190476190476,0.845205,3.48,0.0
521200,Oz,Karjan,21.87564,73.180678,1616.0,341.0,46.35,0.49,Medium (Mitigation),791.84,919.0,1.758,824.0,792.0,0.0,13.61,73.19,7.54,3.77,71.39,2,0,1,12.0,62.0,0.0,1.0,0.0,0,95.0,2.402,248.0,0.381,0.5,0.381,0.98,0.938,0.606,791.84,22.07142857142857,0.86142,5.88,0.0
521205,Bakapur,Karjan,21.890455,73.218039,114.0,24.0,79.82,0.69,High (Relocation Priority),78.66,186.0,0.613,54.0,60.0,0.0,12.9,75.27,0.0,4.84,67.86,1,0,1,23.0,42.0,0.0,1.0,1.0,1,100.0,0.622,240.8,0.498,0.47,0.498,0.98,0.95,0.627,78.66,72.56363636363635,0.42296999999999996,15.87,0.498
521208,Malod,Karjan,21.875783,73.219811,587.0,115.0,13.63,0.639,Medium (Mitigation),375.093,172.0,3.413,314.0,273.0,0.0,1.64,80.87,12.02,4.37,32.43,1,0,0,20.0,55.0,0.0,1.0,0.0,1,100.0,1.277,248.0,0.467,0.55,0.467,0.98,0.95,0.626,375.093,12.39090909090909,2.180907,12.780000000000001,0.467
521207,Sayar,Karjan,21.857272,73.234331,2364.0,491.0,16.07,0.595,Medium (Mitigation),1406.58,808.0,2.926,1192.0,1172.0,0.0,27.85,66.71,0.0,3.22,92.76,2,0,1,15.0,67.0,0.0,1.0,1.0,1,100.0,1.034,248.0,0.482,0.54,0.482,0.98,0.95,0.631,1406.58,7.652380952380952,1.74097,8.924999999999999,0.482
521209,Sagdol,Karjan,21.861315,73.214469,1022.0,231.0,55.77,0.501,Medium (Mitigation),512.022,500.0,2.044,521.0,501.0,0.0,15.6,82.2,0.0,1.6,80.78,2,0,1,15.0,70.0,0.0,1.0,0.0,0,95.0,2.723,248.0,0.36,0.51,0.36,0.98,0.938,0.606,512.022,26.557142857142857,1.024044,7.515,0.0
521210,Pura,Karjan,21.84658,73.185721,1149.0,239.0,48.74,0.616,Medium (Mitigation),707.784,552.0,2.082,608.0,541.0,0.0,0.35,69.76,6.99,3.32,100.0,2,0,0,16.0,76.0,0.0,1.0,1.0,1,102.5,1.525,247.2,0.443,0.51,0.443,0.98,0.95,0.65,707.784,23.20952380952381,1.2825119999999999,9.856,0.443
521213,Nani Koral,Karjan,21.836794,73.222085,723.0,157.0,47.72,0.661,High (Relocation Priority),477.903,524.0,1.38,377.0,346.0,0.0,16.41,77.29,0.0,4.77,100.0,1,0,1,16.0,52.0,0.0,1.0,1.0,1,105.0,0.797,245.6,0.49,0.49,0.49,0.98,0.95,0.647,477.903,43.381818181818176,0.91218,10.576,0.49
521211,Moti Koral,Karjan,21.835705,73.206877,2809.0,602.0,7.19,0.557,Medium (Mitigation),1564.613,674.0,4.168,1437.0,1372.0,0.0,12.02,78.49,0.0,3.12,100.0,2,1,0,15.0,78.0,0.0,1.0,1.0,1,100.0,0.955,245.6,0.493,0.58,0.493,0.98,0.95,0.629,1564.613,3.4238095238095236,2.3215760000000003,8.355,0.493
521235,Mota Karala,Sinor,21.985864,73.394809,1932.0,460.0,72.15,0.474,Medium (Mitigation),915.768,908.0,2.128,998.0,934.0,0.0,0.55,85.56,0.0,2.98,77.32,2,1,2,15.0,52.0,0.0,1.0,0.0,0,102.5,3.118,246.4,0.331,0.51,0.331,0.98,0.95,0.638,915.7679999999999,34.35714285714286,1.008672,7.109999999999999,0.0
521236,Simli,Sinor,21.984892,73.361907,1695.0,377.0,61.06,0.441,Medium (Mitigation),747.495,844.0,2.008,902.0,793.0,0.0,0.59,86.02,0.0,4.98,95.04,3,1,2,18.0,52.0,0.0,1.0,0.0,0,97.5,1.356,247.2,0.455,0.51,0.455,0.98,0.95,0.628,747.495,19.696774193548386,0.885528,7.938,0.0
521229,Utraj,Sinor,21.982802,73.275034,1851.0,431.0,33.55,0.526,Medium (Mitigation),973.626,676.0,2.738,996.0,855.0,0.0,0.89,93.35,0.0,2.66,87.03,3,1,2,10.0,42.0,0.0,1.0,0.0,1,102.5,0.901,249.6,0.491,0.53,0.491,0.98,0.95,0.638,973.6260000000001,10.822580645161288,1.440188,5.26,0.491
521238,Tersa,Sinor,21.979599,73.329423,761.0,166.0,53.35,0.524,Medium (Mitigation),398.764,316.0,2.408,393.0,368.0,0.0,0.32,82.59,0.0,6.01,96.17,2,0,1,25.0,45.0,0.0,1.0,0.0,0,107.5,1.68,247.2,0.434,0.52,0.434,0.98,0.95,0.659,398.764,25.404761904761905,1.261792,13.100000000000001,0.0
521239,Manjrol,Sinor,21.958358,73.313963,1903.0,415.0,29.16,0.611,Medium (Mitigation),1162.733,920.0,2.068,1004.0,899.0,0.0,1.96,85.0,0.0,4.24,94.25,2,0,0,28.0,45.0,0.0,1.0,0.0,1,97.5,0.228,248.8,0.535,0.51,0.535,0.98,0.95,0.617,1162.733,13.885714285714284,1.2635480000000001,17.108,0.535
521237,Kukas,Sinor,21.968984,73.339508,1885.0,423.0,31.25,0.469,Medium (Mitigation),884.0649999999999,780.0,2.417,945.0,940.0,0.0,1.03,90.0,0.0,3.33,97.44,2,1,2,25.0,42.0,0.0,1.0,0.0,0,100.0,0.487,248.0,0.518,0.52,0.518,0.98,0.95,0.617,884.0649999999999,14.88095238095238,1.133573,11.725,0.0
521228,Bavaliya,Sinor,21.972337,73.245191,851.0,184.0,55.46,0.599,Medium (Mitigation),509.749,630.0,1.351,429.0,422.0,0.0,3.99,81.87,6.45,4.45,75.05,2,0,0,10.0,45.0,0.0,1.0,0.0,1,92.5,2.05,248.8,0.404,0.49,0.404,0.98,0.922,0.596,509.74899999999997,26.409523809523808,0.809249,5.99,0.404
521244,Mota Fofaliya,Sinor,21.962219,73.372037,2235.0,549.0,50.78,0.419,Medium (Mitigation),936.465,943.0,2.37,1191.0,1044.0,0.0,1.38,83.58,0.0,5.51,97.47,3,1,2,20.0,55.0,0.0,1.0,0.0,0,105.0,2.326,244.0,0.387,0.52,0.387,0.98,0.95,0.648,936.4649999999999,16.38064516129032,0.99303,8.379999999999999,0.0
521241,Diver,Sinor,21.948215,73.272071,1252.0,298.0,48.8,0.464,Medium (Mitigation),580.928,981.0,1.276,642.0,610.0,0.0,10.7,77.17,0.0,5.1,100.0,2,1,1,25.0,45.0,0.0,1.0,0.0,0,107.5,1.346,250.4,0.454,0.49,0.454,0.98,0.95,0.657,580.928,23.238095238095237,0.592064,11.600000000000001,0.0
521240,Mindhol,Sinor,21.952392,73.295069,1517.0,317.0,21.29,0.45,Medium (Mitigation),682.65,913.0,1.662,808.0,709.0,0.0,1.64,88.39,0.0,5.7,93.43,3,0,2,24.0,43.0,0.0,1.0,0.0,0,105.0,0.238,249.6,0.533,0.5,0.533,0.98,0.95,0.605,682.65,6.8677419354838705,0.7479,10.8,0.0
521249,Kanjetha,Sinor,21.945834,73.354149,786.0,193.0,47.07,0.402,Medium (Mitigation),315.97200000000004,901.0,0.872,411.0,375.0,0.0,11.54,79.69,0.0,4.55,91.09,3,1,0,23.0,65.0,0.0,1.0,0.0,0,97.5,1.74,246.4,0.423,0.48,0.423,0.98,0.95,0.616,315.97200000000004,15.183870967741935,0.350544,9.246,0.0
521253,Zanzad,Sinor,21.934401,73.397659,1418.0,362.0,43.58,0.453,Medium (Mitigation),642.354,843.0,1.682,751.0,667.0,0.0,16.37,74.5,0.0,5.22,65.39,2,1,1,23.0,60.0,0.0,1.0,0.0,0,105.0,1.923,246.4,0.413,0.5,0.413,0.98,0.95,0.648,642.354,20.75238095238095,0.761946,10.419,0.0
521248,Ambali,Sinor,21.941445,73.383561,765.0,191.0,59.22,0.52,Medium (Mitigation),397.8,482.0,1.587,380.0,385.0,0.0,7.9,83.37,0.0,4.57,77.56,2,0,2,25.0,60.0,0.0,0.0,0.0,0,110.0,1.725,245.6,0.427,0.5,0.427,0.98,0.95,0.669,397.8,28.2,0.82524,13.0,0.0
521243,Damapura,Sinor,21.938019,73.340071,692.0,159.0,42.34,0.447,Medium (Mitigation),309.324,454.0,1.524,362.0,330.0,0.0,9.89,78.24,0.0,5.05,81.74,3,0,0,24.0,60.0,0.0,1.0,0.0,0,102.5,2.048,248.0,0.405,0.5,0.405,0.98,0.95,0.638,309.324,13.658064516129032,0.6812280000000001,10.728,0.0
521242,Surasamal,Sinor,21.935182,73.299184,1982.0,407.0,32.19,0.446,Medium (Mitigation),883.972,1109.0,1.787,994.0,988.0,0.0,7.76,83.48,0.0,4.87,100.0,3,0,2,25.0,48.0,0.0,1.0,0.0,0,95.0,1.372,250.4,0.454,0.5,0.454,0.98,0.94,0.605,883.972,10.383870967741935,0.797002,11.15,0.0
521250,Sinor,Sinor,21.913786,73.32889,8041.0,1806.0,24.35,0.535,Medium (Mitigation),4301.935,1620.0,4.964,4135.0,3906.0,0.0,0.0,70.37,0.0,5.93,82.72,3,1,1,27.0,65.0,0.0,1.0,1.0,1,102.5,1.535,250.4,0.457,0.6,0.457,0.98,0.95,0.639,4301.935,7.85483870967742,2.65574,14.445,0.457
521251,Mandva,Sinor,21.916101,73.302506,1756.0,351.0,23.29,0.457,Medium (Mitigation),802.4920000000001,467.0,3.76,894.0,862.0,0.0,11.78,77.3,0.0,5.57,90.03,3,0,0,28.0,65.0,0.0,1.0,0.0,0,112.5,2.035,248.0,0.415,0.56,0.415,0.98,0.95,0.678,802.4920000000001,7.512903225806451,1.71832,12.796000000000001,0.0
521252,Malsar,Sinor,21.900312,73.310124,2284.0,564.0,46.23,0.583,Medium (Mitigation),1331.572,808.0,2.827,1159.0,1125.0,0.0,15.35,73.39,0.0,5.45,83.98,2,1,1,32.0,63.0,0.0,1.0,1.0,1,117.5,1.418,246.4,0.453,0.53,0.453,0.98,0.95,0.691,1331.572,22.014285714285712,1.6481409999999999,18.656,0.453
521139,Bodaka,Karjan,22.051885,73.042031,1292.0,291.0,31.81,0.602,Medium (Mitigation),777.784,618.0,2.091,664.0,628.0,0.0,1.39,85.14,8.67,4.02,63.64,2,0,0,12.0,47.0,0.0,1.0,1.0,1,97.5,0.945,245.6,0.483,0.51,0.483,0.98,0.95,0.617,777.784,15.147619047619047,1.258782,7.224,0.483
521148,Juni Jitharadi,Karjan,22.036119,73.142535,1417.0,328.0,45.31,0.54,Medium (Mitigation),765.1800000000001,405.0,3.499,731.0,686.0,0.0,1.23,83.46,0.0,4.69,100.0,3,1,1,3.0,7.0,0.0,1.0,1.0,1,105.0,1.564,248.0,0.447,0.55,0.447,0.98,0.95,0.65,765.1800000000001,14.616129032258065,1.8894600000000001,1.62,0.447
521149,Miyagam,Karjan,22.024358,73.081515,5416.0,1106.0,9.47,0.489,Medium (Mitigation),2648.424,2175.0,2.49,2788.0,2628.0,0.0,3.22,91.45,0.0,1.01,62.85,3,1,1,3.0,45.0,0.0,1.0,0.0,1,95.0,1.155,247.2,0.471,0.52,0.471,0.98,0.937,0.606,2648.424,3.0548387096774197,1.21761,1.467,0.471
521147,Navi Jithardi,Karjan,22.033466,73.159902,502.0,105.0,44.22,0.46,Medium (Mitigation),230.92,277.0,1.812,255.0,247.0,0.0,1.44,80.51,0.0,5.42,100.0,3,0,1,4.0,40.0,0.0,1.0,0.0,0,107.5,1.702,247.2,0.429,0.5,0.429,0.98,0.95,0.661,230.92000000000002,14.264516129032257,0.83352,1.84,0.0
521138,Sanpa,Karjan,22.034048,73.012524,2120.0,449.0,40.05,0.487,Medium (Mitigation),1032.44,1092.0,1.941,1082.0,1038.0,0.0,1.01,90.2,0.0,3.85,80.0,2,0,1,14.0,50.0,0.0,1.0,0.0,0,90.0,2.008,246.4,0.413,0.51,0.413,0.98,0.901,0.586,1032.44,19.07142857142857,0.945267,6.818,0.0
521154,Bharthana,Karjan,22.010464,73.135645,1761.0,364.0,39.52,0.47,Medium (Mitigation),827.67,944.0,1.865,904.0,857.0,0.0,0.8,83.62,10.25,4.62,94.83,2,1,0,5.0,40.0,0.0,1.0,0.0,0,100.0,0.611,247.2,0.507,0.51,0.507,0.98,0.95,0.627,827.67,18.81904761904762,0.8765499999999999,2.3499999999999996,0.0
521037,Karnali,Dabhoi,21.984619,73.497232,2084.0,470.0,47.36,0.56,Medium (Mitigation),1167.0400000000002,1122.0,1.857,1068.0,1016.0,0.0,15.24,70.5,0.0,11.32,100.0,2,1,0,22.0,56.0,0.0,1.0,1.0,1,90.0,1.338,245.6,0.46,0.51,0.46,0.98,0.894,0.583,1167.0400000000002,22.55238095238095,1.0399200000000002,12.32,0.46
521035,Bhimpura,Dabhoi,21.987198,73.436545,232.0,63.0,84.05,0.66,High (Relocation Priority),153.12,274.0,0.847,125.0,107.0,0.0,33.21,66.06,0.0,0.0,100.0,2,0,0,22.0,56.0,0.0,1.0,1.0,1,95.0,0.197,247.2,0.532,0.48,0.532,0.98,0.948,0.616,153.12,40.02380952380952,0.55902,14.520000000000001,0.532
521036,Nanderiya,Dabhoi,21.977089,73.428682,554.0,132.0,32.49,0.591,Medium (Mitigation),327.414,521.0,1.063,297.0,257.0,2.11,11.52,78.31,0.0,8.06,100.0,2,0,0,22.0,57.0,0.0,1.0,1.0,1,102.5,0.922,247.2,0.481,0.48,0.481,0.98,0.95,0.634,327.414,15.471428571428572,0.6282329999999999,13.001999999999999,0.481
521245,Bithali,Sinor,21.968351,73.408341,1045.0,256.0,53.3,0.454,Medium (Mitigation),474.43,593.0,1.762,528.0,517.0,0.0,0.67,85.33,0.0,5.23,80.24,2,1,2,20.0,52.0,0.0,1.0,0.0,0,100.0,2.555,244.8,0.369,0.5,0.369,0.98,0.95,0.629,474.43,25.38095238095238,0.799948,9.08,0.0
521246,Dariapura,Sinor,21.961805,73.426855,315.0,80.0,62.54,0.526,Medium (Mitigation),165.69,240.0,1.312,177.0,138.0,0.0,15.77,69.71,0.0,7.05,51.79,2,0,0,15.0,56.0,0.0,1.0,0.0,0,107.5,1.315,246.4,0.455,0.49,0.455,0.98,0.95,0.658,165.69,29.780952380952378,0.6901120000000001,7.890000000000001,0.0
521247,Moletha,Sinor,21.942678,73.417418,1402.0,324.0,57.7,0.598,Medium (Mitigation),838.396,1253.0,1.119,728.0,674.0,0.0,27.53,65.36,0.0,3.59,59.83,2,0,2,20.0,58.0,0.0,1.0,1.0,1,105.0,2.515,248.0,0.37,0.48,0.37,0.98,0.95,0.645,838.396,27.476190476190478,0.6691619999999999,11.959999999999999,0.37
521254,Barkal,Sinor,21.926138,73.414838,1896.0,466.0,54.27,0.69,High (Relocation Priority),1308.24,577.0,3.286,986.0,910.0,0.0,32.64,54.51,0.0,2.78,85.99,0,1,1,25.0,56.0,0.0,1.0,0.0,1,115.0,1.342,244.8,0.461,0.55,0.461,0.98,0.95,0.689,1308.24,542.7,2.26734,17.25,0.461
521150,Mangrol,Karjan,22.010746,73.042253,1485.0,316.0,45.05,0.469,Medium (Mitigation),696.4649999999999,888.0,1.672,785.0,700.0,0.0,9.57,85.47,0.0,4.17,65.88,3,0,0,9.0,47.0,0.0,1.0,0.0,0,95.0,0.767,247.2,0.495,0.5,0.495,0.98,0.939,0.607,696.4649999999999,14.532258064516128,0.784168,4.221,0.0
521153,Vadava,Karjan,22.016245,73.117332,63.0,19.0,68.25,0.626,Medium (Mitigation),39.438,282.0,0.223,33.0,30.0,0.0,1.69,82.77,9.46,4.73,72.24,2,0,0,5.0,40.0,0.0,1.0,0.0,1,97.5,0.611,247.2,0.5,0.46,0.5,0.98,0.95,0.617,39.438,32.5,0.139598,3.13,0.5
521155,Bharthali,Karjan,22.012236,73.158012,697.0,158.0,58.97,0.641,Medium (Mitigation),446.777,426.0,1.636,355.0,342.0,0.0,0.0,82.68,13.16,3.73,100.0,2,0,0,4.0,40.0,0.0,1.0,0.0,1,102.5,0.26,247.2,0.53,0.5,0.53,0.98,0.95,0.64,446.777,28.08095238095238,1.048676,2.564,0.53
521161,Sandarna,Karjan,22.009674,73.171879,621.0,138.0,52.5,0.639,Medium (Mitigation),396.819,267.0,2.326,327.0,294.0,0.0,0.35,82.69,11.31,5.3,91.88,2,0,1,8.0,35.0,0.0,1.0,0.0,1,107.5,0.632,246.4,0.507,0.52,0.507,0.98,0.95,0.661,396.819,25.0,1.4863140000000001,5.112,0.507
521053,Majatan,Padra,22.200015,72.946778,3288.0,629.0,1.61,0.621,Medium (Mitigation),2041.848,457.0,7.195,1704.0,1584.0,1.1,1.1,90.79,0.0,3.29,18.8,2,0,1,17.0,42.0,0.0,1.0,0.0,1,100.0,1.851,244.0,0.442,0.66,0.442,0.98,0.95,0.628,2041.848,0.7666666666666667,4.468095,10.557,0.442
521068,Sandha,Padra,22.195533,72.9519,2600.0,531.0,0.96,0.633,Medium (Mitigation),1645.8,337.0,7.715,1349.0,1251.0,0.0,0.59,93.18,0.0,0.0,89.17,2,0,1,16.0,45.0,0.0,0.0,0.0,1,97.5,1.412,243.2,0.475,0.68,0.475,0.98,0.95,0.617,1645.8,0.45714285714285713,4.883595,10.128,0.475
521051,Dudhwada,Padra,22.188995,72.88756,1854.0,460.0,17.96,0.537,Medium (Mitigation),995.598,614.0,3.02,1001.0,853.0,0.0,0.0,90.72,0.0,2.44,81.15,2,1,1,26.0,46.0,0.0,1.0,0.0,1,90.0,1.525,244.8,0.451,0.54,0.451,0.98,0.896,0.585,995.5980000000001,8.552380952380952,1.6217400000000002,13.962000000000002,0.451
521069,Chitral,Padra,22.181074,72.94459,1728.0,351.0,4.34,0.515,Medium (Mitigation),889.9200000000001,372.0,4.645,885.0,843.0,0.0,0.81,87.9,0.0,1.34,70.03,1,1,1,19.0,35.0,0.0,1.0,0.0,0,105.0,0.343,243.2,0.536,0.59,0.536,0.98,0.95,0.65,889.9200000000001,3.945454545454545,2.392175,9.785,0.0
521073,Gavasad,Padra,22.157491,72.945741,3613.0,780.0,9.38,0.522,Medium (Mitigation),1885.986,947.0,3.815,1886.0,1727.0,0.0,10.98,87.54,0.0,1.37,91.07,3,1,1,18.0,35.0,0.0,1.0,0.0,1,95.0,0.205,246.4,0.543,0.56,0.543,0.98,0.938,0.607,1885.986,3.0258064516129033,1.99143,9.396,0.543
521070,Brahmanvasi,Padra,22.156645,72.87854,2175.0,430.0,5.24,0.586,Medium (Mitigation),1274.55,591.0,3.68,1146.0,1029.0,0.0,1.02,84.43,0.0,3.05,50.1,2,0,1,10.0,46.0,0.0,1.0,0.0,1,95.0,1.139,245.6,0.477,0.56,0.477,0.98,0.933,0.605,1274.55,2.4952380952380953,2.15648,5.859999999999999,0.477
521072,Gametha,Padra,22.158279,72.921893,3759.0,762.0,2.08,0.623,Medium (Mitigation),2341.857,343.0,10.959,1967.0,1792.0,0.0,3.79,84.26,0.0,0.58,55.36,2,0,1,18.0,38.0,0.0,1.0,0.0,1,95.0,2.255,246.4,0.432,0.78,0.432,0.98,0.936,0.606,2341.857,0.9904761904761905,6.827457,11.214,0.432
521071,Masar,Padra,22.138,72.902181,3552.0,764.0,11.97,0.494,Medium (Mitigation),1754.688,1361.0,2.61,1833.0,1719.0,0.0,0.96,89.2,0.0,1.98,69.19,3,1,1,13.0,45.0,0.0,1.0,0.0,1,92.5,0.556,232.8,0.508,0.53,0.508,0.98,0.894,0.594,1754.6879999999999,3.861290322580645,1.28934,6.422,0.508
521089,Kural,Padra,22.135169,72.92693,2659.0,569.0,11.36,0.544,Medium (Mitigation),1446.496,562.0,4.731,1416.0,1243.0,0.0,12.12,83.07,0.0,1.07,24.84,3,0,1,15.0,38.0,0.0,1.0,0.0,1,95.0,2.358,244.8,0.396,0.59,0.396,0.98,0.933,0.606,1446.496,3.6645161290322577,2.573664,8.16,0.396
521092,Pindapa,Padra,22.118469,72.939888,1572.0,302.0,3.31,0.561,Medium (Mitigation),881.892,690.0,2.278,828.0,744.0,0.0,0.0,95.07,0.0,4.35,47.26,2,0,1,15.0,40.0,0.0,1.0,1.0,1,97.5,1.529,244.8,0.443,0.52,0.443,0.98,0.95,0.617,881.892,1.5761904761904761,1.2779580000000001,8.415000000000001,0.443
521091,Abhor,Padra,22.113757,72.911893,2304.0,472.0,8.2,0.504,Medium (Mitigation),1161.216,749.0,3.076,1193.0,1111.0,8.28,1.07,84.11,0.0,4.67,53.97,3,1,1,13.0,36.0,0.0,1.0,0.0,1,92.5,0.455,247.2,0.521,0.53,0.521,0.98,0.917,0.582,1161.216,2.6451612903225805,1.5503040000000001,6.552,0.521
521038,Mahmadpura,Padra,22.291407,72.940406,1481.0,323.0,1.35,0.55,Medium (Mitigation),814.5500000000001,1030.0,1.438,793.0,688.0,0.0,20.51,63.21,0.0,5.6,50.17,2,0,1,18.0,40.0,0.0,1.0,1.0,1,90.0,0.774,228.0,0.489,0.49,0.489,0.98,0.883,0.592,814.5500000000001,0.6428571428571429,0.7909,9.9,0.489
521047,Dabka,Padra,22.256706,72.942834,7345.0,1545.0,3.38,0.543,Medium (Mitigation),3988.335000000001,1906.0,3.854,3963.0,3382.0,0.0,4.94,50.05,24.78,1.97,64.2,2,1,1,15.0,35.0,0.0,1.0,1.0,1,90.0,0.766,241.6,0.507,0.57,0.507,0.98,0.898,0.588,3988.3350000000005,1.6095238095238094,2.092722,8.145000000000001,0.507
521046,Sultanpura,Padra,22.262225,72.953614,892.0,167.0,3.48,0.582,Medium (Mitigation),519.144,299.0,2.983,462.0,430.0,14.33,3.0,43.67,0.0,27.67,49.62,2,0,1,17.0,37.0,0.0,1.0,1.0,1,85.0,0.158,232.8,0.559,0.51,0.559,0.98,0.856,0.554,519.144,1.657142857142857,1.736106,9.894,0.559
521050,Tithor,Padra,22.236859,72.879837,4916.0,1078.0,2.2,0.385,Low (Monitoring),1892.66,2462.0,1.997,2630.0,2286.0,0.71,9.18,24.05,28.95,2.4,50.0,1,1,1,28.0,50.0,0.0,1.0,1.0,1,25.0,4.786,120.0,0.452,0.51,0.452,0.05,0.388,0.285,1892.66,2.0,0.7688450000000001,10.780000000000001,0.452
521048,Pavda,Padra,22.236162,72.947623,2113.0,453.0,0.0,0.57,Medium (Mitigation),1204.41,563.0,3.753,1130.0,983.0,0.0,1.11,79.81,2.96,11.48,58.14,2,0,1,16.0,34.0,0.0,1.0,1.0,1,97.5,1.983,248.8,0.419,0.56,0.419,0.98,0.95,0.616,1204.4099999999999,0.0,2.13921,9.12,0.419
521049,Chokari,Padra,22.224893,72.932033,8884.0,1811.0,2.45,0.597,Medium (Mitigation),5303.748,1380.0,6.438,4706.0,4178.0,0.0,0.0,33.5,13.99,10.14,79.33,1,1,1,22.0,50.0,0.0,1.0,1.0,1,97.5,2.802,248.8,0.374,0.64,0.374,0.98,0.95,0.615,5303.748,2.227272727272727,3.8434859999999995,13.134,0.374
521052,Karkhadi,Padra,22.211761,72.909747,4791.0,1100.0,9.41,0.491,Medium (Mitigation),2352.381,1660.0,2.886,2511.0,2280.0,0.0,11.14,56.45,0.0,6.39,78.12,2,1,1,24.0,44.0,0.0,1.0,1.0,1,92.5,3.811,246.4,0.287,0.54,0.287,0.98,0.916,0.594,2352.381,4.480952380952381,1.4170260000000001,11.783999999999999,0.287
521066,Vadu,Padra,22.209616,72.986248,9626.0,1916.0,3.66,0.485,Medium (Mitigation),4668.61,874.0,11.014,5027.0,4599.0,0.0,1.03,92.79,0.0,1.95,59.19,3,1,1,12.0,29.0,0.0,1.0,0.0,0,97.5,2.512,244.8,0.414,0.78,0.414,0.98,0.948,0.613,4668.61,1.1806451612903226,5.34179,5.82,0.0
521082,Chansad,Padra,22.205561,73.144045,2775.0,634.0,39.93,0.542,Medium (Mitigation),1504.0500000000002,1731.0,1.603,1438.0,1337.0,1.33,8.66,87.71,0.58,0.35,62.5,2,1,1,7.0,24.0,0.0,1.0,1.0,1,90.0,1.688,245.6,0.434,0.5,0.434,0.98,0.895,0.581,1504.0500000000002,19.014285714285712,0.8688260000000001,3.7940000000000005,0.434
521064,Ranu,Padra,22.211772,73.031885,6092.0,1188.0,8.54,0.498,Medium (Mitigation),3033.816,858.0,7.1,3208.0,2884.0,0.0,4.66,88.81,0.0,1.4,74.54,2,1,1,7.0,24.0,0.0,1.0,0.0,0,100.0,1.002,247.2,0.502,0.66,0.502,0.98,0.95,0.646,3033.816,4.066666666666666,3.5357999999999996,3.4859999999999998,0.0
521065,Bhoj,Padra,22.193754,73.008189,7072.0,1403.0,4.19,0.559,Medium (Mitigation),3953.248000000001,1153.0,6.134,3658.0,3414.0,0.0,10.68,88.19,0.0,1.13,69.88,2,1,1,14.0,34.0,0.0,1.0,1.0,1,90.0,1.839,247.2,0.444,0.63,0.444,0.98,0.904,0.587,3953.2480000000005,1.9952380952380953,3.4289060000000005,7.8260000000000005,0.444
521079,Sejakuva,Padra,22.198411,73.068203,2343.0,512.0,24.93,0.597,Medium (Mitigation),1398.771,370.0,6.332,1212.0,1131.0,0.0,11.08,87.03,0.0,0.81,46.58,2,1,1,5.0,22.0,0.0,1.0,0.0,1,85.0,1.441,244.8,0.494,0.64,0.494,0.98,0.892,0.595,1398.771,11.87142857142857,3.780204,2.985,0.494
521078,Pipli,Padra,22.2017,73.053223,2046.0,406.0,11.49,0.653,High (Relocation Priority),1336.038,400.0,5.115,1051.0,995.0,0.0,10.5,88.25,0.0,0.5,53.82,1,0,1,7.0,22.0,0.0,1.0,0.0,1,95.0,1.373,246.4,0.467,0.6,0.467,0.98,0.925,0.595,1336.038,10.445454545454545,3.3400950000000003,4.571,0.467
521081,Sareja,Padra,22.203683,73.113123,10.0,2.0,100.0,0.648,Medium (Mitigation),6.48,190.0,0.053,6.0,4.0,0.52,0.52,96.35,1.04,0.0,21.62,0,0,1,4.0,22.0,0.0,1.0,0.0,0,92.5,0.151,244.8,0.529,0.45,0.529,0.98,0.913,0.593,6.48,1000.0,0.034344,2.592,0.0
521080,Goriyad,Padra,22.196894,73.091538,1943.0,429.0,16.16,0.506,Medium (Mitigation),983.158,614.0,3.164,1003.0,940.0,0.0,7.17,82.57,0.0,1.95,81.66,3,1,1,4.0,20.0,0.0,1.0,0.0,1,87.5,0.641,244.8,0.524,0.54,0.524,0.98,0.879,0.574,983.158,5.212903225806452,1.6009840000000002,2.024,0.524
521067,Vishrampura,Padra,22.193413,72.967121,2997.0,606.0,2.64,0.584,Medium (Mitigation),1750.2479999999998,235.0,12.753,1538.0,1459.0,0.0,0.43,89.36,0.0,4.26,80.95,2,1,1,15.0,35.0,0.0,1.0,0.0,1,90.0,1.694,243.2,0.482,0.83,0.482,0.98,0.896,0.586,1750.2479999999998,1.2571428571428571,7.4477519999999995,8.76,0.482
521083,Madapur,Padra,22.186936,73.111059,865.0,182.0,24.86,0.602,Medium (Mitigation),520.73,297.0,2.912,447.0,418.0,0.0,2.02,89.56,0.0,0.67,62.78,2,0,1,5.0,20.0,0.0,1.0,0.0,1,92.5,0.793,246.4,0.499,0.54,0.499,0.98,0.914,0.593,520.73,11.838095238095237,1.753024,3.01,0.499
521076,Karnakuva,Padra,22.187439,72.979074,1289.0,283.0,8.69,0.519,Medium (Mitigation),668.991,153.0,8.425,667.0,622.0,0.0,6.49,90.26,1.3,1.95,75.54,3,0,1,14.0,34.0,0.0,1.0,0.0,0,95.0,0.685,245.6,0.53,0.7,0.53,0.98,0.946,0.616,668.991,2.8032258064516125,4.372575,7.266,0.0
521077,Vadadla,Padra,22.188515,73.028952,927.0,180.0,12.94,0.597,Medium (Mitigation),553.419,264.0,3.511,478.0,449.0,0.0,1.14,79.92,0.0,1.89,71.09,2,0,1,9.0,25.0,0.0,1.0,1.0,1,90.0,0.667,246.4,0.515,0.56,0.515,0.98,0.9,0.586,553.419,6.161904761904761,2.096067,5.372999999999999,0.515
521085,Sadhi,Padra,22.161574,73.052519,3794.0,819.0,18.5,0.543,Medium (Mitigation),2060.1420000000003,1400.0,2.71,2007.0,1787.0,0.0,5.14,91.86,0.0,1.86,60.26,2,1,1,7.0,22.0,0.0,1.0,0.0,1,92.5,1.016,246.4,0.481,0.53,0.481,0.98,0.916,0.594,2060.1420000000003,8.809523809523808,1.47153,3.801,0.481
521084,Amla,Padra,22.163586,73.07259,2129.0,449.0,11.65,0.52,Medium (Mitigation),1107.08,1022.0,2.083,1063.0,1066.0,0.0,5.22,92.71,0.0,0.79,60.15,2,1,1,7.0,23.0,0.0,1.0,0.0,1,85.0,1.323,244.8,0.483,0.51,0.483,0.98,0.861,0.563,1107.08,5.5476190476190474,1.0831600000000001,3.64,0.483
521098,Saras Vani,Padra,22.172324,73.097141,2305.0,511.0,28.37,0.506,Medium (Mitigation),1166.33,1090.0,2.115,1195.0,1110.0,0.0,0.64,86.17,2.18,5.64,62.41,3,1,1,7.0,22.0,0.0,1.0,0.0,1,90.0,0.645,246.4,0.509,0.51,0.509,0.98,0.895,0.583,1166.33,9.151612903225807,1.0701900000000002,3.542,0.509
521074,Lola,Padra,22.177699,72.962268,1535.0,270.0,1.69,0.648,Medium (Mitigation),994.68,120.0,12.792,805.0,730.0,0.0,10.83,81.67,0.0,5.0,75.51,2,0,1,17.0,35.0,0.0,1.0,0.0,1,92.5,0.853,245.6,0.538,0.83,0.538,0.98,0.94,0.618,994.6800000000001,0.8047619047619047,8.289216,11.016,0.538
521099,Shihor,Padra,22.173503,73.125801,915.0,184.0,28.63,0.607,Medium (Mitigation),555.405,459.0,1.993,477.0,438.0,0.0,7.41,87.8,0.0,3.92,25.56,2,0,1,6.0,18.0,0.0,1.0,1.0,1,92.5,0.053,245.6,0.546,0.51,0.546,0.98,0.918,0.596,555.405,13.633333333333333,1.209751,3.642,0.546
521075,Muval,Padra,22.170072,72.975278,4164.0,903.0,10.16,0.622,Medium (Mitigation),2590.008,781.0,5.332,2177.0,1987.0,0.0,0.26,85.92,0.0,4.35,55.89,2,0,1,16.0,32.0,0.0,1.0,0.0,1,95.0,0.673,245.6,0.517,0.61,0.517,0.98,0.931,0.604,2590.008,4.838095238095238,3.3165039999999997,9.952,0.517
521086,Anti,Padra,22.165322,73.0332,5055.0,837.0,5.48,0.63,Medium (Mitigation),3184.65,863.0,5.857,2602.0,2453.0,0.33,1.11,85.25,8.65,0.33,58.91,2,0,1,9.0,30.0,0.0,0.0,0.0,1,90.0,0.112,246.4,0.564,0.63,0.564,0.98,0.91,0.595,3184.65,2.6095238095238096,3.6899100000000002,5.67,0.564
521087,Rajupura,Padra,22.168519,73.012009,1185.0,277.0,8.86,0.679,High (Relocation Priority),804.615,258.0,4.593,612.0,573.0,0.0,10.85,85.27,0.0,2.71,60.0,0,0,1,20.0,35.0,0.0,1.0,0.0,1,87.5,1.985,245.6,0.438,0.59,0.438,0.98,0.901,0.595,804.615,88.6,3.118647,13.580000000000002,0.438
521088,Jalalpur,Padra,22.161426,72.996259,2069.0,434.0,9.57,0.537,Medium (Mitigation),1111.053,426.0,4.857,1064.0,1005.0,0.0,10.56,85.68,0.0,3.52,69.86,2,1,1,15.0,33.0,0.0,0.0,1.0,1,92.5,2.464,245.6,0.39,0.6,0.39,0.98,0.904,0.585,1111.053,4.557142857142857,2.6082090000000004,8.055,0.39
521100,Thikariya Mubarak,Padra,22.156815,73.117238,425.0,90.0,35.29,0.62,Medium (Mitigation),263.5,166.0,2.56,227.0,198.0,0.0,0.0,87.35,0.0,10.84,37.93,2,0,1,6.0,18.0,0.0,1.0,1.0,1,92.5,0.157,245.6,0.541,0.53,0.541,0.98,0.916,0.595,263.5,16.804761904761904,1.5872,3.7199999999999998,0.541
521096,Ambada,Padra,22.148851,73.018604,1021.0,244.0,11.85,0.497,Medium (Mitigation),507.437,762.0,1.34,561.0,460.0,0.0,6.56,87.8,0.0,4.33,54.86,2,1,1,14.0,20.0,0.0,1.0,0.0,1,92.5,2.156,244.8,0.395,0.49,0.395,0.98,0.901,0.583,507.437,5.642857142857142,0.66598,6.958,0.395
521101,Virpur,Padra,22.145269,73.103502,310.0,71.0,34.19,0.561,Medium (Mitigation),173.91000000000005,291.0,1.065,168.0,142.0,0.0,0.34,86.99,0.0,4.11,37.01,3,0,1,10.0,30.0,0.0,1.0,1.0,1,97.5,0.008,244.0,0.544,0.48,0.544,0.98,0.95,0.617,173.91000000000003,11.029032258064515,0.597465,5.61,0.544
521095,Kalyankui,Padra,22.14601,73.000385,627.0,141.0,11.0,0.558,Medium (Mitigation),349.86600000000004,214.0,2.93,326.0,301.0,0.0,5.61,87.85,0.0,4.67,50.53,2,0,1,15.0,15.0,0.0,1.0,1.0,1,90.0,2.51,244.8,0.382,0.54,0.382,0.98,0.898,0.586,349.86600000000004,5.238095238095238,1.6349400000000003,8.370000000000001,0.382
521093,Mobha,Padra,22.132009,72.969914,4796.0,973.0,3.98,0.532,Medium (Mitigation),2551.472,1329.0,3.609,2481.0,2315.0,0.0,1.05,84.05,0.0,2.33,59.62,2,1,1,22.0,38.0,0.0,1.0,0.0,1,92.5,1.41,245.6,0.458,0.56,0.458,0.98,0.914,0.594,2551.472,1.8952380952380952,1.919988,11.704,0.458
521104,Bhadari,Padra,22.131602,73.046963,1111.0,217.0,19.71,0.645,Medium (Mitigation),716.595,374.0,2.971,554.0,557.0,0.0,1.34,88.24,0.0,5.88,39.39,1,0,1,14.0,28.0,0.0,1.0,0.0,1,90.0,0.537,246.4,0.521,0.54,0.521,0.98,0.899,0.585,716.595,17.918181818181818,1.916295,9.030000000000001,0.521
521094,Sadra,Padra,22.129314,72.989277,2275.0,465.0,6.55,0.568,Medium (Mitigation),1292.1999999999998,784.0,2.902,1201.0,1074.0,0.0,2.55,88.9,0.0,2.93,24.39,2,0,1,23.0,32.0,0.0,1.0,1.0,1,92.5,1.529,244.0,0.446,0.54,0.446,0.98,0.912,0.594,1292.1999999999998,3.1190476190476186,1.648336,13.063999999999998,0.446
521102,Medhad,Padra,22.130513,73.090522,695.0,147.0,62.16,0.6,Medium (Mitigation),417.0,421.0,1.651,378.0,317.0,0.0,1.81,79.46,12.64,4.29,22.73,3,0,1,10.0,30.0,0.0,1.0,1.0,1,95.0,0.097,246.4,0.541,0.5,0.541,0.98,0.942,0.609,417.0,20.051612903225806,0.9905999999999999,6.0,0.541
521105,Gayapura,Padra,22.128234,73.022714,581.0,139.0,10.84,0.538,Medium (Mitigation),312.57800000000003,195.0,2.979,308.0,273.0,0.0,5.13,87.18,0.0,3.59,23.53,1,0,1,10.0,26.0,0.0,1.0,0.0,0,97.5,0.632,244.0,0.509,0.54,0.509,0.98,0.948,0.614,312.57800000000003,9.854545454545454,1.602702,5.380000000000001,0.0
521103,Husepur,Padra,22.125176,73.075912,709.0,186.0,61.35,0.629,Medium (Mitigation),445.961,430.0,1.649,368.0,341.0,0.0,0.0,84.55,4.55,4.77,80.65,1,1,1,12.0,28.0,0.0,1.0,1.0,1,97.5,1.012,244.8,0.477,0.5,0.477,0.98,0.938,0.604,445.961,55.772727272727266,1.037221,7.548,0.477
521106,Kanda,Padra,22.124838,73.006094,763.0,169.0,15.47,0.584,Medium (Mitigation),445.592,413.0,1.847,392.0,371.0,0.0,4.12,40.68,0.0,0.48,29.76,2,0,1,16.0,33.0,0.0,1.0,0.0,1,95.0,0.494,244.0,0.514,0.51,0.514,0.98,0.931,0.606,445.592,7.366666666666666,1.0786479999999998,9.344,0.514
521115,Sadad,Padra,22.114914,73.061825,727.0,164.0,22.15,0.683,High (Relocation Priority),496.54100000000005,400.0,1.817,370.0,357.0,0.0,2.59,88.08,0.0,6.48,70.59,0,0,1,14.0,36.0,0.0,0.0,1.0,1,87.5,0.183,246.4,0.551,0.5,0.551,0.98,0.881,0.574,496.54100000000005,221.49999999999997,1.241011,9.562000000000001,0.551
521114,Thikariya Math,Padra,22.118614,73.022857,329.0,78.0,48.02,0.656,High (Relocation Priority),215.824,187.0,1.759,166.0,163.0,0.0,4.81,83.96,0.0,1.07,50.96,1,0,1,16.0,35.0,0.0,1.0,1.0,1,90.0,0.854,244.8,0.492,0.5,0.492,0.98,0.894,0.584,215.824,43.654545454545456,1.153904,10.496,0.492
519872,Khalipur,Vadodara Rural,22.204744,73.165883,1054.0,226.0,43.64,0.524,Medium (Mitigation),552.296,485.0,2.173,531.0,523.0,1.33,0.0,51.22,7.54,5.54,25.97,2,0,0,10.0,15.0,0.0,1.0,0.0,0,92.5,0.214,246.4,0.535,0.51,0.535,0.98,0.917,0.593,552.296,20.78095238095238,1.138652,5.24,0.0
519882,Karali,Vadodara Rural,22.173667,73.153527,1075.0,225.0,25.58,0.699,High (Relocation Priority),751.425,317.0,3.391,569.0,506.0,0.0,3.16,85.44,6.33,1.58,62.96,0,0,1,8.0,24.0,0.0,1.0,1.0,1,92.5,0.84,245.6,0.496,0.55,0.496,0.98,0.915,0.595,751.425,255.79999999999998,2.3703089999999998,5.592,0.496
519883,Itola,Vadodara Rural,22.15177,73.142673,3600.0,801.0,39.06,0.565,Medium (Mitigation),2034.0,1554.0,2.317,1866.0,1734.0,0.0,8.82,86.1,0.0,4.57,10.46,2,1,2,8.0,25.0,0.0,1.0,0.0,1,95.0,1.04,246.4,0.478,0.52,0.478,0.98,0.934,0.605,2033.9999999999998,18.6,1.309105,4.52,0.478
519895,Raman Gamdi,Vadodara Rural,22.128858,73.171689,559.0,126.0,51.52,0.508,Medium (Mitigation),283.972,251.0,2.227,281.0,278.0,4.76,1.19,86.11,0.0,6.75,27.65,2,0,2,20.0,20.0,0.0,1.0,0.0,1,25.0,0.726,120.0,0.733,0.51,0.733,0.035,0.388,0.279,283.972,24.533333333333335,1.131316,10.16,0.733
519896,Gosindra,Vadodara Rural,22.127304,73.126298,1021.0,219.0,43.49,0.7,High (Relocation Priority),714.6999999999999,727.0,1.404,519.0,502.0,0.57,0.43,98.01,0.0,0.43,49.28,0,0,0,23.0,24.0,0.0,1.0,0.0,1,92.5,0.437,245.6,0.516,0.49,0.516,0.98,0.915,0.594,714.6999999999999,434.9,0.9827999999999999,16.099999999999998,0.516
519897,Untiya Medhad,Vadodara Rural,22.117336,73.107781,733.0,150.0,32.61,0.608,Medium (Mitigation),445.664,369.0,1.986,377.0,356.0,0.0,0.0,87.74,0.0,5.57,31.75,2,0,2,13.0,30.0,0.0,1.0,0.0,1,97.5,0.305,246.4,0.528,0.51,0.528,0.98,0.932,0.595,445.664,15.528571428571428,1.207488,7.904,0.528
520921,Mahmadpura,Dabhoi,22.216605,73.282351,539.0,108.0,34.69,0.47,Medium (Mitigation),253.33,208.0,2.591,288.0,251.0,12.5,1.44,78.37,0.0,7.69,87.04,2,1,0,15.0,15.0,0.0,0.0,0.0,0,97.5,0.572,245.6,0.508,0.5,0.508,0.98,0.943,0.587,253.32999999999998,16.51904761904762,1.21777,7.05,0.0
520922,Palaswada,Dabhoi,22.209198,73.299901,1447.0,325.0,61.37,0.571,Medium (Mitigation),826.237,675.0,2.144,738.0,709.0,0.0,0.0,83.83,0.0,16.17,100.0,3,0,0,15.0,15.0,0.0,1.0,0.0,1,90.0,1.866,241.6,0.421,0.51,0.421,0.98,0.894,0.586,826.237,19.796774193548387,1.224224,8.565,0.421
520938,Kaddhara,Dabhoi,22.206892,73.373629,985.0,220.0,43.25,0.452,Medium (Mitigation),445.22,709.0,1.389,514.0,471.0,0.0,3.39,85.75,0.0,0.0,97.86,2,1,2,12.0,16.0,0.0,1.0,0.0,0,100.0,1.577,244.8,0.436,0.49,0.436,0.98,0.95,0.618,445.22,20.595238095238095,0.627828,5.424,0.0
520920,Mosampura,Dabhoi,22.206209,73.27003,313.0,66.0,54.63,0.6,Medium (Mitigation),187.8,276.0,1.134,164.0,149.0,9.78,1.45,86.59,0.0,2.17,100.0,2,0,0,15.0,15.0,0.0,1.0,1.0,1,97.5,1.873,244.0,0.41,0.46,0.41,0.98,0.95,0.602,187.79999999999998,26.014285714285716,0.6803999999999999,9.0,0.41
520930,Valipura,Dabhoi,22.207937,73.317144,437.0,88.0,54.92,0.614,Medium (Mitigation),268.318,202.0,2.163,218.0,219.0,5.94,0.0,87.62,0.0,5.45,100.0,2,0,0,15.0,20.0,0.0,1.0,0.0,1,95.0,1.762,243.2,0.423,0.5,0.423,0.98,0.929,0.596,268.318,26.152380952380952,1.3280819999999998,9.209999999999999,0.423
520937,Kaddharapura,Dabhoi,22.211852,73.35813,458.0,112.0,55.02,0.568,Medium (Mitigation),260.14399999999995,121.0,3.785,232.0,226.0,0.0,4.1,85.25,0.0,0.0,100.0,2,0,0,14.0,22.0,0.0,1.0,0.0,0,100.0,0.034,243.2,0.553,0.56,0.553,0.98,0.95,0.629,260.14399999999995,26.2,2.14988,7.951999999999999,0.0
520929,Bhavpura,Dabhoi,22.207408,73.328601,350.0,77.0,75.43,0.545,Medium (Mitigation),190.75,169.0,2.071,179.0,171.0,5.92,2.37,86.98,0.0,4.73,100.0,2,0,0,13.0,18.0,0.0,1.0,0.0,0,95.0,1.285,244.8,0.457,0.5,0.457,0.98,0.929,0.594,190.75,35.91904761904762,1.1286950000000002,7.085000000000001,0.0
520940,Karali,Dabhoi,22.202326,73.400652,605.0,142.0,55.04,0.537,Medium (Mitigation),324.88500000000005,349.0,1.734,314.0,291.0,4.87,4.87,84.53,0.0,5.73,100.0,3,1,0,8.0,44.0,0.0,1.0,1.0,1,90.0,0.503,244.8,0.515,0.49,0.515,0.98,0.911,0.59,324.88500000000005,17.75483870967742,0.931158,4.296,0.515
520936,Abdalapura,Dabhoi,22.200262,73.353441,479.0,108.0,23.59,0.602,Medium (Mitigation),288.358,190.0,2.521,262.0,217.0,0.0,4.74,84.21,0.0,0.0,68.75,2,0,1,14.0,23.0,0.0,1.0,1.0,1,100.0,0.777,243.2,0.497,0.53,0.497,0.98,0.95,0.628,288.358,11.233333333333333,1.517642,8.427999999999999,0.497
520935,Vayadpur,Dabhoi,22.198432,73.342671,943.0,199.0,67.34,0.606,Medium (Mitigation),571.458,336.0,2.807,485.0,458.0,0.0,4.76,84.23,0.0,0.0,98.94,1,0,0,14.0,23.0,0.0,1.0,0.0,0,97.5,0.518,244.8,0.516,0.53,0.516,0.98,0.95,0.615,571.458,61.21818181818182,1.701042,8.484,0.0
520931,Kundhela,Dabhoi,22.188539,73.281796,2513.0,566.0,50.78,0.563,Medium (Mitigation),1414.819,1229.0,2.045,1323.0,1190.0,8.06,3.34,77.46,0.0,11.15,31.51,2,1,1,15.0,15.0,0.0,0.0,1.0,1,95.0,1.73,243.2,0.426,0.5,0.426,0.98,0.931,0.594,1414.819,24.18095238095238,1.1513349999999998,8.444999999999999,0.426
520952,Gojali,Dabhoi,22.190698,73.378433,565.0,155.0,67.96,0.645,Medium (Mitigation),364.425,402.0,1.405,302.0,263.0,0.0,13.43,81.34,0.0,5.22,100.0,2,0,2,10.0,40.0,0.0,0.0,1.0,1,95.0,0.297,245.6,0.525,0.49,0.525,0.98,0.938,0.608,364.425,32.36190476190476,0.9062250000000001,6.45,0.525
520934,Bhilapur,Dabhoi,22.192919,73.325929,2290.0,512.0,52.53,0.564,Medium (Mitigation),1291.56,567.0,4.039,1163.0,1127.0,0.0,1.24,79.51,0.0,0.0,98.67,3,1,1,14.0,14.0,0.0,1.0,1.0,1,100.0,0.968,244.8,0.49,0.57,0.49,0.98,0.95,0.626,1291.56,16.94516129032258,2.2779959999999995,7.895999999999999,0.49
520953,Banaiya,Dabhoi,22.184445,73.35092,338.0,77.0,41.42,0.615,Medium (Mitigation),207.87,151.0,2.238,173.0,165.0,0.0,21.19,77.48,0.0,1.32,91.45,2,0,0,11.0,25.0,0.0,1.0,1.0,1,87.5,0.569,245.6,0.526,0.52,0.526,0.98,0.882,0.575,207.87,19.723809523809525,1.3763699999999999,6.765,0.526
520951,Vasai,Dabhoi,22.173534,73.392085,1860.0,408.0,56.56,0.544,Medium (Mitigation),1011.84,844.0,2.204,958.0,902.0,7.7,17.54,69.91,0.0,4.86,100.0,3,1,0,5.0,32.0,0.0,1.0,0.0,1,92.5,0.53,246.4,0.511,0.5,0.511,0.98,0.917,0.584,1011.84,18.24516129032258,1.1989760000000003,2.72,0.511
520932,Baherampura,Dabhoi,22.176949,73.301674,514.0,130.0,75.29,0.65,Medium (Mitigation),334.1,365.0,1.408,264.0,250.0,0.0,11.78,83.29,0.0,4.93,67.11,2,0,0,13.0,16.0,0.0,1.0,0.0,1,95.0,0.446,244.8,0.515,0.49,0.515,0.98,0.928,0.603,334.1,35.852380952380955,0.9152,8.450000000000001,0.515
520933,Navapur,Dabhoi,22.181324,73.316668,356.0,76.0,11.8,0.639,Medium (Mitigation),227.484,138.0,2.58,186.0,170.0,0.0,2.88,82.01,0.0,0.0,56.14,1,0,0,12.0,14.0,0.0,1.0,1.0,1,95.0,0.163,245.6,0.541,0.53,0.541,0.98,0.931,0.604,227.484,10.727272727272727,1.64862,7.668,0.541
520958,Ambav,Dabhoi,22.163756,73.364609,851.0,161.0,76.62,0.544,Medium (Mitigation),462.944,305.0,2.79,431.0,420.0,0.0,1.64,92.13,0.0,0.33,100.0,2,0,2,10.0,25.0,0.0,1.0,0.0,0,100.0,2.263,246.4,0.394,0.53,0.394,0.98,0.95,0.615,462.944,36.48571428571429,1.5177600000000002,5.44,0.0
520959,Puda,Dabhoi,22.17066,73.375582,858.0,186.0,41.49,0.598,Medium (Mitigation),513.084,559.0,1.535,452.0,406.0,0.0,6.79,86.79,0.0,6.43,58.85,2,0,0,5.0,27.0,0.0,1.0,0.0,1,92.5,0.913,245.6,0.484,0.5,0.484,0.98,0.893,0.574,513.084,19.757142857142856,0.9179299999999999,2.9899999999999998,0.484
520957,Thuvavi,Dabhoi,22.160641,73.341034,2651.0,612.0,47.42,0.48,Medium (Mitigation),1272.48,1365.0,1.942,1405.0,1246.0,0.0,0.88,86.89,0.0,5.27,70.49,2,1,2,10.0,20.0,0.0,1.0,0.0,0,100.0,0.608,244.8,0.506,0.51,0.506,0.98,0.95,0.629,1272.48,22.580952380952382,0.93216,4.8,0.0
520954,Rajli,Dabhoi,22.165455,73.323543,789.0,183.0,47.66,0.634,Medium (Mitigation),500.226,316.0,2.497,406.0,383.0,0.0,2.54,84.76,0.0,6.35,100.0,2,0,2,10.0,20.0,0.0,1.0,0.0,1,100.0,0.558,243.2,0.511,0.52,0.511,0.98,0.95,0.627,500.226,22.695238095238093,1.583098,6.34,0.511
520955,Anguthan,Dabhoi,22.159431,73.3033,1177.0,299.0,55.48,0.586,Medium (Mitigation),689.722,757.0,1.555,605.0,572.0,0.0,10.29,81.4,0.0,4.49,100.0,2,1,2,12.0,25.0,0.0,1.0,1.0,1,100.0,0.612,245.6,0.505,0.5,0.505,0.98,0.95,0.646,689.722,26.419047619047618,0.9112299999999999,7.032,0.505
520960,Hansapura,Dabhoi,22.153796,73.382468,430.0,97.0,43.49,0.487,Medium (Mitigation),209.41,299.0,1.438,225.0,205.0,0.0,11.07,79.87,0.0,5.03,100.0,2,0,0,5.0,25.0,0.0,1.0,0.0,0,90.0,1.811,246.4,0.424,0.49,0.424,0.98,0.9,0.585,209.41,20.70952380952381,0.700306,2.435,0.0
520961,Kajapur,Dabhoi,22.154333,73.39991,694.0,154.0,10.23,0.558,Medium (Mitigation),387.252,189.0,3.672,341.0,353.0,0.0,3.16,84.21,0.0,12.63,100.0,3,0,2,5.0,35.0,0.0,1.0,0.0,1,90.0,0.224,245.6,0.545,0.56,0.545,0.98,0.904,0.588,387.252,3.3,2.048976,2.79,0.545
520972,Vega,Dabhoi,22.14562,73.385446,852.0,198.0,32.63,0.543,Medium (Mitigation),462.636,333.0,2.559,428.0,424.0,0.0,18.07,75.3,0.0,4.22,23.2,3,0,1,3.0,34.0,0.0,0.0,0.0,1,90.0,1.96,245.6,0.419,0.53,0.419,0.98,0.9,0.586,462.636,10.525806451612905,1.3895370000000002,1.629,0.419
520974,Borbar,Dabhoi,22.136422,73.338357,1149.0,276.0,56.31,0.564,Medium (Mitigation),648.036,785.0,1.464,609.0,540.0,7.14,3.06,84.44,0.0,5.36,75.53,2,1,0,9.0,18.0,0.0,1.0,0.0,1,95.0,1.587,245.6,0.434,0.48,0.434,0.98,0.933,0.594,648.036,26.814285714285713,0.8256959999999999,5.076,0.434
520956,Nariya,Dabhoi,22.138527,73.302603,1139.0,251.0,45.65,0.6,Medium (Mitigation),683.4,678.0,1.68,600.0,539.0,0.0,2.65,84.07,0.0,13.27,56.14,2,0,0,17.0,25.0,0.0,1.0,0.0,1,105.0,1.927,243.2,0.412,0.5,0.412,0.98,0.95,0.646,683.4,21.738095238095237,1.008,10.2,0.412
520971,Fartikui,Dabhoi,22.141432,73.372255,877.0,208.0,42.76,0.499,Medium (Mitigation),437.623,280.0,3.132,447.0,430.0,0.0,9.32,85.3,0.0,5.38,15.97,3,1,2,5.0,35.0,0.0,1.0,0.0,1,95.0,3.384,247.2,0.318,0.54,0.318,0.98,0.936,0.605,437.623,13.793548387096774,1.5628680000000001,2.495,0.318
520975,Thikariya,Dabhoi,22.129972,73.310806,278.0,65.0,98.2,0.553,Medium (Mitigation),153.734,230.0,1.209,151.0,127.0,0.0,6.52,88.26,0.0,5.22,92.61,2,0,0,14.0,30.0,0.0,0.0,0.0,0,92.5,1.704,244.8,0.427,0.49,0.427,0.98,0.914,0.595,153.734,46.76190476190476,0.6685770000000001,7.742000000000001,0.0
520976,Dangikuva,Dabhoi,22.127059,73.277309,389.0,81.0,40.62,0.586,Medium (Mitigation),227.954,284.0,1.37,207.0,182.0,0.0,0.35,89.44,0.0,10.21,78.74,2,0,0,18.0,25.0,0.0,1.0,1.0,1,110.0,2.236,242.4,0.388,0.49,0.388,0.98,0.95,0.666,227.95399999999998,19.34285714285714,0.80282,10.548,0.388
519871,Mujar Gamdi,Vadodara Rural,22.208463,73.208264,494.0,114.0,35.22,0.49,Medium (Mitigation),242.06,227.0,2.176,252.0,242.0,0.0,4.85,87.22,0.0,5.73,22.73,2,0,1,12.0,12.0,0.0,1.0,0.0,0,92.5,1.614,246.4,0.438,0.52,0.438,0.98,0.905,0.584,242.06,16.77142857142857,1.06624,5.88,0.0
519870,Vora Gamdi,Vadodara Rural,22.212751,73.219301,688.0,147.0,21.22,0.474,Medium (Mitigation),326.112,393.0,1.751,348.0,340.0,0.0,7.89,80.66,0.0,4.83,6.31,2,0,2,11.0,11.0,0.0,1.0,0.0,0,90.0,1.202,245.6,0.468,0.5,0.468,0.98,0.897,0.585,326.11199999999997,10.104761904761904,0.8299739999999999,5.2139999999999995,0.0
519869,Dhaniyavi,Vadodara Rural,22.206285,73.249285,2353.0,462.0,24.9,0.524,Medium (Mitigation),1232.972,1356.0,1.735,1208.0,1145.0,0.5,0.0,66.04,31.01,0.0,7.6,2,1,2,13.0,13.0,0.0,1.0,0.0,1,102.5,2.303,245.6,0.387,0.5,0.387,0.98,0.95,0.635,1232.972,11.857142857142856,0.9091400000000001,6.812,0.387
519873,Varnama,Vadodara Rural,22.180305,73.185476,4251.0,951.0,30.82,0.449,Medium (Mitigation),1908.699,1762.0,2.413,2228.0,2023.0,0.0,0.0,73.63,2.57,4.12,17.03,2,1,2,12.0,12.0,0.0,1.0,0.0,0,95.0,1.62,247.2,0.438,0.52,0.438,0.98,0.943,0.61,1908.699,14.676190476190476,1.083437,5.388,0.0
519874,Sundarpura,Vadodara Rural,22.184391,73.218524,1267.0,283.0,32.83,0.562,Medium (Mitigation),712.0540000000001,377.0,3.361,655.0,612.0,0.0,8.22,86.74,0.0,4.77,46.63,2,1,2,3.0,3.0,0.0,1.0,0.0,1,105.0,1.944,246.4,0.42,0.55,0.42,0.98,0.95,0.646,712.0540000000001,15.633333333333331,1.8888820000000004,1.6860000000000002,0.42
519877,Raghavpura,Vadodara Rural,22.186983,73.262388,850.0,176.0,27.29,0.556,Medium (Mitigation),472.6,370.0,2.297,440.0,410.0,0.0,0.46,47.7,29.49,5.07,48.31,2,1,2,15.0,15.0,0.0,1.0,0.0,1,97.5,0.896,248.0,0.489,0.52,0.489,0.98,0.95,0.615,472.6,12.995238095238093,1.2771320000000002,8.34,0.489
519879,Patarveni,Vadodara Rural,22.173582,73.25714,721.0,173.0,56.17,0.634,Medium (Mitigation),457.114,384.0,1.878,380.0,341.0,0.0,3.86,81.23,2.57,2.83,22.15,2,0,2,17.0,17.0,0.0,1.0,0.0,1,95.0,0.514,246.4,0.514,0.51,0.514,0.98,0.936,0.606,457.11400000000003,26.747619047619047,1.190652,10.778,0.514
519875,Shahpura,Vadodara Rural,22.177526,73.236638,493.0,118.0,48.48,0.626,Medium (Mitigation),308.618,320.0,1.541,268.0,225.0,0.0,0.0,71.07,0.0,5.97,22.12,2,0,0,12.0,12.0,0.0,1.0,0.0,1,95.0,0.256,248.0,0.531,0.5,0.531,0.98,0.947,0.615,308.618,23.085714285714282,0.9646659999999999,7.5120000000000005,0.531
519878,Samaspura,Vadodara Rural,22.177009,73.265683,961.0,224.0,59.94,0.66,High (Relocation Priority),634.26,344.0,2.794,504.0,457.0,0.0,3.82,79.3,0.0,3.18,68.27,2,0,2,24.0,24.0,0.0,1.0,1.0,1,97.5,0.008,248.0,0.553,0.53,0.553,0.98,0.949,0.608,634.26,28.54285714285714,1.8440400000000001,15.84,0.553
519887,Hansapura,Vadodara Rural,22.163973,73.244571,308.0,76.0,47.08,0.605,Medium (Mitigation),186.34,193.0,1.596,162.0,146.0,1.55,10.88,64.25,0.0,6.74,40.32,2,0,1,15.0,15.0,0.0,1.0,1.0,1,95.0,1.366,247.2,0.451,0.49,0.451,0.98,0.936,0.603,186.34,22.419047619047618,0.96558,9.075,0.451
519888,Mastupur Gamdi,Vadodara Rural,22.163233,73.277417,430.0,94.0,41.16,0.625,Medium (Mitigation),268.75,148.0,2.905,229.0,201.0,1.46,2.19,84.67,0.0,2.19,51.72,2,0,1,19.0,19.0,0.0,1.0,1.0,1,105.0,1.072,244.0,0.477,0.53,0.477,0.98,0.95,0.644,268.75,19.599999999999998,1.8156249999999998,11.875,0.477
519881,Fatepura,Vadodara Rural,22.166403,73.223225,278.0,63.0,17.99,0.536,Medium (Mitigation),149.008,173.0,1.607,146.0,132.0,0.0,0.0,87.93,3.45,5.75,19.61,1,0,0,15.0,15.0,0.0,1.0,0.0,0,97.5,0.114,246.4,0.54,0.5,0.54,0.98,0.944,0.606,149.008,16.354545454545452,0.861352,8.040000000000001,0.0
519892,Ajitpura,Vadodara Rural,22.153972,73.234141,190.0,41.0,18.95,0.564,Medium (Mitigation),107.16,188.0,1.011,93.0,97.0,0.0,0.0,79.26,0.0,3.72,26.85,2,0,0,22.0,22.0,0.0,1.0,1.0,1,92.5,1.132,246.4,0.466,0.48,0.466,0.98,0.913,0.593,107.16,9.023809523809524,0.5702039999999999,12.408,0.466
519886,Kajapur,Vadodara Rural,22.156066,73.213603,462.0,108.0,5.63,0.575,Medium (Mitigation),265.65,270.0,1.711,228.0,234.0,0.0,0.0,89.26,0.0,5.19,24.9,2,0,1,22.0,22.0,0.0,1.0,1.0,1,97.5,0.375,247.2,0.522,0.5,0.522,0.98,0.95,0.612,265.65,2.6809523809523808,0.983825,12.649999999999999,0.522
519891,Salad,Vadodara Rural,22.148334,73.2608,1501.0,324.0,57.89,0.582,Medium (Mitigation),873.582,803.0,1.869,766.0,735.0,0.5,4.86,88.54,0.0,0.37,8.44,2,1,2,20.0,20.0,0.0,1.0,0.0,1,100.0,1.224,246.4,0.464,0.51,0.464,0.98,0.95,0.627,873.582,27.566666666666666,1.087758,11.639999999999999,0.464
519885,Untiya Kajapur,Vadodara Rural,22.151983,73.198403,313.0,79.0,65.81,0.589,Medium (Mitigation),184.357,199.0,1.573,160.0,153.0,0.0,0.0,78.89,0.0,7.04,25.48,3,0,1,20.0,20.0,0.0,1.0,0.0,1,95.0,0.899,246.4,0.485,0.5,0.485,0.98,0.934,0.605,184.357,21.229032258064517,0.9264969999999999,11.78,0.485
519889,Kandkoi,Vadodara Rural,22.152256,73.280713,155.0,37.0,40.65,0.477,Medium (Mitigation),73.935,279.0,0.556,80.0,75.0,0.0,0.0,83.04,13.15,1.38,12.5,2,0,1,19.0,19.0,0.0,1.0,0.0,0,107.5,2.288,243.2,0.382,0.47,0.382,0.98,0.95,0.657,73.935,19.357142857142854,0.265212,9.062999999999999,0.0
519893,Dolatpura,Vadodara Rural,22.145677,73.218235,82.0,17.0,12.2,0.562,Medium (Mitigation),46.084,128.0,0.641,40.0,42.0,0.0,1.56,70.31,0.0,3.12,33.33,2,0,0,23.0,23.0,0.0,1.0,0.0,1,95.0,0.522,247.2,0.507,0.47,0.507,0.98,0.923,0.594,46.084,5.809523809523809,0.36024200000000006,12.926000000000002,0.507
519894,Por,Vadodara Rural,22.134139,73.195065,7342.0,1627.0,24.38,0.628,Medium (Mitigation),4610.776,613.0,11.977,3787.0,3555.0,0.0,0.0,63.62,0.0,12.89,41.03,2,1,2,15.0,15.0,0.0,1.0,1.0,1,90.0,0.603,247.2,0.557,0.81,0.557,0.98,0.901,0.586,4610.776,11.60952380952381,7.521556,9.42,0.557
519900,Ankhi,Vadodara Rural,22.129567,73.203911,1179.0,243.0,19.76,0.589,Medium (Mitigation),694.4309999999999,377.0,3.127,605.0,574.0,5.03,2.38,86.51,0.0,0.0,30.58,2,0,2,16.0,16.0,0.0,1.0,0.0,1,92.5,1.27,247.2,0.464,0.53,0.464,0.98,0.905,0.576,694.4309999999999,9.40952380952381,1.8418029999999999,9.424,0.464
519903,Rasulpur,Vadodara Rural,22.140617,73.233564,68.0,13.0,58.82,0.623,Medium (Mitigation),42.364,148.0,0.459,32.0,36.0,0.0,0.0,74.32,0.0,4.73,36.36,2,0,1,23.0,23.0,0.0,1.0,0.0,1,100.0,0.347,246.4,0.518,0.46,0.518,0.98,0.95,0.627,42.364,28.00952380952381,0.285957,14.329,0.518
519904,Runvad,Vadodara Rural,22.127215,73.239275,1400.0,315.0,44.5,0.61,Medium (Mitigation),854.0,635.0,2.205,734.0,666.0,0.31,0.0,95.75,0.0,0.79,26.32,2,0,2,23.0,23.0,0.0,1.0,0.0,1,95.0,1.37,248.0,0.456,0.52,0.456,0.98,0.935,0.604,854.0,21.19047619047619,1.34505,14.03,0.456
519902,Ramnath,Vadodara Rural,22.134989,73.223695,1239.0,228.0,2.1,0.543,Medium (Mitigation),672.777,288.0,4.302,638.0,601.0,15.97,1.74,78.47,0.0,0.0,35.4,2,1,2,23.0,23.0,0.0,1.0,0.0,1,92.5,1.031,247.2,0.484,0.55,0.484,0.98,0.918,0.571,672.777,1.0,2.335986,12.489,0.484
519901,Fajalpur Ankhi,Vadodara Rural,22.123439,73.221401,579.0,125.0,12.95,0.525,Medium (Mitigation),303.975,191.0,3.031,295.0,284.0,5.76,8.9,84.82,0.0,0.0,37.04,2,1,2,13.0,13.0,0.0,1.0,0.0,1,100.0,2.324,247.2,0.39,0.53,0.39,0.98,0.95,0.608,303.975,6.166666666666666,1.5912750000000002,6.825,0.39
521039,Jaspur,Padra,22.286455,73.060154,7658.0,1530.0,5.08,0.538,Medium (Mitigation),4120.004,1575.0,4.862,3996.0,3662.0,0.89,8.25,61.9,0.0,0.0,45.33,2,1,1,6.0,22.0,0.0,1.0,1.0,1,90.0,2.142,247.2,0.416,0.59,0.416,0.98,0.903,0.586,4120.004,2.419047619047619,2.615756,3.228,0.416
521043,Umaraya,Padra,22.268181,73.02998,4115.0,775.0,1.36,0.582,Medium (Mitigation),2394.93,539.0,7.635,2146.0,1969.0,18.25,8.38,59.59,0.0,5.03,93.75,2,1,1,6.0,26.0,0.0,1.0,1.0,1,97.5,1.519,246.4,0.463,0.64,0.463,0.98,0.945,0.579,2394.93,0.6476190476190476,4.443569999999999,3.492,0.463
521041,Tajpura,Padra,22.266245,73.069227,1720.0,360.0,20.12,0.56,Medium (Mitigation),963.2,333.0,5.165,897.0,823.0,0.0,0.65,96.75,0.0,1.62,67.11,2,1,1,2.0,17.0,0.0,1.0,0.0,1,107.5,2.688,245.6,0.375,0.6,0.375,0.98,0.95,0.659,963.2,9.58095238095238,2.8924000000000003,1.12,0.375
521042,Luna,Padra,22.26456,73.049273,2739.0,521.0,9.6,0.591,Medium (Mitigation),1618.749,448.0,6.114,1430.0,1309.0,0.0,0.6,61.11,24.21,1.59,64.94,2,0,1,3.0,20.0,0.0,1.0,0.0,1,90.0,3.248,245.6,0.344,0.63,0.344,0.98,0.921,0.607,1618.749,4.571428571428571,3.613374,1.773,0.344
521040,Sangma,Padra,22.264793,73.087969,3096.0,664.0,13.02,0.55,Medium (Mitigation),1702.8000000000002,329.0,9.41,1587.0,1509.0,0.0,6.08,86.02,0.0,1.22,75.97,3,1,1,2.0,10.0,0.0,1.0,1.0,1,105.0,2.153,244.8,0.431,0.73,0.431,0.98,0.95,0.647,1702.8000000000002,4.2,5.1755,1.1,0.431
521044,Ekalbara,Padra,22.256383,73.017797,4435.0,917.0,2.21,0.586,Medium (Mitigation),2598.91,593.0,7.479,2308.0,2127.0,0.0,11.91,77.66,0.0,9.57,68.49,3,0,1,8.0,22.0,0.0,0.0,1.0,1,95.0,1.567,245.6,0.464,0.67,0.464,0.98,0.95,0.627,2598.91,0.7129032258064516,4.382694,4.688,0.464
521045,Mujpur,Padra,22.245552,72.992466,9410.0,1923.0,4.39,0.597,Medium (Mitigation),5617.77,889.0,10.585,4887.0,4523.0,0.0,7.31,72.55,0.0,4.95,53.49,2,1,1,10.0,28.0,0.0,1.0,1.0,1,97.5,1.39,248.0,0.492,0.77,0.492,0.98,0.95,0.629,5617.7699999999995,2.09047619047619,6.3192450000000004,5.97,0.492
521058,Dabhasa,Padra,22.23737,73.038788,8337.0,1708.0,8.29,0.523,Medium (Mitigation),4360.251,1199.0,6.953,4322.0,4015.0,0.0,3.25,81.9,0.17,0.33,77.92,3,1,1,4.0,20.0,0.0,1.0,0.0,1,95.0,2.848,245.6,0.372,0.66,0.372,0.98,0.935,0.606,4360.251,2.6741935483870964,3.6364190000000005,2.092,0.372
521059,Sokhdakhurd,Padra,22.244837,73.11375,2139.0,462.0,24.4,0.589,Medium (Mitigation),1259.871,447.0,4.785,1099.0,1040.0,0.22,0.44,95.78,1.78,0.44,48.72,2,1,1,2.0,14.0,0.0,1.0,0.0,1,97.5,0.774,247.2,0.508,0.59,0.508,0.98,0.95,0.627,1259.8709999999999,11.619047619047619,2.818365,1.178,0.508
521057,Mahuvad,Padra,22.234796,73.013282,2564.0,534.0,9.56,0.494,Medium (Mitigation),1266.616,483.0,5.308,1336.0,1228.0,0.0,1.25,87.53,0.0,3.33,92.64,3,1,1,7.0,23.0,0.0,1.0,1.0,1,102.5,3.495,244.8,0.319,0.61,0.319,0.98,0.95,0.637,1266.616,3.0838709677419356,2.622152,3.458,0.319
521061,Darapura,Padra,22.228044,73.106676,3032.0,666.0,15.2,0.649,Medium (Mitigation),1967.768,408.0,7.431,1589.0,1443.0,0.0,0.49,80.49,0.98,0.24,90.91,2,0,1,3.0,18.0,0.0,1.0,0.0,1,87.5,0.815,245.6,0.532,0.67,0.532,0.98,0.877,0.572,1967.768,7.238095238095237,4.822719,1.947,0.532
521060,Patod,Padra,22.225549,73.120499,2479.0,532.0,16.9,0.621,Medium (Mitigation),1539.459,511.0,4.851,1288.0,1191.0,0.0,0.78,87.18,1.17,1.55,2.45,2,0,1,3.0,19.0,0.0,1.0,0.0,1,87.5,0.61,247.2,0.536,0.6,0.536,0.98,0.881,0.573,1539.459,8.047619047619047,3.012471,1.863,0.536
521055,Narsipura,Padra,22.229941,72.973697,3447.0,729.0,0.52,0.622,Medium (Mitigation),2144.034,267.0,12.91,1747.0,1700.0,0.0,10.49,82.77,0.0,1.12,88.24,2,0,1,14.0,35.0,0.0,0.0,0.0,1,97.5,2.452,245.6,0.427,0.84,0.427,0.98,0.95,0.616,2144.034,0.24761904761904763,8.03002,8.708,0.427
521056,Dhobikuwa,Padra,22.22517,73.002439,3392.0,710.0,0.18,0.6,Medium (Mitigation),2035.2,197.0,17.218,1739.0,1653.0,0.0,0.0,90.86,0.0,0.0,72.07,2,0,1,9.0,27.0,0.0,1.0,1.0,1,100.0,3.864,245.6,0.33,0.85,0.33,0.98,0.95,0.626,2035.1999999999998,0.0857142857142857,10.3308,5.3999999999999995,0.33
521063,Latipura,Padra,22.222343,73.058454,2702.0,592.0,20.91,0.55,Medium (Mitigation),1486.1,350.0,7.72,1427.0,1275.0,0.0,0.27,84.49,12.83,0.53,78.48,2,0,1,3.0,18.0,0.0,1.0,0.0,0,92.5,1.698,246.4,0.456,0.68,0.456,0.98,0.928,0.606,1486.1000000000001,9.957142857142857,4.246,1.6500000000000001,0.0
521062,Ghayaj,Padra,22.219221,73.082331,2667.0,594.0,25.12,0.571,Medium (Mitigation),1522.857,738.0,3.614,1399.0,1268.0,1.35,1.48,86.68,2.69,2.96,83.85,3,0,1,2.0,19.0,0.0,1.0,1.0,1,92.5,0.541,245.6,0.519,0.56,0.519,0.98,0.915,0.592,1522.857,8.103225806451613,2.0635939999999997,1.142,0.519
521054,Somjipura,Padra,22.215018,72.968122,2480.0,518.0,1.25,0.598,Medium (Mitigation),1483.04,252.0,9.841,1292.0,1188.0,0.0,0.4,87.7,0.0,3.17,89.14,2,0,1,14.0,35.0,0.0,1.0,0.0,1,100.0,3.852,243.2,0.315,0.75,0.315,0.98,0.95,0.627,1483.04,0.5952380952380952,5.884917999999999,8.372,0.315
519844,Sindhrot,Vadodara Rural,22.328932,73.071113,7027.0,1480.0,2.8,0.542,Medium (Mitigation),3808.634000000001,1099.0,6.394,3604.0,3423.0,13.19,0.0,59.6,0.0,6.73,65.65,3,1,2,12.0,12.0,0.0,1.0,1.0,1,90.0,0.615,248.0,0.528,0.62,0.528,0.98,0.887,0.552,3808.6340000000005,0.9032258064516128,3.4655480000000005,6.5040000000000004,0.528
519842,Ankodiya,Vadodara Rural,22.334255,73.122831,4608.0,937.0,26.41,0.624,Medium (Mitigation),2875.392,521.0,8.845,2406.0,2202.0,0.0,0.18,57.27,17.51,2.28,30.58,2,1,2,6.0,12.0,0.0,1.0,0.0,1,102.5,1.283,246.4,0.491,0.72,0.491,0.98,0.95,0.638,2875.392,12.576190476190476,5.51928,3.7439999999999998,0.491
519825,Rayaka,Vadodara Rural,22.439928,73.10356,1981.0,361.0,6.71,0.523,Medium (Mitigation),1036.063,595.0,3.329,1026.0,955.0,5.03,10.05,71.69,7.37,0.0,35.05,3,0,2,20.0,20.0,0.0,1.0,1.0,1,95.0,1.97,247.2,0.417,0.54,0.417,0.98,0.923,0.586,1036.063,2.164516129032258,1.7410670000000001,10.46,0.417
519826,Sankarda,Vadodara Rural,22.433457,73.127512,7460.0,1472.0,5.12,0.532,Medium (Mitigation),3968.72,734.0,10.163,3908.0,3552.0,6.12,2.99,84.76,0.0,4.9,72.23,2,1,2,14.0,14.0,0.0,1.0,0.0,0,92.5,0.706,247.2,0.535,0.74,0.535,0.98,0.916,0.585,3968.7200000000003,2.438095238095238,5.406716,7.448,0.0
519828,Sokhda,Vadodara Rural,22.424976,73.16211,12610.0,2454.0,10.06,0.591,Medium (Mitigation),7452.509999999999,1180.0,10.686,6546.0,6064.0,0.0,0.23,78.83,15.47,0.7,39.64,2,1,1,8.0,12.0,0.0,1.0,0.0,1,95.0,1.726,246.4,0.468,0.77,0.468,0.98,0.913,0.585,7452.509999999999,4.79047619047619,6.3154259999999995,4.728,0.468
519829,Padmala,Vadodara Rural,22.415159,73.132252,5446.0,1059.0,10.72,0.557,Medium (Mitigation),3033.4220000000005,695.0,7.836,2851.0,2595.0,0.0,5.9,77.7,0.0,5.9,83.33,3,1,2,18.0,18.0,0.0,1.0,0.0,1,95.0,1.325,246.4,0.484,0.69,0.484,0.98,0.934,0.605,3033.4220000000005,3.458064516129032,4.364652,10.026000000000002,0.484
519832,Ajod,Vadodara Rural,22.40144,73.158016,2661.0,526.0,16.27,0.395,Low (Monitoring),1051.095,406.0,6.554,1388.0,1273.0,0.0,0.0,75.41,0.0,4.37,45.29,2,1,2,20.0,20.0,0.0,1.0,0.0,1,100.0,1.963,120.0,0.379,0.65,0.379,0.029,0.391,0.286,1051.095,7.747619047619047,2.58883,7.9,0.379
519831,Anagadh,Vadodara Rural,22.373755,73.080302,14780.0,2815.0,3.83,0.578,Medium (Mitigation),8542.84,1137.0,12.999,7650.0,7130.0,12.5,2.02,56.69,0.0,0.0,89.29,2,1,2,6.0,20.0,0.0,1.0,0.0,0,92.5,0.098,248.0,0.588,0.81,0.588,0.98,0.922,0.578,8542.84,1.8238095238095238,7.513421999999999,3.468,0.0
519836,Dhanora,Vadodara Rural,22.379574,73.097867,4006.0,864.0,7.16,0.599,Medium (Mitigation),2399.594,374.0,10.711,2099.0,1907.0,0.0,7.64,79.62,0.0,6.37,14.0,2,1,2,5.0,18.0,0.0,1.0,0.0,1,90.0,1.065,247.2,0.519,0.77,0.519,0.98,0.902,0.586,2399.594,3.4095238095238094,6.415889,2.995,0.519
519837,Kotna,Vadodara Rural,22.359605,73.058884,2902.0,594.0,0.48,0.579,Medium (Mitigation),1680.2579999999998,414.0,7.01,1462.0,1440.0,0.0,15.5,60.53,0.0,4.84,60.8,2,1,2,8.0,25.0,0.0,1.0,0.0,1,92.5,1.13,248.0,0.494,0.66,0.494,0.98,0.92,0.596,1680.2579999999998,0.22857142857142856,4.058789999999999,4.632,0.494
519848,Khanpur,Vadodara Rural,22.318836,73.118396,1466.0,304.0,13.17,0.49,Medium (Mitigation),718.34,193.0,7.596,799.0,667.0,0.0,0.47,64.79,18.78,8.45,43.48,3,0,2,12.0,12.0,0.0,1.0,0.0,1,25.0,0.822,120.0,0.752,0.68,0.752,0.049,0.388,0.286,718.34,4.248387096774193,3.72204,5.88,0.752
519843,Sherkhi,Vadodara Rural,22.33714,73.093718,9464.0,1841.0,4.21,0.453,Medium (Mitigation),4287.192,1235.0,7.663,4874.0,4590.0,10.85,0.0,68.91,0.0,0.0,91.66,3,1,2,13.0,13.0,0.0,1.0,0.0,0,105.0,1.714,245.6,0.452,0.66,0.452,0.98,0.95,0.631,4287.192,1.3580645161290321,3.4713390000000004,5.889,0.0
519859,Chapad,Vadodara Rural,22.229309,73.156898,2419.0,530.0,26.0,0.634,Medium (Mitigation),1533.646,496.0,4.877,1256.0,1163.0,0.0,0.0,87.1,0.0,9.07,45.14,2,0,2,7.0,12.0,0.0,1.0,0.0,1,95.0,0.748,246.4,0.511,0.6,0.511,0.98,0.935,0.605,1533.646,12.38095238095238,3.092018,4.438,0.511
519846,Ampad,Vadodara Rural,22.303464,73.085825,1610.0,296.0,2.8,0.428,Medium (Mitigation),689.08,459.0,3.508,827.0,783.0,0.0,0.0,90.07,0.0,3.16,57.64,2,1,2,7.0,10.0,0.0,1.0,0.0,0,90.0,1.537,246.4,0.454,0.56,0.454,0.98,0.913,0.597,689.08,1.3333333333333333,1.5014239999999999,2.996,0.0
519847,Mahapura,Vadodara Rural,22.302753,73.103757,1601.0,268.0,4.62,0.655,High (Relocation Priority),1048.655,130.0,12.315,806.0,795.0,0.0,0.0,90.77,0.0,0.0,84.75,2,0,2,8.0,8.0,0.0,0.0,0.0,1,102.5,0.686,245.6,0.548,0.82,0.548,0.98,0.95,0.637,1048.655,2.2,8.066325,5.24,0.548
519845,Hinglot,Vadodara Rural,22.293659,73.078092,1057.0,206.0,1.7,0.579,Medium (Mitigation),612.0029999999999,273.0,3.872,526.0,531.0,0.0,0.0,86.81,0.0,2.2,50.63,2,0,2,5.0,12.0,0.0,1.0,0.0,1,97.5,1.694,247.2,0.44,0.57,0.44,0.98,0.95,0.616,612.0029999999999,0.8095238095238094,2.241888,2.8949999999999996,0.44
519851,Raypura,Vadodara Rural,22.279864,73.09255,5619.0,1085.0,0.61,0.544,Medium (Mitigation),3056.7360000000003,449.0,12.514,2879.0,2740.0,0.0,10.96,65.79,6.14,1.1,26.67,2,1,2,8.0,8.0,0.0,1.0,0.0,0,95.0,1.848,244.8,0.468,0.83,0.468,0.98,0.932,0.605,3056.7360000000003,0.29047619047619044,6.807616,4.352,0.0
519852,Gokalpura,Vadodara Rural,22.266038,73.114605,1032.0,208.0,25.0,0.621,Medium (Mitigation),640.872,165.0,6.255,536.0,496.0,0.0,9.43,89.94,0.0,0.63,79.02,3,0,2,8.0,15.0,0.0,1.0,0.0,1,102.5,0.002,244.8,0.568,0.64,0.568,0.98,0.95,0.628,640.872,8.064516129032258,3.884355,4.968,0.568
519853,Samiyala,Vadodara Rural,22.25584,73.124736,6364.0,1315.0,10.39,0.584,Medium (Mitigation),3716.576,499.0,12.754,3249.0,3115.0,0.0,3.7,77.78,0.0,2.61,57.98,3,1,2,8.0,12.0,0.0,1.0,0.0,1,102.5,0.106,246.4,0.59,0.83,0.59,0.98,0.95,0.628,3716.5759999999996,3.3516129032258064,7.448335999999999,4.672,0.59
519830,Fajalpur Sankarda,Vadodara Rural,22.426235,73.087611,4740.0,950.0,3.76,0.581,Medium (Mitigation),2753.94,614.0,7.72,2492.0,2248.0,0.0,27.69,64.98,0.0,0.0,27.57,3,0,1,15.0,15.0,0.0,1.0,1.0,1,92.5,1.8,246.4,0.449,0.68,0.449,0.98,0.915,0.594,2753.9399999999996,1.2129032258064516,4.48532,8.715,0.449
251214,Padra,Padra,22.244951,73.080335,46660.0,9579.0,28.63,0.476,Medium (Mitigation),22210.16,0.0,,0.0,0.0,,,,,,,0,0,0,0.0,,0.0,0.0,0.0,0,25.0,0.16,120.0,0.773,0.51,0.773,0.02,0.388,0.286,22210.16,286.29999999999995,0.952,0.0,0.0
520926,Kunvarwada,Dabhoi,22.252725,73.337496,1014.0,215.0,34.32,0.581,Medium (Mitigation),589.134,612.0,1.657,533.0,481.0,0.0,1.47,83.69,0.0,14.85,100.0,2,0,2,20.0,20.0,0.0,0.0,1.0,1,90.0,1.686,244.8,0.434,0.5,0.434,0.98,0.897,0.585,589.134,16.34285714285714,0.9627169999999999,11.62,0.434
520927,Vanadra,Dabhoi,22.238186,73.364509,2531.0,547.0,40.1,0.537,Medium (Mitigation),1359.1470000000002,1368.0,1.85,1296.0,1235.0,5.12,0.8,87.06,0.0,0.0,62.97,3,0,0,15.0,15.0,0.0,1.0,0.0,1,97.5,2.392,243.2,0.379,0.5,0.379,0.98,0.932,0.59,1359.1470000000002,12.935483870967742,0.99345,8.055,0.379
520925,Saguwada,Dabhoi,22.240843,73.32019,840.0,162.0,38.57,0.594,Medium (Mitigation),498.96,446.0,1.883,417.0,423.0,0.0,15.7,83.18,0.0,0.0,100.0,1,1,0,16.0,16.0,0.0,1.0,0.0,1,90.0,1.437,244.8,0.453,0.51,0.453,0.98,0.899,0.586,498.96,35.06363636363636,1.1185019999999999,9.504,0.453
520924,Malharpura,Dabhoi,22.238425,73.302594,370.0,85.0,13.51,0.63,Medium (Mitigation),233.1,178.0,2.079,195.0,175.0,0.0,0.0,79.66,0.0,6.21,26.24,1,0,0,12.0,12.0,0.0,1.0,0.0,1,90.0,0.188,243.2,0.539,0.51,0.539,0.98,0.897,0.586,233.1,12.281818181818181,1.30977,7.5600000000000005,0.539
520939,Dholar,Dabhoi,22.222189,73.395816,2049.0,491.0,42.46,0.525,Medium (Mitigation),1075.725,847.0,2.419,1069.0,980.0,3.03,5.48,81.45,2.33,7.7,85.96,3,1,0,10.0,46.0,0.0,1.0,1.0,1,97.5,1.076,242.4,0.474,0.52,0.474,0.98,0.94,0.603,1075.7250000000001,13.696774193548388,1.269975,5.25,0.474
520928,Mavli,Dabhoi,22.221537,73.342496,962.0,212.0,57.59,0.528,Medium (Mitigation),507.936,629.0,1.529,495.0,467.0,0.0,8.74,83.31,0.0,7.95,91.6,2,0,2,15.0,20.0,0.0,1.0,0.0,0,97.5,0.744,241.6,0.494,0.5,0.494,0.98,0.945,0.614,507.93600000000004,27.423809523809524,0.807312,7.92,0.0
520923,Rasulpura,Dabhoi,22.22173,73.317514,376.0,90.0,60.9,0.528,Medium (Mitigation),198.528,277.0,1.357,190.0,186.0,6.12,0.0,84.53,0.0,5.04,48.94,2,0,0,15.0,17.0,0.0,1.0,0.0,0,92.5,0.497,243.2,0.509,0.48,0.509,0.98,0.911,0.585,198.52800000000002,28.999999999999996,0.716496,7.92,0.0
519818,Indrad,Savli,22.439792,73.273307,1912.0,422.0,36.77,0.6,Medium (Mitigation),1147.2,1046.0,1.828,1004.0,908.0,0.0,3.92,83.44,0.0,5.93,80.28,2,0,2,15.0,20.0,0.0,1.0,1.0,1,92.5,0.947,246.4,0.482,0.5,0.482,0.98,0.916,0.595,1147.2,17.50952380952381,1.0968,9.0,0.482
519817,Pilol,Savli,22.422196,73.230199,3242.0,646.0,16.19,0.631,Medium (Mitigation),2045.702,603.0,5.376,1654.0,1588.0,0.0,6.8,66.17,0.0,11.28,38.6,2,0,2,20.0,10.0,0.0,1.0,1.0,1,90.0,0.339,246.4,0.545,0.61,0.545,0.98,0.896,0.583,2045.702,7.70952380952381,3.392256,12.620000000000001,0.545
519833,Asoj,Vadodara Rural,22.421,73.199415,3801.0,827.0,18.71,0.459,Medium (Mitigation),1744.659,1094.0,3.474,1992.0,1809.0,0.0,1.95,92.09,0.0,5.21,62.63,2,1,2,14.0,14.0,0.0,0.0,0.0,0,87.5,0.704,247.2,0.522,0.55,0.522,0.98,0.891,0.584,1744.659,8.90952380952381,1.5945660000000001,6.426,0.0
519834,Virod,Vadodara Rural,22.394473,73.226574,2461.0,506.0,47.3,0.566,Medium (Mitigation),1392.926,1092.0,2.254,1289.0,1172.0,0.0,10.01,71.73,0.0,4.73,10.34,2,1,2,9.0,9.0,0.0,1.0,0.0,1,85.0,1.235,246.4,0.491,0.52,0.491,0.98,0.86,0.561,1392.926,22.523809523809522,1.275764,5.093999999999999,0.491
519839,Sukhlipur,Vadodara Rural,22.374111,73.255936,942.0,185.0,37.26,0.671,High (Relocation Priority),632.082,321.0,2.935,477.0,465.0,7.31,0.0,74.09,0.0,5.65,13.45,1,0,2,12.0,12.0,0.0,1.0,0.0,1,90.0,0.114,247.2,0.548,0.52,0.548,0.98,0.902,0.575,632.082,33.87272727272727,1.9693850000000002,8.052,0.548
519838,Dena,Vadodara Rural,22.365988,73.221735,2565.0,480.0,25.22,0.65,Medium (Mitigation),1667.25,444.0,5.777,1350.0,1215.0,0.0,8.56,82.43,0.0,5.41,43.72,2,0,2,8.0,8.0,0.0,1.0,0.0,1,90.0,0.198,247.2,0.557,0.62,0.557,0.98,0.902,0.586,1667.25,12.009523809523808,3.75505,5.2,0.557
519841,Kotali,Vadodara Rural,22.35516,73.235373,1269.0,266.0,42.71,0.588,Medium (Mitigation),746.1719999999999,312.0,4.067,672.0,597.0,8.07,0.0,71.93,0.0,4.56,4.88,3,0,2,10.0,10.0,0.0,1.0,1.0,1,92.5,1.044,246.4,0.484,0.56,0.484,0.98,0.909,0.575,746.1719999999999,13.77741935483871,2.391396,5.88,0.484
519840,Amaliyara,Vadodara Rural,22.362429,73.256445,1618.0,344.0,57.42,0.553,Medium (Mitigation),894.7540000000001,483.0,3.35,857.0,761.0,13.5,0.0,64.16,0.0,2.88,34.48,3,1,2,12.0,12.0,0.0,1.0,0.0,1,97.5,1.12,245.6,0.472,0.52,0.472,0.98,0.942,0.586,894.7540000000001,18.52258064516129,1.8525500000000001,6.636000000000001,0.472
519849,Ankhol,Vadodara Rural,22.304008,73.270046,1129.0,233.0,56.69,0.637,Medium (Mitigation),719.173,371.0,3.043,599.0,530.0,1.08,8.36,84.91,0.0,5.66,19.05,2,0,2,5.0,5.0,0.0,1.0,0.0,1,90.0,0.99,244.8,0.488,0.54,0.488,0.98,0.895,0.583,719.173,26.995238095238093,1.9383910000000002,3.185,0.488
519850,Khatamba,Vadodara Rural,22.286521,73.27036,920.0,190.0,50.43,0.636,Medium (Mitigation),585.12,363.0,2.534,427.0,493.0,0.0,1.38,72.73,0.0,12.4,13.26,2,0,2,10.0,10.0,0.0,1.0,0.0,1,95.0,0.424,244.8,0.522,0.53,0.522,0.98,0.933,0.606,585.12,24.014285714285712,1.611624,6.36,0.522
519854,Shankarpura,Vadodara Rural,22.275823,73.272863,751.0,167.0,36.09,0.567,Medium (Mitigation),425.817,393.0,1.911,376.0,375.0,0.0,0.0,93.64,0.0,2.8,16.3,3,0,2,12.0,12.0,0.0,1.0,0.0,1,87.5,0.14,246.4,0.555,0.51,0.555,0.98,0.885,0.576,425.81699999999995,11.641935483870968,1.083537,6.803999999999999,0.555
519864,Tatarpura,Vadodara Rural,22.265645,73.294879,1046.0,233.0,45.89,0.514,Medium (Mitigation),537.644,477.0,2.193,530.0,516.0,0.0,0.46,76.43,0.0,4.58,23.95,2,0,2,9.0,9.0,0.0,1.0,0.0,0,87.5,0.948,242.4,0.498,0.52,0.498,0.98,0.879,0.576,537.644,21.85238095238095,1.127202,4.626,0.0
519855,Jobantekri,Vadodara Rural,22.267751,73.281069,430.0,92.0,81.86,0.604,Medium (Mitigation),259.72,93.0,4.624,210.0,220.0,0.0,1.83,62.39,29.36,5.5,29.41,2,0,1,9.0,9.0,0.0,1.0,0.0,0,85.0,0.253,244.8,0.569,0.59,0.569,0.98,0.884,0.586,259.71999999999997,38.98095238095238,2.792896,5.436,0.0
519856,Ratanpur,Vadodara Rural,22.268483,73.256635,1508.0,344.0,41.45,0.606,Medium (Mitigation),913.848,295.0,5.112,784.0,724.0,0.0,0.0,73.02,10.79,5.04,27.09,3,0,2,8.0,8.0,0.0,1.0,0.0,1,87.5,0.82,247.2,0.521,0.6,0.521,0.98,0.884,0.575,913.848,13.370967741935484,3.097872,4.848,0.521
519868,Kelanpur,Vadodara Rural,22.242363,73.281591,2929.0,614.0,50.46,0.46,Medium (Mitigation),1347.34,847.0,3.458,1479.0,1450.0,0.26,0.51,76.73,0.0,15.73,13.33,3,1,2,11.0,11.0,0.0,1.0,0.0,0,90.0,0.308,244.8,0.538,0.55,0.538,0.98,0.92,0.607,1347.3400000000001,16.27741935483871,1.59068,5.0600000000000005,0.0
519857,Vadadla,Vadodara Rural,22.248199,73.250718,2303.0,503.0,17.89,0.566,Medium (Mitigation),1303.4979999999998,395.0,5.83,1194.0,1109.0,0.0,1.01,71.65,0.0,6.08,10.6,2,1,2,5.0,5.0,0.0,1.0,0.0,1,87.5,2.052,245.6,0.437,0.62,0.437,0.98,0.878,0.573,1303.4979999999998,8.519047619047619,3.2997799999999997,2.8299999999999996,0.437
519865,Sultanpura,Vadodara Rural,22.245836,73.303381,298.0,75.0,34.56,0.597,Medium (Mitigation),177.906,226.0,1.319,160.0,138.0,0.44,0.0,88.89,7.11,1.78,20.0,2,0,1,11.0,11.0,0.0,1.0,0.0,1,90.0,0.296,244.8,0.53,0.49,0.53,0.98,0.887,0.574,177.906,16.45714285714286,0.7874429999999999,6.567,0.53
519863,Navapura,Vadodara Rural,22.242051,73.265192,387.0,73.0,0.0,0.583,Medium (Mitigation),225.621,102.0,3.794,202.0,185.0,1.0,1.0,75.0,0.0,2.0,53.33,2,0,1,10.0,10.0,0.0,1.0,0.0,1,90.0,0.796,247.2,0.506,0.56,0.506,0.98,0.902,0.585,225.62099999999998,0.0,2.211902,5.83,0.506
519862,Alhadpura,Vadodara Rural,22.230247,73.265911,991.0,217.0,34.01,0.611,Medium (Mitigation),605.501,507.0,1.955,521.0,470.0,0.0,4.54,78.11,0.0,6.71,30.3,2,0,0,7.0,7.0,0.0,1.0,0.0,1,92.5,0.139,244.8,0.539,0.51,0.539,0.98,0.92,0.598,605.501,16.195238095238093,1.194505,4.277,0.539
519867,Hetampura,Vadodara Rural,22.227236,73.2839,1504.0,317.0,1.2,0.659,High (Relocation Priority),991.136,249.0,6.04,785.0,719.0,0.82,1.23,93.44,0.0,1.23,21.93,1,0,2,14.0,14.0,0.0,1.0,0.0,1,90.0,0.84,245.6,0.513,0.63,0.513,0.98,0.894,0.582,991.1360000000001,1.0909090909090908,3.98036,9.226,0.513
519866,Diwalipura,Vadodara Rural,22.228,73.295272,661.0,136.0,21.63,0.542,Medium (Mitigation),358.262,308.0,2.146,343.0,318.0,0.3,0.61,70.73,18.9,0.0,68.97,3,0,2,13.0,15.0,0.0,1.0,0.0,1,90.0,0.759,244.0,0.5,0.51,0.5,0.98,0.896,0.585,358.262,6.977419354838709,1.163132,7.046,0.5
519860,Maretha,Vadodara Rural,22.223075,73.183108,1918.0,403.0,18.2,0.669,High (Relocation Priority),1283.142,241.0,7.959,1021.0,897.0,0.0,4.58,86.67,0.0,5.42,48.08,2,0,2,10.0,10.0,0.0,1.0,1.0,1,97.5,0.479,244.8,0.542,0.69,0.542,0.98,0.95,0.617,1283.142,8.666666666666666,5.324571,6.69,0.542
251209,Vadodara,Vadodara Rural,22.306225,73.182732,1752371.0,393887.0,28.63,0.474,Medium (Mitigation),830623.8539999999,0.0,,0.0,0.0,,,,,,,0,0,0,0.0,,0.0,0.0,0.0,0,25.0,0.277,120.0,0.765,0.51,0.765,0.02,0.388,0.286,830623.8539999999,286.29999999999995,0.948,0.0,0.0
519938,Panch Devla,Vaghodia,22.43723,73.378274,867.0,179.0,21.8,0.547,Medium (Mitigation),474.249,260.0,3.335,464.0,403.0,0.0,32.43,50.19,0.0,16.99,38.46,3,0,1,10.0,28.0,0.0,1.0,1.0,1,95.0,1.658,245.6,0.439,0.55,0.439,0.98,0.927,0.602,474.249,7.032258064516129,1.8242450000000001,5.470000000000001,0.439
519939,Abhrampura,Vaghodia,22.430948,73.384792,627.0,147.0,19.62,0.566,Medium (Mitigation),354.88199999999995,451.0,1.39,318.0,309.0,0.0,0.0,89.38,0.0,3.76,22.28,2,0,1,20.0,30.0,0.0,1.0,1.0,1,95.0,1.641,244.8,0.431,0.49,0.431,0.98,0.942,0.614,354.88199999999995,9.342857142857143,0.7867399999999999,11.319999999999999,0.431
519936,Kamrol,Vaghodia,22.426497,73.295766,2097.0,441.0,46.78,0.528,Medium (Mitigation),1107.216,1011.0,2.074,1068.0,1029.0,0.0,0.0,33.59,58.8,2.09,72.77,3,1,1,22.0,25.0,0.0,1.0,1.0,1,95.0,0.825,246.4,0.492,0.51,0.492,0.98,0.923,0.594,1107.2160000000001,15.09032258064516,1.095072,11.616,0.492
519942,Kodarvaya,Vaghodia,22.415313,73.384313,398.0,88.0,71.11,0.612,Medium (Mitigation),243.576,252.0,1.579,206.0,192.0,0.0,7.11,85.77,0.0,2.37,100.0,2,0,1,18.0,27.0,0.0,0.0,0.0,1,97.5,2.881,244.8,0.346,0.5,0.346,0.98,0.95,0.614,243.576,33.86190476190476,0.966348,11.016,0.346
519935,Amreshwar,Vaghodia,22.413419,73.264611,480.0,106.0,45.0,0.607,Medium (Mitigation),291.36,247.0,1.943,249.0,231.0,0.0,0.0,79.76,0.0,2.83,50.76,2,0,1,17.0,17.0,0.0,1.0,0.0,1,97.5,1.513,245.6,0.443,0.51,0.443,0.98,0.95,0.616,291.36,21.428571428571427,1.179401,10.318999999999999,0.443
519950,Kotambi,Vaghodia,22.396152,73.312378,3740.0,755.0,47.57,0.575,Medium (Mitigation),2150.5,1950.0,1.918,1900.0,1840.0,5.18,2.54,84.26,0.1,3.94,100.0,3,0,1,14.0,14.0,0.0,0.0,1.0,1,90.0,0.35,243.2,0.527,0.5,0.527,0.98,0.891,0.576,2150.5,15.345161290322581,1.1028499999999999,8.049999999999999,0.527
519937,Lilora,Vaghodia,22.428497,73.363664,1698.0,371.0,28.03,0.508,Medium (Mitigation),862.5840000000001,549.0,3.093,864.0,834.0,0.0,0.0,82.66,0.0,7.66,57.4,3,1,1,14.0,25.0,0.0,1.0,1.0,1,102.5,1.867,244.0,0.422,0.54,0.422,0.98,0.95,0.637,862.5840000000001,9.041935483870969,1.571244,7.112,0.422
519943,Vyankatpura,Vaghodia,22.404352,73.368516,592.0,134.0,63.68,0.622,Medium (Mitigation),368.224,496.0,1.194,298.0,294.0,0.0,0.2,65.66,0.0,0.0,95.38,2,0,1,15.0,25.0,0.0,0.0,0.0,1,100.0,1.44,244.0,0.445,0.49,0.445,0.98,0.95,0.626,368.224,30.323809523809523,0.742668,9.33,0.445
519945,Rahkui,Vaghodia,22.408263,73.335659,773.0,169.0,80.6,0.564,Medium (Mitigation),435.972,305.0,2.534,385.0,388.0,0.0,2.96,79.28,0.0,6.25,62.24,2,0,1,16.0,20.0,0.0,0.0,0.0,0,100.0,1.146,244.0,0.471,0.53,0.471,0.98,0.95,0.626,435.972,38.38095238095238,1.4291759999999998,9.024,0.0
519946,Ganeshpura,Vaghodia,22.402363,73.274967,981.0,204.0,40.06,0.599,Medium (Mitigation),587.619,589.0,1.666,502.0,479.0,0.0,0.0,81.66,0.0,5.09,51.98,2,0,1,16.0,16.0,0.0,1.0,0.0,1,97.5,1.281,245.6,0.458,0.5,0.458,0.98,0.94,0.605,587.619,19.076190476190476,0.9979339999999999,9.584,0.458
519944,Amrutpura,Vaghodia,22.398513,73.352163,409.0,88.0,90.46,0.714,High (Relocation Priority),292.026,262.0,1.561,210.0,199.0,0.0,1.9,59.7,0.0,3.42,100.0,1,0,1,15.0,27.0,0.0,1.0,0.0,1,92.5,0.365,244.0,0.522,0.5,0.522,0.98,0.912,0.594,292.026,82.23636363636362,1.1145539999999998,10.709999999999999,0.522
519947,Bhaniyara,Vaghodia,22.393587,73.264179,1796.0,405.0,26.28,0.522,Medium (Mitigation),937.512,692.0,2.595,929.0,867.0,0.0,2.45,86.58,0.0,5.05,55.83,3,1,1,13.0,13.0,0.0,1.0,1.0,1,92.5,0.018,245.6,0.551,0.53,0.551,0.98,0.913,0.593,937.5120000000001,8.47741935483871,1.3545900000000002,6.7860000000000005,0.551
519954,Jafarpura,Vaghodia,22.389601,73.367701,358.0,81.0,53.35,0.586,Medium (Mitigation),209.788,146.0,2.452,192.0,166.0,0.0,7.48,78.23,0.0,10.2,100.0,1,0,1,18.0,25.0,0.0,0.0,0.0,0,95.0,0.236,247.2,0.535,0.52,0.535,0.98,0.933,0.604,209.78799999999998,48.5,1.436872,10.548,0.0
519952,Intoli,Vaghodia,22.38544,73.332133,1060.0,204.0,2.92,0.492,Medium (Mitigation),521.52,226.0,4.69,527.0,533.0,0.0,6.17,78.41,0.0,11.89,56.18,2,0,1,12.0,12.0,0.0,0.0,0.0,0,92.5,1.382,244.8,0.464,0.59,0.464,0.98,0.919,0.602,521.52,1.3904761904761904,2.30748,5.904,0.0
519953,Rasulabad,Vaghodia,22.379755,73.345826,2279.0,453.0,43.97,0.51,Medium (Mitigation),1162.29,1043.0,2.185,1150.0,1129.0,0.0,0.0,89.64,0.0,0.38,48.18,3,1,1,16.0,24.0,0.0,1.0,1.0,1,90.0,1.678,244.8,0.437,0.52,0.437,0.98,0.894,0.583,1162.29,14.183870967741935,1.11435,8.16,0.437
519957,Rayan Talavadi,Vaghodia,22.369731,73.378642,1597.0,336.0,24.67,0.581,Medium (Mitigation),927.857,654.0,2.442,856.0,741.0,0.0,1.37,66.26,0.0,4.58,59.91,1,1,1,15.0,20.0,0.0,1.0,1.0,1,92.5,1.758,248.0,0.429,0.52,0.429,0.98,0.914,0.592,927.857,22.427272727272726,1.418802,8.715,0.429
519948,Bhaupura,Vaghodia,22.379426,73.279252,663.0,143.0,28.21,0.557,Medium (Mitigation),369.29100000000005,324.0,2.046,335.0,328.0,0.0,9.29,82.97,0.0,4.02,69.03,3,0,1,15.0,15.0,0.0,1.0,1.0,1,97.5,0.663,246.4,0.503,0.51,0.503,0.98,0.95,0.615,369.29100000000005,9.1,1.139622,8.355,0.503
519951,Sakariya,Vaghodia,22.370251,73.321545,654.0,163.0,62.84,0.611,Medium (Mitigation),399.594,423.0,1.546,330.0,324.0,0.0,1.66,86.73,0.0,5.21,65.57,2,0,1,12.0,12.0,0.0,1.0,1.0,1,92.5,1.932,244.0,0.412,0.5,0.412,0.98,0.911,0.594,399.594,29.923809523809524,0.9446060000000001,7.332,0.412
519949,Kumetha,Vaghodia,22.36591,73.282281,1595.0,298.0,18.06,0.516,Medium (Mitigation),823.02,775.0,2.058,840.0,755.0,0.0,4.52,84.39,0.0,3.48,61.16,2,1,1,12.0,12.0,0.0,1.0,1.0,1,90.0,2.163,245.6,0.402,0.51,0.402,0.98,0.906,0.594,823.02,8.6,1.061928,6.192,0.402
519958,Morlipura,Vaghodia,22.361659,73.295115,993.0,209.0,17.72,0.56,Medium (Mitigation),556.08,394.0,2.52,513.0,480.0,0.0,2.54,84.99,0.0,5.09,85.63,2,0,1,9.0,9.0,0.0,1.0,1.0,1,100.0,2.993,244.8,0.342,0.53,0.342,0.98,0.95,0.625,556.08,8.438095238095237,1.4112000000000002,5.040000000000001,0.342
519962,Raval,Vaghodia,22.347207,73.346467,2702.0,575.0,40.64,0.508,Medium (Mitigation),1372.616,1238.0,2.183,1393.0,1309.0,0.0,2.18,79.82,0.0,4.6,100.0,3,1,1,9.0,15.0,0.0,0.0,1.0,1,100.0,2.003,244.8,0.41,0.52,0.41,0.98,0.95,0.627,1372.616,13.109677419354838,1.1089639999999998,4.572,0.41
519963,Sanoli,Vaghodia,22.346867,73.382726,1202.0,250.0,50.42,0.648,Medium (Mitigation),778.8960000000001,1033.0,1.164,616.0,586.0,0.0,0.19,86.35,0.0,6.39,44.96,1,0,1,7.0,22.0,0.0,0.0,1.0,1,100.0,1.506,245.6,0.439,0.48,0.439,0.98,0.95,0.615,778.8960000000001,45.836363636363636,0.7542719999999999,4.5360000000000005,0.439
519961,Nimetha,Vaghodia,22.346736,73.31377,2328.0,458.0,55.28,0.541,Medium (Mitigation),1259.448,1346.0,1.73,1189.0,1139.0,0.0,0.0,91.23,0.0,7.36,75.47,2,1,1,12.0,12.0,0.0,0.0,0.0,1,102.5,3.533,244.0,0.3,0.5,0.3,0.98,0.95,0.637,1259.448,26.323809523809523,0.93593,6.492000000000001,0.3
519960,Jesangpura,Vaghodia,22.337236,73.288132,811.0,162.0,29.84,0.595,Medium (Mitigation),482.545,265.0,3.06,423.0,388.0,0.0,0.75,82.33,0.0,5.26,66.67,2,0,1,10.0,10.0,0.0,0.0,0.0,1,95.0,1.906,246.4,0.421,0.54,0.421,0.98,0.932,0.604,482.54499999999996,14.209523809523809,1.8207,5.949999999999999,0.421
519978,Chipad,Vaghodia,22.331109,73.336834,944.0,204.0,16.84,0.582,Medium (Mitigation),549.408,478.0,1.975,503.0,441.0,0.0,1.26,88.7,0.0,5.02,54.48,2,0,1,10.0,16.0,0.0,1.0,0.0,1,102.5,1.162,244.8,0.468,0.51,0.468,0.98,0.95,0.658,549.408,8.019047619047619,1.14945,5.819999999999999,0.468
519984,Gajadra,Vaghodia,22.320324,73.360103,1685.0,366.0,45.22,0.521,Medium (Mitigation),877.885,864.0,1.95,851.0,834.0,0.0,1.51,88.64,0.0,9.85,40.52,2,0,1,9.0,15.0,0.0,0.0,0.0,0,100.0,0.636,244.8,0.504,0.51,0.504,0.98,0.95,0.616,877.885,21.53333333333333,1.01595,4.689,0.0
519979,Navi Jambuvai,Vaghodia,22.331554,73.307663,491.0,116.0,35.64,0.586,Medium (Mitigation),287.726,238.0,2.063,265.0,226.0,0.0,1.67,75.73,0.0,5.86,44.2,2,0,1,10.0,16.0,0.0,1.0,0.0,1,92.5,1.861,244.0,0.418,0.51,0.418,0.98,0.911,0.594,287.726,16.97142857142857,1.208918,5.859999999999999,0.418
519959,Sikandarpura,Vaghodia,22.333964,73.270463,2905.0,653.0,11.6,0.675,High (Relocation Priority),1960.875,161.0,18.043,1538.0,1367.0,0.0,0.62,78.26,0.0,5.59,69.84,1,0,1,7.0,7.0,0.0,0.0,0.0,1,97.5,2.805,245.6,0.404,0.85,0.404,0.98,0.949,0.613,1960.8750000000002,10.545454545454545,12.179025000000001,4.7250000000000005,0.404
519982,Shripore Timbi,Vaghodia,22.316,73.300323,670.0,142.0,40.6,0.609,Medium (Mitigation),408.03,481.0,1.393,348.0,322.0,0.0,1.66,33.26,0.0,4.57,31.25,2,0,1,6.0,6.0,0.0,0.0,1.0,1,100.0,0.677,244.0,0.498,0.49,0.498,0.98,0.95,0.638,408.03,19.333333333333332,0.848337,3.654,0.498
519977,Khandha,Vaghodia,22.325434,73.374753,1128.0,223.0,52.3,0.652,High (Relocation Priority),735.456,385.0,2.93,578.0,550.0,0.0,1.94,90.58,0.0,6.37,15.29,2,0,1,6.0,22.0,0.0,0.0,0.0,1,97.5,0.051,245.6,0.55,0.54,0.55,0.98,0.95,0.616,735.456,24.9047619047619,1.9103600000000003,3.912,0.55
519976,Nava Ajva,Vaghodia,22.323725,73.395499,869.0,200.0,46.61,0.619,Medium (Mitigation),537.911,639.0,1.36,450.0,419.0,0.0,2.35,86.07,0.0,5.01,7.27,2,0,1,4.0,25.0,0.0,1.0,1.0,1,95.0,0.243,247.2,0.53,0.49,0.53,0.98,0.935,0.605,537.911,22.195238095238093,0.84184,2.476,0.53
519980,Bakrol,Vaghodia,22.323132,73.284063,1017.0,190.0,49.26,0.615,Medium (Mitigation),625.455,680.0,1.496,509.0,508.0,0.0,0.88,90.88,0.0,3.53,50.16,2,0,1,6.0,6.0,0.0,0.0,1.0,1,100.0,1.03,246.4,0.475,0.49,0.475,0.98,0.95,0.626,625.455,23.457142857142856,0.92004,3.69,0.475
520006,Ropa,Vaghodia,22.267676,73.333045,633.0,127.0,30.02,0.72,High (Relocation Priority),455.76,173.0,3.659,327.0,306.0,0.0,2.31,84.39,0.0,4.62,61.64,0,0,1,13.0,13.0,0.0,1.0,0.0,1,92.5,0.119,244.8,0.548,0.56,0.548,0.98,0.917,0.596,455.76,300.2,2.63448,9.36,0.548
519983,Bhadol Khurd,Vaghodia,22.318998,73.322901,458.0,101.0,22.27,0.577,Medium (Mitigation),264.266,219.0,2.091,238.0,220.0,0.0,0.0,89.95,0.0,5.02,51.27,2,0,1,11.0,18.0,0.0,1.0,0.0,1,105.0,1.922,243.2,0.414,0.51,0.414,0.98,0.95,0.637,264.26599999999996,10.604761904761904,1.206507,6.3469999999999995,0.414
519981,Hanumanpura,Vaghodia,22.315167,73.270079,504.0,121.0,41.47,0.594,Medium (Mitigation),299.376,251.0,2.008,255.0,249.0,0.0,0.0,84.06,0.0,5.58,52.13,2,0,1,6.0,6.0,0.0,0.0,1.0,1,92.5,1.83,246.4,0.422,0.51,0.422,0.98,0.917,0.595,299.376,19.747619047619047,1.192752,3.564,0.422
520000,Alva,Vaghodia,22.308185,73.32646,2066.0,415.0,22.07,0.562,Medium (Mitigation),1161.092,649.0,3.183,1052.0,1014.0,0.0,3.4,87.5,0.0,4.63,70.55,2,1,1,10.0,17.0,0.0,1.0,0.0,1,97.5,0.679,244.0,0.507,0.55,0.507,0.98,0.938,0.605,1161.092,10.50952380952381,1.7888460000000002,5.620000000000001,0.507
520001,Amodar,Vaghodia,22.298566,73.303627,1591.0,348.0,21.43,0.483,Medium (Mitigation),768.453,335.0,4.749,805.0,786.0,0.0,1.19,86.61,0.0,4.76,100.0,3,0,1,4.0,4.0,0.0,1.0,0.0,0,102.5,0.875,243.2,0.499,0.59,0.499,0.98,0.95,0.635,768.453,6.912903225806451,2.293767,1.932,0.0
520007,Limda,Vaghodia,22.283762,73.362083,2608.0,574.0,54.68,0.557,Medium (Mitigation),1452.6560000000002,875.0,2.981,1319.0,1289.0,0.0,1.14,94.06,0.0,4.8,58.32,3,1,1,5.0,15.0,0.0,1.0,0.0,1,85.0,0.183,245.6,0.567,0.54,0.567,0.98,0.865,0.564,1452.6560000000002,17.638709677419353,1.660417,2.785,0.567
519999,Kamlapura,Vaghodia,22.287513,73.334125,433.0,81.0,66.97,0.621,Medium (Mitigation),268.893,289.0,1.498,215.0,218.0,0.0,1.38,92.39,0.0,4.5,63.67,2,0,1,10.0,25.0,0.0,0.0,0.0,1,92.5,1.613,245.6,0.433,0.49,0.433,0.98,0.915,0.595,268.893,31.89047619047619,0.930258,6.21,0.433
519998,Dattapura,Vaghodia,22.290134,73.350391,40.0,10.0,50.0,0.548,Medium (Mitigation),21.92,131.0,0.305,22.0,18.0,0.0,0.72,74.82,11.51,3.6,48.08,1,0,0,6.0,14.0,0.0,0.0,0.0,0,92.5,0.798,245.6,0.486,0.46,0.486,0.98,0.914,0.594,21.92,45.45454545454545,0.16714,3.2880000000000003,0.0
520003,Pipaliya,Vaghodia,22.286007,73.31567,1320.0,291.0,56.29,0.434,Medium (Mitigation),572.88,634.0,2.082,693.0,627.0,0.0,1.89,87.7,0.0,5.36,16.01,3,1,1,8.0,18.0,0.0,0.0,0.0,0,90.0,0.914,244.0,0.489,0.51,0.489,0.98,0.892,0.583,572.88,18.15806451612903,0.903588,3.472,0.0
520002,Pavlepur,Vaghodia,22.284299,73.289908,1313.0,308.0,38.23,0.459,Medium (Mitigation),602.667,668.0,1.966,681.0,632.0,0.0,4.19,86.55,0.0,2.84,62.18,3,0,1,4.0,4.0,0.0,0.0,0.0,0,92.5,0.834,243.2,0.49,0.51,0.49,0.98,0.91,0.594,602.667,12.332258064516127,0.902394,1.836,0.0
520008,Madheli,Vaghodia,22.265344,73.374207,2057.0,434.0,37.72,0.556,Medium (Mitigation),1143.692,877.0,2.345,1061.0,996.0,0.0,1.82,89.05,0.0,4.68,33.29,3,0,1,8.0,18.0,0.0,1.0,0.0,1,90.0,1.307,244.8,0.463,0.52,0.463,0.98,0.899,0.586,1143.692,12.16774193548387,1.3038200000000002,4.448,0.463
520004,Umarva,Vaghodia,22.269155,73.310472,1090.0,265.0,34.95,0.497,Medium (Mitigation),541.73,660.0,1.652,594.0,496.0,0.0,2.12,91.52,0.0,3.64,74.5,1,1,1,9.0,9.0,0.0,1.0,0.0,0,95.0,1.056,243.2,0.473,0.5,0.473,0.98,0.941,0.615,541.73,31.772727272727273,0.821044,4.473,0.0
520005,Mastupura,Vaghodia,22.258596,73.318803,487.0,131.0,62.63,0.646,Medium (Mitigation),314.60200000000003,236.0,2.064,264.0,223.0,0.0,2.53,83.12,0.0,6.33,84.26,2,0,1,13.0,13.0,0.0,1.0,0.0,1,92.5,0.202,244.0,0.534,0.51,0.534,0.98,0.916,0.596,314.60200000000003,29.823809523809523,1.333344,8.398,0.534
520019,Falod,Vaghodia,22.251891,73.393337,1903.0,422.0,23.7,0.642,Medium (Mitigation),1221.726,370.0,5.143,977.0,926.0,0.0,2.7,85.41,0.0,5.95,47.47,2,0,1,8.0,30.0,0.0,1.0,1.0,1,100.0,0.473,243.2,0.529,0.6,0.529,0.98,0.95,0.629,1221.726,11.285714285714285,3.301806,5.136,0.529
519927,Alamgir,Vadodara Rural,22.211725,73.197007,0.0,0.0,28.63,0.48,Medium (Mitigation),0.0,0.0,,0.0,0.0,,,,,,,0,0,0,0.0,,,,,0,85.0,1.239,244.8,0.488,0.51,0.488,0.02,0.862,0.563,0.0,286.29999999999995,0.96,0.0,0.0
519906,Nandesari,Vadodara Rural,22.41435,73.095614,8290.0,1717.0,28.63,0.461,Medium (Mitigation),3821.69,0.0,,0.0,0.0,,,,,,,0,0,0,0.0,,,,,0,25.0,1.095,120.0,0.708,0.51,0.708,0.02,0.388,0.286,3821.69,286.29999999999995,0.922,0.0,0.0
519909,Bajwa,Vadodara Rural,22.366252,73.140935,9611.0,1906.0,28.63,0.472,Medium (Mitigation),4536.392,0.0,,0.0,0.0,,,,,,,0,0,0,0.0,,,,,0,25.0,0.401,120.0,0.756,0.51,0.756,0.02,0.388,0.286,4536.392,286.29999999999995,0.944,0.0,0.0
519907,Ranoli,Vadodara Rural,22.398552,73.131306,11726.0,2511.0,28.63,0.447,Medium (Mitigation),5241.522,0.0,,0.0,0.0,,,,,,,0,0,0,0.0,,,,,0,25.0,1.995,120.0,0.645,0.51,0.645,0.02,0.388,0.286,5241.522,286.29999999999995,0.894,0.0,0.0
519908,Karachiya,Vadodara Rural,22.379471,73.131637,7103.0,1565.0,28.63,0.471,Medium (Mitigation),3345.513,0.0,,0.0,0.0,,,,,,,0,0,0,0.0,,,,,0,25.0,0.471,120.0,0.751,0.51,0.751,0.02,0.388,0.286,3345.513,286.29999999999995,0.942,0.0,0.0
519910,Jawaharnagar Gujarat Refinery CT,Vadodara Rural,22.359056,73.132399,3417.0,884.0,28.63,0.483,Medium (Mitigation),1650.411,0.0,,0.0,0.0,,,,,,,0,0,0,0.0,,,,,0,102.5,1.587,245.6,0.438,0.51,0.438,0.02,0.95,0.639,1650.411,286.29999999999995,0.966,0.0,0.0
802593,Nandesari INA,Vadodara Rural,22.403717,73.104746,3679.0,833.0,28.63,0.498,Medium (Mitigation),1832.142,0.0,,0.0,0.0,,,,,,,0,0,0,0.0,,,,,0,90.0,0.155,247.2,0.543,0.51,0.543,0.02,0.904,0.587,1832.142,286.29999999999995,0.996,0.0,0.0
802595,GSFC Complex INA,Vadodara Rural,22.372328,73.152346,2242.0,574.0,28.63,0.464,Medium (Mitigation),1040.288,0.0,,0.0,0.0,,,,,,,0,0,0,0.0,,,,,0,25.0,0.918,120.0,0.72,0.51,0.72,0.02,0.388,0.286,1040.288,286.29999999999995,0.928,0.0,0.0
802594,Petro Chemical Complex INA,Vadodara Rural,22.389119,73.111768,1951.0,603.0,28.63,0.456,Medium (Mitigation),889.6560000000001,0.0,,0.0,0.0,,,,,,,0,0,0,0.0,,,,,0,25.0,1.394,120.0,0.687,0.51,0.687,0.02,0.388,0.286,889.6560000000001,286.29999999999995,0.912,0.0,0.0
519911,Undera,Vadodara Rural,22.343372,73.137039,16902.0,3434.0,28.63,0.471,Medium (Mitigation),7960.842,0.0,,0.0,0.0,,,,,,,0,0,0,0.0,,,,,0,25.0,0.478,120.0,0.751,0.51,0.751,0.02,0.388,0.286,7960.842,286.29999999999995,0.942,0.0,0.0
519919,Dasharath,Vadodara Rural,22.385983,73.157488,0.0,0.0,28.63,0.452,Medium (Mitigation),0.0,0.0,,0.0,0.0,,,,,,,0,0,0,0.0,,,,,0,25.0,1.656,120.0,0.668,0.51,0.668,0.02,0.388,0.286,0.0,286.29999999999995,0.904,0.0,0.0
999999,Sayaji Sarovar,Vaghodia,22.380487,73.406611,0.0,0.0,28.63,0.472,Medium (Mitigation),0.0,0.0,,0.0,0.0,,,,,,,0,0,0,0.0,,,,,0,25.0,0.401,120.0,0.756,0.51,0.756,0.02,0.388,0.286,0.0,286.29999999999995,0.944,0.0,0.0
519923,Gorva OG,Vadodara Rural,22.338225,73.15438,0.0,0.0,28.63,0.468,Medium (Mitigation),0.0,0.0,,0.0,0.0,,,,,,,0,0,0,0.0,,,,,0,25.0,0.656,120.0,0.738,0.51,0.738,0.02,0.388,0.286,0.0,286.29999999999995,0.936,0.0,0.0
519924,Sevasi,Vadodara Rural,22.306627,73.117423,0.0,0.0,28.63,0.5,Medium (Mitigation),0.0,0.0,,0.0,0.0,,,,,,,0,0,0,0.0,,,,,0,102.5,0.5,244.8,0.514,0.51,0.514,0.02,0.95,0.638,0.0,286.29999999999995,1.0,0.0,0.0
519918,Kalali OG,Vadodara Rural,22.250808,73.16557,0.0,0.0,28.63,0.503,Medium (Mitigation),0.0,0.0,,0.0,0.0,,,,,,,0,0,0,0.0,,,,,0,102.5,0.171,245.6,0.537,0.51,0.537,0.02,0.95,0.608,0.0,286.29999999999995,1.006,0.0,0.0
519925,Bhayli,Vadodara Rural,22.281721,73.121784,0.0,0.0,28.63,0.494,Medium (Mitigation),0.0,0.0,,0.0,0.0,,,,,,,0,0,0,0.0,,,,,0,100.0,0.847,245.6,0.49,0.51,0.49,0.02,0.95,0.629,0.0,286.29999999999995,0.988,0.0,0.0
519926,Bil,Vadodara Rural,22.248134,73.140536,0.0,0.0,28.63,0.478,Medium (Mitigation),0.0,0.0,,0.0,0.0,,,,,,,0,0,0,0.0,,,,,0,90.0,1.387,245.6,0.457,0.51,0.457,0.02,0.9,0.586,0.0,286.29999999999995,0.956,0.0,0.0
519913,Karodiya OG,Vadodara Rural,22.349552,73.162735,0.0,0.0,28.63,0.467,Medium (Mitigation),0.0,0.0,,0.0,0.0,,,,,,,0,0,0,0.0,,,,,0,25.0,0.692,120.0,0.736,0.51,0.736,0.02,0.388,0.286,0.0,286.29999999999995,0.934,0.0,0.0
519912,Tarsali CT,Vadodara Rural,22.246946,73.229342,4929.0,1081.0,28.63,0.498,Medium (Mitigation),2454.642,0.0,,0.0,0.0,,,,,,,0,0,0,0.0,,,,,0,92.5,0.233,244.0,0.532,0.51,0.532,0.02,0.915,0.596,2454.642,286.29999999999995,0.996,0.0,0.0
520022,Jarod CT,Vaghodia,22.429672,73.332882,7200.0,1601.0,28.63,0.488,Medium (Mitigation),3513.6,0.0,,0.0,0.0,,,,,,,0,0,0,0.0,,,,,0,97.5,1.098,244.0,0.472,0.51,0.472,0.02,0.946,0.613,3513.6,286.29999999999995,0.976,0.0,0.0
520023,Vaghodia CT,Vaghodia,22.297497,73.39063,16604.0,3604.0,28.63,0.456,Medium (Mitigation),7571.424,0.0,,0.0,0.0,,,,,,,0,0,0,0.0,,,,,0,25.0,1.441,120.0,0.683,0.51,0.683,0.02,0.388,0.286,7571.424,286.29999999999995,0.912,0.0,0.0
802598,Vaghodia INA,Vaghodia,22.311117,73.38898,248.0,60.0,28.63,0.491,Medium (Mitigation),121.768,0.0,,0.0,0.0,,,,,,,0,0,0,0.0,,,,,0,97.5,0.978,246.4,0.481,0.51,0.481,0.02,0.95,0.615,121.768,286.29999999999995,0.982,0.0,0.0
519921,Dumad,Vadodara Rural,22.376152,73.201184,0.0,0.0,28.63,0.473,Medium (Mitigation),0.0,0.0,,0.0,0.0,,,,,,,0,0,0,0.0,,,,,0,87.5,1.72,247.2,0.445,0.51,0.445,0.02,0.883,0.574,0.0,286.29999999999995,0.946,0.0,0.0
519922,Vemali,Vadodara Rural,22.35407,73.209843,0.0,0.0,28.63,0.498,Medium (Mitigation),0.0,0.0,,0.0,0.0,,,,,,,0,0,0,0.0,,,,,0,87.5,0.193,247.2,0.552,0.51,0.552,0.02,0.887,0.577,0.0,286.29999999999995,0.996,0.0,0.0
519916,Sayajipura OG,Vadodara Rural,22.325296,73.25876,0.0,0.0,28.63,0.437,Medium (Mitigation),0.0,0.0,,0.0,0.0,,,,,,,0,0,0,0.0,,,,,0,25.0,2.62,120.0,0.601,0.51,0.601,0.02,0.388,0.286,0.0,286.29999999999995,0.874,0.0,0.0
519917,Bapod OG,Vadodara Rural,22.299225,73.259733,0.0,0.0,28.63,0.473,Medium (Mitigation),0.0,0.0,,0.0,0.0,,,,,,,0,0,0,0.0,,,,,0,85.0,1.728,246.4,0.455,0.51,0.455,0.02,0.865,0.564,0.0,286.29999999999995,0.946,0.0,0.0
519914,Harni OG,Vadodara Rural,22.344634,73.257466,0.0,0.0,28.63,0.46,Medium (Mitigation),0.0,0.0,,0.0,0.0,,,,,,,0,0,0,0.0,,,,,0,95.0,2.846,245.6,0.35,0.51,0.35,0.02,0.937,0.607,0.0,286.29999999999995,0.92,0.0,0.0
520943,Bamboj,Dabhoi,22.211975,73.457983,1331.0,289.0,33.66,0.601,Medium (Mitigation),799.9309999999999,695.0,1.915,708.0,623.0,3.88,4.6,86.33,0.0,5.18,83.33,2,0,0,20.0,55.0,0.0,1.0,1.0,1,92.5,0.659,245.6,0.502,0.5,0.502,0.98,0.917,0.59,799.9309999999999,16.028571428571425,1.150915,12.02,0.502
520945,Lunadra,Dabhoi,22.206681,73.479518,245.0,55.0,71.02,0.548,Medium (Mitigation),134.26000000000002,241.0,1.017,131.0,114.0,4.96,0.0,85.12,0.0,4.96,51.46,2,0,1,17.0,45.0,0.0,1.0,0.0,0,95.0,0.048,246.4,0.54,0.47,0.54,0.98,0.947,0.608,134.26000000000002,33.819047619047616,0.557316,9.316,0.0
520942,Naranpura,Dabhoi,22.204176,73.42546,180.0,41.0,6.67,0.576,Medium (Mitigation),103.68,105.0,1.714,105.0,75.0,0.0,11.43,81.9,0.0,6.67,100.0,2,0,0,7.0,35.0,0.0,1.0,1.0,1,95.0,0.348,247.2,0.524,0.5,0.524,0.98,0.947,0.615,103.67999999999999,3.176190476190476,0.9872639999999999,4.032,0.524
520946,Simaliya,Dabhoi,22.19153,73.482411,3180.0,669.0,61.01,0.547,Medium (Mitigation),1739.46,980.0,3.245,1632.0,1548.0,12.04,2.14,81.22,0.0,4.59,100.0,3,1,0,12.0,47.0,0.0,1.0,1.0,1,92.5,1.524,246.4,0.444,0.52,0.444,0.98,0.917,0.577,1739.46,19.68064516129032,1.7750150000000002,6.564,0.444
520947,Sunvalja,Dabhoi,22.193872,73.456124,492.0,100.0,12.8,0.475,Medium (Mitigation),233.7,258.0,1.907,258.0,234.0,4.26,3.1,86.82,0.0,5.81,100.0,2,0,0,7.0,45.0,0.0,1.0,0.0,0,97.5,1.0,244.8,0.477,0.5,0.477,0.98,0.95,0.61,233.7,6.095238095238095,0.905825,3.3249999999999997,0.0
520941,Karalipura,Dabhoi,22.196452,73.417099,306.0,71.0,83.01,0.674,High (Relocation Priority),206.244,120.0,2.55,165.0,141.0,0.0,2.5,90.0,0.0,0.83,74.07,2,0,0,10.0,46.0,0.0,1.0,1.0,1,95.0,0.55,247.2,0.514,0.53,0.514,0.98,0.936,0.605,206.244,39.52857142857143,1.7187,6.74,0.514
520948,Dangiwada,Dabhoi,22.186472,73.434297,737.0,160.0,43.83,0.597,Medium (Mitigation),439.989,481.0,1.532,382.0,355.0,4.37,4.57,85.86,0.0,5.2,75.06,2,0,2,7.0,32.0,0.0,1.0,1.0,1,87.5,1.306,246.4,0.47,0.49,0.47,0.98,0.884,0.569,439.989,20.87142857142857,0.914604,4.179,0.47
520965,Gopalpura,Dabhoi,22.169907,73.49663,517.0,107.0,74.27,0.439,Medium (Mitigation),226.963,462.0,1.119,276.0,241.0,0.0,0.0,100.0,0.0,0.0,86.58,3,0,2,14.0,42.0,0.0,1.0,1.0,1,25.0,3.111,120.0,0.562,0.48,0.562,0.038,0.388,0.286,226.963,23.95806451612903,0.491241,6.146,0.562
520950,Vasaipura,Dabhoi,22.178906,73.405451,534.0,120.0,11.24,0.446,Medium (Mitigation),238.164,177.0,3.017,281.0,253.0,6.21,5.08,84.18,0.0,4.52,95.97,3,0,0,6.0,37.0,0.0,1.0,0.0,0,87.5,0.663,244.8,0.521,0.53,0.521,0.98,0.901,0.587,238.16400000000002,3.6258064516129034,1.345582,2.676,0.0
520949,Pragpura,Dabhoi,22.180934,73.423394,425.0,93.0,75.29,0.599,Medium (Mitigation),254.575,256.0,1.66,229.0,196.0,5.06,3.89,83.66,0.0,7.39,100.0,2,1,1,7.0,35.0,0.0,1.0,1.0,1,87.5,0.888,244.8,0.499,0.49,0.499,0.98,0.893,0.58,254.575,35.852380952380955,0.9943399999999999,4.193,0.499
520964,Akotadar,Dabhoi,22.17537,73.463987,1395.0,266.0,92.9,0.58,Medium (Mitigation),809.0999999999999,605.0,2.306,708.0,687.0,0.0,15.21,80.17,0.0,4.63,82.47,2,0,2,8.0,44.0,0.0,1.0,0.0,0,87.5,0.455,245.6,0.534,0.52,0.534,0.98,0.88,0.574,809.0999999999999,44.23809523809524,1.33748,4.64,0.0
520963,Pansoli,Dabhoi,22.166243,73.452333,2213.0,425.0,72.39,0.623,Medium (Mitigation),1378.699,769.0,2.878,1127.0,1086.0,0.0,5.45,87.14,0.26,4.81,37.26,3,0,2,9.0,40.0,0.0,0.0,1.0,1,87.5,0.279,246.4,0.55,0.54,0.55,0.98,0.89,0.584,1378.699,23.351612903225806,1.792994,5.607,0.55
520962,Morpura,Dabhoi,22.16282,73.420509,492.0,95.0,48.37,0.666,High (Relocation Priority),327.672,80.0,6.15,254.0,238.0,7.59,3.8,83.54,0.0,5.06,100.0,2,0,0,5.0,30.0,0.0,1.0,1.0,1,87.5,1.118,244.8,0.502,0.62,0.502,0.98,0.879,0.562,327.672,23.03333333333333,4.0959,3.33,0.502
520966,Vadhvana,Dabhoi,22.150349,73.491283,1357.0,301.0,50.33,0.589,Medium (Mitigation),799.2729999999999,778.0,1.744,694.0,663.0,0.0,34.19,62.08,0.0,3.73,100.0,1,1,1,8.0,46.0,0.0,1.0,1.0,1,92.5,2.571,246.4,0.368,0.5,0.368,0.98,0.917,0.595,799.2729999999999,45.75454545454545,1.027216,4.712,0.368
520967,Samsherpura,Dabhoi,22.150824,73.481159,383.0,93.0,99.48,0.728,High (Relocation Priority),278.824,97.0,3.948,195.0,188.0,0.0,12.37,84.54,0.0,3.09,100.0,1,0,0,7.0,46.0,0.0,1.0,1.0,1,92.5,2.305,246.4,0.397,0.57,0.397,0.98,0.921,0.597,278.824,90.43636363636364,2.874144,5.096,0.397
520968,Kukad,Dabhoi,22.143096,73.46806,1501.0,278.0,57.63,0.606,Medium (Mitigation),909.606,597.0,2.514,773.0,728.0,10.72,1.68,82.58,0.0,5.03,60.85,2,0,0,4.0,35.0,0.0,1.0,1.0,1,92.5,2.614,246.4,0.365,0.5,0.365,0.98,0.918,0.579,909.606,27.442857142857143,1.5234839999999998,2.424,0.365
520969,Timbi,Dabhoi,22.15226,73.418344,1001.0,204.0,62.74,0.604,Medium (Mitigation),604.6039999999999,244.0,4.102,519.0,482.0,0.0,4.1,87.3,0.0,8.61,53.99,3,0,1,3.0,40.0,0.0,1.0,1.0,1,85.0,1.69,246.4,0.467,0.57,0.467,0.98,0.868,0.565,604.6039999999999,20.238709677419354,2.477608,1.8119999999999998,0.467
520970,Tarsana,Dabhoi,22.143425,73.407585,1108.0,228.0,48.19,0.573,Medium (Mitigation),634.8839999999999,432.0,2.565,571.0,537.0,0.0,5.09,84.26,0.0,5.79,100.0,3,0,2,3.0,30.0,0.0,1.0,1.0,1,87.5,1.318,247.2,0.476,0.53,0.476,0.98,0.893,0.585,634.8839999999999,15.545161290322579,1.4697449999999999,1.7189999999999999,0.476
520944,Amreshwar,Dabhoi,22.227089,73.472862,788.0,212.0,46.83,0.57,Medium (Mitigation),449.16,574.0,1.373,411.0,377.0,3.3,2.61,86.96,0.0,5.39,50.0,2,1,0,17.0,50.0,0.0,1.0,0.0,1,97.5,0.626,244.8,0.501,0.48,0.501,0.98,0.95,0.611,449.15999999999997,22.299999999999997,0.7826099999999999,9.69,0.501
519975,Madodhar,Vaghodia,22.324726,73.419003,4634.0,984.0,28.85,0.603,Medium (Mitigation),2794.302,918.0,5.048,2433.0,2201.0,0.0,10.24,84.31,0.0,5.01,50.26,3,0,1,2.0,20.0,0.0,1.0,0.0,1,97.5,0.355,246.4,0.538,0.6,0.538,0.98,0.95,0.614,2794.302,9.306451612903226,3.0439439999999998,1.206,0.538
519974,Sangadol,Vaghodia,22.317903,73.442354,2626.0,561.0,27.38,0.449,Medium (Mitigation),1179.074,991.0,2.65,1361.0,1265.0,0.0,1.06,89.51,0.0,5.19,59.17,2,1,1,5.0,25.0,0.0,1.0,0.0,0,92.5,1.298,246.4,0.462,0.53,0.462,0.98,0.917,0.595,1179.074,13.038095238095236,1.18985,2.245,0.0
519971,Chipat,Vaghodia,22.326852,73.514534,408.0,76.0,14.46,0.48,Medium (Mitigation),195.84,97.0,4.206,216.0,192.0,0.0,11.34,86.6,0.0,1.03,47.62,2,0,1,13.0,35.0,0.0,0.0,0.0,0,87.5,2.448,247.2,0.404,0.58,0.404,0.98,0.881,0.573,195.84,6.885714285714286,2.0188800000000002,6.24,0.0
520012,Kachhota,Vaghodia,22.265121,73.51416,263.0,70.0,34.6,0.59,Medium (Mitigation),155.17,295.0,0.892,143.0,120.0,0.0,0.0,95.25,0.0,0.0,71.17,2,0,1,14.0,34.0,0.0,1.0,1.0,1,102.5,1.042,244.8,0.471,0.48,0.471,0.98,0.95,0.641,155.17,16.476190476190474,0.52628,8.26,0.471
519988,Vedpur,Vaghodia,22.312013,73.529351,1603.0,343.0,18.4,0.51,Medium (Mitigation),817.53,831.0,1.929,823.0,780.0,27.28,7.45,60.34,0.0,0.84,100.0,2,1,1,16.0,40.0,0.0,1.0,1.0,1,85.0,2.195,248.0,0.414,0.45,0.414,0.98,0.878,0.534,817.53,8.761904761904761,0.98379,8.16,0.414
519986,Ghodadra,Vaghodia,22.305494,73.459221,1564.0,323.0,38.94,0.622,Medium (Mitigation),972.808,552.0,2.833,826.0,738.0,0.0,9.76,82.46,0.0,6.69,43.86,2,0,1,5.0,28.0,0.0,1.0,1.0,1,100.0,0.91,246.4,0.489,0.53,0.489,0.98,0.95,0.627,972.808,18.54285714285714,1.762126,3.11,0.489
519987,Asha,Vaghodia,22.308156,73.496906,336.0,87.0,47.62,0.597,Medium (Mitigation),200.592,231.0,1.455,182.0,154.0,13.04,1.74,80.43,0.0,3.04,0.0,2,0,1,10.0,22.0,0.0,1.0,0.0,1,90.0,1.351,248.0,0.454,0.47,0.454,0.98,0.898,0.564,200.59199999999998,22.676190476190474,0.868635,5.97,0.454
519989,Moti Manekpur,Vaghodia,22.298435,73.531655,806.0,158.0,23.95,0.573,Medium (Mitigation),461.838,626.0,1.288,410.0,396.0,3.03,0.0,73.52,0.0,7.18,100.0,2,0,1,18.0,42.0,0.0,1.0,1.0,1,87.5,1.071,248.8,0.486,0.48,0.486,0.98,0.883,0.569,461.83799999999997,11.404761904761903,0.738024,10.314,0.486
519993,Vasvel,Vaghodia,22.296555,73.472661,1880.0,436.0,50.11,0.468,Medium (Mitigation),879.84,810.0,2.321,994.0,886.0,0.0,2.59,74.85,0.0,17.63,49.42,2,1,1,6.0,25.0,0.0,1.0,0.0,0,92.5,1.535,246.4,0.444,0.52,0.444,0.98,0.917,0.595,879.84,23.86190476190476,1.0862280000000002,2.8080000000000003,0.0
519992,Saidal,Vaghodia,22.286926,73.50285,1792.0,358.0,60.32,0.609,Medium (Mitigation),1091.328,924.0,1.939,923.0,869.0,15.69,0.0,70.78,0.0,0.0,61.16,2,0,1,11.0,32.0,0.0,1.0,1.0,1,95.0,2.245,246.4,0.388,0.48,0.388,0.98,0.936,0.583,1091.328,28.72380952380952,1.180851,6.699,0.388
519985,Timbi,Vaghodia,22.299284,73.418253,685.0,148.0,13.43,0.451,Medium (Mitigation),308.935,185.0,3.703,351.0,334.0,0.0,0.54,85.41,0.0,4.32,63.92,3,0,1,2.0,22.0,0.0,1.0,0.0,0,97.5,1.294,245.6,0.466,0.56,0.466,0.98,0.95,0.616,308.935,4.332258064516129,1.670053,0.902,0.0
519996,Dankheda,Vaghodia,22.286677,73.436341,794.0,161.0,50.76,0.607,Medium (Mitigation),481.958,230.0,3.452,405.0,389.0,0.0,10.43,77.83,0.0,9.13,35.2,3,0,1,12.0,22.0,0.0,0.0,1.0,1,95.0,0.289,245.6,0.535,0.55,0.535,0.98,0.94,0.609,481.95799999999997,16.374193548387094,2.095364,7.284,0.535
519990,Nani Manekpur,Vaghodia,22.288167,73.543629,207.0,46.0,44.44,0.648,Medium (Mitigation),134.136,57.0,3.632,103.0,104.0,0.0,0.0,87.72,0.0,3.51,100.0,2,0,1,18.0,48.0,0.0,1.0,1.0,1,97.5,0.43,248.0,0.528,0.56,0.528,0.98,0.95,0.638,134.136,21.16190476190476,2.353536,11.664,0.528
519997,Tavra,Vaghodia,22.286469,73.417679,1427.0,290.0,35.88,0.518,Medium (Mitigation),739.186,462.0,3.089,714.0,713.0,0.0,1.73,88.53,0.0,4.76,51.34,2,0,1,2.0,22.0,0.0,1.0,0.0,0,97.5,1.103,247.2,0.477,0.54,0.477,0.98,0.95,0.616,739.186,17.085714285714285,1.6001020000000001,1.036,0.0
519994,Chandpur,Vaghodia,22.285523,73.475938,378.0,85.0,61.9,0.599,Medium (Mitigation),226.422,341.0,1.109,196.0,182.0,0.0,0.94,38.44,38.68,17.69,48.47,2,0,1,12.0,29.0,0.0,0.0,1.0,1,100.0,2.684,248.0,0.358,0.48,0.358,0.98,0.95,0.631,226.422,29.476190476190474,0.664291,7.188,0.358
520013,Rustampura,Vaghodia,22.276456,73.536888,1460.0,288.0,60.07,0.658,High (Relocation Priority),960.68,214.0,6.822,768.0,692.0,0.0,13.15,70.89,0.0,7.04,72.85,2,1,1,16.0,40.0,0.0,0.0,1.0,1,100.0,0.785,247.2,0.516,0.65,0.516,0.98,0.95,0.627,960.6800000000001,28.604761904761904,4.488876,10.528,0.516
519995,Ambali,Vaghodia,22.278101,73.446408,934.0,206.0,35.01,0.569,Medium (Mitigation),531.4459999999999,386.0,2.42,487.0,447.0,0.0,5.99,84.74,0.0,5.72,70.1,3,0,1,9.0,24.0,0.0,0.0,1.0,1,97.5,0.688,247.2,0.503,0.52,0.503,0.98,0.95,0.614,531.4459999999999,11.293548387096774,1.3769799999999999,5.1209999999999996,0.503
520010,Gugalpur,Vaghodia,22.267272,73.467115,448.0,105.0,50.89,0.501,Medium (Mitigation),224.448,413.0,1.085,221.0,227.0,0.0,13.8,76.03,0.0,5.33,63.69,3,1,1,7.0,27.0,0.0,0.0,0.0,1,95.0,2.216,244.0,0.389,0.48,0.389,0.98,0.947,0.618,224.448,16.416129032258063,0.543585,3.507,0.389
520009,Vejalpur,Vaghodia,22.27193,73.405579,1589.0,346.0,38.77,0.676,High (Relocation Priority),1074.164,422.0,3.765,841.0,748.0,0.0,1.9,85.27,0.0,5.46,58.22,1,0,1,5.0,25.0,0.0,0.0,1.0,1,95.0,0.919,244.8,0.492,0.56,0.492,0.98,0.933,0.606,1074.164,35.24545454545454,2.5451400000000004,3.3800000000000003,0.492
520011,Khervadi,Vaghodia,22.262781,73.483262,1207.0,253.0,70.17,0.551,Medium (Mitigation),665.057,531.0,2.273,631.0,576.0,0.0,0.75,90.19,0.0,1.89,62.76,3,1,1,10.0,30.0,0.0,1.0,1.0,1,100.0,1.598,243.2,0.438,0.52,0.438,0.98,0.95,0.629,665.057,22.635483870967743,1.2524230000000003,5.510000000000001,0.438
520018,Vyara,Vaghodia,22.252538,73.422919,4994.0,1097.0,63.42,0.629,Medium (Mitigation),3141.226,2272.0,2.198,2541.0,2453.0,0.0,10.33,82.07,0.0,6.04,92.64,2,0,1,7.0,30.0,0.0,1.0,1.0,1,90.0,1.556,246.4,0.447,0.52,0.447,0.98,0.917,0.604,3141.226,30.2,1.382542,4.4030000000000005,0.447
520014,Ghoda,Vaghodia,22.264944,73.528892,554.0,116.0,3.97,0.593,Medium (Mitigation),328.522,218.0,2.541,291.0,263.0,0.0,0.0,83.94,0.0,3.67,100.0,2,0,1,17.0,41.0,0.0,0.0,1.0,1,107.5,0.04,245.6,0.549,0.53,0.549,0.98,0.95,0.661,328.522,1.8904761904761904,1.506813,10.081,0.549
520015,Nurpuri,Vaghodia,22.255319,73.516521,356.0,86.0,4.21,0.522,Medium (Mitigation),185.832,276.0,1.29,179.0,177.0,0.0,0.0,98.91,0.0,0.0,64.1,3,0,1,20.0,38.0,0.0,1.0,1.0,1,102.5,0.412,246.4,0.518,0.49,0.518,0.98,0.95,0.619,185.832,1.3580645161290321,0.6733800000000001,10.440000000000001,0.518
520016,Tarsva,Vaghodia,22.247893,73.482445,1537.0,276.0,57.64,0.585,Medium (Mitigation),899.145,1104.0,1.392,772.0,765.0,0.0,1.54,88.13,0.0,6.52,55.5,3,0,1,13.0,35.0,0.0,1.0,1.0,1,97.5,0.537,243.2,0.508,0.49,0.508,0.98,0.95,0.618,899.145,18.593548387096774,0.8143199999999999,7.6049999999999995,0.508
520017,Jambuwada,Vaghodia,22.235421,73.446638,1233.0,281.0,77.45,0.658,High (Relocation Priority),811.3140000000001,719.0,1.715,626.0,607.0,0.0,2.78,83.45,0.0,5.01,71.67,2,0,1,11.0,29.0,0.0,1.0,0.0,1,97.5,0.561,245.6,0.508,0.5,0.508,0.98,0.95,0.617,811.3140000000001,36.88095238095238,1.12847,7.238,0.508
520020,Antoli,Vaghodia,22.221961,73.417043,1292.0,303.0,56.73,0.627,Medium (Mitigation),810.084,577.0,2.239,659.0,633.0,0.0,5.88,76.82,0.0,10.55,51.8,2,0,1,15.0,32.0,0.0,1.0,1.0,1,90.0,1.029,247.2,0.484,0.52,0.484,0.98,0.899,0.584,810.084,27.014285714285712,1.403853,9.405,0.484
520021,Karamliya Pura,Vaghodia,22.217807,73.437697,1336.0,275.0,69.39,0.606,Medium (Mitigation),809.616,607.0,2.201,695.0,641.0,0.0,5.61,77.39,0.0,14.19,85.29,2,1,1,12.0,32.0,0.0,1.0,0.0,1,90.0,0.386,245.6,0.528,0.52,0.528,0.98,0.896,0.584,809.616,33.042857142857144,1.333806,7.272,0.528
519991,Koba,Vaghodia,22.284556,73.521797,0.0,0.0,28.63,0.536,Medium (Mitigation),0.0,307.0,0.0,0.0,0.0,56.82,0.0,38.64,0.0,0.65,100.0,0,0,0,15.0,39.0,,,,0,97.5,2.243,247.2,0.367,0.34,0.367,0.98,0.95,0.54,0.0,286.29999999999995,0.0,8.040000000000001,0.0
519940,Adiran,Vaghodia,22.436866,73.411595,2423.0,518.0,12.34,0.645,Medium (Mitigation),1562.835,772.0,3.139,1236.0,1187.0,0.0,2.33,86.51,0.0,4.93,60.12,1,0,1,18.0,24.0,0.0,0.0,1.0,1,92.5,0.16,244.8,0.542,0.54,0.542,0.98,0.913,0.594,1562.835,11.218181818181817,2.024655,11.61,0.542
519955,Navgam,Vaghodia,22.407331,73.435575,1353.0,312.0,22.91,0.558,Medium (Mitigation),754.974,407.0,3.324,695.0,658.0,0.0,19.61,72.06,0.0,4.17,100.0,3,0,1,20.0,26.0,0.0,0.0,1.0,1,97.5,1.187,246.4,0.473,0.55,0.473,0.98,0.939,0.603,754.974,7.390322580645162,1.854792,11.16,0.473
519941,Karmasiya Kheda,Vaghodia,22.410759,73.412333,3574.0,728.0,22.19,0.531,Medium (Mitigation),1897.794,2948.0,1.212,1849.0,1725.0,0.0,0.31,30.34,0.0,4.36,34.25,2,1,1,20.0,28.0,0.0,1.0,0.0,1,92.5,0.824,245.6,0.489,0.49,0.489,0.98,0.912,0.593,1897.794,10.566666666666666,0.643572,10.620000000000001,0.489
519956,Gutal,Vaghodia,22.373695,73.447886,3767.0,770.0,21.79,0.401,Medium (Mitigation),1510.567,1707.0,2.207,1885.0,1882.0,0.0,2.28,80.96,0.0,12.83,84.15,3,1,1,9.0,29.0,0.0,0.0,0.0,0,92.5,0.715,246.4,0.501,0.52,0.501,0.98,0.919,0.596,1510.567,7.0290322580645155,0.885007,3.609,0.0
519964,Juna Rampura,Vaghodia,22.3582,73.410424,1280.0,269.0,56.25,0.644,Medium (Mitigation),824.32,309.0,4.142,675.0,605.0,0.0,3.56,93.53,0.0,2.91,29.07,2,0,1,8.0,23.0,0.0,1.0,0.0,1,105.0,2.076,244.8,0.413,0.57,0.413,0.98,0.95,0.647,824.32,26.785714285714285,2.6674480000000003,5.152,0.413
519967,Dundelav,Vaghodia,22.347733,73.465353,599.0,117.0,40.73,0.526,Medium (Mitigation),315.074,224.0,2.674,302.0,297.0,0.0,4.93,81.17,0.0,1.35,16.57,2,0,1,9.0,29.0,0.0,0.0,0.0,0,97.5,0.557,244.8,0.513,0.53,0.513,0.98,0.947,0.613,315.074,19.395238095238092,1.406524,4.734,0.0
519973,Goraj,Vaghodia,22.332591,73.47929,5093.0,1073.0,42.67,0.601,Medium (Mitigation),3060.893,1429.0,3.564,2526.0,2567.0,0.0,7.07,76.28,0.0,5.25,77.06,2,1,1,10.0,30.0,0.0,0.0,1.0,1,97.5,0.313,246.4,0.535,0.56,0.535,0.98,0.95,0.617,3060.893,20.31904761904762,2.1419639999999998,6.01,0.535
519965,Nava Rampura,Vaghodia,22.344775,73.408848,608.0,123.0,13.82,0.575,Medium (Mitigation),349.6,270.0,2.252,311.0,297.0,0.0,4.09,91.08,0.0,4.83,55.1,2,0,1,4.0,22.0,0.0,0.0,0.0,1,97.5,1.446,244.8,0.449,0.52,0.449,0.98,0.95,0.616,349.59999999999997,6.580952380952381,1.2948999999999997,2.3,0.449
519966,Vesaniya,Vaghodia,22.342325,73.438877,1007.0,224.0,4.77,0.5,Medium (Mitigation),503.5,427.0,2.358,529.0,478.0,0.0,1.42,81.52,0.0,10.66,14.53,3,0,1,7.0,27.0,0.0,1.0,0.0,1,100.0,2.788,244.8,0.355,0.52,0.355,0.98,0.95,0.625,503.5,1.5387096774193547,1.179,3.5,0.355
519968,Valva,Vaghodia,22.342418,73.503181,700.0,151.0,20.57,0.598,Medium (Mitigation),418.6,253.0,2.767,358.0,342.0,0.0,12.34,81.28,0.0,2.13,41.88,2,0,1,12.0,34.0,0.0,0.0,1.0,1,92.5,0.619,246.4,0.509,0.53,0.509,0.98,0.918,0.596,418.59999999999997,9.795238095238094,1.654666,7.176,0.509
519969,Hamirpuri,Vaghodia,22.339955,73.525062,127.0,32.0,64.57,0.618,Medium (Mitigation),78.486,73.0,1.74,73.0,54.0,0.0,15.07,73.97,0.0,9.59,55.56,2,0,1,12.0,34.0,0.0,1.0,0.0,1,95.0,2.02,248.0,0.407,0.5,0.407,0.98,0.936,0.605,78.486,30.747619047619043,1.07532,7.416,0.407
519970,Dharola,Vaghodia,22.334722,73.546397,283.0,60.0,27.56,0.417,Medium (Mitigation),118.011,574.0,0.493,151.0,132.0,79.97,1.05,17.77,0.0,0.0,49.02,2,0,1,15.0,37.0,0.0,0.0,0.0,0,97.5,3.608,246.4,0.266,0.3,0.266,0.98,0.917,0.463,118.011,13.123809523809523,0.20558099999999999,6.255,0.0
519972,Gambhirpura,Vaghodia,22.333731,73.521104,711.0,137.0,35.3,0.657,High (Relocation Priority),467.127,80.0,8.887,350.0,361.0,0.0,6.25,76.25,0.0,12.5,54.1,2,0,1,13.0,35.0,0.0,0.0,0.0,1,92.5,2.311,247.2,0.42,0.72,0.42,0.98,0.917,0.594,467.127,16.809523809523807,5.8387590000000005,8.541,0.42
519768,Wankaner,Savli,22.552458,73.177017,8770.0,1598.0,7.17,0.54,Medium (Mitigation),4735.8,1641.0,5.344,4596.0,4174.0,0.0,3.53,67.7,0.0,5.97,72.97,2,1,2,5.0,36.0,0.0,1.0,1.0,1,92.5,2.523,247.2,0.388,0.61,0.388,0.98,0.902,0.582,4735.8,3.414285714285714,2.8857600000000003,2.7,0.388
519787,Bhadarva,Savli,22.510437,73.129922,5951.0,1253.0,7.14,0.544,Medium (Mitigation),3237.344,540.0,11.02,3069.0,2882.0,0.0,8.16,57.09,8.51,20.92,37.27,2,1,2,12.0,32.0,0.0,1.0,0.0,0,105.0,1.382,247.2,0.494,0.78,0.494,0.98,0.95,0.646,3237.344,3.4,5.99488,6.5280000000000005,0.0
519794,Ranipura B,Savli,22.50843,73.174065,482.0,96.0,0.0,0.533,Medium (Mitigation),256.906,690.0,0.699,255.0,227.0,0.0,0.0,7.04,92.02,0.0,72.22,2,0,0,10.0,40.0,0.0,1.0,0.0,1,100.0,1.648,246.4,0.428,0.47,0.428,0.98,0.948,0.604,256.906,0.0,0.372567,5.33,0.428
519790,Khandi,Savli,22.499195,73.100319,1467.0,300.0,0.95,0.64,Medium (Mitigation),938.88,111.0,13.216,763.0,704.0,0.0,19.83,50.41,16.53,11.57,32.79,2,0,0,19.0,22.0,0.0,1.0,1.0,1,97.5,1.105,246.4,0.523,0.85,0.523,0.98,0.93,0.594,938.88,0.45238095238095233,8.45824,12.16,0.523
519789,Jalampura,Savli,22.502329,73.105973,837.0,163.0,0.0,0.594,Medium (Mitigation),497.178,176.0,4.756,431.0,406.0,0.0,16.85,62.92,1.12,11.24,33.93,2,0,2,17.0,24.0,0.0,1.0,1.0,1,97.5,1.357,248.0,0.467,0.59,0.467,0.98,0.95,0.624,497.178,0.0,2.825064,10.097999999999999,0.467
519792,Raniya,Savli,22.495709,73.133102,3279.0,705.0,10.95,0.586,Medium (Mitigation),1921.494,680.0,4.822,1711.0,1568.0,0.0,0.62,86.0,1.23,4.46,53.67,2,0,2,13.0,26.0,0.0,1.0,0.0,1,107.5,2.948,247.2,0.356,0.59,0.356,0.98,0.95,0.656,1921.494,5.2142857142857135,2.8256919999999996,7.617999999999999,0.356
519793,Mahapura,Savli,22.495327,73.160927,694.0,139.0,2.74,0.61,Medium (Mitigation),423.34,119.0,5.832,358.0,336.0,0.0,0.85,86.32,6.84,4.27,79.21,2,0,1,14.0,24.0,0.0,1.0,0.0,1,105.0,1.559,246.4,0.457,0.62,0.457,0.98,0.95,0.645,423.34,1.3047619047619048,3.55752,8.54,0.457
519810,Anjesar,Savli,22.480895,73.17266,2334.0,438.0,14.4,0.615,Medium (Mitigation),1435.41,532.0,4.387,1262.0,1072.0,0.0,3.19,81.99,0.0,5.07,17.16,2,0,1,12.0,24.0,0.0,1.0,1.0,1,90.0,0.322,247.2,0.542,0.58,0.542,0.98,0.896,0.583,1435.41,6.857142857142857,2.6980049999999998,7.38,0.542
519791,Poicha Raniya,Savli,22.475894,73.114821,2945.0,590.0,20.92,0.538,Medium (Mitigation),1584.41,769.0,3.83,1553.0,1392.0,0.0,3.9,84.79,0.0,5.07,47.55,2,1,1,16.0,18.0,0.0,1.0,1.0,1,95.0,2.597,248.0,0.376,0.56,0.376,0.98,0.926,0.594,1584.41,9.961904761904762,2.06054,8.608,0.376
519811,Moksi,Savli,22.468066,73.147281,5706.0,1248.0,8.53,0.576,Medium (Mitigation),3286.656,1195.0,4.775,2974.0,2732.0,0.0,0.0,87.97,6.43,2.75,60.02,2,1,2,22.0,26.0,0.0,1.0,1.0,1,97.5,0.31,248.8,0.541,0.59,0.541,0.98,0.95,0.613,3286.656,4.061904761904762,2.7504,12.671999999999999,0.541
519786,Bahidhara Alias Natvarnagar,Savli,22.512292,73.159483,3711.0,712.0,4.28,0.513,Medium (Mitigation),1903.743,1097.0,3.383,1930.0,1781.0,0.0,24.7,68.46,0.0,0.0,46.13,2,1,0,10.0,35.0,0.0,1.0,1.0,1,100.0,2.929,246.4,0.351,0.55,0.351,0.98,0.95,0.645,1903.743,2.038095238095238,1.735479,5.13,0.351
519788,Parthampura Khandi,Savli,22.511161,73.118198,898.0,195.0,17.15,0.593,Medium (Mitigation),532.514,309.0,2.906,466.0,432.0,0.0,20.31,54.46,9.85,14.77,40.11,2,0,2,15.0,26.0,0.0,1.0,1.0,1,92.5,0.84,248.0,0.496,0.54,0.496,0.98,0.915,0.593,532.514,8.166666666666666,1.723258,8.895,0.496
519824,Dodka,Vadodara Rural,22.455062,73.112726,3724.0,716.0,5.91,0.537,Medium (Mitigation),1999.788,770.0,4.836,1969.0,1755.0,0.0,6.09,60.35,0.0,22.46,26.91,2,1,2,9.0,28.0,0.0,1.0,0.0,1,90.0,2.382,248.8,0.402,0.6,0.402,0.98,0.914,0.595,1999.788,2.814285714285714,2.5969320000000002,4.833,0.402
519827,Vasna Kotariya,Vadodara Rural,22.447266,73.154772,3974.0,796.0,5.23,0.605,Medium (Mitigation),2404.27,499.0,7.964,2129.0,1845.0,0.0,3.61,74.1,0.0,7.03,43.36,2,1,2,10.0,22.0,0.0,1.0,0.0,1,97.5,0.691,247.2,0.529,0.69,0.529,0.98,0.949,0.612,2404.27,2.4904761904761905,4.81822,6.05,0.529
519747,Ankaliya,Savli,22.616419,73.377167,1067.0,240.0,21.37,0.591,Medium (Mitigation),630.597,443.0,2.409,571.0,496.0,0.0,4.74,88.71,0.0,0.9,76.34,2,0,1,12.0,40.0,0.0,0.0,1.0,1,97.5,1.111,248.0,0.474,0.52,0.474,0.98,0.95,0.613,630.597,10.176190476190476,1.4237189999999997,7.092,0.474
519756,Lachhanpura,Savli,22.614795,73.22513,1201.0,252.0,14.32,0.51,Medium (Mitigation),612.51,246.0,4.882,623.0,578.0,0.0,40.89,56.28,0.0,0.0,71.94,2,0,0,9.0,45.0,0.0,0.0,0.0,0,87.5,1.113,248.8,0.502,0.6,0.502,0.98,0.883,0.573,612.51,6.819047619047619,2.48982,4.59,0.0
519750,Mevli,Savli,22.614616,73.329978,3775.0,755.0,7.42,0.549,Medium (Mitigation),2072.4750000000004,913.0,4.135,1989.0,1786.0,0.0,14.99,72.87,0.0,5.8,69.97,2,1,0,13.0,45.0,0.0,1.0,1.0,1,95.0,1.244,249.6,0.473,0.57,0.473,0.98,0.936,0.604,2072.4750000000004,3.533333333333333,2.270115,7.1370000000000005,0.473
519748,Dhantej,Savli,22.597216,73.356397,5470.0,1173.0,11.81,0.562,Medium (Mitigation),3074.1400000000003,1591.0,3.438,2819.0,2651.0,0.0,5.03,84.4,0.0,5.09,55.81,2,1,1,16.0,40.0,0.0,1.0,1.0,1,95.0,0.272,251.2,0.539,0.55,0.539,0.98,0.947,0.608,3074.1400000000003,5.623809523809523,1.9321560000000002,8.992,0.539
519795,Namisara,Savli,22.515105,73.189227,2102.0,476.0,14.03,0.532,Medium (Mitigation),1118.264,974.0,2.158,1113.0,989.0,0.0,2.46,87.47,0.0,1.95,76.53,2,1,0,9.0,34.0,0.0,1.0,1.0,1,85.0,0.896,247.2,0.513,0.51,0.513,0.98,0.873,0.573,1118.2640000000001,6.68095238095238,1.148056,4.788,0.513
519734,Latva,Desar,22.667525,73.366624,1635.0,348.0,3.55,0.517,Medium (Mitigation),845.2950000000001,319.0,5.125,856.0,779.0,0.0,0.0,76.25,0.0,0.0,39.34,2,0,0,12.0,54.0,0.0,0.0,0.0,0,87.5,0.061,250.4,0.576,0.6,0.576,0.98,0.886,0.573,845.2950000000001,1.6904761904761902,2.649625,6.204000000000001,0.0
519724,Bhila,Desar,22.666808,73.359725,325.0,80.0,0.0,0.472,Medium (Mitigation),153.4,123.0,2.642,176.0,149.0,0.0,43.9,52.03,0.0,0.0,46.88,2,0,0,13.0,55.0,0.0,0.0,0.0,0,90.0,0.512,248.8,0.522,0.53,0.522,0.98,0.898,0.582,153.4,0.0,1.247024,6.135999999999999,0.0
519730,Vansiya,Desar,22.664588,73.398534,1144.0,256.0,4.11,0.504,Medium (Mitigation),576.576,259.0,4.417,607.0,537.0,0.0,2.32,77.99,0.0,0.0,44.06,2,0,1,19.0,61.0,0.0,0.0,0.0,0,87.5,0.361,250.4,0.552,0.58,0.552,0.98,0.886,0.573,576.576,1.9571428571428573,2.226168,9.576,0.0
519722,Vaghanu Muvadu,Desar,22.657829,73.337583,361.0,84.0,1.66,0.393,Low (Monitoring),141.87300000000002,198.0,1.823,198.0,163.0,0.0,64.97,33.5,0.0,0.0,75.76,3,0,0,14.0,56.0,0.0,0.0,0.0,0,90.0,2.02,249.6,0.412,0.5,0.412,0.98,0.893,0.574,141.87300000000002,0.5354838709677419,0.716439,5.502000000000001,0.0
519721,Gorsan,Desar,22.66062,73.317646,717.0,136.0,0.0,0.54,Medium (Mitigation),387.18,204.0,3.515,368.0,349.0,0.0,23.53,72.06,0.0,0.0,100.0,3,0,0,18.0,51.0,0.0,1.0,1.0,1,85.0,0.56,248.8,0.545,0.56,0.545,0.98,0.875,0.573,387.18,0.0,1.8981000000000001,9.72,0.545
519720,Shihora,Desar,22.657088,73.2868,6021.0,1208.0,7.64,0.549,Medium (Mitigation),3305.5290000000005,1242.0,4.848,3122.0,2899.0,0.0,44.57,44.01,0.0,0.4,91.41,3,0,0,15.0,48.0,0.0,1.0,1.0,1,90.0,1.574,249.6,0.459,0.6,0.459,0.98,0.897,0.581,3305.5290000000005,2.464516129032258,2.661552,8.235000000000001,0.459
519733,Limdi,Desar,22.654626,73.385685,960.0,188.0,14.69,0.498,Medium (Mitigation),478.08,358.0,2.682,499.0,461.0,0.0,7.82,87.99,0.0,0.0,67.94,2,0,0,8.0,59.0,0.0,0.0,0.0,0,90.0,0.102,250.4,0.552,0.53,0.552,0.98,0.904,0.584,478.08,6.995238095238094,1.335636,3.984,0.0
519731,Ghanta,Desar,22.65819,73.403154,163.0,32.0,0.0,0.551,Medium (Mitigation),89.813,255.0,0.639,84.0,79.0,0.0,28.24,69.02,0.0,0.0,43.18,2,0,0,11.0,57.0,0.0,0.0,1.0,1,87.5,0.087,250.4,0.555,0.47,0.555,0.98,0.876,0.562,89.813,0.0,0.35208900000000004,6.061000000000001,0.555
519738,Nhara,Savli,22.646613,73.312436,2460.0,477.0,0.24,0.554,Medium (Mitigation),1362.84,371.0,6.631,1271.0,1189.0,0.0,39.89,57.41,0.0,0.0,52.11,3,1,0,14.0,53.0,0.0,0.0,1.0,1,90.0,0.317,249.6,0.554,0.65,0.554,0.98,0.898,0.582,1362.8400000000001,0.07741935483870967,3.6735740000000003,7.756,0.554
519732,Andrakhiya,Desar,22.650172,73.392421,574.0,99.0,23.52,0.613,Medium (Mitigation),351.862,188.0,3.053,294.0,280.0,0.0,9.63,87.17,0.0,0.0,61.35,2,0,0,7.0,60.0,0.0,0.0,1.0,1,90.0,0.07,250.4,0.555,0.54,0.555,0.98,0.902,0.583,351.86199999999997,11.2,1.871489,4.291,0.555
519737,Gutardi,Savli,22.642703,73.334373,1726.0,345.0,10.43,0.597,Medium (Mitigation),1030.422,518.0,3.332,876.0,850.0,0.0,23.7,67.82,0.0,0.0,45.74,2,0,0,22.0,60.0,0.0,1.0,1.0,1,87.5,0.345,251.2,0.549,0.55,0.549,0.98,0.882,0.57,1030.422,4.966666666666666,1.9892039999999998,13.134,0.549
519736,Sandhasal,Desar,22.644957,73.351477,4248.0,900.0,12.29,0.572,Medium (Mitigation),2429.856,798.0,5.323,2199.0,2049.0,0.0,0.0,79.05,0.0,9.03,74.6,2,1,1,20.0,5.0,0.0,1.0,1.0,1,92.5,1.056,250.4,0.492,0.61,0.492,0.98,0.921,0.593,2429.8559999999998,5.852380952380952,3.044756,11.44,0.492
519735,Vav,Desar,22.641302,73.3653,1145.0,249.0,0.0,0.493,Medium (Mitigation),564.485,238.0,4.811,617.0,528.0,0.0,0.0,93.78,0.0,0.0,40.76,2,0,0,8.0,58.0,0.0,0.0,0.0,0,95.0,1.439,248.0,0.462,0.59,0.462,0.98,0.949,0.616,564.485,0.0,2.371823,3.944,0.0
519740,Ajabpura,Savli,22.641095,73.26504,2222.0,459.0,0.0,0.497,Medium (Mitigation),1104.334,761.0,2.92,1122.0,1100.0,0.0,48.09,49.41,0.0,0.0,74.47,3,1,0,12.0,45.0,0.0,1.0,1.0,1,90.0,0.846,248.0,0.5,0.54,0.5,0.98,0.907,0.592,1104.334,0.0,1.4512399999999999,5.964,0.5
519741,Amarapura,Savli,22.630837,73.247017,2071.0,454.0,3.43,0.551,Medium (Mitigation),1141.121,558.0,3.711,1092.0,979.0,0.0,30.47,46.77,0.0,0.0,45.98,3,0,0,10.0,42.0,0.0,1.0,1.0,1,87.5,0.215,250.4,0.559,0.56,0.559,0.98,0.887,0.574,1141.121,1.1064516129032258,2.0447610000000003,5.510000000000001,0.559
519745,Zumkha,Savli,22.628964,73.320551,1164.0,220.0,24.57,0.619,Medium (Mitigation),720.516,254.0,4.583,610.0,554.0,0.0,16.86,80.0,0.0,0.0,60.29,2,0,0,16.0,55.0,0.0,1.0,1.0,1,95.0,1.354,250.4,0.469,0.59,0.469,0.98,0.937,0.603,720.516,11.7,2.836877,9.904,0.469
519746,Dipapura,Savli,22.627892,73.344346,1022.0,216.0,22.02,0.604,Medium (Mitigation),617.288,301.0,3.395,523.0,499.0,0.0,12.62,79.73,0.0,0.0,62.5,2,0,0,14.0,45.0,0.0,0.0,1.0,1,92.5,0.833,252.8,0.5,0.55,0.5,0.98,0.909,0.58,617.288,10.485714285714286,2.05058,8.456,0.5
519751,Vitoj,Savli,22.612199,73.311078,1667.0,320.0,3.0,0.6,Medium (Mitigation),1000.2,425.0,3.922,869.0,798.0,0.0,7.06,71.76,0.0,19.06,49.18,2,0,1,11.0,47.0,0.0,0.0,1.0,1,92.5,0.264,250.4,0.542,0.57,0.542,0.98,0.927,0.597,1000.1999999999999,1.4285714285714286,2.3532,6.6,0.542
519742,Kalupura,Savli,22.620001,73.252806,91.0,22.0,38.46,0.538,Medium (Mitigation),48.958000000000006,109.0,0.835,46.0,45.0,42.2,19.27,37.61,0.0,0.0,48.78,3,0,0,13.0,49.0,0.0,0.0,1.0,1,90.0,0.784,251.2,0.483,0.39,0.483,0.98,0.903,0.52,48.958000000000006,12.406451612903226,0.44923,6.994000000000001,0.483
519749,Narpura,Savli,22.612873,73.347288,624.0,134.0,19.87,0.656,High (Relocation Priority),409.344,66.0,9.455,319.0,305.0,0.0,0.0,80.3,0.0,0.0,75.47,2,0,0,16.0,44.0,0.0,0.0,1.0,1,102.5,1.656,246.4,0.467,0.73,0.467,0.98,0.95,0.637,409.344,9.461904761904762,6.20248,10.496,0.467
519752,Samantpura,Savli,22.610941,73.290607,30.0,9.0,0.0,0.453,Medium (Mitigation),13.59,129.0,0.233,15.0,15.0,0.0,27.91,67.44,0.0,0.0,68.97,2,0,0,10.0,45.0,0.0,0.0,0.0,0,92.5,0.431,250.4,0.514,0.46,0.514,0.98,0.938,0.612,13.59,0.0,0.105549,4.53,0.0
519757,Rupankui,Savli,22.603019,73.212801,1963.0,428.0,0.66,0.463,Medium (Mitigation),908.869,583.0,3.367,1039.0,924.0,0.0,34.99,59.52,0.0,0.0,72.05,2,0,0,7.0,37.0,0.0,1.0,0.0,0,90.0,1.679,248.8,0.443,0.55,0.443,0.98,0.89,0.573,908.869,0.3142857142857143,1.558921,3.241,0.0
519755,Rasawadi,Savli,22.606542,73.250407,1152.0,243.0,3.73,0.429,Medium (Mitigation),494.208,163.0,7.067,575.0,577.0,0.0,0.61,82.82,0.0,4.91,74.07,3,1,0,7.0,40.0,0.0,1.0,0.0,0,92.5,2.275,251.2,0.415,0.66,0.415,0.98,0.908,0.582,494.20799999999997,1.2032258064516128,3.031743,3.003,0.0
519753,Gangadiyapura,Savli,22.602837,73.281439,416.0,100.0,7.21,0.501,Medium (Mitigation),208.416,92.0,4.522,228.0,188.0,0.0,0.0,89.01,0.0,0.0,75.31,2,0,0,9.0,43.0,0.0,0.0,0.0,0,90.0,0.871,249.6,0.506,0.59,0.506,0.98,0.898,0.582,208.416,3.433333333333333,2.2655220000000003,4.509,0.0
519760,Dungrapura,Savli,22.599649,73.324299,358.0,95.0,0.0,0.547,Medium (Mitigation),195.826,1168.0,0.307,203.0,155.0,0.0,8.14,68.72,0.0,0.0,87.28,2,0,1,7.0,48.0,0.0,1.0,1.0,1,92.5,0.27,252.0,0.526,0.46,0.526,0.98,0.922,0.593,195.82600000000002,0.0,0.16792900000000002,3.829,0.526
519758,Kanoda,Savli,22.596876,73.199142,4854.0,1074.0,2.35,0.588,Medium (Mitigation),2854.152,578.0,8.398,2447.0,2407.0,0.0,32.64,60.45,0.0,0.0,85.71,2,1,0,5.0,30.0,0.0,1.0,1.0,1,87.5,1.113,248.0,0.516,0.7,0.516,0.98,0.878,0.571,2854.152,1.119047619047619,4.9380239999999995,2.94,0.516
519759,Rasulpur,Savli,22.594845,73.232122,1466.0,306.0,15.69,0.533,Medium (Mitigation),781.378,399.0,3.674,747.0,719.0,0.0,0.5,87.5,0.0,0.0,71.14,3,0,1,5.0,38.0,0.0,1.0,0.0,1,87.5,2.111,248.8,0.426,0.56,0.426,0.98,0.874,0.563,781.378,5.0612903225806445,1.958242,2.665,0.426
519763,Vasanpura,Savli,22.584223,73.309628,920.0,220.0,6.96,0.385,Low (Monitoring),354.2,908.0,1.013,484.0,436.0,0.0,2.39,79.78,2.61,4.78,86.1,2,1,0,7.0,40.0,0.0,1.0,0.0,0,92.5,2.404,251.2,0.379,0.48,0.379,0.98,0.918,0.591,354.2,3.314285714285714,0.390005,2.6950000000000003,0.0
519766,Poicha Kanoda,Savli,22.583638,73.180915,5020.0,1046.0,1.25,0.537,Medium (Mitigation),2695.74,1061.0,4.731,2590.0,2430.0,0.0,15.25,66.67,0.0,0.28,84.87,3,0,0,5.0,40.0,0.0,1.0,1.0,1,87.5,1.782,247.2,0.453,0.59,0.453,0.98,0.881,0.573,2695.7400000000002,0.4032258064516129,2.540547,2.685,0.453
519764,Muval,Savli,22.578348,73.26441,1873.0,425.0,46.93,0.447,Medium (Mitigation),837.231,1829.0,1.024,971.0,902.0,0.0,1.26,69.37,0.0,9.9,100.0,2,1,2,3.0,35.0,0.0,1.0,1.0,1,25.0,0.396,120.0,0.752,0.48,0.752,0.035,0.388,0.286,837.231,22.347619047619048,0.457728,1.341,0.752
519761,Tulsipura,Savli,22.567101,73.363504,1344.0,278.0,37.5,0.578,Medium (Mitigation),776.832,1044.0,1.287,664.0,680.0,0.0,4.21,83.62,0.0,4.89,60.14,2,0,0,14.0,54.0,0.0,1.0,1.0,1,95.0,2.099,248.8,0.401,0.49,0.401,0.98,0.934,0.603,776.832,17.857142857142858,0.7438859999999999,8.091999999999999,0.401
519762,Kamalpura,Savli,22.574665,73.339106,607.0,122.0,53.54,0.589,Medium (Mitigation),357.523,615.0,0.987,310.0,297.0,0.0,1.14,91.06,0.0,5.04,69.11,2,0,0,16.0,57.0,0.0,0.0,1.0,1,90.0,2.114,248.0,0.402,0.48,0.402,0.98,0.898,0.583,357.52299999999997,25.495238095238093,0.5813429999999999,9.424,0.402
519767,Mevaliapura,Savli,22.571804,73.181615,1130.0,205.0,0.44,0.612,Medium (Mitigation),691.56,109.0,10.367,584.0,546.0,0.0,0.0,83.33,0.0,11.11,66.67,2,0,0,6.0,36.0,0.0,1.0,1.0,1,92.5,2.609,248.8,0.405,0.76,0.405,0.98,0.917,0.593,691.56,0.20952380952380953,6.344604,3.6719999999999997,0.405
519765,Sardarpura,Savli,22.567424,73.196341,526.0,118.0,2.28,0.579,Medium (Mitigation),304.554,92.0,5.717,265.0,261.0,0.0,0.0,90.22,0.0,5.43,60.24,2,0,0,5.0,39.0,0.0,1.0,1.0,1,95.0,3.159,247.2,0.345,0.62,0.345,0.98,0.935,0.605,304.554,1.0857142857142856,3.3101429999999996,2.8949999999999996,0.345
519771,Moti Bhadol,Savli,22.548218,73.316037,1557.0,346.0,16.18,0.519,Medium (Mitigation),808.083,906.0,1.719,797.0,760.0,0.0,0.77,90.29,0.0,8.94,77.14,3,0,0,11.0,39.0,0.0,1.0,0.0,1,90.0,1.445,248.0,0.452,0.5,0.452,0.98,0.896,0.582,808.083,5.219354838709677,0.8921610000000001,5.7090000000000005,0.452
519770,Charanpura,Savli,22.561883,73.301134,930.0,195.0,4.52,0.43,Medium (Mitigation),399.9,421.0,2.209,477.0,453.0,0.0,0.0,95.48,0.0,2.38,94.76,2,0,0,8.0,41.0,0.0,1.0,0.0,0,95.0,3.446,248.0,0.311,0.52,0.311,0.98,0.934,0.604,399.9,2.1523809523809523,0.94987,3.44,0.0
519769,Javla,Savli,22.552921,73.254503,781.0,176.0,26.76,0.421,Medium (Mitigation),328.801,882.0,0.885,418.0,363.0,0.0,0.23,80.39,0.0,4.76,14.39,3,0,1,1.0,32.0,0.0,1.0,0.0,0,92.5,1.779,248.8,0.422,0.48,0.422,0.98,0.939,0.614,328.801,8.63225806451613,0.372585,0.421,0.0
519772,Vadiya K,Savli,22.55089,73.339853,1396.0,317.0,17.48,0.491,Medium (Mitigation),685.436,572.0,2.441,719.0,677.0,0.0,0.0,76.36,0.0,0.0,57.34,3,1,0,13.0,50.0,0.0,1.0,1.0,1,92.5,1.222,249.6,0.467,0.52,0.467,0.98,0.917,0.592,685.436,5.638709677419355,1.1985309999999998,6.383,0.467
519784,Gothada,Savli,22.535905,73.224501,9347.0,1902.0,7.57,0.5,Medium (Mitigation),4673.5,2446.0,3.821,4883.0,4464.0,0.0,0.82,83.07,3.02,6.2,74.17,3,1,0,2.0,30.0,0.0,1.0,1.0,1,85.0,1.339,248.0,0.49,0.56,0.49,0.98,0.864,0.561,4673.5,2.4419354838709677,1.9105,1.0,0.49
519782,Sherpura,Savli,22.546389,73.290402,1461.0,315.0,14.58,0.398,Low (Monitoring),581.4780000000001,1013.0,1.442,777.0,684.0,0.0,0.79,94.08,0.0,1.88,98.64,3,0,0,7.0,40.0,0.0,1.0,0.0,0,95.0,2.688,248.8,0.359,0.49,0.359,0.98,0.937,0.605,581.4780000000001,4.703225806451613,0.573916,2.786,0.0
519773,Mal Ankaliya,Savli,22.546901,73.358528,1007.0,228.0,13.11,0.4,Low (Monitoring),402.8,499.0,2.018,510.0,497.0,0.0,0.4,88.6,0.0,5.0,73.36,3,0,0,18.0,48.0,0.0,0.0,0.0,0,85.0,2.656,248.8,0.391,0.51,0.391,0.98,0.865,0.561,402.8,4.229032258064516,0.8071999999999999,7.2,0.0
519774,Kambola,Savli,22.539939,73.389336,985.0,227.0,35.84,0.511,Medium (Mitigation),503.335,631.0,1.561,493.0,492.0,0.0,0.0,89.54,0.0,5.07,75.22,3,0,2,22.0,40.0,0.0,1.0,0.0,1,85.0,3.213,249.6,0.351,0.5,0.351,0.98,0.855,0.551,503.33500000000004,11.561290322580646,0.797671,11.242,0.351
519779,Ranipura Samlaya,Savli,22.52818,73.342841,2038.0,451.0,2.06,0.585,Medium (Mitigation),1192.23,102.0,19.98,1047.0,991.0,0.0,11.76,54.9,0.0,33.33,53.57,3,0,1,17.0,47.0,0.0,0.0,0.0,0,92.5,1.733,248.8,0.48,0.85,0.48,0.98,0.916,0.592,1192.23,0.6645161290322581,11.6883,9.945,0.0
519780,Nani Bhadol,Savli,22.522203,73.317746,1465.0,345.0,28.33,0.541,Medium (Mitigation),792.565,951.0,1.54,724.0,741.0,0.0,1.26,72.87,0.0,5.05,72.15,2,1,0,12.0,37.0,0.0,1.0,0.0,1,87.5,0.92,249.6,0.5,0.5,0.5,0.98,0.892,0.582,792.565,13.490476190476189,0.8331400000000001,6.492000000000001,0.5
519783,Karachiya,Savli,22.526843,73.263858,1387.0,287.0,5.98,0.492,Medium (Mitigation),682.404,656.0,2.114,713.0,674.0,0.0,1.52,65.24,0.0,5.03,72.43,3,1,0,6.0,34.0,0.0,1.0,1.0,1,92.5,0.277,236.0,0.526,0.51,0.526,0.98,0.898,0.593,682.404,1.9290322580645163,1.040088,2.952,0.526
519781,Samlaya,Savli,22.523995,73.290581,2232.0,469.0,14.52,0.534,Medium (Mitigation),1191.888,1190.0,1.876,1136.0,1096.0,0.0,0.64,88.5,8.53,0.56,63.64,2,1,2,10.0,30.0,0.0,1.0,1.0,1,92.5,0.634,249.6,0.507,0.51,0.507,0.98,0.917,0.592,1191.8880000000001,6.914285714285714,1.001784,5.34,0.507
519785,Ranchhodpura,Savli,22.532442,73.183961,1569.0,289.0,0.0,0.624,Medium (Mitigation),979.056,125.0,12.552,805.0,764.0,0.0,0.0,85.6,0.0,0.0,100.0,2,0,0,7.0,40.0,0.0,0.0,0.0,1,97.5,2.142,247.2,0.448,0.83,0.448,0.98,0.942,0.604,979.056,0.0,7.832447999999999,4.368,0.448
519777,Mudhela,Savli,22.50827,73.397671,734.0,159.0,21.12,0.577,Medium (Mitigation),423.518,626.0,1.173,378.0,356.0,0.0,2.93,69.6,7.72,0.93,66.96,2,0,1,7.0,36.0,0.0,1.0,0.0,1,95.0,0.799,246.4,0.491,0.49,0.491,0.98,0.933,0.605,423.518,10.057142857142857,0.676821,4.039,0.491
519778,Ghantiyal,Savli,22.517542,73.377275,1385.0,311.0,13.43,0.583,Medium (Mitigation),807.4549999999999,680.0,2.037,701.0,684.0,0.0,0.15,90.71,0.0,4.57,78.05,2,0,1,23.0,40.0,0.0,1.0,0.0,1,95.0,0.591,248.8,0.509,0.51,0.509,0.98,0.937,0.604,807.4549999999999,6.395238095238095,1.187571,13.408999999999999,0.509
519796,Bautha,Savli,22.511578,73.213664,1541.0,321.0,14.41,0.558,Medium (Mitigation),859.878,412.0,3.74,802.0,739.0,0.0,6.07,80.58,0.0,5.83,87.35,2,1,1,6.0,30.0,0.0,1.0,1.0,1,87.5,0.59,247.2,0.531,0.56,0.531,0.98,0.881,0.573,859.878,6.8619047619047615,2.08692,3.3480000000000003,0.531
519798,Pasva,Savli,22.501273,73.255812,1155.0,235.0,28.4,0.591,Medium (Mitigation),682.605,782.0,1.477,594.0,561.0,0.0,2.94,87.72,0.0,5.12,51.17,2,0,0,8.0,35.0,0.0,1.0,1.0,1,87.5,0.474,246.4,0.529,0.49,0.529,0.98,0.881,0.574,682.605,13.523809523809522,0.872907,4.728,0.529
519799,Mota Motipura,Savli,22.504195,73.273909,312.0,77.0,33.01,0.44,Medium (Mitigation),137.28,453.0,0.689,162.0,150.0,0.0,0.44,91.63,0.0,0.0,60.1,3,0,1,10.0,25.0,0.0,0.0,0.0,0,87.5,0.689,246.4,0.511,0.47,0.511,0.98,0.889,0.583,137.28,10.648387096774192,0.30316,4.4,0.0
519802,Lotna,Savli,22.504372,73.36037,1669.0,335.0,43.14,0.625,Medium (Mitigation),1043.125,530.0,3.149,866.0,803.0,0.0,2.26,89.62,0.0,4.53,68.35,2,0,2,10.0,34.0,0.0,1.0,0.0,1,95.0,1.12,248.8,0.477,0.54,0.477,0.98,0.933,0.602,1043.125,20.54285714285714,1.9681250000000001,6.25,0.477
519801,Gangadiya,Savli,22.505454,73.33713,2265.0,484.0,37.88,0.528,Medium (Mitigation),1195.92,1409.0,1.608,1200.0,1065.0,0.0,1.99,86.72,0.0,4.4,50.12,2,1,0,15.0,30.0,0.0,1.0,1.0,1,97.5,2.853,247.2,0.349,0.5,0.349,0.98,0.95,0.614,1195.92,18.038095238095238,0.8490240000000001,7.92,0.349
519800,Pratapnagar,Savli,22.499167,73.293923,1488.0,297.0,44.89,0.419,Medium (Mitigation),623.472,662.0,2.248,784.0,704.0,0.0,0.0,86.84,0.0,2.27,52.26,3,1,1,12.0,35.0,0.0,0.0,0.0,0,92.5,1.323,244.8,0.458,0.52,0.458,0.98,0.912,0.594,623.472,14.480645161290322,0.9419120000000001,5.028,0.0
519805,Vadadala,Savli,22.486995,73.319058,966.0,190.0,7.87,0.521,Medium (Mitigation),503.286,559.0,1.728,475.0,491.0,0.0,2.5,60.18,0.36,3.93,68.25,3,0,1,17.0,27.0,0.0,1.0,0.0,1,90.0,0.568,248.0,0.513,0.5,0.513,0.98,0.885,0.571,503.286,2.5387096774193547,0.900288,8.857000000000001,0.513
519797,Lasundra,Savli,22.501698,73.232756,1261.0,259.0,27.84,0.559,Medium (Mitigation),704.8990000000001,497.0,2.537,652.0,609.0,5.84,4.02,80.89,0.0,2.01,42.39,2,1,1,7.0,28.0,0.0,0.0,1.0,1,87.5,0.504,246.4,0.53,0.51,0.53,0.98,0.886,0.573,704.8990000000001,13.257142857142856,1.4181830000000002,3.9130000000000003,0.53
519803,Sadra,Savli,22.501871,73.377151,649.0,137.0,1.23,0.575,Medium (Mitigation),373.175,304.0,2.135,343.0,306.0,0.0,1.32,86.18,0.0,5.59,75.48,2,0,1,17.0,36.0,0.0,1.0,1.0,1,100.0,0.436,248.0,0.52,0.51,0.52,0.98,0.95,0.625,373.17499999999995,0.5857142857142856,1.2276249999999997,9.774999999999999,0.52
519809,Tundav,Savli,22.482954,73.20198,6102.0,1116.0,14.31,0.512,Medium (Mitigation),3124.224,1431.0,4.264,3169.0,2933.0,3.42,2.73,84.7,0.0,1.4,49.92,3,1,0,10.0,22.0,0.0,1.0,0.0,1,85.0,1.079,244.8,0.509,0.57,0.509,0.98,0.869,0.567,3124.224,4.616129032258065,2.183168,5.12,0.509
519804,Adalwada,Savli,22.483591,73.353783,672.0,141.0,26.64,0.431,Medium (Mitigation),289.632,578.0,1.163,328.0,344.0,0.0,1.38,62.13,1.38,4.3,96.67,2,1,1,18.0,31.0,0.0,1.0,0.0,0,87.5,0.991,248.8,0.492,0.48,0.492,0.98,0.881,0.572,289.632,12.685714285714285,0.5012530000000001,7.758,0.0
519807,Subhelav,Savli,22.48513,73.244201,590.0,137.0,33.9,0.634,Medium (Mitigation),374.06,444.0,1.329,280.0,310.0,0.0,2.25,69.37,0.0,4.95,38.96,1,0,1,12.0,30.0,0.0,1.0,1.0,1,85.0,1.028,248.0,0.502,0.49,0.502,0.98,0.875,0.573,374.06,30.818181818181813,0.842586,7.6080000000000005,0.502
519808,Paldi,Savli,22.480526,73.22466,749.0,151.0,22.3,0.485,Medium (Mitigation),363.265,327.0,2.291,398.0,351.0,0.0,0.92,88.65,0.0,2.76,36.33,2,0,0,13.0,30.0,0.0,1.0,0.0,0,87.5,1.26,247.2,0.479,0.52,0.479,0.98,0.898,0.592,363.265,10.619047619047619,1.111135,6.305,0.0
519822,Dhanora,Savli,22.46833,73.335342,1254.0,255.0,26.87,0.521,Medium (Mitigation),653.3340000000001,281.0,4.463,655.0,599.0,0.0,12.15,74.31,5.56,4.86,83.18,2,0,1,20.0,29.0,0.0,1.0,0.0,0,87.5,0.916,236.0,0.507,0.58,0.507,0.98,0.872,0.583,653.3340000000001,12.795238095238096,2.3252230000000003,10.42,0.0
519806,Chandranagar,Savli,22.474179,73.25903,191.0,38.0,47.64,0.479,Medium (Mitigation),91.489,517.0,0.369,100.0,91.0,0.0,5.61,72.15,0.0,0.0,53.62,2,0,1,12.0,24.0,0.0,0.0,0.0,0,92.5,2.186,247.2,0.389,0.46,0.389,0.98,0.914,0.593,91.48899999999999,22.685714285714283,0.176751,5.747999999999999,0.0
519814,Lamdapura,Savli,22.468742,73.226131,880.0,161.0,47.16,0.608,Medium (Mitigation),535.04,324.0,2.716,504.0,376.0,0.0,0.0,87.04,0.0,5.25,46.1,2,0,0,15.0,22.0,0.0,1.0,0.0,1,90.0,1.817,247.2,0.43,0.53,0.43,0.98,0.894,0.582,535.04,22.457142857142856,1.6513280000000001,9.12,0.43
519813,Manjusar,Savli,22.443886,73.19595,5001.0,1024.0,16.5,0.504,Medium (Mitigation),2520.504,1405.0,3.559,2582.0,2419.0,0.0,4.91,58.08,0.0,0.64,87.75,3,1,2,13.0,19.0,0.0,1.0,1.0,1,87.5,1.162,247.2,0.491,0.56,0.491,0.98,0.885,0.576,2520.504,5.32258064516129,1.793736,6.552,0.491
519816,Alindra,Savli,22.453463,73.236236,622.0,151.0,34.89,0.58,Medium (Mitigation),360.76,842.0,0.739,324.0,298.0,0.0,0.37,94.49,0.0,1.35,44.04,2,0,0,15.0,22.0,0.0,1.0,1.0,1,92.5,1.129,246.4,0.465,0.47,0.465,0.98,0.913,0.593,360.76,16.614285714285714,0.42861999999999995,8.7,0.465
519819,Khokhar,Savli,22.458132,73.261182,1108.0,230.0,13.36,0.549,Medium (Mitigation),608.292,345.0,3.212,562.0,546.0,0.0,2.02,73.7,0.0,12.43,34.51,2,1,0,20.0,22.0,0.0,1.0,0.0,1,97.5,1.027,245.6,0.483,0.55,0.483,0.98,0.95,0.614,608.292,6.3619047619047615,1.7633880000000002,10.98,0.483
519812,Kunpad,Savli,22.456832,73.177151,2788.0,581.0,4.38,0.523,Medium (Mitigation),1458.124,525.0,5.31,1442.0,1346.0,0.0,1.33,90.29,0.0,4.38,42.19,2,0,0,12.0,15.0,0.0,1.0,0.0,0,95.0,0.275,248.8,0.546,0.61,0.546,0.98,0.944,0.609,1458.124,2.0857142857142854,2.77713,6.276,0.0
519823,Haripura,Savli,22.455581,73.339935,741.0,146.0,50.47,0.613,Medium (Mitigation),454.233,660.0,1.123,382.0,359.0,0.0,3.23,65.81,22.07,3.77,51.12,2,0,1,18.0,28.0,0.0,1.0,0.0,1,87.5,0.391,245.6,0.533,0.48,0.533,0.98,0.877,0.572,454.233,24.03333333333333,0.688399,11.033999999999999,0.533
519821,Garadhiya,Savli,22.452432,73.313987,1719.0,367.0,43.92,0.55,Medium (Mitigation),945.45,493.0,3.487,854.0,865.0,0.0,2.23,80.32,0.0,8.92,66.33,3,1,1,18.0,25.0,0.0,1.0,1.0,1,92.5,0.367,248.8,0.531,0.55,0.531,0.98,0.92,0.594,945.45,14.167741935483871,1.9178500000000003,9.9,0.531
519815,Zumkal,Savli,22.450561,73.219561,271.0,65.0,32.1,0.587,Medium (Mitigation),159.077,222.0,1.221,138.0,133.0,0.0,0.9,91.44,0.0,4.95,34.48,2,0,0,17.0,22.0,0.0,1.0,1.0,1,90.0,0.759,246.4,0.498,0.49,0.498,0.98,0.895,0.583,159.077,15.285714285714286,0.716727,9.979,0.498
519723,Raipura Chhatrapura,Desar,22.665258,73.347779,426.0,98.0,1.64,0.537,Medium (Mitigation),228.762,486.0,0.877,223.0,203.0,0.0,8.85,84.16,0.0,2.67,88.02,2,0,0,22.0,77.0,0.0,1.0,1.0,1,90.0,1.373,249.6,0.455,0.48,0.455,0.98,0.9,0.583,228.762,0.7809523809523808,0.470949,11.814,0.455
519739,Gulabpura Shihora,Savli,22.632917,73.293216,581.0,125.0,0.0,0.575,Medium (Mitigation),334.075,238.0,2.441,309.0,272.0,0.0,57.38,42.62,0.0,0.0,69.31,2,0,1,14.0,47.0,0.0,0.0,1.0,1,90.0,0.185,250.4,0.544,0.52,0.544,0.98,0.902,0.583,334.075,0.0,1.4035749999999998,8.049999999999999,0.544
519744,Gokalpura Ganeshpura,Savli,22.617289,73.293158,588.0,170.0,0.0,0.551,Medium (Mitigation),323.988,360.0,1.633,301.0,287.0,0.0,35.0,60.28,0.0,0.0,87.56,2,0,1,12.0,45.0,0.0,1.0,1.0,1,92.5,1.101,249.6,0.472,0.5,0.472,0.98,0.918,0.593,323.988,0.0,0.8997830000000001,6.612,0.472
519743,Parthampura Shihora,Savli,22.614948,73.270947,2363.0,492.0,15.91,0.56,Medium (Mitigation),1323.2800000000002,825.0,2.864,1229.0,1134.0,0.0,6.55,78.42,0.0,7.39,26.12,2,1,1,10.0,40.0,0.0,1.0,1.0,1,95.0,0.121,248.8,0.547,0.54,0.547,0.98,0.933,0.602,1323.2800000000002,7.576190476190476,1.6038400000000002,5.6000000000000005,0.547
519754,Dungripura Shihora,Savli,22.603431,73.264854,490.0,125.0,0.0,0.559,Medium (Mitigation),273.91,173.0,2.832,260.0,230.0,0.0,30.64,65.9,0.0,0.0,87.72,2,0,0,9.0,43.0,0.0,1.0,1.0,1,90.0,1.487,248.0,0.454,0.53,0.454,0.98,0.897,0.583,273.91,0.0,1.583088,5.031000000000001,0.454
519820,Vemar,Savli,22.469814,73.281217,1971.0,403.0,19.74,0.483,Medium (Mitigation),951.993,837.0,2.355,1024.0,947.0,0.0,3.7,84.11,0.0,7.89,4.69,2,0,1,18.0,30.0,0.0,0.0,0.0,0,95.0,1.289,247.2,0.461,0.52,0.461,0.98,0.932,0.603,951.9929999999999,9.399999999999999,1.137465,8.693999999999999,0.0
519928,Bodidra,Vaghodia,22.478356,73.379884,1047.0,236.0,10.98,0.578,Medium (Mitigation),605.1659999999999,583.0,1.796,562.0,485.0,0.0,1.03,79.38,0.0,5.15,45.45,2,0,1,12.0,30.0,0.0,1.0,0.0,1,90.0,0.199,246.4,0.539,0.5,0.539,0.98,0.896,0.583,605.1659999999999,5.228571428571429,1.038088,6.936,0.539
519934,Paldi,Vaghodia,22.455265,73.359683,1260.0,249.0,29.05,0.554,Medium (Mitigation),698.0400000000001,573.0,2.199,650.0,610.0,0.0,2.3,49.67,11.84,7.89,59.6,2,1,1,15.0,25.0,0.0,1.0,1.0,1,85.0,0.57,246.4,0.537,0.52,0.537,0.98,0.863,0.562,698.0400000000001,13.833333333333334,1.218246,8.31,0.537
519933,Asoj,Vaghodia,22.458691,73.390985,1952.0,420.0,24.59,0.406,Medium (Mitigation),792.5120000000001,638.0,3.06,1015.0,937.0,0.0,3.3,74.66,8.7,4.8,62.25,3,1,1,12.0,30.0,0.0,0.0,0.0,1,25.0,0.191,120.0,0.775,0.54,0.775,0.039,0.388,0.286,792.5120000000001,7.9322580645161285,1.2423600000000001,4.872,0.775
253247,Savli,Savli,22.568753,73.224165,18467.0,3608.0,28.63,0.404,Medium (Mitigation),7460.668000000001,0.0,,0.0,0.0,,,,,,,0,0,0,0.0,,0.0,0.0,0.0,0,82.5,1.157,120.0,0.452,0.51,0.452,0.02,0.391,0.286,7460.668000000001,286.29999999999995,0.808,0.0,0.0
519688,Udalpur,Desar,22.802194,73.396022,859.0,167.0,22.35,0.509,Medium (Mitigation),437.231,391.0,2.197,464.0,395.0,0.0,5.38,70.51,0.0,4.1,58.91,3,1,1,19.0,78.0,0.0,1.0,1.0,1,87.5,0.163,250.4,0.557,0.52,0.557,0.98,0.884,0.572,437.231,7.209677419354839,1.118273,9.671,0.557
519691,Jambu Goral,Desar,22.775084,73.333488,4203.0,870.0,6.71,0.531,Medium (Mitigation),2231.793,1414.0,2.972,2158.0,2045.0,0.0,16.47,78.8,0.0,1.2,80.72,2,1,0,27.0,27.0,0.0,1.0,1.0,1,90.0,0.982,251.2,0.492,0.54,0.492,0.98,0.892,0.572,2231.793,3.195238095238095,1.578132,14.337000000000002,0.492
519692,Varsada,Desar,22.762475,73.300533,8683.0,1762.0,7.16,0.486,Medium (Mitigation),4219.938,2098.0,4.139,4469.0,4214.0,0.0,8.67,84.7,0.0,3.53,49.97,3,1,2,23.0,70.0,0.0,1.0,1.0,1,90.0,2.541,249.6,0.386,0.57,0.386,0.98,0.902,0.584,4219.938,2.3096774193548386,2.011554,11.177999999999999,0.386
519701,Vejpur,Desar,22.742463,73.36421,3511.0,800.0,37.85,0.526,Medium (Mitigation),1846.786,2792.0,1.258,1815.0,1696.0,0.0,0.11,88.36,0.0,4.69,89.21,2,1,2,24.0,57.0,0.0,1.0,1.0,1,95.0,2.527,249.6,0.371,0.49,0.371,0.98,0.934,0.602,1846.786,18.023809523809522,0.6617080000000001,12.624,0.371
519693,Waghpura,Desar,22.760329,73.26441,208.0,37.0,0.0,0.564,Medium (Mitigation),117.31199999999998,86.0,2.419,108.0,100.0,0.0,41.38,55.17,0.0,2.3,47.92,2,0,1,30.0,60.0,0.0,1.0,1.0,1,85.0,0.838,249.6,0.52,0.52,0.52,0.98,0.865,0.561,117.31199999999998,0.0,1.3643159999999999,16.919999999999998,0.52
519694,Tansiya,Desar,22.750929,73.274869,917.0,149.0,0.0,0.495,Medium (Mitigation),453.915,154.0,5.955,469.0,448.0,0.0,3.85,74.62,0.0,17.69,46.39,2,0,0,27.0,57.0,0.0,1.0,0.0,0,82.5,1.912,249.6,0.472,0.63,0.472,0.98,0.851,0.552,453.915,0.0,2.947725,13.365,0.0
519699,Desar,Desar,22.724372,73.31478,6396.0,1270.0,10.3,0.541,Medium (Mitigation),3460.2360000000003,1710.0,3.74,3296.0,3100.0,0.0,0.76,81.06,0.23,0.12,85.58,2,1,2,22.0,60.0,0.0,1.0,1.0,1,90.0,1.036,234.4,0.484,0.56,0.484,0.98,0.868,0.573,3460.2360000000003,4.904761904761905,2.02334,11.902000000000001,0.484
519695,Himmatpura,Desar,22.742906,73.278312,1095.0,245.0,0.0,0.464,Medium (Mitigation),508.08,268.0,4.086,578.0,517.0,0.0,23.51,73.51,0.0,1.49,59.9,2,0,0,25.0,55.0,0.0,1.0,0.0,0,87.5,2.266,249.6,0.417,0.57,0.417,0.98,0.882,0.571,508.08000000000004,0.0,1.8959040000000003,11.600000000000001,0.0
519696,Dungripura I,Desar,22.739024,73.271448,1110.0,210.0,0.0,0.504,Medium (Mitigation),559.44,179.0,6.201,593.0,517.0,0.0,24.73,64.52,0.0,0.0,75.0,2,0,0,25.0,54.0,0.0,1.0,0.0,0,85.0,1.561,249.6,0.487,0.64,0.487,0.98,0.867,0.562,559.44,0.0,3.125304,12.6,0.0
519700,Valavav,Desar,22.723502,73.331573,904.0,185.0,27.88,0.517,Medium (Mitigation),467.368,492.0,1.837,459.0,445.0,0.0,0.81,83.74,0.0,2.85,78.88,3,1,1,19.0,55.0,0.0,1.0,0.0,1,95.0,0.02,251.2,0.55,0.51,0.55,0.98,0.939,0.603,467.368,8.993548387096773,0.949729,9.823,0.55
519697,Intvad,Desar,22.7274,73.271766,1693.0,353.0,2.78,0.507,Medium (Mitigation),858.351,817.0,2.072,895.0,798.0,0.0,41.86,55.57,0.0,0.0,44.05,2,1,0,25.0,60.0,0.0,1.0,1.0,1,85.0,1.594,251.2,0.466,0.51,0.466,0.98,0.874,0.569,858.351,1.3238095238095238,1.050504,12.675,0.466
519702,Jesar Gopari,Desar,22.707522,73.377173,1881.0,437.0,5.79,0.461,Medium (Mitigation),867.1410000000001,457.0,4.116,986.0,895.0,0.0,5.91,86.43,0.0,3.5,96.2,2,1,1,32.0,65.0,0.0,1.0,0.0,0,95.0,0.089,251.2,0.554,0.57,0.554,0.98,0.917,0.582,867.1410000000001,2.757142857142857,1.897476,14.752,0.0
519704,Kadachhala,Desar,22.70282,73.329977,1724.0,387.0,12.47,0.544,Medium (Mitigation),937.856,647.0,2.665,908.0,816.0,0.0,6.29,85.58,1.53,0.92,73.3,3,0,0,17.0,55.0,0.0,1.0,1.0,1,95.0,0.559,249.6,0.515,0.53,0.515,0.98,0.924,0.592,937.8560000000001,4.02258064516129,1.4497600000000002,9.248000000000001,0.515
519703,Vaktapura,Desar,22.698117,73.353822,1184.0,227.0,0.51,0.44,Medium (Mitigation),520.96,389.0,3.044,636.0,548.0,0.0,38.56,59.38,0.0,0.0,86.58,2,1,1,21.0,62.0,0.0,1.0,0.0,0,87.5,0.022,252.0,0.57,0.54,0.57,0.98,0.878,0.562,520.96,0.24285714285714285,1.33936,9.24,0.0
519705,Manekla,Desar,22.704202,73.274686,572.0,118.0,0.0,0.58,Medium (Mitigation),331.76,137.0,4.175,310.0,262.0,0.0,17.65,78.68,0.0,0.0,51.4,2,0,0,22.0,77.0,0.0,1.0,1.0,1,87.5,1.317,251.2,0.485,0.58,0.485,0.98,0.883,0.571,331.76,0.0,2.4214999999999995,12.76,0.485
519706,Moti Varnoli,Desar,22.692163,73.274425,1388.0,301.0,9.87,0.517,Medium (Mitigation),717.596,158.0,8.785,728.0,660.0,0.0,8.86,74.68,0.0,10.13,84.75,2,1,0,22.0,60.0,0.0,1.0,0.0,0,87.5,1.051,249.6,0.523,0.71,0.523,0.98,0.902,0.592,717.596,4.699999999999999,4.541845,11.374,0.0
519712,Pipalchhat Vanto,Desar,22.694689,73.38464,310.0,70.0,0.0,0.583,Medium (Mitigation),180.73,85.0,3.647,151.0,159.0,0.0,22.35,75.29,0.0,0.0,53.12,2,0,1,17.0,60.0,0.0,0.0,1.0,1,87.5,0.819,250.4,0.517,0.56,0.517,0.98,0.897,0.584,180.73,0.0,2.1262009999999996,9.911,0.517
519707,Nani Varnoli,Desar,22.691971,73.291851,263.0,69.0,3.8,0.556,Medium (Mitigation),146.228,248.0,1.06,141.0,122.0,0.0,62.1,36.29,0.0,0.0,55.56,2,0,0,25.0,61.0,0.0,1.0,1.0,1,95.0,0.687,248.8,0.498,0.48,0.498,0.98,0.93,0.6,146.228,1.8095238095238093,0.5893600000000001,13.900000000000002,0.498
519711,Dolatpura,Desar,22.692905,73.367228,484.0,122.0,27.07,0.618,Medium (Mitigation),299.112,135.0,3.585,249.0,235.0,0.0,14.81,80.74,0.0,0.0,49.54,2,0,1,17.0,71.0,0.0,0.0,1.0,1,87.5,0.618,252.8,0.532,0.56,0.532,0.98,0.898,0.583,299.112,12.89047619047619,2.2155299999999998,10.506,0.532
519713,Rampuri Narpuri,Desar,22.6889,73.381596,508.0,110.0,0.0,0.608,Medium (Mitigation),308.864,80.0,6.35,261.0,247.0,0.0,17.5,80.0,0.0,0.0,53.12,2,0,1,17.0,65.0,0.0,0.0,1.0,1,87.5,1.46,251.2,0.484,0.64,0.484,0.98,0.886,0.572,308.864,0.0,3.8608,10.336,0.484
519708,Chhalier,Desar,22.690042,73.310529,4027.0,859.0,5.31,0.568,Medium (Mitigation),2287.336,815.0,4.941,2122.0,1905.0,0.0,11.17,88.22,0.0,0.0,43.12,2,1,0,22.0,57.0,0.0,1.0,1.0,1,90.0,0.271,248.0,0.549,0.6,0.549,0.98,0.895,0.582,2287.336,2.5285714285714285,2.806488,12.495999999999999,0.549
519710,Ghemalpura,Desar,22.688546,73.3522,404.0,95.0,12.38,0.594,Medium (Mitigation),239.976,116.0,3.483,210.0,194.0,0.0,8.62,82.76,0.0,0.0,72.92,2,0,0,23.0,78.0,0.0,1.0,1.0,1,85.0,0.808,249.6,0.527,0.55,0.527,0.98,0.868,0.563,239.976,5.895238095238096,2.068902,13.661999999999999,0.527
519709,Vankaneda,Desar,22.689375,73.342643,1543.0,338.0,3.05,0.482,Medium (Mitigation),743.726,223.0,6.919,834.0,709.0,0.0,8.07,83.86,0.0,0.0,74.87,3,0,1,20.0,77.0,0.0,1.0,0.0,0,87.5,0.953,251.2,0.523,0.66,0.523,0.98,0.885,0.572,743.726,0.9838709677419354,3.334958,9.64,0.0
519718,Rajpur,Desar,22.681284,73.285408,578.0,126.0,0.0,0.539,Medium (Mitigation),311.54200000000003,355.0,1.628,301.0,277.0,0.0,53.73,40.68,0.0,0.31,76.34,2,0,0,19.0,52.0,0.0,1.0,1.0,1,87.5,1.712,248.8,0.445,0.5,0.445,0.98,0.878,0.57,311.54200000000003,0.0,0.877492,10.241000000000001,0.445
519726,Pipalchhat,Desar,22.683959,73.394569,738.0,156.0,38.48,0.665,High (Relocation Priority),490.77,115.0,6.417,384.0,354.0,0.0,5.26,91.23,0.0,0.0,48.08,2,0,1,25.0,62.0,0.0,0.0,1.0,1,95.0,1.084,250.4,0.495,0.64,0.495,0.98,0.936,0.602,490.77000000000004,18.323809523809523,4.267305,16.625,0.495
519714,Vadiya Pandu,Desar,22.681779,73.372321,226.0,47.0,2.21,0.466,Medium (Mitigation),105.316,146.0,1.548,109.0,117.0,0.0,42.47,50.0,0.0,0.0,52.05,2,0,0,14.0,58.0,0.0,1.0,0.0,0,92.5,0.309,253.6,0.53,0.5,0.53,0.98,0.926,0.594,105.316,1.0523809523809524,0.721368,6.524,0.0
519715,Rajupura,Desar,22.678101,73.357688,988.0,216.0,31.58,0.598,Medium (Mitigation),590.824,215.0,4.595,509.0,479.0,0.0,20.83,74.54,0.93,0.0,49.69,2,1,1,15.0,70.0,0.0,0.0,1.0,1,87.5,0.148,249.6,0.568,0.59,0.568,0.98,0.891,0.577,590.824,15.038095238095236,2.74781,8.969999999999999,0.568
519716,Limdanu Muvadu,Desar,22.675546,73.343148,260.0,56.0,8.46,0.546,Medium (Mitigation),141.96,100.0,2.6,143.0,117.0,0.0,6.0,90.0,0.0,0.0,77.78,3,0,0,23.0,80.0,0.0,1.0,1.0,1,82.5,0.181,250.4,0.579,0.53,0.579,0.98,0.87,0.572,141.96,2.7290322580645165,1.4196000000000002,12.558000000000002,0.579
519725,Pandu,Desar,22.67458,73.381692,1911.0,361.0,12.04,0.52,Medium (Mitigation),993.72,239.0,7.996,968.0,943.0,0.0,10.46,71.13,0.0,0.84,52.94,2,1,1,10.0,56.0,0.0,1.0,0.0,0,90.0,0.19,252.8,0.57,0.69,0.57,0.98,0.906,0.583,993.72,5.7333333333333325,4.157920000000001,5.2,0.0
519727,Sanpiya,Desar,22.676801,73.404608,814.0,159.0,0.0,0.523,Medium (Mitigation),425.722,148.0,5.5,405.0,409.0,0.0,1.36,63.27,0.0,0.0,48.39,2,0,1,17.0,60.0,0.0,0.0,0.0,0,95.0,0.031,252.0,0.566,0.62,0.566,0.98,0.94,0.603,425.72200000000004,0.0,2.8765,8.891,0.0
519719,Pratappura,Desar,22.67092,73.295452,1904.0,399.0,1.58,0.63,Medium (Mitigation),1199.52,197.0,9.665,1026.0,878.0,0.0,35.03,50.25,0.0,10.66,100.0,2,0,0,17.0,50.0,0.0,1.0,1.0,1,95.0,1.69,250.4,0.468,0.74,0.468,0.98,0.936,0.603,1199.52,0.7523809523809524,6.08895,10.71,0.468
519698,Nani Varnoli Vanto,Desar,22.711908,73.279058,390.0,75.0,2.82,0.58,Medium (Mitigation),226.2,103.0,3.786,200.0,190.0,0.0,5.77,89.42,0.0,0.0,75.27,2,0,0,22.0,67.0,0.0,1.0,1.0,1,82.5,1.219,249.6,0.51,0.56,0.51,0.98,0.848,0.55,226.2,1.3428571428571427,2.19588,12.76,0.51
519717,Kalyan Patelnu Muvadu,Desar,22.67911,73.317626,218.0,46.0,0.0,0.557,Medium (Mitigation),121.42600000000002,211.0,1.033,113.0,105.0,0.94,14.15,83.96,0.0,0.0,44.94,2,0,1,30.0,60.0,0.0,0.0,1.0,1,90.0,0.116,251.2,0.543,0.48,0.543,0.98,0.904,0.582,121.42600000000002,0.0,0.575381,16.71,0.543
519776,Singaniya,Savli,22.515372,73.408679,302.0,70.0,11.26,0.47,Medium (Mitigation),141.94,215.0,1.405,159.0,143.0,0.0,3.26,84.65,0.0,5.12,57.69,2,0,1,7.0,37.0,0.0,1.0,0.0,0,92.5,0.504,246.4,0.511,0.49,0.511,0.98,0.913,0.593,141.94,5.3619047619047615,0.66035,3.29,0.0
519775,Khakhariya,Savli,22.541527,73.404569,2023.0,432.0,24.47,0.379,Low (Monitoring),766.717,694.0,2.915,1041.0,982.0,0.0,0.58,85.01,0.0,5.19,79.49,3,1,1,10.0,40.0,0.0,1.0,0.0,0,85.0,2.794,250.4,0.386,0.54,0.386,0.98,0.866,0.56,766.717,7.893548387096773,1.1047850000000001,3.79,0.0
519929,Rajpura,Vaghodia,22.49415,73.408481,2277.0,469.0,2.46,0.556,Medium (Mitigation),1266.0120000000002,442.0,5.152,1168.0,1109.0,0.0,2.52,48.32,13.87,2.52,86.96,2,1,1,12.0,34.0,0.0,0.0,1.0,1,92.5,1.08,247.2,0.488,0.6,0.488,0.98,0.915,0.593,1266.0120000000002,1.1714285714285713,2.8645120000000004,6.672000000000001,0.488
519930,Sarnej,Vaghodia,22.479316,73.412146,2297.0,482.0,26.86,0.51,Medium (Mitigation),1171.47,635.0,3.617,1172.0,1125.0,0.0,2.68,66.46,0.0,5.35,47.39,2,0,1,10.0,34.0,0.0,0.0,0.0,0,95.0,1.353,247.2,0.463,0.56,0.463,0.98,0.944,0.614,1171.47,12.79047619047619,1.84467,5.1,0.0
519932,Hansapura,Vaghodia,22.464653,73.405246,1216.0,266.0,9.46,0.603,Medium (Mitigation),733.2479999999999,174.0,6.989,641.0,575.0,0.0,8.0,57.14,0.0,4.57,40.0,3,0,1,12.0,32.0,0.0,1.0,1.0,1,90.0,0.008,245.6,0.576,0.66,0.576,0.98,0.884,0.572,733.2479999999999,3.0516129032258066,4.214367,7.236,0.576
519931,Khandiwada,Vaghodia,22.45873,73.420955,1033.0,220.0,23.81,0.573,Medium (Mitigation),591.909,225.0,4.591,537.0,496.0,0.0,20.89,73.33,0.0,0.0,60.61,2,1,1,8.0,34.0,0.0,1.0,1.0,1,90.0,0.922,246.4,0.501,0.59,0.501,0.98,0.886,0.573,591.909,11.338095238095237,2.630643,4.584,0.501
519729,Kaslapura,Desar,22.661765,73.412087,758.0,162.0,9.37,0.479,Medium (Mitigation),363.082,287.0,2.641,400.0,358.0,0.0,4.97,84.77,9.27,0.0,41.02,2,0,1,23.0,63.0,0.0,0.0,0.0,0,92.5,0.855,248.8,0.494,0.53,0.494,0.98,0.917,0.593,363.082,4.461904761904761,1.265039,11.017,0.0
519689,Tulsigam,Desar,22.772278,73.398801,1546.0,303.0,57.96,0.602,Medium (Mitigation),930.692,1399.0,1.105,791.0,755.0,0.0,0.21,88.14,0.0,2.07,85.9,2,0,1,20.0,72.0,0.0,1.0,1.0,1,97.5,2.149,249.6,0.396,0.48,0.396,0.98,0.95,0.614,930.692,27.599999999999998,0.66521,12.04,0.396
519690,Vachchhesar,Desar,22.764564,73.401582,2695.0,516.0,18.63,0.545,Medium (Mitigation),1468.775,551.0,4.891,1359.0,1336.0,0.0,0.18,86.91,0.0,4.55,64.85,2,1,1,25.0,68.0,0.0,1.0,1.0,1,95.0,3.025,250.4,0.353,0.6,0.353,0.98,0.936,0.603,1468.775,8.87142857142857,2.665595,13.625000000000002,0.353
519728,Mokampura,Desar,22.670578,73.41003,795.0,170.0,10.94,0.524,Medium (Mitigation),416.58,142.0,5.599,417.0,378.0,0.0,3.29,81.58,13.16,0.0,60.48,2,0,1,25.0,64.0,0.0,0.0,0.0,0,92.5,0.72,251.2,0.518,0.62,0.518,0.98,0.922,0.593,416.58000000000004,5.209523809523809,2.933876,13.100000000000001,0.0
