village_code,village_name,subdistrict,latitude,longitude,geo_area_ha,pct_non_agri_builtup,pct_barren_uncultivable,total_population,population_density_per_ha,road_connectivity_score,healthcare_access_score,drainage_quality_score,tapwater_treated,tubewell_borehole,nearest_town_dist_km,district_hq_dist_km,flood_hazard_score_FROM_MODEL1,landslide_susceptibility_score_FROM_MODEL4,buildable_area_ha_EXTERNAL_TOFILL,water_supply_capacity_lpd_EXTERNAL_TOFILL,protected_forest_wetland_overlap_EXTERNAL_TOFILL,land_ownership_status_EXTERNAL_TOFILL,land_acquisition_feasibility_EXTERNAL_TOFILL,employment_market_access_EXTERNAL_TOFILL,site_suitability_score_TARGET,estimated_carrying_capacity_TARGET
521212,Alampura,Karjan,21.852286,73.21197,195.0,2.05,7.69,639.0,3.277,1,0,1,0.0,1.0,15.0,52.0,0.364,0.631,68.2,54315.0,0,Private / Mixed,Medium,Moderate,0.519,3069
521189,Ranapur,Karjan,21.948871,73.255503,618.0,2.59,23.14,1166.0,1.887,2,0,1,0.0,1.0,20.0,50.0,0.516,0.639,216.3,99110.0,0,Government Revenue Land,High,Moderate,0.724,9733
521185,Latipur Timbi,Karjan,21.946091,73.184216,230.0,2.34,1.87,908.0,3.948,2,0,0,0.0,1.0,20.0,41.0,0.49,0.629,80.5,77180.0,0,Private / Mixed,Medium,Moderate,0.641,3622
521005,Surajghoda,Dabhoi,22.067393,73.538224,79.0,1.28,7.69,77.0,0.975,2,0,0,0.0,1.0,16.0,48.0,0.479,0.607,27.6,6545.0,0,Private / Mixed,Medium,Moderate,0.578,1242
521135,Kanabha,Karjan,22.0648,73.030688,451.0,1.21,1.01,1574.0,3.49,2,0,0,0.0,1.0,10.0,45.0,0.553,0.592,157.8,133790.0,0,Private / Mixed,Medium,High,0.718,7101
521141,Karamadi,Karjan,22.050547,73.08421,391.0,1.3,5.22,1763.0,4.509,2,0,0,0.0,1.0,3.0,40.0,0.466,0.585,136.8,149855.0,0,Private / Mixed,Medium,High,0.732,6156
521220,Vaniyad,Sinor,22.028989,73.401592,632.0,14.87,0.79,851.0,1.347,2,0,2,0.0,1.0,14.0,48.0,0.346,0.648,221.2,72335.0,0,Private / Mixed,Medium,High,0.782,9954
521206,Lilod,Karjan,21.882002,73.226019,387.0,1.69,19.57,1223.0,3.16,2,0,1,0.0,1.0,18.0,54.0,0.532,0.627,135.4,103955.0,0,Government Revenue Land,High,Moderate,0.7,6093
521097,Bhadara,Padra,22.141,73.033592,385.0,1.3,4.42,730.0,1.896,2,0,1,0.0,1.0,13.0,40.0,0.51,0.585,134.8,62050.0,0,Private / Mixed,Medium,High,0.713,6066
519880,Rabhipura,Vadodara Rural,22.168777,73.231734,195.0,2.56,10.77,619.0,3.174,1,0,0,0.0,1.0,22.0,22.0,0.569,0.593,68.2,52615.0,0,Private / Mixed,Medium,Moderate,0.453,3069
519890,Meghakui,Vadodara Rural,22.138633,73.278804,446.0,0.93,8.16,1208.0,2.709,2,0,2,0.0,1.0,21.0,21.0,0.34,0.625,156.1,102680.0,0,Private / Mixed,Medium,Moderate,0.787,7024
519858,Talsat,Vadodara Rural,22.238004,73.1711,230.0,12.23,0.44,1124.0,4.887,2,1,2,0.0,1.0,12.0,12.0,0.512,0.649,80.5,95540.0,0,Private / Mixed,Medium,High,0.631,3622
519835,Sisva,Vadodara Rural,22.397016,73.178636,418.0,7.32,4.07,2799.0,6.696,2,1,0,0.0,1.0,15.0,15.0,0.559,0.606,146.3,237915.0,0,Private / Mixed,Medium,Moderate,0.709,6583
519884,Vadsala,Vadodara Rural,22.157934,73.174287,695.0,0.45,0.0,3156.0,4.541,1,0,1,0.0,1.0,18.0,18.0,0.441,0.615,243.2,268260.0,0,Private / Mixed,Medium,Moderate,0.603,10944
519876,Hansajipura,Vadodara Rural,22.205196,73.260987,254.0,0.8,0.8,223.0,0.878,2,0,1,0.0,1.0,15.0,15.0,0.375,0.636,88.9,18955.0,0,Private / Mixed,Medium,Moderate,0.692,4000
519861,Chikhodara,Vadodara Rural,22.233156,73.236326,591.0,5.41,0.0,1747.0,2.956,2,0,2,0.0,1.0,10.0,10.0,0.507,0.597,206.8,148495.0,0,Private / Mixed,Medium,High,0.733,9306
802597,Por Ramangamdi INA,Vadodara Rural,22.142991,73.180844,0.0,,,311.0,,0,0,0,,,0.0,,0.548,0.596,0.0,26435.0,0,Private / Mixed,Medium,High,0.239,0
519915,Sama OG,Vadodara Rural,22.347302,73.207008,0.0,,,0.0,,0,0,0,,,0.0,,0.55,0.587,0.0,0.0,0,Private / Mixed,Medium,High,0.239,0
521151,Dhamanja,Karjan,21.998056,73.080688,581.0,0.52,4.48,890.0,1.532,2,0,0,0.0,1.0,8.0,46.0,0.529,0.584,203.4,75650.0,0,Private / Mixed,Medium,High,0.727,9153
521152,Lakodara,Karjan,21.995859,73.111902,738.0,1.27,2.68,1947.0,2.638,3,0,0,0.0,1.0,7.0,37.0,0.538,0.595,258.3,165495.0,0,Private / Mixed,Medium,High,0.872,11623
521162,Osalam,Karjan,21.991137,73.145019,817.0,0.98,3.92,1678.0,2.054,2,0,1,0.0,1.0,12.0,45.0,0.393,0.65,286.0,142630.0,0,Private / Mixed,Medium,High,0.765,12870
521112,Kotna,Padra,22.0948,72.981493,748.0,2.41,5.35,1214.0,1.623,2,0,1,0.0,1.0,15.0,40.0,0.498,0.606,260.8,103190.0,0,Private / Mixed,Medium,Moderate,0.735,11736
521116,Kothwada,Padra,22.110103,73.07992,235.0,8.51,4.68,780.0,3.319,2,0,1,0.0,0.0,10.0,28.0,0.539,0.618,82.2,66300.0,0,Private / Mixed,Medium,High,0.628,3699
521113,Shahera,Padra,22.100724,73.017333,310.0,5.81,4.84,869.0,2.803,1,0,1,0.0,1.0,17.0,37.0,0.512,0.593,108.2,73865.0,0,Private / Mixed,Medium,Moderate,0.526,4869
521117,Vasnaref,Padra,22.08068,72.97523,434.0,5.76,3.23,407.0,0.938,2,0,1,0.0,1.0,16.0,51.0,0.506,0.586,151.9,34595.0,0,Private / Mixed,Medium,Moderate,0.735,6835
521119,Sokhdaraghu,Padra,22.064954,72.97663,351.0,3.98,0.57,2015.0,5.741,2,0,1,0.0,1.0,15.0,51.0,0.527,0.626,122.8,171275.0,0,Private / Mixed,Medium,Moderate,0.685,5526
519899,Kashipura,Vadodara Rural,22.116365,73.166323,469.0,0.42,0.84,1117.0,2.382,2,1,2,0.0,1.0,8.0,22.0,0.402,0.606,164.1,94945.0,0,Private / Mixed,Medium,High,0.768,7384
519898,Sarar,Vadodara Rural,22.104863,73.149804,1103.0,0.2,1.08,2480.0,2.248,2,0,2,0.0,1.0,8.0,20.0,0.482,0.607,386.0,210800.0,0,Private / Mixed,Medium,High,0.74,17370
251215,Karjan,Karjan,22.053736,73.127378,0.0,,,30405.0,,0,0,0,0.0,0.0,0.0,,0.651,0.286,0.0,2584425.0,0,Private / Mixed,Medium,High,0.249,0
520999,Mandala,Dabhoi,22.082633,73.328643,1879.0,0.43,1.6,3427.0,1.824,3,1,2,0.0,1.0,10.0,30.0,0.522,0.574,611.4,291295.0,0,Private / Mixed,Medium,High,0.881,27513
520998,Parikha,Dabhoi,22.082741,73.291885,666.0,1.05,8.87,1131.0,1.698,2,0,2,0.0,1.0,15.0,25.0,0.424,0.286,233.1,96135.0,0,Private / Mixed,Medium,Moderate,0.809,10489
520973,Nada,Dabhoi,22.131256,73.375066,1044.0,0.0,1.82,1826.0,1.749,3,1,0,0.0,1.0,5.0,35.0,0.293,0.573,336.4,155210.0,0,Private / Mixed,Medium,High,0.962,15137
520979,Sejpura,Dabhoi,22.122262,73.298782,233.0,0.0,4.31,421.0,1.807,2,0,0,0.0,1.0,12.0,30.0,0.487,0.621,79.4,35785.0,0,Private / Mixed,Medium,High,0.642,3573
520982,Tharvasa,Dabhoi,22.112532,73.392616,340.0,4.71,0.0,731.0,2.15,3,0,0,0.0,1.0,3.0,45.0,0.404,0.586,119.0,62135.0,0,Private / Mixed,Medium,High,0.879,5355
520981,Baripura,Dabhoi,22.112979,73.33336,388.0,16.24,3.87,720.0,1.856,2,0,0,0.0,1.0,9.0,27.0,0.497,0.605,135.8,61200.0,0,Private / Mixed,Medium,High,0.716,6111
520980,Vakhatpura,Dabhoi,22.115875,73.315005,181.0,13.26,0.0,180.0,0.994,1,0,0,0.0,1.0,11.0,30.0,0.528,0.576,63.4,15300.0,0,Private / Mixed,Medium,High,0.463,2853
520991,Habipura,Dabhoi,22.106409,73.353946,979.0,0.31,8.69,1688.0,1.724,3,0,0,0.0,1.0,6.0,36.0,0.512,0.584,342.6,143480.0,0,Private / Mixed,Medium,High,0.883,15417
520978,Chhatral,Dabhoi,22.109304,73.290473,548.0,0.91,2.19,1170.0,2.135,2,1,2,0.0,1.0,15.0,45.0,0.541,0.593,191.8,99450.0,0,Private / Mixed,Medium,Moderate,0.722,8631
520977,Khanpur,Dabhoi,22.11699,73.276368,426.0,0.0,19.01,918.0,2.155,2,0,1,0.0,1.0,19.0,25.0,0.445,0.614,149.1,78030.0,0,Government Revenue Land,High,Moderate,0.751,6709
520994,Menpura,Dabhoi,22.106381,73.232355,447.0,10.51,0.0,1048.0,2.345,2,0,2,0.0,1.0,22.0,29.0,0.416,0.63,156.4,89080.0,0,Private / Mixed,Medium,Moderate,0.76,7038
520993,Kunvarpura,Dabhoi,22.102555,73.268697,289.0,5.19,2.77,482.0,1.668,0,0,1,0.0,0.0,20.0,32.0,0.457,0.606,101.1,40970.0,0,Private / Mixed,Medium,Moderate,0.384,4549
521128,Bamangam,Karjan,22.103873,73.192831,725.0,6.56,3.98,1884.0,2.599,3,1,1,0.0,1.0,9.0,25.0,0.507,0.598,253.7,160140.0,0,Private / Mixed,Medium,High,0.883,11416
519905,Samsabad,Vadodara Rural,22.120986,73.265597,617.0,0.71,2.32,801.0,1.298,2,0,1,0.0,1.0,21.0,21.0,0.363,0.615,216.0,68085.0,0,Private / Mixed,Medium,Moderate,0.781,9720
520987,Navi Mangrol,Dabhoi,22.095945,73.471121,235.0,12.29,0.0,394.0,1.677,2,0,0,0.0,0.0,8.0,36.0,0.531,0.563,82.2,33490.0,0,Private / Mixed,Medium,High,0.639,3699
521020,Manpur,Dabhoi,22.05,73.448552,186.0,0.0,11.83,371.0,1.995,2,0,0,0.0,1.0,14.0,48.0,0.558,0.578,65.1,31535.0,0,Private / Mixed,Medium,High,0.605,2929
521023,Akoti,Dabhoi,22.041523,73.490974,501.0,0.0,8.18,1091.0,2.178,3,0,0,0.0,1.0,10.0,40.0,0.416,0.606,165.2,92735.0,0,Private / Mixed,Medium,High,0.914,7433
521001,Sitpur,Dabhoi,22.08057,73.471272,943.0,0.0,0.0,1813.0,1.923,3,1,0,0.0,1.0,8.0,43.0,0.497,0.587,330.0,154105.0,0,Private / Mixed,Medium,High,0.888,14850
520989,Gamdi Kanayada,Dabhoi,22.095686,73.413239,433.0,4.86,9.95,981.0,2.266,2,0,0,0.0,1.0,5.0,40.0,0.536,0.596,151.5,83385.0,0,Private / Mixed,Medium,High,0.723,6817
521003,Dharmapura,Dabhoi,22.085604,73.534557,138.0,0.0,2.9,338.0,2.449,3,0,0,0.0,1.0,17.0,49.0,0.506,0.582,47.3,28730.0,0,Private / Mixed,Medium,Moderate,0.749,2128
521012,Vadaj,Dabhoi,22.075049,73.438367,1387.0,0.0,10.97,2266.0,1.634,2,1,2,0.0,1.0,7.0,45.0,0.424,0.617,485.4,192610.0,0,Private / Mixed,Medium,High,0.759,21843
521002,Bhilodiya,Dabhoi,22.079777,73.507412,624.0,0.0,13.62,1251.0,2.005,3,1,0,0.0,0.0,15.0,50.0,0.456,0.596,218.4,106335.0,0,Private / Mixed,Medium,Moderate,0.901,9828
521000,Kanayada,Dabhoi,22.076657,73.405223,377.0,6.1,2.92,1421.0,3.769,2,0,0,0.0,1.0,5.0,40.0,0.424,0.629,132.0,120785.0,0,Private / Mixed,Medium,High,0.733,5940
521010,Chanwada,Dabhoi,22.064168,73.468113,470.0,2.13,0.0,1686.0,3.587,3,1,0,0.0,1.0,11.0,41.0,0.486,0.587,164.5,143310.0,0,Private / Mixed,Medium,High,0.892,7402
521004,Para,Dabhoi,22.072918,73.531128,177.0,0.0,2.26,211.0,1.192,2,0,0,0.0,1.0,16.0,48.0,0.549,0.585,61.6,17935.0,0,Private / Mixed,Medium,Moderate,0.602,2772
521006,Asgol,Dabhoi,22.064052,73.533433,212.0,0.94,4.69,352.0,1.66,2,1,0,0.0,1.0,17.0,49.0,0.494,0.563,74.2,29920.0,0,Private / Mixed,Medium,Moderate,0.642,3339
521007,Araniya,Dabhoi,22.058945,73.527337,211.0,0.0,4.72,417.0,1.976,2,0,0,0.0,1.0,15.0,47.0,0.528,0.571,72.8,35445.0,0,Private / Mixed,Medium,Moderate,0.627,3276
521013,Ten Talav,Dabhoi,22.049604,73.413979,1401.0,0.0,6.99,3013.0,2.151,2,1,2,0.0,1.0,12.0,42.0,0.413,0.657,479.2,256105.0,0,Private / Mixed,Medium,High,0.757,21564
521009,Asodara,Dabhoi,22.048387,73.5033,665.0,0.15,19.1,746.0,1.122,2,0,2,0.0,1.0,15.0,47.0,0.443,0.584,232.7,63410.0,0,Government Revenue Land,High,Moderate,0.757,10471
521008,Nagdol,Dabhoi,22.053618,73.516519,281.0,2.49,11.03,557.0,1.982,2,0,0,0.0,1.0,17.0,49.0,0.539,0.574,98.4,47345.0,0,Private / Mixed,Medium,Moderate,0.656,4428
521011,Ordi,Dabhoi,22.050937,73.459476,263.0,0.76,15.91,742.0,2.821,2,0,0,0.0,1.0,13.0,43.0,0.536,0.564,92.0,63070.0,0,Government Revenue Land,High,High,0.65,4140
521022,Paragam,Dabhoi,22.040225,73.47484,223.0,20.18,0.0,582.0,2.61,2,0,0,0.0,1.0,10.0,40.0,0.533,0.555,78.0,49470.0,0,Private / Mixed,Medium,High,0.634,3510
521021,Rajpura,Dabhoi,22.034954,73.452827,293.0,0.68,10.54,759.0,2.59,2,1,1,0.0,0.0,17.0,57.0,0.492,0.566,102.6,64515.0,0,Private / Mixed,Medium,Moderate,0.68,4617
521026,Gumanpura,Dabhoi,22.027967,73.466711,204.0,0.0,22.55,365.0,1.789,1,0,0,0.0,0.0,14.0,40.0,0.508,0.583,71.4,31025.0,0,Government Revenue Land,High,High,0.48,3213
521025,Bhumasiya,Dabhoi,22.029212,73.484929,107.0,0.0,0.0,427.0,3.991,2,0,0,0.0,1.0,15.0,45.0,0.528,0.595,37.4,36295.0,0,Private / Mixed,Medium,Moderate,0.576,1683
521024,Sompura,Dabhoi,22.025399,73.498561,213.0,1.41,2.82,581.0,2.728,2,0,0,0.0,1.0,12.0,42.0,0.492,0.59,72.8,49385.0,0,Private / Mixed,Medium,High,0.636,3276
521030,Jesangpura,Dabhoi,22.019937,73.480743,297.0,0.34,0.0,102.0,0.343,2,0,0,0.0,1.0,12.0,42.0,0.499,0.576,91.7,8670.0,0,Private / Mixed,Medium,High,0.661,4126
521027,Sanor,Dabhoi,22.01772,73.454152,638.0,0.0,12.09,1258.0,1.972,2,1,0,0.0,0.0,23.0,58.0,0.443,0.668,223.3,106930.0,0,Private / Mixed,Medium,Moderate,0.745,10048
521031,Bhalodra,Dabhoi,22.010556,73.493043,465.0,0.0,28.39,657.0,1.413,2,0,0,0.0,1.0,25.0,60.0,0.494,0.613,162.8,55845.0,0,Government Revenue Land,High,Moderate,0.735,7326
521028,Mandva,Dabhoi,22.001965,73.434328,1161.0,25.47,0.0,2792.0,2.405,3,0,0,0.0,1.0,20.0,50.0,0.423,0.616,406.3,237320.0,0,Private / Mixed,Medium,Moderate,0.91,18283
521033,Gamdi,Dabhoi,21.999967,73.472539,339.0,0.0,0.0,138.0,0.407,2,0,1,0.0,1.0,23.0,43.0,0.49,0.584,118.6,11730.0,0,Private / Mixed,Medium,Moderate,0.699,5337
521029,Fulwadi,Dabhoi,22.007016,73.452339,429.0,3.97,24.53,593.0,1.382,3,0,0,0.0,1.0,20.0,50.0,0.397,0.627,150.1,50405.0,0,Government Revenue Land,High,Moderate,0.917,6754
521034,Chandod,Dabhoi,21.991799,73.460127,65.0,6.15,69.23,3019.0,46.446,3,1,1,0.0,1.0,20.0,50.0,0.519,0.594,22.8,256615.0,0,Government Revenue Land,High,Moderate,0.71,1026
521219,Nana Karala,Sinor,22.018617,73.417563,541.0,3.33,1.48,1173.0,2.168,1,1,2,0.0,1.0,14.0,50.0,0.288,0.648,189.4,99705.0,0,Private / Mixed,Medium,High,0.652,8523
521234,Satisana,Sinor,22.001769,73.406543,671.0,6.86,1.94,937.0,1.396,3,0,2,0.0,1.0,16.0,52.0,0.362,0.648,234.8,79645.0,0,Private / Mixed,Medium,Moderate,0.926,10566
521032,Baglipura,Dabhoi,22.003732,73.504446,91.0,0.0,4.44,422.0,4.637,2,1,0,0.0,1.0,20.0,53.0,0.443,0.604,31.8,35870.0,0,Private / Mixed,Medium,Moderate,0.597,1431
520985,Bhimpura Kukad,Dabhoi,22.139255,73.508042,665.0,5.11,15.34,1347.0,2.026,2,0,0,0.0,0.0,10.0,40.0,0.532,0.574,232.7,114495.0,0,Government Revenue Land,High,High,0.728,10471
520984,Karnet,Dabhoi,22.114336,73.484308,766.0,11.21,7.04,2044.0,2.668,1,1,0,0.0,1.0,8.0,40.0,0.52,0.574,266.4,173740.0,0,Private / Mixed,Medium,High,0.582,11987
520983,Boriyad,Dabhoi,22.120655,73.460479,325.0,21.78,9.2,1024.0,3.151,2,0,2,0.0,0.0,3.0,30.0,0.372,0.595,112.4,87040.0,0,Private / Mixed,Medium,High,0.73,5058
520988,Dharmpuri,Dabhoi,22.10525,73.445468,906.0,9.82,1.77,1732.0,1.912,3,0,2,0.0,1.0,4.0,35.0,0.492,0.599,317.1,147220.0,0,Private / Mixed,Medium,High,0.888,14269
520986,Juni Mangrol,Dabhoi,22.104319,73.475881,222.0,9.01,4.5,475.0,2.14,2,0,0,0.0,1.0,7.0,38.0,0.514,0.595,77.7,40375.0,0,Private / Mixed,Medium,High,0.634,3496
251213,Dabhoi,Dabhoi,22.132821,73.43051,0.0,,,51240.0,,0,0,0,0.0,0.0,0.0,,0.353,0.597,0.0,4355400.0,0,Private / Mixed,Medium,High,0.307,0
521017,Kayavarohan,Dabhoi,22.075851,73.250283,3361.0,0.0,2.98,8409.0,2.502,3,1,1,0.0,1.0,18.0,30.0,0.476,0.605,1156.7,714765.0,0,Private / Mixed,Medium,Moderate,0.893,52051
520995,Puniyad,Dabhoi,22.100616,73.213227,553.0,0.0,1.99,1544.0,2.792,2,1,2,0.0,1.0,13.0,22.0,0.502,0.614,188.0,131240.0,0,Private / Mixed,Medium,High,0.732,8460
520992,Kothara,Dabhoi,22.101065,73.306994,427.0,0.47,5.85,824.0,1.93,2,0,0,0.0,1.0,15.0,32.0,0.494,0.584,149.4,70040.0,0,Private / Mixed,Medium,Moderate,0.739,6723
520990,Sathod,Dabhoi,22.088947,73.380113,1806.0,0.11,2.71,3682.0,2.039,3,1,0,0.0,1.0,5.0,35.0,0.511,0.594,627.5,312970.0,0,Private / Mixed,Medium,High,0.882,28237
520997,Sultanpura,Dabhoi,22.081722,73.275647,248.0,0.0,12.1,559.0,2.254,2,0,0,0.0,1.0,18.0,21.0,0.513,0.605,86.8,47515.0,0,Private / Mixed,Medium,Moderate,0.645,3906
520996,Fofaliya,Dabhoi,22.077858,73.207523,455.0,0.88,6.61,985.0,2.165,1,0,2,0.0,1.0,13.0,22.0,0.426,0.621,159.2,83725.0,0,Private / Mixed,Medium,High,0.608,7163
521015,Pisai,Dabhoi,22.065104,73.353468,680.0,0.0,7.49,1396.0,2.053,2,0,1,0.0,1.0,12.0,44.0,0.423,0.607,238.0,118660.0,0,Private / Mixed,Medium,High,0.761,10710
521014,Shirola,Dabhoi,22.056849,73.383541,616.0,0.0,0.0,1599.0,2.596,3,0,2,0.0,1.0,9.0,42.0,0.5,0.63,215.6,135915.0,0,Private / Mixed,Medium,High,0.881,9702
521016,Karmal,Dabhoi,22.058746,73.302368,459.0,0.0,7.19,1401.0,3.052,2,1,2,0.0,1.0,14.0,40.0,0.451,0.598,160.6,119085.0,0,Private / Mixed,Medium,High,0.752,7227
521018,Lingsthali,Dabhoi,22.042229,73.252039,862.0,0.0,7.19,1935.0,2.245,1,1,1,0.0,1.0,26.0,36.0,0.486,0.639,301.7,164475.0,0,Private / Mixed,Medium,Moderate,0.584,13576
521019,Bananj,Dabhoi,22.024348,73.233382,418.0,0.0,2.63,835.0,1.998,2,0,0,0.0,1.0,14.0,34.0,0.368,0.617,146.3,70975.0,0,Private / Mixed,Medium,High,0.774,6583
521143,Dhanora,Karjan,22.081782,73.187754,322.0,3.03,0.61,741.0,2.301,2,0,1,0.0,1.0,8.0,34.0,0.426,0.609,112.7,62985.0,0,Private / Mixed,Medium,High,0.71,5071
521144,Gandhara,Karjan,22.053571,73.215055,780.0,1.28,8.97,1828.0,2.344,3,0,1,0.0,1.0,9.0,35.0,0.382,0.639,273.0,155380.0,0,Private / Mixed,Medium,High,0.92,12285
521145,Ganpatpura,Karjan,22.055872,73.196843,798.0,2.51,4.01,1466.0,1.837,3,1,1,0.0,1.0,7.0,30.0,0.447,0.64,279.3,124610.0,0,Private / Mixed,Medium,High,0.898,12568
521156,Dhavat,Karjan,22.033506,73.18218,1272.0,8.18,0.94,2340.0,1.84,3,0,1,0.0,1.0,6.0,40.0,0.439,0.629,445.2,198900.0,0,Private / Mixed,Medium,High,0.902,20034
521157,Kurali,Karjan,22.024655,73.212051,591.0,4.4,0.34,1924.0,3.255,3,1,1,0.0,1.0,10.0,40.0,0.287,0.642,206.8,163540.0,0,Private / Mixed,Medium,High,0.953,9306
521158,Vemar,Karjan,22.001203,73.236051,1045.0,7.08,2.3,2655.0,2.541,3,1,1,0.0,1.0,11.0,42.0,0.496,0.595,365.8,225675.0,0,Private / Mixed,Medium,High,0.887,16461
521160,Kasampur,Karjan,22.010784,73.197272,482.0,9.34,0.0,601.0,1.247,1,0,1,0.0,1.0,12.0,40.0,0.368,0.651,168.7,51085.0,0,Private / Mixed,Medium,High,0.624,7591
521159,Kothav,Karjan,22.000365,73.216065,505.0,0.99,6.92,998.0,1.976,2,0,1,0.0,1.0,10.0,39.0,0.424,0.66,176.8,84830.0,0,Private / Mixed,Medium,High,0.753,7956
521172,Nishaliya,Karjan,21.994476,73.203651,282.0,0.0,14.89,533.0,1.89,2,0,1,0.0,1.0,12.0,41.0,0.414,0.649,98.7,45305.0,0,Private / Mixed,Medium,High,0.689,4441
521171,Choranda,Karjan,21.988212,73.178437,1218.0,12.88,1.2,3674.0,3.016,1,1,1,0.0,1.0,10.0,35.0,0.371,0.628,426.3,312290.0,0,Private / Mixed,Medium,High,0.626,19183
521217,Sandha,Sinor,22.051567,73.333742,290.0,10.0,0.34,714.0,2.462,1,0,2,0.0,1.0,12.0,45.0,0.365,0.616,101.5,60690.0,0,Private / Mixed,Medium,High,0.565,4567
521218,Damnagar,Sinor,22.048448,73.35436,329.0,7.62,0.0,587.0,1.784,2,0,0,0.0,1.0,12.0,44.0,0.336,0.586,115.2,49895.0,0,Private / Mixed,Medium,High,0.748,5184
521216,Garadi,Sinor,22.046886,73.313492,379.0,6.32,0.79,1223.0,3.227,2,0,2,0.0,1.0,10.0,45.0,0.366,0.618,132.6,103955.0,0,Private / Mixed,Medium,High,0.756,5967
521215,Nana Habipura,Sinor,22.045817,73.288605,322.0,1.32,1.66,771.0,2.394,2,0,2,0.0,1.0,20.0,40.0,0.398,0.597,112.7,65535.0,0,Private / Mixed,Medium,Moderate,0.721,5071
521225,Achisara,Sinor,22.032329,73.319689,732.0,1.37,8.06,937.0,1.28,2,0,2,0.0,0.0,20.0,5.0,0.378,0.629,256.2,79645.0,0,Private / Mixed,Medium,Moderate,0.773,11529
521222,Puniyad,Sinor,22.034808,73.362022,683.0,10.25,2.2,1426.0,2.088,1,0,2,0.0,1.0,13.0,45.0,0.438,0.597,239.0,121210.0,0,Private / Mixed,Medium,High,0.607,10755
521221,Anandi,Sinor,22.027457,73.377876,758.0,0.26,14.78,1470.0,1.939,2,1,2,0.0,1.0,12.0,44.0,0.399,0.627,265.3,124950.0,0,Private / Mixed,Medium,High,0.766,11938
521223,Bhekhada,Sinor,22.034538,73.340775,201.0,12.5,0.0,572.0,2.846,1,1,2,0.0,1.0,16.0,51.0,0.388,0.648,70.4,48620.0,0,Private / Mixed,Medium,Moderate,0.511,3168
521214,Timbarva,Sinor,22.02638,73.271644,1551.0,7.48,0.71,2047.0,1.32,2,1,2,0.0,1.0,24.0,40.0,0.309,0.629,542.8,173995.0,0,Private / Mixed,Medium,Moderate,0.797,24425
521224,Chhanbhoi,Sinor,22.018022,73.343451,524.0,12.21,3.82,817.0,1.559,1,0,2,0.0,1.0,16.0,45.0,0.49,0.598,183.4,69445.0,0,Private / Mixed,Medium,Moderate,0.589,8253
521231,Avakhal,Sinor,22.0029,73.3245,1344.0,10.57,2.31,3162.0,2.353,3,1,2,0.0,1.0,19.0,48.0,0.525,0.598,470.4,268770.0,0,Private / Mixed,Medium,Moderate,0.877,21168
521232,Malpur,Sinor,22.006701,73.353646,461.0,6.72,1.74,1179.0,2.557,3,0,2,0.0,1.0,18.0,45.0,0.502,0.641,161.4,100215.0,0,Private / Mixed,Medium,Moderate,0.878,7263
521226,Tarva,Sinor,22.00933,73.267989,522.0,11.11,0.57,808.0,1.548,2,0,2,0.0,1.0,25.0,42.0,0.369,0.639,182.7,68680.0,0,Private / Mixed,Medium,Moderate,0.775,8221
521233,Segva,Sinor,22.006763,73.374721,453.0,0.98,0.79,1414.0,3.121,3,1,2,0.0,1.0,14.0,50.0,0.393,0.629,158.5,120190.0,0,Private / Mixed,Medium,High,0.918,7132
521230,Sadhli,Sinor,21.990856,73.297683,1133.0,5.57,0.88,6269.0,5.533,3,1,2,0.0,1.0,20.0,40.0,0.505,0.66,396.5,532865.0,0,Private / Mixed,Medium,Moderate,0.874,17842
521108,Sampla,Padra,22.092733,72.917623,871.0,7.81,3.1,1449.0,1.664,2,0,1,0.0,1.0,9.0,25.0,0.439,0.596,304.8,123165.0,0,Private / Mixed,Medium,High,0.757,13716
521107,Shanpur,Padra,22.104415,72.950166,518.0,8.49,2.12,1367.0,2.639,2,0,1,0.0,1.0,16.0,50.0,0.536,0.595,181.3,116195.0,0,Private / Mixed,Medium,Moderate,0.723,8158
521090,Kanzat,Padra,22.108455,72.889902,731.0,1.09,1.78,4659.0,6.373,3,1,1,0.0,1.0,10.0,48.0,0.532,0.593,234.2,396015.0,0,Private / Mixed,Medium,High,0.875,10539
521110,Bhanpur,Padra,22.090872,72.938779,315.0,5.41,0.64,801.0,2.543,2,0,1,0.0,1.0,14.0,41.0,0.497,0.607,110.2,68085.0,0,Private / Mixed,Medium,High,0.682,4959
521111,Vanchhara,Padra,22.075925,72.949723,859.0,5.36,3.61,1460.0,1.7,2,1,1,0.0,1.0,18.0,4.0,0.522,0.605,300.6,124100.0,0,Private / Mixed,Medium,Moderate,0.727,13527
521109,Danoli,Padra,22.069706,72.919621,482.0,10.58,2.9,1017.0,2.11,2,0,1,0.0,1.0,12.0,48.0,0.388,0.596,168.7,86445.0,0,Private / Mixed,Medium,High,0.775,7591
521118,Nedra,Padra,22.052913,72.928131,549.0,0.0,7.28,1030.0,1.876,2,0,1,0.0,1.0,18.0,50.0,0.51,0.606,192.1,87550.0,0,Private / Mixed,Medium,Moderate,0.731,8644
521227,Tinglod,Sinor,21.990449,73.25099,467.0,10.49,0.43,819.0,1.754,3,0,2,0.0,1.0,14.0,46.0,0.504,0.597,163.4,69615.0,0,Private / Mixed,Medium,High,0.884,7353
521122,Abhara,Karjan,22.088832,73.023087,650.0,2.28,4.55,1059.0,1.629,2,0,2,0.0,1.0,10.0,50.0,0.507,0.639,227.5,90015.0,0,Private / Mixed,Medium,High,0.727,10237
521142,Kandari,Karjan,22.080348,73.151713,1598.0,0.76,7.0,4295.0,2.688,3,1,1,0.0,1.0,4.0,30.0,0.481,0.64,559.3,365075.0,0,Private / Mixed,Medium,High,0.886,25168
521132,Kurai,Karjan,22.077144,73.102052,820.0,1.46,0.0,1473.0,1.796,2,1,1,0.0,1.0,3.0,32.0,0.427,0.627,287.0,125205.0,0,Private / Mixed,Medium,High,0.756,12915
521134,Handod,Karjan,22.074506,73.054631,1020.0,1.47,2.36,2095.0,2.054,2,1,0,0.0,1.0,6.0,42.0,0.43,0.597,357.0,178075.0,0,Private / Mixed,Medium,High,0.76,16065
521133,Khandha,Karjan,22.070567,73.073476,804.0,0.69,2.2,1362.0,1.694,2,0,0,0.0,1.0,4.0,38.0,0.446,0.606,281.4,115770.0,0,Private / Mixed,Medium,High,0.753,12662
521136,Chorbhuj,Karjan,22.061192,73.010019,847.0,1.94,4.96,1128.0,1.332,2,0,1,0.0,1.0,12.0,50.0,0.438,0.606,296.4,95880.0,0,Private / Mixed,Medium,High,0.756,13337
521123,Sambhoi,Karjan,22.107029,73.03894,712.0,0.67,7.63,1257.0,1.765,2,0,1,0.0,1.0,12.0,45.0,0.522,0.608,249.2,106845.0,0,Private / Mixed,Medium,High,0.726,11214
521124,Surwada,Karjan,22.107989,73.055006,487.0,1.62,3.23,1382.0,2.838,2,0,1,0.0,1.0,9.0,42.0,0.503,0.616,170.4,117470.0,0,Private / Mixed,Medium,High,0.732,7668
521121,Virjai,Karjan,22.100334,73.001793,1055.0,0.9,0.0,1738.0,1.647,2,1,2,0.0,1.0,11.0,60.0,0.471,0.593,369.2,147730.0,0,Private / Mixed,Medium,High,0.746,16614
521126,Pingalwada,Karjan,22.108714,73.097279,783.0,4.09,3.07,1508.0,1.926,3,1,1,0.0,1.0,8.0,40.0,0.504,0.598,274.0,128180.0,0,Private / Mixed,Medium,High,0.884,12330
521127,Harsunda,Karjan,22.10727,73.123008,169.0,4.14,3.55,463.0,2.74,2,0,1,0.0,1.0,7.0,40.0,0.536,0.609,59.2,39355.0,0,Private / Mixed,Medium,High,0.6,2664
521125,Manpur,Karjan,22.098113,73.075975,488.0,0.83,2.28,1022.0,2.094,2,0,0,0.0,1.0,8.0,41.0,0.522,0.606,170.8,86870.0,0,Private / Mixed,Medium,High,0.726,7686
521131,Anastu,Karjan,22.086903,73.114773,860.0,0.95,3.7,1899.0,2.208,2,1,1,0.0,1.0,4.0,36.0,0.5,0.643,301.0,161415.0,0,Private / Mixed,Medium,High,0.729,13545
521129,Manglej,Karjan,22.094203,73.173107,549.0,3.57,0.0,1297.0,2.362,3,0,1,0.0,1.0,8.0,32.0,0.554,0.588,192.1,110245.0,0,Private / Mixed,Medium,High,0.868,8644
521130,Kherda,Karjan,22.092915,73.136272,478.0,5.02,2.93,1211.0,2.533,2,0,1,0.0,1.0,6.0,40.0,0.507,0.607,167.3,102935.0,0,Private / Mixed,Medium,High,0.732,7528
521137,Umaj,Karjan,22.055899,72.964382,534.0,3.18,4.68,1167.0,2.185,2,1,1,0.0,1.0,16.0,50.0,0.466,0.596,186.9,99195.0,0,Private / Mixed,Medium,Moderate,0.748,8410
521146,Vemardi,Karjan,22.052172,73.172982,517.0,0.38,8.06,1212.0,2.344,3,0,1,0.0,0.0,6.0,32.0,0.481,0.652,181.0,103020.0,0,Private / Mixed,Medium,High,0.884,8145
521166,Mankan,Karjan,21.932658,73.069718,368.0,1.04,3.92,1792.0,4.87,2,0,1,0.0,1.0,2.0,65.0,0.477,0.626,128.8,152320.0,0,Private / Mixed,Medium,High,0.711,5796
521184,Sarupur Timbi,Karjan,21.929106,73.150558,337.0,3.26,5.34,768.0,2.279,2,0,1,0.0,1.0,19.0,55.0,0.533,0.638,118.0,65280.0,0,Private / Mixed,Medium,Moderate,0.675,5310
521183,Saniyad,Karjan,21.923933,73.173165,688.0,2.07,3.86,1228.0,1.785,1,1,0,0.0,1.0,7.0,55.0,0.442,0.605,240.8,104380.0,0,Private / Mixed,Medium,High,0.605,10836
521163,Dethan,Karjan,21.977393,73.104835,773.0,0.6,1.08,2225.0,2.878,3,1,1,0.0,1.0,10.0,42.0,0.471,0.594,270.5,189125.0,0,Private / Mixed,Medium,High,0.896,12172
521164,Valan,Karjan,21.954884,73.075371,2339.0,0.99,1.76,10182.0,4.353,3,1,1,0.0,1.0,3.0,45.0,0.515,0.594,811.0,865470.0,0,Private / Mixed,Medium,High,0.881,36495
521169,Atali,Karjan,21.963404,73.147394,714.0,9.37,1.82,1222.0,1.711,2,0,1,0.0,1.0,10.0,45.0,0.329,0.617,249.9,103870.0,0,Private / Mixed,Medium,High,0.792,11245
521170,Bachar,Karjan,21.962801,73.17002,620.0,1.03,0.44,1253.0,2.021,2,1,1,0.0,1.0,20.0,60.0,0.479,0.618,217.0,106505.0,0,Private / Mixed,Medium,Moderate,0.74,9765
521168,Kiya,Karjan,21.957047,73.121666,939.0,3.19,1.6,1410.0,1.502,2,0,0,0.0,0.0,5.0,42.0,0.402,0.607,328.6,119850.0,0,Private / Mixed,Medium,High,0.768,14787
521176,Urad,Karjan,21.941814,73.159467,451.0,1.09,9.85,1073.0,2.379,2,0,1,0.0,1.0,6.0,48.0,0.491,0.618,157.8,91205.0,0,Private / Mixed,Medium,High,0.735,7101
521177,Koliyad,Karjan,21.927209,73.131173,908.0,1.43,6.61,2612.0,2.877,2,1,1,0.0,1.0,5.0,55.0,0.452,0.617,317.8,222020.0,0,Private / Mixed,Medium,High,0.749,14301
521167,Divi,Karjan,21.933756,73.116397,429.0,1.4,11.16,844.0,1.967,2,0,1,0.0,1.0,4.0,45.0,0.368,0.607,150.1,71740.0,0,Private / Mixed,Medium,High,0.78,6754
521165,Mesrad,Karjan,21.930546,73.021135,1059.0,0.66,0.66,2174.0,2.053,2,1,1,0.0,1.0,3.0,58.0,0.496,0.64,370.6,184790.0,0,Private / Mixed,Medium,High,0.73,16677
521178,Sansrod,Karjan,21.912531,73.096947,931.0,2.61,0.43,5649.0,6.068,3,1,1,0.0,1.0,6.0,65.0,0.464,0.635,325.8,480165.0,0,Private / Mixed,Medium,High,0.892,14661
521182,Sanapura,Karjan,21.90548,73.145016,447.0,1.86,0.0,891.0,1.993,2,0,1,0.0,1.0,9.0,60.0,0.469,0.606,156.4,75735.0,0,Private / Mixed,Medium,High,0.745,7038
521181,Saring,Karjan,21.890801,73.129828,889.0,1.28,2.45,1731.0,1.947,2,0,1,0.0,1.0,14.0,58.0,0.426,0.617,311.2,147135.0,0,Private / Mixed,Medium,High,0.758,14004
521179,Haldarva,Karjan,21.896641,73.077939,631.0,1.42,3.14,2141.0,3.393,3,0,1,0.0,1.0,2.0,56.0,0.425,0.626,220.8,181985.0,0,Private / Mixed,Medium,High,0.907,9936
521195,Karan,Karjan,21.89618,73.168278,457.0,0.39,0.0,703.0,1.538,2,0,1,0.0,1.0,11.0,62.0,0.4,0.607,160.0,59755.0,0,Private / Mixed,Medium,High,0.769,7200
521180,Mantroj,Karjan,21.889077,73.10036,455.0,2.0,6.0,857.0,1.884,1,0,1,0.0,1.0,4.0,55.0,0.534,0.646,159.2,72845.0,0,Private / Mixed,Medium,High,0.566,7163
521196,Pachhiyapura,Karjan,21.894566,73.156396,676.0,1.91,2.65,1144.0,1.692,2,1,1,0.0,1.0,8.0,54.0,0.477,0.616,236.6,97240.0,0,Private / Mixed,Medium,High,0.741,10647
521197,Delvada,Karjan,21.877363,73.14759,284.0,0.96,16.56,504.0,1.775,2,0,1,0.0,1.0,5.0,56.0,0.508,0.617,99.4,42840.0,0,Government Revenue Land,High,High,0.662,4473
521199,Arjanpura,Karjan,21.867865,73.164557,121.0,1.61,3.23,368.0,3.041,2,0,0,0.0,1.0,11.0,61.0,0.479,0.616,42.3,31280.0,0,Private / Mixed,Medium,High,0.596,1903
521198,Somaj,Karjan,21.868243,73.149303,160.0,2.48,16.77,230.0,1.438,2,0,1,0.0,1.0,8.0,56.0,0.471,0.609,56.0,19550.0,0,Government Revenue Land,High,High,0.618,2520
521192,Samri,Karjan,21.935162,73.197469,265.0,5.49,0.0,1436.0,5.419,2,1,1,0.0,1.0,16.0,38.0,0.376,0.619,92.8,122060.0,0,Private / Mixed,Medium,Moderate,0.699,4176
521173,Methi,Karjan,21.973103,73.221783,575.0,7.48,1.57,1076.0,1.871,2,1,0,0.0,1.0,14.0,35.0,0.492,0.617,201.2,91460.0,0,Private / Mixed,Medium,High,0.735,9054
521174,Chhanchhva,Karjan,21.973599,73.197097,560.0,5.04,0.0,727.0,1.298,2,0,1,0.0,1.0,9.0,45.0,0.54,0.617,196.0,61795.0,0,Private / Mixed,Medium,High,0.718,8820
521175,Kala,Karjan,21.949247,73.1791,378.0,1.73,0.0,1323.0,3.5,2,0,1,0.0,1.0,20.0,42.0,0.531,0.619,132.3,112455.0,0,Private / Mixed,Medium,Moderate,0.698,5953
521187,Simli,Karjan,21.952537,73.220691,735.0,7.89,1.09,1682.0,2.288,2,0,1,0.0,1.0,18.0,38.0,0.447,0.617,257.2,142970.0,0,Private / Mixed,Medium,Moderate,0.751,11574
521186,Kanthariya,Karjan,21.947104,73.19995,404.0,7.18,1.73,574.0,1.421,2,0,1,0.0,1.0,20.0,45.0,0.392,0.628,141.4,48790.0,0,Private / Mixed,Medium,Moderate,0.757,6363
521188,Kothiya,Karjan,21.943,73.238991,461.0,2.0,15.63,1072.0,2.325,2,0,0,0.0,1.0,22.0,50.0,0.493,0.64,161.4,91120.0,0,Government Revenue Land,High,Moderate,0.731,7263
521190,Deroli,Karjan,21.935378,73.221769,393.0,1.9,13.3,581.0,1.478,2,1,0,0.0,1.0,20.0,48.0,0.476,0.657,137.5,49385.0,0,Private / Mixed,Medium,Moderate,0.718,6187
521193,Samra,Karjan,21.918272,73.193568,625.0,3.09,4.63,936.0,1.498,2,0,0,0.0,0.0,19.0,40.0,0.333,0.616,218.8,79560.0,0,Private / Mixed,Medium,Moderate,0.791,9846
521191,Fatepur,Karjan,21.918199,73.21762,476.0,1.25,25.0,668.0,1.403,2,0,0,0.0,1.0,20.0,55.0,0.501,0.637,166.6,56780.0,0,Government Revenue Land,High,Moderate,0.729,7497
521194,Sherpura,Karjan,21.905708,73.187584,163.0,1.16,5.2,238.0,1.46,2,0,0,0.0,1.0,15.0,65.0,0.292,0.596,57.0,20230.0,0,Private / Mixed,Medium,Moderate,0.684,2565
521203,Kahona,Karjan,21.90302,73.210746,414.0,4.82,12.77,582.0,1.406,1,0,0,0.0,1.0,23.0,42.0,0.46,0.595,144.9,49470.0,0,Private / Mixed,Medium,Moderate,0.593,6520
521140,Kambola,Karjan,22.040465,73.053253,960.0,1.19,4.18,1244.0,1.296,2,0,1,0.0,1.0,8.0,43.0,0.424,0.597,336.0,105740.0,0,Private / Mixed,Medium,High,0.762,15120
521202,Ropa,Karjan,21.890067,73.20414,188.0,2.66,10.11,729.0,3.878,2,0,0,0.0,1.0,20.0,55.0,0.421,0.626,65.8,61965.0,0,Private / Mixed,Medium,Moderate,0.646,2961
521204,Hirjipura,Karjan,21.896063,73.215054,152.0,6.62,13.91,212.0,1.395,1,1,0,0.0,1.0,23.0,42.0,0.491,0.607,53.2,18020.0,0,Private / Mixed,Medium,Moderate,0.458,2394
521201,Rarod,Karjan,21.873413,73.196423,687.0,1.82,2.66,1335.0,1.943,2,1,0,0.0,1.0,8.0,65.0,0.325,0.57,240.4,113475.0,0,Private / Mixed,Medium,High,0.801,10818
521200,Oz,Karjan,21.87564,73.180678,919.0,1.88,13.61,1616.0,1.758,2,0,1,0.0,1.0,12.0,62.0,0.381,0.606,321.6,137360.0,0,Private / Mixed,Medium,High,0.776,14472
521205,Bakapur,Karjan,21.890455,73.218039,186.0,6.99,12.9,114.0,0.613,1,0,1,0.0,1.0,23.0,42.0,0.498,0.627,65.1,9690.0,0,Private / Mixed,Medium,Moderate,0.468,2929
521208,Malod,Karjan,21.875783,73.219811,172.0,1.09,1.64,587.0,3.413,1,0,0,0.0,1.0,20.0,55.0,0.467,0.626,60.2,49895.0,0,Private / Mixed,Medium,Moderate,0.473,2709
521207,Sayar,Karjan,21.857272,73.234331,808.0,2.23,27.85,2364.0,2.926,2,0,1,0.0,1.0,15.0,67.0,0.482,0.631,282.8,200940.0,0,Government Revenue Land,High,Moderate,0.737,12726
521209,Sagdol,Karjan,21.861315,73.214469,500.0,0.6,15.6,1022.0,2.044,2,0,1,0.0,1.0,15.0,70.0,0.36,0.606,175.0,86870.0,0,Government Revenue Land,High,Moderate,0.783,7875
521210,Pura,Karjan,21.84658,73.185721,552.0,19.58,0.35,1149.0,2.082,2,0,0,0.0,1.0,16.0,76.0,0.443,0.65,193.2,97665.0,0,Private / Mixed,Medium,Moderate,0.747,8694
521213,Nani Koral,Karjan,21.836794,73.222085,524.0,1.53,16.41,723.0,1.38,1,0,1,0.0,1.0,16.0,52.0,0.49,0.647,183.4,61455.0,0,Government Revenue Land,High,Moderate,0.581,8253
521211,Moti Koral,Karjan,21.835705,73.206877,674.0,6.38,12.02,2809.0,4.168,2,1,0,0.0,1.0,15.0,78.0,0.493,0.629,235.9,238765.0,0,Private / Mixed,Medium,Moderate,0.733,10615
521235,Mota Karala,Sinor,21.985864,73.394809,908.0,8.49,0.55,1932.0,2.128,2,1,2,0.0,1.0,15.0,52.0,0.331,0.638,317.8,164220.0,0,Private / Mixed,Medium,Moderate,0.788,14301
521236,Simli,Sinor,21.984892,73.361907,844.0,8.41,0.59,1695.0,2.008,3,1,2,0.0,1.0,18.0,52.0,0.455,0.628,295.4,144075.0,0,Private / Mixed,Medium,Moderate,0.897,13292
521229,Utraj,Sinor,21.982802,73.275034,676.0,3.1,0.89,1851.0,2.738,3,1,2,0.0,1.0,10.0,42.0,0.491,0.638,236.6,157335.0,0,Private / Mixed,Medium,High,0.882,10647
521238,Tersa,Sinor,21.979599,73.329423,316.0,11.08,0.32,761.0,2.408,2,0,1,0.0,1.0,25.0,45.0,0.434,0.659,110.6,64685.0,0,Private / Mixed,Medium,Moderate,0.697,4977
521239,Manjrol,Sinor,21.958358,73.313963,920.0,8.8,1.96,1903.0,2.068,2,0,0,0.0,1.0,28.0,45.0,0.535,0.617,322.0,161755.0,0,Private / Mixed,Medium,Moderate,0.72,14490
521237,Kukas,Sinor,21.968984,73.339508,780.0,5.64,1.03,1885.0,2.417,2,1,2,0.0,1.0,25.0,42.0,0.518,0.617,273.0,160225.0,0,Private / Mixed,Medium,Moderate,0.726,12285
521228,Bavaliya,Sinor,21.972337,73.245191,630.0,3.23,3.99,851.0,1.351,2,0,0,0.0,1.0,10.0,45.0,0.404,0.596,220.5,72335.0,0,Private / Mixed,Medium,High,0.769,9922
521244,Mota Fofaliya,Sinor,21.962219,73.372037,943.0,9.53,1.38,2235.0,2.37,3,1,2,0.0,1.0,20.0,55.0,0.387,0.648,330.0,189975.0,0,Private / Mixed,Medium,Moderate,0.917,14850
521241,Diver,Sinor,21.948215,73.272071,981.0,7.03,10.7,1252.0,1.276,2,1,1,0.0,1.0,25.0,45.0,0.454,0.657,343.3,106420.0,0,Private / Mixed,Medium,Moderate,0.743,15448
521240,Mindhol,Sinor,21.952392,73.295069,913.0,4.27,1.64,1517.0,1.662,3,0,2,0.0,1.0,24.0,43.0,0.533,0.605,319.5,128945.0,0,Private / Mixed,Medium,Moderate,0.873,14377
521249,Kanjetha,Sinor,21.945834,73.354149,901.0,4.22,11.54,786.0,0.872,3,1,0,0.0,1.0,23.0,65.0,0.423,0.616,315.3,66810.0,0,Private / Mixed,Medium,Moderate,0.91,14188
521253,Zanzad,Sinor,21.934401,73.397659,843.0,3.91,16.37,1418.0,1.682,2,1,1,0.0,1.0,23.0,60.0,0.413,0.648,295.0,120530.0,0,Government Revenue Land,High,Moderate,0.758,13275
521248,Ambali,Sinor,21.941445,73.383561,482.0,4.16,7.9,765.0,1.587,2,0,2,0.0,0.0,25.0,60.0,0.427,0.669,168.7,65025.0,0,Private / Mixed,Medium,Moderate,0.75,7591
521243,Damapura,Sinor,21.938019,73.340071,454.0,6.81,9.89,692.0,1.524,3,0,0,0.0,1.0,24.0,60.0,0.405,0.638,158.9,58820.0,0,Private / Mixed,Medium,Moderate,0.913,7150
521242,Surasamal,Sinor,21.935182,73.299184,1109.0,3.88,7.76,1982.0,1.787,3,0,2,0.0,1.0,25.0,48.0,0.454,0.605,388.2,168470.0,0,Private / Mixed,Medium,Moderate,0.9,17469
521250,Sinor,Sinor,21.913786,73.32889,1620.0,23.7,0.0,8041.0,4.964,3,1,1,0.0,1.0,27.0,65.0,0.457,0.639,567.0,683485.0,0,Private / Mixed,Medium,Moderate,0.894,25515
521251,Mandva,Sinor,21.916101,73.302506,467.0,5.35,11.78,1756.0,3.76,3,0,0,0.0,1.0,28.0,65.0,0.415,0.678,163.4,149260.0,0,Private / Mixed,Medium,Moderate,0.903,7353
521252,Malsar,Sinor,21.900312,73.310124,808.0,5.82,15.35,2284.0,2.827,2,1,1,0.0,1.0,32.0,63.0,0.453,0.691,282.8,194140.0,0,Government Revenue Land,High,Moderate,0.738,12726
521139,Bodaka,Karjan,22.051885,73.042031,618.0,0.77,1.39,1292.0,2.091,2,0,0,0.0,1.0,12.0,47.0,0.483,0.617,216.3,109820.0,0,Private / Mixed,Medium,High,0.738,9733
521148,Juni Jitharadi,Karjan,22.036119,73.142535,405.0,10.62,1.23,1417.0,3.499,3,1,1,0.0,1.0,3.0,7.0,0.447,0.65,141.8,120445.0,0,Private / Mixed,Medium,High,0.885,6381
521149,Miyagam,Karjan,22.024358,73.081515,2175.0,4.32,3.22,5416.0,2.49,3,1,1,0.0,1.0,3.0,45.0,0.471,0.606,761.2,460360.0,0,Private / Mixed,Medium,High,0.894,34254
521147,Navi Jithardi,Karjan,22.033466,73.159902,277.0,12.64,1.44,502.0,1.812,3,0,1,0.0,1.0,4.0,40.0,0.429,0.661,96.9,42670.0,0,Private / Mixed,Medium,High,0.83,4360
521138,Sanpa,Karjan,22.034048,73.012524,1092.0,3.75,1.01,2120.0,1.941,2,0,1,0.0,1.0,14.0,50.0,0.413,0.586,382.2,180200.0,0,Private / Mixed,Medium,High,0.768,17199
521154,Bharthana,Karjan,22.010464,73.135645,944.0,0.7,0.8,1761.0,1.865,2,1,0,0.0,1.0,5.0,40.0,0.507,0.627,330.4,149685.0,0,Private / Mixed,Medium,High,0.728,14867
521037,Karnali,Dabhoi,21.984619,73.497232,1122.0,2.94,15.24,2084.0,1.857,2,1,0,0.0,1.0,22.0,56.0,0.46,0.583,392.7,177140.0,0,Government Revenue Land,High,Moderate,0.752,17671
521035,Bhimpura,Dabhoi,21.987198,73.436545,274.0,0.73,33.21,232.0,0.847,2,0,0,0.0,1.0,22.0,56.0,0.532,0.616,95.9,19720.0,0,Government Revenue Land,High,Moderate,0.649,4315
521036,Nanderiya,Dabhoi,21.977089,73.428682,521.0,0.0,11.52,554.0,1.063,2,0,0,0.0,1.0,22.0,57.0,0.481,0.634,178.5,47090.0,0,Private / Mixed,Medium,Moderate,0.737,8032
521245,Bithali,Sinor,21.968351,73.408341,593.0,8.77,0.67,1045.0,1.762,2,1,2,0.0,1.0,20.0,52.0,0.369,0.629,207.6,88825.0,0,Private / Mixed,Medium,Moderate,0.776,9342
521246,Dariapura,Sinor,21.961805,73.426855,240.0,7.47,15.77,315.0,1.312,2,0,0,0.0,1.0,15.0,56.0,0.455,0.658,84.0,26775.0,0,Government Revenue Land,High,Moderate,0.654,3780
521247,Moletha,Sinor,21.942678,73.417418,1253.0,3.51,27.53,1402.0,1.119,2,0,2,0.0,1.0,20.0,58.0,0.37,0.645,438.6,119170.0,0,Government Revenue Land,High,Moderate,0.774,19737
521254,Barkal,Sinor,21.926138,73.414838,577.0,10.07,32.64,1896.0,3.286,0,1,1,0.0,1.0,25.0,56.0,0.461,0.689,202.0,161160.0,0,Government Revenue Land,High,Moderate,0.435,9090
521150,Mangrol,Karjan,22.010746,73.042253,888.0,0.79,9.57,1485.0,1.672,3,0,0,0.0,1.0,9.0,47.0,0.495,0.607,310.8,126225.0,0,Private / Mixed,Medium,High,0.886,13986
521153,Vadava,Karjan,22.016245,73.117332,282.0,1.35,1.69,63.0,0.223,2,0,0,0.0,1.0,5.0,40.0,0.5,0.617,98.7,5355.0,0,Private / Mixed,Medium,High,0.664,4441
521155,Bharthali,Karjan,22.012236,73.158012,426.0,0.44,0.0,697.0,1.636,2,0,0,0.0,1.0,4.0,40.0,0.53,0.64,149.1,59245.0,0,Private / Mixed,Medium,High,0.717,6709
521161,Sandarna,Karjan,22.009674,73.171879,267.0,0.35,0.35,621.0,2.326,2,0,1,0.0,1.0,8.0,35.0,0.507,0.661,93.4,52785.0,0,Private / Mixed,Medium,High,0.648,4203
521053,Majatan,Padra,22.200015,72.946778,457.0,3.73,1.1,3288.0,7.195,2,0,1,0.0,1.0,17.0,42.0,0.442,0.628,158.2,279480.0,0,Private / Mixed,Medium,Moderate,0.751,7118
521068,Sandha,Padra,22.195533,72.9519,337.0,1.19,0.59,2600.0,7.715,2,0,1,0.0,0.0,16.0,45.0,0.475,0.617,118.0,221000.0,0,Private / Mixed,Medium,Moderate,0.699,5310
521051,Dudhwada,Padra,22.188995,72.88756,614.0,6.68,0.0,1854.0,3.02,2,1,1,0.0,1.0,26.0,46.0,0.451,0.585,214.9,157590.0,0,Private / Mixed,Medium,Moderate,0.754,9670
521069,Chitral,Padra,22.181074,72.94459,372.0,9.95,0.81,1728.0,4.645,1,1,1,0.0,1.0,19.0,35.0,0.536,0.65,130.2,146880.0,0,Private / Mixed,Medium,Moderate,0.538,5858
521073,Gavasad,Padra,22.157491,72.945741,947.0,0.11,10.98,3613.0,3.815,3,1,1,0.0,1.0,18.0,35.0,0.543,0.607,331.4,307105.0,0,Private / Mixed,Medium,Moderate,0.869,14912
521070,Brahmanvasi,Padra,22.156645,72.87854,591.0,11.51,1.02,2175.0,3.68,2,0,1,0.0,1.0,10.0,46.0,0.477,0.605,206.8,184875.0,0,Private / Mixed,Medium,High,0.742,9306
521072,Gametha,Padra,22.158279,72.921893,343.0,11.37,3.79,3759.0,10.959,2,0,1,0.0,1.0,18.0,38.0,0.432,0.606,120.0,319515.0,0,Private / Mixed,Medium,Moderate,0.718,5400
521071,Masar,Padra,22.138,72.902181,1361.0,7.86,0.96,3552.0,2.61,3,1,1,0.0,1.0,13.0,45.0,0.508,0.594,476.4,301920.0,0,Private / Mixed,Medium,High,0.883,21438
521089,Kural,Padra,22.135169,72.92693,562.0,3.74,12.12,2659.0,4.731,3,0,1,0.0,1.0,15.0,38.0,0.396,0.606,196.7,226015.0,0,Private / Mixed,Medium,Moderate,0.92,8851
521092,Pindapa,Padra,22.118469,72.939888,690.0,0.58,0.0,1572.0,2.278,2,0,1,0.0,1.0,15.0,40.0,0.443,0.617,241.5,133620.0,0,Private / Mixed,Medium,Moderate,0.752,10867
521091,Abhor,Padra,22.113757,72.911893,749.0,0.4,1.07,2304.0,3.076,3,1,1,0.0,1.0,13.0,36.0,0.521,0.582,240.4,195840.0,0,Private / Mixed,Medium,High,0.88,10818
521038,Mahmadpura,Padra,22.291407,72.940406,1030.0,0.11,20.51,1481.0,1.438,2,0,1,0.0,1.0,18.0,40.0,0.489,0.592,360.5,125885.0,0,Government Revenue Land,High,Moderate,0.74,16222
521047,Dabka,Padra,22.256706,72.942834,1906.0,9.87,4.94,7345.0,3.854,2,1,1,0.0,1.0,15.0,35.0,0.507,0.588,667.1,624325.0,0,Private / Mixed,Medium,Moderate,0.734,30019
521046,Sultanpura,Padra,22.262225,72.953614,299.0,11.33,3.0,892.0,2.983,2,0,1,0.0,1.0,17.0,37.0,0.559,0.554,89.7,75820.0,0,Private / Mixed,Medium,Moderate,0.641,4036
521050,Tithor,Padra,22.236859,72.879837,2462.0,3.88,9.18,4916.0,1.997,1,1,1,0.0,1.0,28.0,50.0,0.452,0.285,855.6,417860.0,0,Private / Mixed,Medium,Moderate,0.649,38502
521048,Pavda,Padra,22.236162,72.947623,563.0,0.56,1.11,2113.0,3.753,2,0,1,0.0,1.0,16.0,34.0,0.419,0.616,197.0,179605.0,0,Private / Mixed,Medium,Moderate,0.761,8865
521049,Chokari,Padra,22.224893,72.932033,1380.0,41.68,0.0,8884.0,6.438,1,1,1,0.0,1.0,22.0,50.0,0.374,0.615,483.0,755140.0,0,Private / Mixed,Medium,Moderate,0.627,21735
521052,Karkhadi,Padra,22.211761,72.909747,1660.0,26.02,11.14,4791.0,2.886,2,1,1,0.0,1.0,24.0,44.0,0.287,0.594,581.0,407235.0,0,Private / Mixed,Medium,Moderate,0.81,26145
521066,Vadu,Padra,22.209616,72.986248,874.0,4.0,1.03,9626.0,11.014,3,1,1,0.0,1.0,12.0,29.0,0.414,0.613,305.9,818210.0,0,Private / Mixed,Medium,High,0.913,13765
521082,Chansad,Padra,22.205561,73.144045,1731.0,0.58,8.66,2775.0,1.603,2,1,1,0.0,1.0,7.0,24.0,0.434,0.581,597.8,235875.0,0,Private / Mixed,Medium,High,0.761,26900
521064,Ranu,Padra,22.211772,73.031885,858.0,5.13,4.66,6092.0,7.1,2,1,1,0.0,1.0,7.0,24.0,0.502,0.646,300.3,517820.0,0,Private / Mixed,Medium,High,0.727,13513
521065,Bhoj,Padra,22.193754,73.008189,1153.0,0.0,10.68,7072.0,6.134,2,1,1,0.0,1.0,14.0,34.0,0.444,0.587,403.5,601120.0,0,Private / Mixed,Medium,High,0.757,18157
521079,Sejakuva,Padra,22.198411,73.068203,370.0,1.08,11.08,2343.0,6.332,2,1,1,0.0,1.0,5.0,22.0,0.494,0.595,129.5,199155.0,0,Private / Mixed,Medium,High,0.711,5827
521078,Pipli,Padra,22.2017,73.053223,400.0,0.75,10.5,2046.0,5.115,1,0,1,0.0,1.0,7.0,22.0,0.467,0.595,140.0,173910.0,0,Private / Mixed,Medium,High,0.584,6300
521081,Sareja,Padra,22.203683,73.113123,190.0,1.56,0.52,10.0,0.053,0,0,1,0.0,1.0,4.0,22.0,0.529,0.593,66.2,850.0,0,Private / Mixed,Medium,High,0.314,2979
521080,Goriyad,Padra,22.196894,73.091538,614.0,7.65,7.17,1943.0,3.164,3,1,1,0.0,1.0,4.0,20.0,0.524,0.574,214.9,165155.0,0,Private / Mixed,Medium,High,0.88,9670
521067,Vishrampura,Padra,22.193413,72.967121,235.0,5.96,0.43,2997.0,12.753,2,1,1,0.0,1.0,15.0,35.0,0.482,0.586,82.2,254745.0,0,Private / Mixed,Medium,Moderate,0.653,3699
521083,Madapur,Padra,22.186936,73.111059,297.0,5.72,2.02,865.0,2.912,2,0,1,0.0,1.0,5.0,20.0,0.499,0.593,104.0,73525.0,0,Private / Mixed,Medium,High,0.675,4680
521076,Karnakuva,Padra,22.187439,72.979074,153.0,0.0,6.49,1289.0,8.425,3,0,1,0.0,1.0,14.0,34.0,0.53,0.616,53.6,109565.0,0,Private / Mixed,Medium,High,0.744,2412
521077,Vadadla,Padra,22.188515,73.028952,264.0,17.05,1.14,927.0,3.511,2,0,1,0.0,1.0,9.0,25.0,0.515,0.586,92.4,78795.0,0,Private / Mixed,Medium,High,0.655,4158
521085,Sadhi,Padra,22.161574,73.052519,1400.0,1.14,5.14,3794.0,2.71,2,1,1,0.0,1.0,7.0,22.0,0.481,0.594,490.0,322490.0,0,Private / Mixed,Medium,High,0.743,22050
521084,Amla,Padra,22.163586,73.07259,1022.0,1.28,5.22,2129.0,2.083,2,1,1,0.0,1.0,7.0,23.0,0.483,0.563,357.7,180965.0,0,Private / Mixed,Medium,High,0.746,16096
521098,Saras Vani,Padra,22.172324,73.097141,1090.0,2.27,0.64,2305.0,2.115,3,1,1,0.0,1.0,7.0,22.0,0.509,0.583,381.5,195925.0,0,Private / Mixed,Medium,High,0.884,17167
521074,Lola,Padra,22.177699,72.962268,120.0,2.5,10.83,1535.0,12.792,2,0,1,0.0,1.0,17.0,35.0,0.538,0.618,42.0,130475.0,0,Private / Mixed,Medium,Moderate,0.575,1890
521099,Shihor,Padra,22.173503,73.125801,459.0,0.22,7.41,915.0,1.993,2,0,1,0.0,1.0,6.0,18.0,0.546,0.596,160.6,77775.0,0,Private / Mixed,Medium,High,0.72,7227
521075,Muval,Padra,22.170072,72.975278,781.0,8.32,0.26,4164.0,5.332,2,0,1,0.0,1.0,16.0,32.0,0.517,0.604,273.3,353940.0,0,Private / Mixed,Medium,Moderate,0.728,12298
521086,Anti,Padra,22.165322,73.0332,863.0,3.77,1.11,5055.0,5.857,2,0,1,0.0,0.0,9.0,30.0,0.564,0.595,301.1,429675.0,0,Private / Mixed,Medium,High,0.713,13549
521087,Rajupura,Padra,22.168519,73.012009,258.0,1.16,10.85,1185.0,4.593,0,0,1,0.0,1.0,20.0,35.0,0.438,0.595,90.3,100725.0,0,Private / Mixed,Medium,Moderate,0.378,4063
521088,Jalalpur,Padra,22.161426,72.996259,426.0,0.23,10.56,2069.0,4.857,2,1,1,0.0,0.0,15.0,33.0,0.39,0.585,149.1,175865.0,0,Private / Mixed,Medium,Moderate,0.775,6709
521100,Thikariya Mubarak,Padra,22.156815,73.117238,166.0,0.6,0.0,425.0,2.56,2,0,1,0.0,1.0,6.0,18.0,0.541,0.595,58.1,36125.0,0,Private / Mixed,Medium,High,0.599,2614
521096,Ambada,Padra,22.148851,73.018604,762.0,1.31,6.56,1021.0,1.34,2,1,1,0.0,1.0,14.0,20.0,0.395,0.583,266.7,86785.0,0,Private / Mixed,Medium,High,0.774,12001
521101,Virpur,Padra,22.145269,73.103502,291.0,3.77,0.34,310.0,1.065,3,0,1,0.0,1.0,10.0,30.0,0.544,0.617,101.8,26350.0,0,Private / Mixed,Medium,High,0.803,4581
521095,Kalyankui,Padra,22.14601,73.000385,214.0,1.87,5.61,627.0,2.93,2,0,1,0.0,1.0,15.0,15.0,0.382,0.586,74.9,53295.0,0,Private / Mixed,Medium,Moderate,0.678,3370
521093,Mobha,Padra,22.132009,72.969914,1329.0,12.57,1.05,4796.0,3.609,2,1,1,0.0,1.0,22.0,38.0,0.458,0.594,465.2,407660.0,0,Private / Mixed,Medium,Moderate,0.751,20934
521104,Bhadari,Padra,22.131602,73.046963,374.0,4.55,1.34,1111.0,2.971,1,0,1,0.0,1.0,14.0,28.0,0.521,0.585,130.9,94435.0,0,Private / Mixed,Medium,High,0.554,5890
521094,Sadra,Padra,22.129314,72.989277,784.0,3.7,2.55,2275.0,2.902,2,0,1,0.0,1.0,23.0,32.0,0.446,0.594,274.4,193375.0,0,Private / Mixed,Medium,Moderate,0.755,12347
521102,Medhad,Padra,22.130513,73.090522,421.0,0.45,1.81,695.0,1.651,3,0,1,0.0,1.0,10.0,30.0,0.541,0.609,147.4,59075.0,0,Private / Mixed,Medium,High,0.866,6633
521105,Gayapura,Padra,22.128234,73.022714,195.0,2.05,5.13,581.0,2.979,1,0,1,0.0,1.0,10.0,26.0,0.509,0.614,68.2,49385.0,0,Private / Mixed,Medium,High,0.471,3069
521103,Husepur,Padra,22.125176,73.075912,430.0,5.68,0.0,709.0,1.649,1,1,1,0.0,1.0,12.0,28.0,0.477,0.604,150.5,60265.0,0,Private / Mixed,Medium,High,0.592,6772
521106,Kanda,Padra,22.124838,73.006094,413.0,0.97,4.12,763.0,1.847,2,0,1,0.0,1.0,16.0,33.0,0.514,0.606,144.5,64855.0,0,Private / Mixed,Medium,Moderate,0.722,6502
521115,Sadad,Padra,22.114914,73.061825,400.0,1.3,2.59,727.0,1.817,0,0,1,0.0,0.0,14.0,36.0,0.551,0.574,140.0,61795.0,0,Private / Mixed,Medium,High,0.408,6300
521114,Thikariya Math,Padra,22.118614,73.022857,187.0,6.95,4.81,329.0,1.759,1,0,1,0.0,1.0,16.0,35.0,0.492,0.584,65.4,27965.0,0,Private / Mixed,Medium,Moderate,0.477,2943
519872,Khalipur,Vadodara Rural,22.204744,73.165883,485.0,14.41,0.0,1054.0,2.173,2,0,0,0.0,1.0,10.0,15.0,0.535,0.593,167.5,89590.0,0,Private / Mixed,Medium,High,0.724,7537
519882,Karali,Vadodara Rural,22.173667,73.153527,317.0,2.53,3.16,1075.0,3.391,0,0,1,0.0,1.0,8.0,24.0,0.496,0.595,111.0,91375.0,0,Private / Mixed,Medium,High,0.385,4995
519883,Itola,Vadodara Rural,22.15177,73.142673,1554.0,0.51,8.82,3600.0,2.317,2,1,2,0.0,1.0,8.0,25.0,0.478,0.605,543.9,306000.0,0,Private / Mixed,Medium,High,0.742,24475
519895,Raman Gamdi,Vadodara Rural,22.128858,73.171689,251.0,1.19,1.19,559.0,2.227,2,0,2,0.0,1.0,20.0,20.0,0.733,0.279,83.7,47515.0,0,Private / Mixed,Medium,Moderate,0.613,3766
519896,Gosindra,Vadodara Rural,22.127304,73.126298,727.0,0.57,0.43,1021.0,1.404,0,0,0,0.0,1.0,23.0,24.0,0.516,0.594,253.0,86785.0,0,Private / Mixed,Medium,Moderate,0.43,11385
519897,Untiya Medhad,Vadodara Rural,22.117336,73.107781,369.0,6.69,0.0,733.0,1.986,2,0,2,0.0,1.0,13.0,30.0,0.528,0.595,129.2,62305.0,0,Private / Mixed,Medium,High,0.698,5813
520921,Mahmadpura,Dabhoi,22.216605,73.282351,208.0,0.0,1.44,539.0,2.591,2,1,0,0.0,0.0,15.0,15.0,0.508,0.587,63.7,45815.0,0,Private / Mixed,Medium,Moderate,0.619,2866
520922,Palaswada,Dabhoi,22.209198,73.299901,675.0,0.0,0.0,1447.0,2.144,3,0,0,0.0,1.0,15.0,15.0,0.421,0.586,236.2,122995.0,0,Private / Mixed,Medium,Moderate,0.915,10629
520938,Kaddhara,Dabhoi,22.206892,73.373629,709.0,10.86,3.39,985.0,1.389,2,1,2,0.0,1.0,12.0,16.0,0.436,0.618,248.2,83725.0,0,Private / Mixed,Medium,High,0.755,11169
520920,Mosampura,Dabhoi,22.206209,73.27003,276.0,0.0,1.45,313.0,1.134,2,0,0,0.0,1.0,15.0,15.0,0.41,0.602,87.2,26605.0,0,Private / Mixed,Medium,Moderate,0.682,3924
520930,Valipura,Dabhoi,22.207937,73.317144,202.0,0.99,0.0,437.0,2.163,2,0,0,0.0,1.0,15.0,20.0,0.423,0.596,66.5,37145.0,0,Private / Mixed,Medium,Moderate,0.651,2992
520937,Kaddharapura,Dabhoi,22.211852,73.35813,121.0,10.66,4.1,458.0,3.785,2,0,0,0.0,1.0,14.0,22.0,0.553,0.629,42.3,38930.0,0,Private / Mixed,Medium,High,0.568,1903
520929,Bhavpura,Dabhoi,22.207408,73.328601,169.0,0.0,2.37,350.0,2.071,2,0,0,0.0,1.0,13.0,18.0,0.457,0.594,55.6,29750.0,0,Private / Mixed,Medium,High,0.625,2502
520940,Karali,Dabhoi,22.202326,73.400652,349.0,0.0,4.87,605.0,1.734,3,1,0,0.0,1.0,8.0,44.0,0.515,0.59,116.2,51425.0,0,Private / Mixed,Medium,High,0.836,5229
520936,Abdalapura,Dabhoi,22.200262,73.353441,190.0,11.05,4.74,479.0,2.521,2,0,1,0.0,1.0,14.0,23.0,0.497,0.628,66.5,40715.0,0,Private / Mixed,Medium,High,0.621,2992
520935,Vayadpur,Dabhoi,22.198432,73.342671,336.0,11.01,4.76,943.0,2.807,1,0,0,0.0,1.0,14.0,23.0,0.516,0.615,117.6,80155.0,0,Private / Mixed,Medium,High,0.534,5292
520931,Kundhela,Dabhoi,22.188539,73.281796,1229.0,0.0,3.34,2513.0,2.045,2,1,1,0.0,0.0,15.0,15.0,0.426,0.594,395.5,213605.0,0,Private / Mixed,Medium,Moderate,0.762,17797
520952,Gojali,Dabhoi,22.190698,73.378433,402.0,0.0,13.43,565.0,1.405,2,0,2,0.0,0.0,10.0,40.0,0.525,0.608,140.7,48025.0,0,Private / Mixed,Medium,High,0.713,6331
520934,Bhilapur,Dabhoi,22.192919,73.325929,567.0,19.26,1.24,2290.0,4.039,3,1,1,0.0,1.0,14.0,14.0,0.49,0.626,198.4,194650.0,0,Private / Mixed,Medium,High,0.885,8928
520953,Banaiya,Dabhoi,22.184445,73.35092,151.0,0.0,21.19,338.0,2.238,2,0,0,0.0,1.0,11.0,25.0,0.526,0.575,52.8,28730.0,0,Government Revenue Land,High,High,0.6,2376
520951,Vasai,Dabhoi,22.173534,73.392085,844.0,0.0,17.54,1860.0,2.204,3,1,0,0.0,1.0,5.0,32.0,0.511,0.584,272.7,158100.0,0,Government Revenue Land,High,High,0.884,12271
520932,Baherampura,Dabhoi,22.176949,73.301674,365.0,0.0,11.78,514.0,1.408,2,0,0,0.0,1.0,13.0,16.0,0.515,0.603,127.7,43690.0,0,Private / Mixed,Medium,High,0.7,5746
520933,Navapur,Dabhoi,22.181324,73.316668,138.0,12.23,2.88,356.0,2.58,1,0,0,0.0,1.0,12.0,14.0,0.541,0.604,48.3,30260.0,0,Private / Mixed,Medium,High,0.434,2173
520958,Ambav,Dabhoi,22.163756,73.364609,305.0,5.9,1.64,851.0,2.79,2,0,2,0.0,1.0,10.0,25.0,0.394,0.615,106.8,72335.0,0,Private / Mixed,Medium,High,0.712,4806
520959,Puda,Dabhoi,22.17066,73.375582,559.0,0.0,6.79,858.0,1.535,2,0,0,0.0,1.0,5.0,27.0,0.484,0.574,195.6,72930.0,0,Private / Mixed,Medium,High,0.744,8802
520957,Thuvavi,Dabhoi,22.160641,73.341034,1365.0,6.96,0.88,2651.0,1.942,2,1,2,0.0,1.0,10.0,20.0,0.506,0.629,477.7,225335.0,0,Private / Mixed,Medium,High,0.729,21496
520954,Rajli,Dabhoi,22.165455,73.323543,316.0,6.35,2.54,789.0,2.497,2,0,2,0.0,1.0,10.0,20.0,0.511,0.627,110.6,67065.0,0,Private / Mixed,Medium,High,0.675,4977
520955,Anguthan,Dabhoi,22.159431,73.3033,757.0,3.83,10.29,1177.0,1.555,2,1,2,0.0,1.0,12.0,25.0,0.505,0.646,265.0,100045.0,0,Private / Mixed,Medium,High,0.726,11925
520960,Hansapura,Dabhoi,22.153796,73.382468,299.0,4.03,11.07,430.0,1.438,2,0,0,0.0,1.0,5.0,25.0,0.424,0.585,104.6,36550.0,0,Private / Mixed,Medium,High,0.703,4707
520961,Kajapur,Dabhoi,22.154333,73.39991,189.0,0.0,3.16,694.0,3.672,3,0,2,0.0,1.0,5.0,35.0,0.545,0.588,66.1,58990.0,0,Private / Mixed,Medium,High,0.759,2974
520972,Vega,Dabhoi,22.14562,73.385446,333.0,2.41,18.07,852.0,2.559,3,0,1,0.0,0.0,3.0,34.0,0.419,0.586,116.6,72420.0,0,Government Revenue Land,High,High,0.871,5247
520974,Borbar,Dabhoi,22.136422,73.338357,785.0,0.0,3.06,1149.0,1.464,2,1,0,0.0,1.0,9.0,18.0,0.434,0.594,255.1,97665.0,0,Private / Mixed,Medium,High,0.759,11479
520956,Nariya,Dabhoi,22.138527,73.302603,678.0,0.0,2.65,1139.0,1.68,2,0,0,0.0,1.0,17.0,25.0,0.412,0.646,237.3,96815.0,0,Private / Mixed,Medium,Moderate,0.759,10678
520971,Fartikui,Dabhoi,22.141432,73.372255,280.0,0.0,9.32,877.0,3.132,3,1,2,0.0,1.0,5.0,35.0,0.318,0.605,98.0,74545.0,0,Private / Mixed,Medium,High,0.879,4410
520975,Thikariya,Dabhoi,22.129972,73.310806,230.0,0.0,6.52,278.0,1.209,2,0,0,0.0,0.0,14.0,30.0,0.427,0.595,80.5,23630.0,0,Private / Mixed,Medium,High,0.669,3622
520976,Dangikuva,Dabhoi,22.127059,73.277309,284.0,0.0,0.35,389.0,1.37,2,0,0,0.0,1.0,18.0,25.0,0.388,0.666,99.4,33065.0,0,Private / Mixed,Medium,Moderate,0.697,4473
519871,Mujar Gamdi,Vadodara Rural,22.208463,73.208264,227.0,1.32,4.85,494.0,2.176,2,0,1,0.0,1.0,12.0,12.0,0.438,0.584,79.4,41990.0,0,Private / Mixed,Medium,High,0.665,3573
519870,Vora Gamdi,Vadodara Rural,22.212751,73.219301,393.0,1.27,7.89,688.0,1.751,2,0,2,0.0,1.0,11.0,11.0,0.468,0.585,137.5,58480.0,0,Private / Mixed,Medium,High,0.732,6187
519869,Dhaniyavi,Vadodara Rural,22.206285,73.249285,1356.0,1.13,0.0,2353.0,1.735,2,1,2,0.0,1.0,13.0,13.0,0.387,0.635,472.2,200005.0,0,Private / Mixed,Medium,High,0.769,21249
519873,Varnama,Vadodara Rural,22.180305,73.185476,1762.0,0.39,0.0,4251.0,2.413,2,1,2,0.0,1.0,12.0,12.0,0.438,0.61,616.7,361335.0,0,Private / Mixed,Medium,High,0.755,27751
519874,Sundarpura,Vadodara Rural,22.184391,73.218524,377.0,0.27,8.22,1267.0,3.361,2,1,2,0.0,1.0,3.0,3.0,0.42,0.646,132.0,107695.0,0,Private / Mixed,Medium,High,0.732,5940
519877,Raghavpura,Vadodara Rural,22.186983,73.262388,370.0,5.53,0.46,850.0,2.297,2,1,2,0.0,1.0,15.0,15.0,0.489,0.615,129.5,72250.0,0,Private / Mixed,Medium,Moderate,0.709,5827
519879,Patarveni,Vadodara Rural,22.173582,73.25714,384.0,1.29,3.86,721.0,1.878,2,0,2,0.0,1.0,17.0,17.0,0.514,0.606,134.4,61285.0,0,Private / Mixed,Medium,Moderate,0.708,6048
519875,Shahpura,Vadodara Rural,22.177526,73.236638,320.0,8.18,0.0,493.0,1.541,2,0,0,0.0,1.0,12.0,12.0,0.531,0.615,112.0,41905.0,0,Private / Mixed,Medium,High,0.671,5040
519878,Samaspura,Vadodara Rural,22.177009,73.265683,344.0,3.5,3.82,961.0,2.794,2,0,2,0.0,1.0,24.0,24.0,0.553,0.608,120.4,81685.0,0,Private / Mixed,Medium,Moderate,0.676,5418
519887,Hansapura,Vadodara Rural,22.163973,73.244571,193.0,16.06,10.88,308.0,1.596,2,0,1,0.0,1.0,15.0,15.0,0.451,0.603,66.5,26180.0,0,Private / Mixed,Medium,Moderate,0.64,2992
519888,Mastupur Gamdi,Vadodara Rural,22.163233,73.277417,148.0,1.46,2.19,430.0,2.905,2,0,1,0.0,1.0,19.0,19.0,0.477,0.644,51.0,36550.0,0,Private / Mixed,Medium,Moderate,0.604,2295
519881,Fatepura,Vadodara Rural,22.166403,73.223225,173.0,1.15,0.0,278.0,1.607,1,0,0,0.0,1.0,15.0,15.0,0.54,0.606,60.6,23630.0,0,Private / Mixed,Medium,Moderate,0.451,2727
519892,Ajitpura,Vadodara Rural,22.153972,73.234141,188.0,5.85,0.0,190.0,1.011,2,0,0,0.0,1.0,22.0,22.0,0.466,0.593,65.8,16150.0,0,Private / Mixed,Medium,Moderate,0.636,2961
519886,Kajapur,Vadodara Rural,22.156066,73.213603,270.0,5.19,0.0,462.0,1.711,2,0,1,0.0,1.0,22.0,22.0,0.522,0.612,94.5,39270.0,0,Private / Mixed,Medium,Moderate,0.652,4252
519891,Salad,Vadodara Rural,22.148334,73.2608,803.0,0.5,4.86,1501.0,1.869,2,1,2,0.0,1.0,20.0,20.0,0.464,0.627,279.6,127585.0,0,Private / Mixed,Medium,Moderate,0.744,12582
519885,Untiya Kajapur,Vadodara Rural,22.151983,73.198403,199.0,10.55,0.0,313.0,1.573,3,0,1,0.0,1.0,20.0,20.0,0.485,0.605,69.6,26605.0,0,Private / Mixed,Medium,Moderate,0.782,3131
519889,Kandkoi,Vadodara Rural,22.152256,73.280713,279.0,1.38,0.0,155.0,0.556,2,0,1,0.0,1.0,19.0,19.0,0.382,0.657,97.6,13175.0,0,Private / Mixed,Medium,Moderate,0.698,4392
519893,Dolatpura,Vadodara Rural,22.145677,73.218235,128.0,1.56,1.56,82.0,0.641,2,0,0,0.0,1.0,23.0,23.0,0.507,0.594,44.8,6970.0,0,Private / Mixed,Medium,Moderate,0.593,2015
519894,Por,Vadodara Rural,22.134139,73.195065,613.0,19.58,0.0,7342.0,11.977,2,1,2,0.0,1.0,15.0,15.0,0.557,0.586,214.6,624070.0,0,Private / Mixed,Medium,Moderate,0.717,9657
519900,Ankhi,Vadodara Rural,22.129567,73.203911,377.0,6.08,2.38,1179.0,3.127,2,0,2,0.0,1.0,16.0,16.0,0.464,0.576,125.3,100215.0,0,Private / Mixed,Medium,Moderate,0.718,5638
519903,Rasulpur,Vadodara Rural,22.140617,73.233564,148.0,6.76,0.0,68.0,0.459,2,0,1,0.0,1.0,23.0,23.0,0.518,0.627,51.8,5780.0,0,Private / Mixed,Medium,Moderate,0.594,2331
519904,Runvad,Vadodara Rural,22.127215,73.239275,635.0,1.57,0.0,1400.0,2.205,2,0,2,0.0,1.0,23.0,23.0,0.456,0.604,221.6,119000.0,0,Private / Mixed,Medium,Moderate,0.75,9972
519902,Ramnath,Vadodara Rural,22.134989,73.223695,288.0,3.82,1.74,1239.0,4.302,2,1,2,0.0,1.0,23.0,23.0,0.484,0.571,84.7,105315.0,0,Private / Mixed,Medium,Moderate,0.658,3811
519901,Fajalpur Ankhi,Vadodara Rural,22.123439,73.221401,191.0,0.52,8.9,579.0,3.031,2,1,2,0.0,1.0,13.0,13.0,0.39,0.608,63.0,49215.0,0,Private / Mixed,Medium,High,0.656,2835
521039,Jaspur,Padra,22.286455,73.060154,1575.0,28.95,8.25,7658.0,4.862,2,1,1,0.0,1.0,6.0,22.0,0.416,0.586,546.3,650930.0,0,Private / Mixed,Medium,High,0.766,24583
521043,Umaraya,Padra,22.268181,73.02998,539.0,7.45,8.38,4115.0,7.635,2,1,1,0.0,1.0,6.0,26.0,0.463,0.579,154.2,349775.0,0,Private / Mixed,Medium,High,0.751,6938
521041,Tajpura,Padra,22.266245,73.069227,333.0,0.97,0.65,1720.0,5.165,2,1,1,0.0,1.0,2.0,17.0,0.375,0.659,116.6,146200.0,0,Private / Mixed,Medium,High,0.725,5247
521042,Luna,Padra,22.26456,73.049273,448.0,12.1,0.6,2739.0,6.114,2,0,1,0.0,1.0,3.0,20.0,0.344,0.607,156.8,232815.0,0,Private / Mixed,Medium,High,0.789,7056
521040,Sangma,Padra,22.264793,73.087969,329.0,3.65,6.08,3096.0,9.41,3,1,1,0.0,1.0,2.0,10.0,0.431,0.647,115.2,263160.0,0,Private / Mixed,Medium,High,0.856,5184
521044,Ekalbara,Padra,22.256383,73.017797,593.0,0.43,11.91,4435.0,7.479,3,0,1,0.0,0.0,8.0,22.0,0.464,0.627,207.6,376975.0,0,Private / Mixed,Medium,High,0.894,9342
521045,Mujpur,Padra,22.245552,72.992466,889.0,15.19,7.31,9410.0,10.585,2,1,1,0.0,1.0,10.0,28.0,0.492,0.629,311.2,799850.0,0,Private / Mixed,Medium,High,0.733,14004
521058,Dabhasa,Padra,22.23737,73.038788,1199.0,14.35,3.25,8337.0,6.953,3,1,1,0.0,1.0,4.0,20.0,0.372,0.606,419.6,708645.0,0,Private / Mixed,Medium,High,0.929,18882
521059,Sokhdakhurd,Padra,22.244837,73.11375,447.0,0.22,0.44,2139.0,4.785,2,1,1,0.0,1.0,2.0,14.0,0.508,0.627,156.1,181815.0,0,Private / Mixed,Medium,High,0.728,7024
521057,Mahuvad,Padra,22.234796,73.013282,483.0,7.9,1.25,2564.0,5.308,3,1,1,0.0,1.0,7.0,23.0,0.319,0.637,169.0,217940.0,0,Private / Mixed,Medium,High,0.943,7605
521061,Darapura,Padra,22.228044,73.106676,408.0,17.8,0.49,3032.0,7.431,2,0,1,0.0,1.0,3.0,18.0,0.532,0.572,142.8,257720.0,0,Private / Mixed,Medium,High,0.718,6426
521060,Patod,Padra,22.225549,73.120499,511.0,6.02,0.78,2479.0,4.851,2,0,1,0.0,1.0,3.0,19.0,0.536,0.573,178.8,210715.0,0,Private / Mixed,Medium,High,0.726,8046
521055,Narsipura,Padra,22.229941,72.973697,267.0,3.0,10.49,3447.0,12.91,2,0,1,0.0,0.0,14.0,35.0,0.427,0.616,93.4,292995.0,0,Private / Mixed,Medium,High,0.683,4203
521056,Dhobikuwa,Padra,22.22517,73.002439,197.0,9.14,0.0,3392.0,17.218,2,0,1,0.0,1.0,9.0,27.0,0.33,0.626,68.9,288320.0,0,Private / Mixed,Medium,High,0.682,3100
521063,Latipura,Padra,22.222343,73.058454,350.0,0.0,0.27,2702.0,7.72,2,0,1,0.0,1.0,3.0,18.0,0.456,0.606,122.5,229670.0,0,Private / Mixed,Medium,High,0.713,5512
521062,Ghayaj,Padra,22.219221,73.082331,738.0,3.5,1.48,2667.0,3.614,3,0,1,0.0,1.0,2.0,19.0,0.519,0.592,254.8,226695.0,0,Private / Mixed,Medium,High,0.88,11466
521054,Somjipura,Padra,22.215018,72.968122,252.0,7.94,0.4,2480.0,9.841,2,0,1,0.0,1.0,14.0,35.0,0.315,0.627,88.2,210800.0,0,Private / Mixed,Medium,High,0.713,3969
519844,Sindhrot,Vadodara Rural,22.328932,73.071113,1099.0,15.92,0.0,7027.0,6.394,3,1,2,0.0,1.0,12.0,12.0,0.528,0.552,333.9,597295.0,0,Private / Mixed,Medium,High,0.882,15025
519842,Ankodiya,Vadodara Rural,22.334255,73.122831,521.0,0.0,0.18,4608.0,8.845,2,1,2,0.0,1.0,6.0,12.0,0.491,0.638,182.4,391680.0,0,Private / Mixed,Medium,High,0.732,8208
519825,Rayaka,Vadodara Rural,22.439928,73.10356,595.0,2.01,10.05,1981.0,3.329,3,0,2,0.0,1.0,20.0,20.0,0.417,0.586,197.8,168385.0,0,Private / Mixed,Medium,Moderate,0.916,8901
519826,Sankarda,Vadodara Rural,22.433457,73.127512,734.0,0.0,2.99,7460.0,10.163,2,1,2,0.0,1.0,14.0,14.0,0.535,0.585,241.2,634100.0,0,Private / Mixed,Medium,High,0.725,10854
519828,Sokhda,Vadodara Rural,22.424976,73.16211,1180.0,4.69,0.23,12610.0,10.686,2,1,1,0.0,1.0,8.0,12.0,0.468,0.585,413.0,1071850.0,0,Private / Mixed,Medium,High,0.748,18585
519829,Padmala,Vadodara Rural,22.415159,73.132252,695.0,10.36,5.9,5446.0,7.836,3,1,2,0.0,1.0,18.0,18.0,0.484,0.605,243.2,462910.0,0,Private / Mixed,Medium,Moderate,0.89,10944
519832,Ajod,Vadodara Rural,22.40144,73.158016,406.0,12.02,0.0,2661.0,6.554,2,1,2,0.0,1.0,20.0,20.0,0.379,0.286,142.1,226185.0,0,Private / Mixed,Medium,Moderate,0.814,6394
519831,Anagadh,Vadodara Rural,22.373755,73.080302,1137.0,10.92,2.02,14780.0,12.999,2,1,2,0.0,1.0,6.0,20.0,0.588,0.578,348.2,1256300.0,0,Private / Mixed,Medium,High,0.708,15669
519836,Dhanora,Vadodara Rural,22.379574,73.097867,374.0,6.37,7.64,4006.0,10.711,2,1,2,0.0,1.0,5.0,18.0,0.519,0.586,130.9,340510.0,0,Private / Mixed,Medium,High,0.705,5890
519837,Kotna,Vadodara Rural,22.359605,73.058884,414.0,4.84,15.5,2902.0,7.01,2,1,2,0.0,1.0,8.0,25.0,0.494,0.596,144.9,246670.0,0,Government Revenue Land,High,High,0.731,6520
519848,Khanpur,Vadodara Rural,22.318836,73.118396,193.0,0.47,0.47,1466.0,7.596,3,0,2,0.0,1.0,12.0,12.0,0.752,0.286,67.6,124610.0,0,Private / Mixed,Medium,High,0.734,3041
519843,Sherkhi,Vadodara Rural,22.33714,73.093718,1235.0,14.17,0.0,9464.0,7.663,3,1,2,0.0,1.0,13.0,13.0,0.452,0.631,385.4,804440.0,0,Private / Mixed,Medium,High,0.897,17343
519859,Chapad,Vadodara Rural,22.229309,73.156898,496.0,2.02,0.0,2419.0,4.877,2,0,2,0.0,1.0,7.0,12.0,0.511,0.605,173.6,205615.0,0,Private / Mixed,Medium,High,0.73,7812
519846,Ampad,Vadodara Rural,22.303464,73.085825,459.0,6.55,0.0,1610.0,3.508,2,1,2,0.0,1.0,7.0,10.0,0.454,0.597,160.6,136850.0,0,Private / Mixed,Medium,High,0.752,7227
519847,Mahapura,Vadodara Rural,22.302753,73.103757,130.0,0.0,0.0,1601.0,12.315,2,0,2,0.0,0.0,8.0,8.0,0.548,0.637,45.5,136085.0,0,Private / Mixed,Medium,High,0.573,2047
519845,Hinglot,Vadodara Rural,22.293659,73.078092,273.0,1.83,0.0,1057.0,3.872,2,0,2,0.0,1.0,5.0,12.0,0.44,0.616,95.6,89845.0,0,Private / Mixed,Medium,High,0.681,4302
519851,Raypura,Vadodara Rural,22.279864,73.09255,449.0,1.32,10.96,5619.0,12.514,2,1,2,0.0,1.0,8.0,8.0,0.468,0.605,157.1,477615.0,0,Private / Mixed,Medium,High,0.745,7069
519852,Gokalpura,Vadodara Rural,22.266038,73.114605,165.0,0.0,9.43,1032.0,6.255,3,0,2,0.0,1.0,8.0,15.0,0.568,0.628,57.7,87720.0,0,Private / Mixed,Medium,High,0.734,2596
519853,Samiyala,Vadodara Rural,22.25584,73.124736,499.0,5.66,3.7,6364.0,12.754,3,1,2,0.0,1.0,8.0,12.0,0.59,0.628,174.6,540940.0,0,Private / Mixed,Medium,High,0.849,7857
519830,Fajalpur Sankarda,Vadodara Rural,22.426235,73.087611,614.0,6.19,27.69,4740.0,7.72,3,0,1,0.0,1.0,15.0,15.0,0.449,0.594,214.9,402900.0,0,Government Revenue Land,High,Moderate,0.904,9670
251214,Padra,Padra,22.244951,73.080335,0.0,,,46660.0,,0,0,0,0.0,0.0,0.0,,0.773,0.286,0.0,3966100.0,0,Private / Mixed,Medium,High,0.207,0
520926,Kunvarwada,Dabhoi,22.252725,73.337496,612.0,0.0,1.47,1014.0,1.657,2,0,2,0.0,0.0,20.0,20.0,0.434,0.585,214.2,86190.0,0,Private / Mixed,Medium,Moderate,0.76,9639
520927,Vanadra,Dabhoi,22.238186,73.364509,1368.0,0.0,0.8,2531.0,1.85,3,0,0,0.0,1.0,15.0,15.0,0.379,0.59,454.3,215135.0,0,Private / Mixed,Medium,Moderate,0.929,20443
520925,Saguwada,Dabhoi,22.240843,73.32019,446.0,1.12,15.7,840.0,1.883,1,1,0,0.0,1.0,16.0,16.0,0.453,0.586,156.1,71400.0,0,Government Revenue Land,High,Moderate,0.604,7024
520924,Malharpura,Dabhoi,22.238425,73.302594,178.0,6.21,0.0,370.0,2.079,1,0,0,0.0,1.0,12.0,12.0,0.539,0.586,62.3,31450.0,0,Private / Mixed,Medium,High,0.457,2803
520939,Dholar,Dabhoi,22.222189,73.395816,847.0,0.0,5.48,2049.0,2.419,3,1,0,0.0,1.0,10.0,46.0,0.474,0.603,287.5,174165.0,0,Private / Mixed,Medium,High,0.894,12937
520928,Mavli,Dabhoi,22.221537,73.342496,629.0,0.0,8.74,962.0,1.529,2,0,2,0.0,1.0,15.0,20.0,0.494,0.614,220.2,81770.0,0,Private / Mixed,Medium,Moderate,0.735,9909
520923,Rasulpura,Dabhoi,22.22173,73.317514,277.0,0.0,0.0,376.0,1.357,2,0,0,0.0,1.0,15.0,17.0,0.509,0.585,91.0,31960.0,0,Private / Mixed,Medium,Moderate,0.655,4095
519818,Indrad,Savli,22.439792,73.273307,1046.0,6.7,3.92,1912.0,1.828,2,0,2,0.0,1.0,15.0,20.0,0.482,0.595,366.1,162520.0,0,Private / Mixed,Medium,Moderate,0.742,16474
519817,Pilol,Savli,22.422196,73.230199,603.0,15.75,6.8,3242.0,5.376,2,0,2,0.0,1.0,20.0,10.0,0.545,0.583,211.0,275570.0,0,Private / Mixed,Medium,Moderate,0.722,9495
519833,Asoj,Vadodara Rural,22.421,73.199415,1094.0,0.74,1.95,3801.0,3.474,2,1,2,0.0,0.0,14.0,14.0,0.522,0.584,382.9,323085.0,0,Private / Mixed,Medium,High,0.73,17230
519834,Virod,Vadodara Rural,22.394473,73.226574,1092.0,0.56,10.01,2461.0,2.254,2,1,2,0.0,1.0,9.0,9.0,0.491,0.561,382.2,209185.0,0,Private / Mixed,Medium,High,0.744,17199
519839,Sukhlipur,Vadodara Rural,22.374111,73.255936,321.0,2.66,0.0,942.0,2.935,1,0,2,0.0,1.0,12.0,12.0,0.548,0.575,104.1,80070.0,0,Private / Mixed,Medium,High,0.511,4684
519838,Dena,Vadodara Rural,22.365988,73.221735,444.0,0.0,8.56,2565.0,5.777,2,0,2,0.0,1.0,8.0,8.0,0.557,0.586,155.4,218025.0,0,Private / Mixed,Medium,High,0.717,6993
519841,Kotali,Vadodara Rural,22.35516,73.235373,312.0,8.42,0.0,1269.0,4.067,3,0,2,0.0,1.0,10.0,10.0,0.484,0.575,100.4,107865.0,0,Private / Mixed,Medium,High,0.828,4518
519840,Amaliyara,Vadodara Rural,22.362429,73.256445,483.0,12.83,0.0,1618.0,3.35,3,1,2,0.0,1.0,12.0,12.0,0.472,0.586,146.2,137530.0,0,Private / Mixed,Medium,High,0.892,6578
519849,Ankhol,Vadodara Rural,22.304008,73.270046,371.0,0.0,8.36,1129.0,3.043,2,0,2,0.0,1.0,5.0,5.0,0.488,0.583,128.4,95965.0,0,Private / Mixed,Medium,High,0.713,5778
519850,Khatamba,Vadodara Rural,22.286521,73.27036,363.0,8.54,1.38,920.0,2.534,2,0,2,0.0,1.0,10.0,10.0,0.522,0.606,127.0,78200.0,0,Private / Mixed,Medium,High,0.696,5715
519854,Shankarpura,Vadodara Rural,22.275823,73.272863,393.0,0.0,0.0,751.0,1.911,3,0,2,0.0,1.0,12.0,12.0,0.555,0.576,137.5,63835.0,0,Private / Mixed,Medium,High,0.853,6187
519864,Tatarpura,Vadodara Rural,22.265645,73.294879,477.0,1.6,0.46,1046.0,2.193,2,0,2,0.0,1.0,9.0,9.0,0.498,0.576,167.0,88910.0,0,Private / Mixed,Medium,High,0.739,7515
519855,Jobantekri,Vadodara Rural,22.267751,73.281069,93.0,0.0,1.83,430.0,4.624,2,0,1,0.0,1.0,9.0,9.0,0.569,0.586,32.6,36550.0,0,Private / Mixed,Medium,High,0.556,1467
519856,Ratanpur,Vadodara Rural,22.268483,73.256635,295.0,0.36,0.0,1508.0,5.112,3,0,2,0.0,1.0,8.0,8.0,0.521,0.575,103.2,128180.0,0,Private / Mixed,Medium,High,0.819,4644
519868,Kelanpur,Vadodara Rural,22.242363,73.281591,847.0,0.77,0.51,2929.0,3.458,3,1,2,0.0,1.0,11.0,11.0,0.538,0.607,295.7,248965.0,0,Private / Mixed,Medium,High,0.871,13306
519857,Vadadla,Vadodara Rural,22.248199,73.250718,395.0,0.0,1.01,2303.0,5.83,2,1,2,0.0,1.0,5.0,5.0,0.437,0.573,138.2,195755.0,0,Private / Mixed,Medium,High,0.745,6218
519865,Sultanpura,Vadodara Rural,22.245836,73.303381,226.0,0.89,0.0,298.0,1.319,2,0,1,0.0,1.0,11.0,11.0,0.53,0.574,78.8,25330.0,0,Private / Mixed,Medium,High,0.633,3546
519863,Navapura,Vadodara Rural,22.242051,73.265192,102.0,0.0,1.0,387.0,3.794,2,0,1,0.0,1.0,10.0,10.0,0.506,0.585,35.3,32895.0,0,Private / Mixed,Medium,High,0.582,1588
519862,Alhadpura,Vadodara Rural,22.230247,73.265911,507.0,10.65,4.54,991.0,1.955,2,0,0,0.0,1.0,7.0,7.0,0.539,0.598,177.4,84235.0,0,Private / Mixed,Medium,High,0.722,7983
519867,Hetampura,Vadodara Rural,22.227236,73.2839,249.0,1.23,1.23,1504.0,6.04,1,0,2,0.0,1.0,14.0,14.0,0.513,0.582,86.4,127840.0,0,Private / Mixed,Medium,High,0.498,3888
519866,Diwalipura,Vadodara Rural,22.228,73.295272,308.0,0.3,0.61,661.0,2.146,3,0,2,0.0,1.0,13.0,15.0,0.5,0.585,107.5,56185.0,0,Private / Mixed,Medium,High,0.831,4837
519860,Maretha,Vadodara Rural,22.223075,73.183108,241.0,0.83,4.58,1918.0,7.959,2,0,2,0.0,1.0,10.0,10.0,0.542,0.617,84.4,163030.0,0,Private / Mixed,Medium,High,0.63,3798
251209,Vadodara,Vadodara Rural,22.306225,73.182732,0.0,,,1752371.0,,0,0,0,0.0,0.0,0.0,,0.765,0.286,0.0,148951535.0,0,Private / Mixed,Medium,High,0.209,0
519938,Panch Devla,Vaghodia,22.43723,73.378274,260.0,0.39,32.43,867.0,3.335,3,0,1,0.0,1.0,10.0,28.0,0.439,0.602,91.0,73695.0,0,Government Revenue Land,High,High,0.827,4095
519939,Abhrampura,Vaghodia,22.430948,73.384792,451.0,6.86,0.0,627.0,1.39,2,0,1,0.0,1.0,20.0,30.0,0.431,0.614,157.8,53295.0,0,Private / Mixed,Medium,Moderate,0.757,7101
519936,Kamrol,Vaghodia,22.426497,73.295766,1011.0,5.45,0.0,2097.0,2.074,3,1,1,0.0,1.0,22.0,25.0,0.492,0.594,353.8,178245.0,0,Private / Mixed,Medium,Moderate,0.889,15921
519942,Kodarvaya,Vaghodia,22.415313,73.384313,252.0,4.74,7.11,398.0,1.579,2,0,1,0.0,0.0,18.0,27.0,0.346,0.614,88.2,33830.0,0,Private / Mixed,Medium,Moderate,0.704,3969
519935,Amreshwar,Vaghodia,22.413419,73.264611,247.0,17.41,0.0,480.0,1.943,2,0,1,0.0,1.0,17.0,17.0,0.443,0.616,86.4,40800.0,0,Private / Mixed,Medium,Moderate,0.668,3888
519950,Kotambi,Vaghodia,22.396152,73.312378,1950.0,1.04,2.54,3740.0,1.918,3,0,1,0.0,0.0,14.0,14.0,0.527,0.576,647.1,317900.0,0,Private / Mixed,Medium,High,0.879,29119
519937,Lilora,Vaghodia,22.428497,73.363664,549.0,8.21,0.0,1698.0,3.093,3,1,1,0.0,1.0,14.0,25.0,0.422,0.637,192.1,144330.0,0,Private / Mixed,Medium,High,0.907,8644
519943,Vyankatpura,Vaghodia,22.404352,73.368516,496.0,23.23,0.2,592.0,1.194,2,0,1,0.0,0.0,15.0,25.0,0.445,0.626,173.6,50320.0,0,Private / Mixed,Medium,Moderate,0.75,7812
519945,Rahkui,Vaghodia,22.408263,73.335659,305.0,11.51,2.96,773.0,2.534,2,0,1,0.0,0.0,16.0,20.0,0.471,0.626,106.8,65705.0,0,Private / Mixed,Medium,Moderate,0.684,4806
519946,Ganeshpura,Vaghodia,22.402363,73.274967,589.0,13.24,0.0,981.0,1.666,2,0,1,0.0,1.0,16.0,16.0,0.458,0.605,206.2,83385.0,0,Private / Mixed,Medium,Moderate,0.749,9279
519944,Amrutpura,Vaghodia,22.398513,73.352163,262.0,34.98,1.9,409.0,1.561,1,0,1,0.0,1.0,15.0,27.0,0.522,0.594,91.7,34765.0,0,Private / Mixed,Medium,Moderate,0.5,4126
519947,Bhaniyara,Vaghodia,22.393587,73.264179,692.0,5.92,2.45,1796.0,2.595,3,1,1,0.0,1.0,13.0,13.0,0.551,0.593,242.2,152660.0,0,Private / Mixed,Medium,High,0.868,10899
519954,Jafarpura,Vaghodia,22.389601,73.367701,146.0,4.08,7.48,358.0,2.452,1,0,1,0.0,0.0,18.0,25.0,0.535,0.604,51.1,30430.0,0,Private / Mixed,Medium,Moderate,0.44,2299
519952,Intoli,Vaghodia,22.38544,73.332133,226.0,3.52,6.17,1060.0,4.69,2,0,1,0.0,0.0,12.0,12.0,0.464,0.602,79.1,90100.0,0,Private / Mixed,Medium,High,0.653,3559
519953,Rasulabad,Vaghodia,22.379755,73.345826,1043.0,7.68,0.0,2279.0,2.185,3,1,1,0.0,1.0,16.0,24.0,0.437,0.583,365.0,193715.0,0,Private / Mixed,Medium,Moderate,0.91,16425
519957,Rayan Talavadi,Vaghodia,22.369731,73.378642,654.0,27.79,1.37,1597.0,2.442,1,1,1,0.0,1.0,15.0,20.0,0.429,0.592,228.9,135745.0,0,Private / Mixed,Medium,Moderate,0.611,10300
519948,Bhaupura,Vaghodia,22.379426,73.279252,324.0,3.41,9.29,663.0,2.046,3,0,1,0.0,1.0,15.0,15.0,0.503,0.615,113.4,56355.0,0,Private / Mixed,Medium,Moderate,0.833,5103
519951,Sakariya,Vaghodia,22.370251,73.321545,423.0,6.4,1.66,654.0,1.546,2,0,1,0.0,1.0,12.0,12.0,0.412,0.594,148.0,55590.0,0,Private / Mixed,Medium,High,0.764,6660
519949,Kumetha,Vaghodia,22.36591,73.282281,775.0,6.84,4.52,1595.0,2.058,2,1,1,0.0,1.0,12.0,12.0,0.402,0.594,271.2,135575.0,0,Private / Mixed,Medium,High,0.77,12204
519958,Morlipura,Vaghodia,22.361659,73.295115,394.0,6.62,2.54,993.0,2.52,2,0,1,0.0,1.0,9.0,9.0,0.342,0.625,137.9,84405.0,0,Private / Mixed,Medium,High,0.77,6205
519962,Raval,Vaghodia,22.347207,73.346467,1238.0,13.4,2.18,2702.0,2.183,3,1,1,0.0,0.0,9.0,15.0,0.41,0.627,433.3,229670.0,0,Private / Mixed,Medium,High,0.912,19498
519963,Sanoli,Vaghodia,22.346867,73.382726,1033.0,7.07,0.19,1202.0,1.164,1,0,1,0.0,0.0,7.0,22.0,0.439,0.615,361.5,102170.0,0,Private / Mixed,Medium,High,0.604,16267
519961,Nimetha,Vaghodia,22.346736,73.31377,1346.0,1.41,0.0,2328.0,1.73,2,1,1,0.0,0.0,12.0,12.0,0.3,0.637,471.1,197880.0,0,Private / Mixed,Medium,High,0.799,21199
519960,Jesangpura,Vaghodia,22.337236,73.288132,265.0,7.52,0.75,811.0,3.06,2,0,1,0.0,0.0,10.0,10.0,0.421,0.604,92.8,68935.0,0,Private / Mixed,Medium,High,0.686,4176
519978,Chipad,Vaghodia,22.331109,73.336834,478.0,5.02,1.26,944.0,1.975,2,0,1,0.0,1.0,10.0,16.0,0.468,0.658,167.3,80240.0,0,Private / Mixed,Medium,High,0.738,7528
519984,Gajadra,Vaghodia,22.320324,73.360103,864.0,0.0,1.51,1685.0,1.95,2,0,1,0.0,0.0,9.0,15.0,0.504,0.616,302.4,143225.0,0,Private / Mixed,Medium,High,0.731,13607
519979,Navi Jambuvai,Vaghodia,22.331554,73.307663,238.0,16.74,1.67,491.0,2.063,2,0,1,0.0,1.0,10.0,16.0,0.418,0.594,83.3,41735.0,0,Private / Mixed,Medium,High,0.676,3748
519959,Sikandarpura,Vaghodia,22.333964,73.270463,161.0,15.53,0.62,2905.0,18.043,1,0,1,0.0,0.0,7.0,7.0,0.404,0.613,56.4,246925.0,0,Private / Mixed,Medium,High,0.492,2538
519982,Shripore Timbi,Vaghodia,22.316,73.300323,481.0,60.5,1.66,670.0,1.393,2,0,1,0.0,0.0,6.0,6.0,0.498,0.638,168.4,56950.0,0,Private / Mixed,Medium,High,0.73,7578
519977,Khandha,Vaghodia,22.325434,73.374753,385.0,1.11,1.94,1128.0,2.93,2,0,1,0.0,0.0,6.0,22.0,0.55,0.616,134.8,95880.0,0,Private / Mixed,Medium,High,0.695,6066
519976,Nava Ajva,Vaghodia,22.323725,73.395499,639.0,6.57,2.35,869.0,1.36,2,0,1,0.0,1.0,4.0,25.0,0.53,0.605,223.6,73865.0,0,Private / Mixed,Medium,High,0.724,10062
519980,Bakrol,Vaghodia,22.323132,73.284063,680.0,4.71,0.88,1017.0,1.496,2,0,1,0.0,0.0,6.0,6.0,0.475,0.626,238.0,86445.0,0,Private / Mixed,Medium,High,0.74,10710
520006,Ropa,Vaghodia,22.267676,73.333045,173.0,8.67,2.31,633.0,3.659,0,0,1,0.0,1.0,13.0,13.0,0.548,0.596,60.6,53805.0,0,Private / Mixed,Medium,High,0.3,2727
519983,Bhadol Khurd,Vaghodia,22.318998,73.322901,219.0,5.02,0.0,458.0,2.091,2,0,1,0.0,1.0,11.0,18.0,0.414,0.637,76.6,38930.0,0,Private / Mixed,Medium,High,0.662,3446
519981,Hanumanpura,Vaghodia,22.315167,73.270079,251.0,10.36,0.0,504.0,2.008,2,0,1,0.0,0.0,6.0,6.0,0.422,0.595,87.8,42840.0,0,Private / Mixed,Medium,High,0.68,3951
520000,Alva,Vaghodia,22.308185,73.32646,649.0,4.48,3.4,2066.0,3.183,2,1,1,0.0,1.0,10.0,17.0,0.507,0.605,227.2,175610.0,0,Private / Mixed,Medium,High,0.732,10224
520001,Amodar,Vaghodia,22.298566,73.303627,335.0,7.44,1.19,1591.0,4.749,3,0,1,0.0,1.0,4.0,4.0,0.499,0.635,117.2,135235.0,0,Private / Mixed,Medium,High,0.836,5274
520007,Limda,Vaghodia,22.283762,73.362083,875.0,0.0,1.14,2608.0,2.981,3,1,1,0.0,1.0,5.0,15.0,0.567,0.564,306.2,221680.0,0,Private / Mixed,Medium,High,0.867,13779
519999,Kamlapura,Vaghodia,22.287513,73.334125,289.0,1.73,1.38,433.0,1.498,2,0,1,0.0,0.0,10.0,25.0,0.433,0.595,101.1,36805.0,0,Private / Mixed,Medium,High,0.694,4549
519998,Dattapura,Vaghodia,22.290134,73.350391,131.0,9.35,0.72,40.0,0.305,1,0,0,0.0,0.0,6.0,14.0,0.486,0.594,45.8,3400.0,0,Private / Mixed,Medium,High,0.452,2061
520003,Pipaliya,Vaghodia,22.286007,73.31567,634.0,5.05,1.89,1320.0,2.082,3,1,1,0.0,0.0,8.0,18.0,0.489,0.583,221.9,112200.0,0,Private / Mixed,Medium,High,0.891,9985
520002,Pavlepur,Vaghodia,22.284299,73.289908,668.0,4.63,4.19,1313.0,1.966,3,0,1,0.0,0.0,4.0,4.0,0.49,0.594,233.8,111605.0,0,Private / Mixed,Medium,High,0.889,10521
520008,Madheli,Vaghodia,22.265344,73.374207,877.0,4.45,1.82,2057.0,2.345,3,0,1,0.0,1.0,8.0,18.0,0.463,0.586,307.0,174845.0,0,Private / Mixed,Medium,High,0.9,13815
520004,Umarva,Vaghodia,22.269155,73.310472,660.0,2.73,2.12,1090.0,1.652,1,1,1,0.0,1.0,9.0,9.0,0.473,0.615,231.0,92650.0,0,Private / Mixed,Medium,High,0.592,10395
520005,Mastupura,Vaghodia,22.258596,73.318803,236.0,8.02,2.53,487.0,2.064,2,0,1,0.0,1.0,13.0,13.0,0.534,0.596,82.6,41395.0,0,Private / Mixed,Medium,High,0.634,3716
520019,Falod,Vaghodia,22.251891,73.393337,370.0,5.95,2.7,1903.0,5.143,2,0,1,0.0,1.0,8.0,30.0,0.529,0.629,129.5,161755.0,0,Private / Mixed,Medium,High,0.693,5827
519927,Alamgir,Vadodara Rural,22.211725,73.197007,0.0,,,0.0,,0,0,0,,,0.0,,0.488,0.563,0.0,0.0,0,Private / Mixed,Medium,High,0.265,0
519906,Nandesari,Vadodara Rural,22.41435,73.095614,0.0,,,8290.0,,0,0,0,,,0.0,,0.708,0.286,0.0,704650.0,0,Private / Mixed,Medium,High,0.229,0
519909,Bajwa,Vadodara Rural,22.366252,73.140935,0.0,,,9611.0,,0,0,0,,,0.0,,0.756,0.286,0.0,816935.0,0,Private / Mixed,Medium,High,0.213,0
519907,Ranoli,Vadodara Rural,22.398552,73.131306,0.0,,,11726.0,,0,0,0,,,0.0,,0.645,0.286,0.0,996710.0,0,Private / Mixed,Medium,High,0.251,0
519908,Karachiya,Vadodara Rural,22.379471,73.131637,0.0,,,7103.0,,0,0,0,,,0.0,,0.751,0.286,0.0,603755.0,0,Private / Mixed,Medium,High,0.214,0
519910,Jawaharnagar Gujarat Refinery CT,Vadodara Rural,22.359056,73.132399,0.0,,,3417.0,,0,0,0,,,0.0,,0.438,0.639,0.0,290445.0,0,Private / Mixed,Medium,High,0.271,0
802593,Nandesari INA,Vadodara Rural,22.403717,73.104746,0.0,,,3679.0,,0,0,0,,,0.0,,0.543,0.587,0.0,312715.0,0,Private / Mixed,Medium,High,0.242,0
802595,GSFC Complex INA,Vadodara Rural,22.372328,73.152346,0.0,,,2242.0,,0,0,0,,,0.0,,0.72,0.286,0.0,190570.0,0,Private / Mixed,Medium,High,0.225,0
802594,Petro Chemical Complex INA,Vadodara Rural,22.389119,73.111768,0.0,,,1951.0,,0,0,0,,,0.0,,0.687,0.286,0.0,165835.0,0,Private / Mixed,Medium,High,0.237,0
519911,Undera,Vadodara Rural,22.343372,73.137039,0.0,,,16902.0,,0,0,0,,,0.0,,0.751,0.286,0.0,1436670.0,0,Private / Mixed,Medium,High,0.214,0
519919,Dasharath,Vadodara Rural,22.385983,73.157488,0.0,,,0.0,,0,0,0,,,0.0,,0.668,0.286,0.0,0.0,0,Private / Mixed,Medium,High,0.243,0
999999,Sayaji Sarovar,Vaghodia,22.380487,73.406611,0.0,,,0.0,,0,0,0,,,0.0,,0.756,0.286,0.0,0.0,0,Private / Mixed,Medium,High,0.213,0
519923,Gorva OG,Vadodara Rural,22.338225,73.15438,0.0,,,0.0,,0,0,0,,,0.0,,0.738,0.286,0.0,0.0,0,Private / Mixed,Medium,High,0.219,0
519924,Sevasi,Vadodara Rural,22.306627,73.117423,0.0,,,0.0,,0,0,0,,,0.0,,0.514,0.638,0.0,0.0,0,Private / Mixed,Medium,High,0.244,0
519918,Kalali OG,Vadodara Rural,22.250808,73.16557,0.0,,,0.0,,0,0,0,,,0.0,,0.537,0.608,0.0,0.0,0,Private / Mixed,Medium,High,0.241,0
519925,Bhayli,Vadodara Rural,22.281721,73.121784,0.0,,,0.0,,0,0,0,,,0.0,,0.49,0.629,0.0,0.0,0,Private / Mixed,Medium,High,0.254,0
519926,Bil,Vadodara Rural,22.248134,73.140536,0.0,,,0.0,,0,0,0,,,0.0,,0.457,0.586,0.0,0.0,0,Private / Mixed,Medium,High,0.272,0
519913,Karodiya OG,Vadodara Rural,22.349552,73.162735,0.0,,,0.0,,0,0,0,,,0.0,,0.736,0.286,0.0,0.0,0,Private / Mixed,Medium,High,0.22,0
519912,Tarsali CT,Vadodara Rural,22.246946,73.229342,0.0,,,4929.0,,0,0,0,,,0.0,,0.532,0.596,0.0,418965.0,0,Private / Mixed,Medium,High,0.244,0
520022,Jarod CT,Vaghodia,22.429672,73.332882,0.0,,,7200.0,,0,0,0,,,0.0,,0.472,0.613,0.0,612000.0,0,Private / Mixed,Medium,High,0.263,0
520023,Vaghodia CT,Vaghodia,22.297497,73.39063,0.0,,,16604.0,,0,0,0,,,0.0,,0.683,0.286,0.0,1411340.0,0,Private / Mixed,Medium,High,0.238,0
802598,Vaghodia INA,Vaghodia,22.311117,73.38898,0.0,,,248.0,,0,0,0,,,0.0,,0.481,0.615,0.0,21080.0,0,Private / Mixed,Medium,High,0.259,0
519921,Dumad,Vadodara Rural,22.376152,73.201184,0.0,,,0.0,,0,0,0,,,0.0,,0.445,0.574,0.0,0.0,0,Private / Mixed,Medium,High,0.278,0
519922,Vemali,Vadodara Rural,22.35407,73.209843,0.0,,,0.0,,0,0,0,,,0.0,,0.552,0.577,0.0,0.0,0,Private / Mixed,Medium,High,0.24,0
519916,Sayajipura OG,Vadodara Rural,22.325296,73.25876,0.0,,,0.0,,0,0,0,,,0.0,,0.601,0.286,0.0,0.0,0,Private / Mixed,Medium,High,0.267,0
519917,Bapod OG,Vadodara Rural,22.299225,73.259733,0.0,,,0.0,,0,0,0,,,0.0,,0.455,0.564,0.0,0.0,0,Private / Mixed,Medium,High,0.276,0
519914,Harni OG,Vadodara Rural,22.344634,73.257466,0.0,,,0.0,,0,0,0,,,0.0,,0.35,0.607,0.0,0.0,0,Private / Mixed,Medium,High,0.306,0
520943,Bamboj,Dabhoi,22.211975,73.457983,695.0,0.0,4.6,1331.0,1.915,2,0,0,0.0,1.0,20.0,55.0,0.502,0.59,233.8,113135.0,0,Private / Mixed,Medium,Moderate,0.736,10521
520945,Lunadra,Dabhoi,22.206681,73.479518,241.0,4.96,0.0,245.0,1.017,2,0,1,0.0,1.0,17.0,45.0,0.54,0.608,80.2,20825.0,0,Private / Mixed,Medium,Moderate,0.627,3609
520942,Naranpura,Dabhoi,22.204176,73.42546,105.0,0.0,11.43,180.0,1.714,2,0,0,0.0,1.0,7.0,35.0,0.524,0.615,36.8,15300.0,0,Private / Mixed,Medium,High,0.573,1655
520946,Simaliya,Dabhoi,22.19153,73.482411,980.0,0.0,2.14,3180.0,3.245,3,1,0,0.0,1.0,12.0,47.0,0.444,0.577,301.7,270300.0,0,Private / Mixed,Medium,High,0.908,13576
520947,Sunvalja,Dabhoi,22.193872,73.456124,258.0,0.0,3.1,492.0,1.907,2,0,0,0.0,1.0,7.0,45.0,0.477,0.61,86.5,41820.0,0,Private / Mixed,Medium,High,0.657,3892
520941,Karalipura,Dabhoi,22.196452,73.417099,120.0,6.67,2.5,306.0,2.55,2,0,0,0.0,1.0,10.0,46.0,0.514,0.605,42.0,26010.0,0,Private / Mixed,Medium,High,0.585,1890
520948,Dangiwada,Dabhoi,22.186472,73.434297,481.0,0.0,4.57,737.0,1.532,2,0,2,0.0,1.0,7.0,32.0,0.47,0.569,161.0,62645.0,0,Private / Mixed,Medium,High,0.75,7245
520965,Gopalpura,Dabhoi,22.169907,73.49663,462.0,0.0,0.0,517.0,1.119,3,0,2,0.0,1.0,14.0,42.0,0.562,0.286,161.7,43945.0,0,Private / Mixed,Medium,High,0.91,7276
520950,Vasaipura,Dabhoi,22.178906,73.405451,177.0,0.0,5.08,534.0,3.017,3,0,0,0.0,1.0,6.0,37.0,0.521,0.587,58.1,45390.0,0,Private / Mixed,Medium,High,0.757,2614
520949,Pragpura,Dabhoi,22.180934,73.423394,256.0,0.0,3.89,425.0,1.66,2,1,1,0.0,1.0,7.0,35.0,0.499,0.58,85.1,36125.0,0,Private / Mixed,Medium,High,0.652,3829
520964,Akotadar,Dabhoi,22.17537,73.463987,605.0,0.0,15.21,1395.0,2.306,2,0,2,0.0,1.0,8.0,44.0,0.534,0.574,211.8,118575.0,0,Government Revenue Land,High,High,0.727,9531
520963,Pansoli,Dabhoi,22.166243,73.452333,769.0,0.0,5.45,2213.0,2.878,3,0,2,0.0,0.0,9.0,40.0,0.55,0.584,269.2,188105.0,0,Private / Mixed,Medium,High,0.87,12114
520962,Morpura,Dabhoi,22.16282,73.420509,80.0,0.0,3.8,492.0,6.15,2,0,0,0.0,1.0,5.0,30.0,0.502,0.562,25.9,41820.0,0,Private / Mixed,Medium,High,0.575,1165
520966,Vadhvana,Dabhoi,22.150349,73.491283,778.0,0.0,34.19,1357.0,1.744,1,1,1,0.0,1.0,8.0,46.0,0.368,0.595,272.3,115345.0,0,Government Revenue Land,High,High,0.632,12253
520967,Samsherpura,Dabhoi,22.150824,73.481159,97.0,0.0,12.37,383.0,3.948,1,0,0,0.0,1.0,7.0,46.0,0.397,0.597,33.9,32555.0,0,Private / Mixed,Medium,High,0.467,1525
520968,Kukad,Dabhoi,22.143096,73.46806,597.0,0.0,1.68,1501.0,2.514,2,0,0,0.0,1.0,4.0,35.0,0.365,0.579,186.6,127585.0,0,Private / Mixed,Medium,High,0.785,8397
520969,Timbi,Dabhoi,22.15226,73.418344,244.0,0.0,4.1,1001.0,4.102,3,0,1,0.0,1.0,3.0,40.0,0.467,0.565,85.4,85085.0,0,Private / Mixed,Medium,High,0.816,3843
520970,Tarsana,Dabhoi,22.143425,73.407585,432.0,4.86,5.09,1108.0,2.565,3,0,2,0.0,1.0,3.0,30.0,0.476,0.585,151.2,94180.0,0,Private / Mixed,Medium,High,0.896,6803
520944,Amreshwar,Dabhoi,22.227089,73.472862,574.0,0.0,2.61,788.0,1.373,2,1,0,0.0,1.0,17.0,50.0,0.501,0.611,194.3,66980.0,0,Private / Mixed,Medium,Moderate,0.733,8743
519975,Madodhar,Vaghodia,22.324726,73.419003,918.0,0.44,10.24,4634.0,5.048,3,0,1,0.0,1.0,2.0,20.0,0.538,0.614,321.3,393890.0,0,Private / Mixed,Medium,High,0.87,14458
519974,Sangadol,Vaghodia,22.317903,73.442354,991.0,4.24,1.06,2626.0,2.65,2,1,1,0.0,1.0,5.0,25.0,0.462,0.595,346.8,223210.0,0,Private / Mixed,Medium,High,0.749,15606
519971,Chipat,Vaghodia,22.326852,73.514534,97.0,1.03,11.34,408.0,4.206,2,0,1,0.0,0.0,13.0,35.0,0.404,0.573,33.9,34680.0,0,Private / Mixed,Medium,High,0.618,1525
520012,Kachhota,Vaghodia,22.265121,73.51416,295.0,4.75,0.0,263.0,0.892,2,0,1,0.0,1.0,14.0,34.0,0.471,0.641,103.2,22355.0,0,Private / Mixed,Medium,High,0.677,4644
519988,Vedpur,Vaghodia,22.312013,73.529351,831.0,0.84,7.45,1603.0,1.929,2,1,1,0.0,1.0,16.0,40.0,0.414,0.534,211.5,136255.0,0,Private / Mixed,Medium,Moderate,0.775,9517
519986,Ghodadra,Vaghodia,22.305494,73.459221,552.0,1.08,9.76,1564.0,2.833,2,0,1,0.0,1.0,5.0,28.0,0.489,0.627,193.2,132940.0,0,Private / Mixed,Medium,High,0.735,8694
519987,Asha,Vaghodia,22.308156,73.496906,231.0,1.74,1.74,336.0,1.455,2,0,1,0.0,1.0,10.0,22.0,0.454,0.564,70.3,28560.0,0,Private / Mixed,Medium,High,0.65,3163
519989,Moti Manekpur,Vaghodia,22.298435,73.531655,626.0,16.27,0.0,806.0,1.288,2,0,1,0.0,1.0,18.0,42.0,0.486,0.569,212.5,68510.0,0,Private / Mixed,Medium,Moderate,0.745,9562
519993,Vasvel,Vaghodia,22.296555,73.472661,810.0,3.33,2.59,1880.0,2.321,2,1,1,0.0,1.0,6.0,25.0,0.444,0.595,283.5,159800.0,0,Private / Mixed,Medium,High,0.755,12757
519992,Saidal,Vaghodia,22.286926,73.50285,924.0,13.53,0.0,1792.0,1.939,2,0,1,0.0,1.0,11.0,32.0,0.388,0.583,272.7,152320.0,0,Private / Mixed,Medium,High,0.777,12271
519985,Timbi,Vaghodia,22.299284,73.418253,185.0,9.73,0.54,685.0,3.703,3,0,1,0.0,1.0,2.0,22.0,0.466,0.616,64.8,58225.0,0,Private / Mixed,Medium,High,0.781,2916
519996,Dankheda,Vaghodia,22.286677,73.436341,230.0,2.61,10.43,794.0,3.452,3,0,1,0.0,0.0,12.0,22.0,0.535,0.609,80.5,67490.0,0,Private / Mixed,Medium,High,0.779,3622
519990,Nani Manekpur,Vaghodia,22.288167,73.543629,57.0,8.77,0.0,207.0,3.632,2,0,1,0.0,1.0,18.0,48.0,0.528,0.638,20.0,17595.0,0,Private / Mixed,Medium,Moderate,0.546,900
519997,Tavra,Vaghodia,22.286469,73.417679,462.0,4.98,1.73,1427.0,3.089,2,0,1,0.0,1.0,2.0,22.0,0.477,0.616,161.7,121295.0,0,Private / Mixed,Medium,High,0.741,7276
519994,Chandpur,Vaghodia,22.285523,73.475938,341.0,0.94,0.94,378.0,1.109,2,0,1,0.0,0.0,12.0,29.0,0.358,0.631,119.4,32130.0,0,Private / Mixed,Medium,High,0.739,5373
520013,Rustampura,Vaghodia,22.276456,73.536888,214.0,0.47,13.15,1460.0,6.822,2,1,1,0.0,0.0,16.0,40.0,0.516,0.627,74.9,124100.0,0,Private / Mixed,Medium,Moderate,0.625,3370
519995,Ambali,Vaghodia,22.278101,73.446408,386.0,3.54,5.99,934.0,2.42,3,0,1,0.0,0.0,9.0,24.0,0.503,0.614,135.1,79390.0,0,Private / Mixed,Medium,High,0.862,6079
520010,Gugalpur,Vaghodia,22.267272,73.467115,413.0,4.84,13.8,448.0,1.085,3,1,1,0.0,0.0,7.0,27.0,0.389,0.618,144.5,38080.0,0,Private / Mixed,Medium,High,0.914,6502
520009,Vejalpur,Vaghodia,22.27193,73.405579,422.0,7.36,1.9,1589.0,3.765,1,0,1,0.0,0.0,5.0,25.0,0.492,0.606,147.7,135065.0,0,Private / Mixed,Medium,High,0.584,6646
520011,Khervadi,Vaghodia,22.262781,73.483262,531.0,7.17,0.75,1207.0,2.273,3,1,1,0.0,1.0,10.0,30.0,0.438,0.629,185.8,102595.0,0,Private / Mixed,Medium,High,0.902,8361
520018,Vyara,Vaghodia,22.252538,73.422919,2272.0,0.22,10.33,4994.0,2.198,2,0,1,0.0,1.0,7.0,30.0,0.447,0.604,795.2,424490.0,0,Private / Mixed,Medium,High,0.753,35784
520014,Ghoda,Vaghodia,22.264944,73.528892,218.0,12.39,0.0,554.0,2.541,2,0,1,0.0,0.0,17.0,41.0,0.549,0.661,76.3,47090.0,0,Private / Mixed,Medium,Moderate,0.61,3433
520015,Nurpuri,Vaghodia,22.255319,73.516521,276.0,1.09,0.0,356.0,1.29,3,0,1,0.0,1.0,20.0,38.0,0.518,0.619,96.6,30260.0,0,Private / Mixed,Medium,Moderate,0.805,4347
520016,Tarsva,Vaghodia,22.247893,73.482445,1104.0,3.8,1.54,1537.0,1.392,3,0,1,0.0,1.0,13.0,35.0,0.508,0.618,386.4,130645.0,0,Private / Mixed,Medium,High,0.88,17388
520017,Jambuwada,Vaghodia,22.235421,73.446638,719.0,6.95,2.78,1233.0,1.715,2,0,1,0.0,1.0,11.0,29.0,0.508,0.617,251.6,104805.0,0,Private / Mixed,Medium,High,0.73,11322
520020,Antoli,Vaghodia,22.221961,73.417043,577.0,5.02,5.88,1292.0,2.239,2,0,1,0.0,1.0,15.0,32.0,0.484,0.584,202.0,109820.0,0,Private / Mixed,Medium,Moderate,0.743,9090
520021,Karamliya Pura,Vaghodia,22.217807,73.437697,607.0,2.81,5.61,1336.0,2.201,2,1,1,0.0,1.0,12.0,32.0,0.528,0.584,212.4,113560.0,0,Private / Mixed,Medium,High,0.728,9558
519991,Koba,Vaghodia,22.284556,73.521797,307.0,3.9,0.0,0.0,0.0,0,0,0,,,15.0,39.0,0.367,0.54,46.4,0.0,1,Private / Mixed,Medium,Moderate,0.352,2088
519940,Adiran,Vaghodia,22.436866,73.411595,772.0,6.23,2.33,2423.0,3.139,1,0,1,0.0,0.0,18.0,24.0,0.542,0.594,270.2,205955.0,0,Private / Mixed,Medium,Moderate,0.571,12159
519955,Navgam,Vaghodia,22.407331,73.435575,407.0,4.17,19.61,1353.0,3.324,3,0,1,0.0,0.0,20.0,26.0,0.473,0.603,142.4,115005.0,0,Government Revenue Land,High,Moderate,0.884,6408
519941,Karmasiya Kheda,Vaghodia,22.410759,73.412333,2948.0,64.98,0.31,3574.0,1.212,2,1,1,0.0,1.0,20.0,28.0,0.489,0.593,1031.8,303790.0,0,Private / Mixed,Medium,Moderate,0.74,46431
519956,Gutal,Vaghodia,22.373695,73.447886,1707.0,3.93,2.28,3767.0,2.207,3,1,1,0.0,0.0,9.0,29.0,0.501,0.596,597.4,320195.0,0,Private / Mixed,Medium,High,0.885,26883
519964,Juna Rampura,Vaghodia,22.3582,73.410424,309.0,0.0,3.56,1280.0,4.142,2,0,1,0.0,1.0,8.0,23.0,0.413,0.647,108.2,108800.0,0,Private / Mixed,Medium,High,0.703,4869
519967,Dundelav,Vaghodia,22.347733,73.465353,224.0,12.56,4.93,599.0,2.674,2,0,1,0.0,0.0,9.0,29.0,0.513,0.613,78.4,50915.0,0,Private / Mixed,Medium,High,0.633,3528
519973,Goraj,Vaghodia,22.332591,73.47929,1429.0,1.89,7.07,5093.0,3.564,2,1,1,0.0,0.0,10.0,30.0,0.535,0.617,500.2,432905.0,0,Private / Mixed,Medium,High,0.72,22509
519965,Nava Rampura,Vaghodia,22.344775,73.408848,270.0,0.0,4.09,608.0,2.252,2,0,1,0.0,0.0,4.0,22.0,0.449,0.616,94.5,51680.0,0,Private / Mixed,Medium,High,0.676,4252
519966,Vesaniya,Vaghodia,22.342325,73.438877,427.0,6.4,1.42,1007.0,2.358,3,0,1,0.0,1.0,7.0,27.0,0.355,0.625,149.4,85595.0,0,Private / Mixed,Medium,High,0.931,6723
519968,Valva,Vaghodia,22.342418,73.503181,253.0,4.26,12.34,700.0,2.767,2,0,1,0.0,0.0,12.0,34.0,0.509,0.596,88.6,59500.0,0,Private / Mixed,Medium,High,0.651,3986
519969,Hamirpuri,Vaghodia,22.339955,73.525062,73.0,1.37,15.07,127.0,1.74,2,0,1,0.0,1.0,12.0,34.0,0.407,0.605,25.5,10795.0,0,Government Revenue Land,High,High,0.601,1147
519970,Dharola,Vaghodia,22.334722,73.546397,574.0,1.22,1.05,283.0,0.493,2,0,1,0.0,0.0,15.0,37.0,0.266,0.463,40.2,24055.0,1,Private / Mixed,Medium,Moderate,0.691,1809
519972,Gambhirpura,Vaghodia,22.333731,73.521104,80.0,5.0,6.25,711.0,8.887,2,0,1,0.0,0.0,13.0,35.0,0.42,0.594,28.0,60435.0,0,Private / Mixed,Medium,High,0.601,1260
519768,Wankaner,Savli,22.552458,73.177017,1641.0,7.25,3.53,8770.0,5.344,2,1,2,0.0,1.0,5.0,36.0,0.388,0.582,574.3,745450.0,0,Private / Mixed,Medium,High,0.777,25843
519787,Bhadarva,Savli,22.510437,73.129922,540.0,5.32,8.16,5951.0,11.02,2,1,2,0.0,1.0,12.0,32.0,0.494,0.646,189.0,505835.0,0,Private / Mixed,Medium,High,0.73,8505
519794,Ranipura B,Savli,22.50843,73.174065,690.0,0.94,0.0,482.0,0.699,2,0,0,0.0,1.0,10.0,40.0,0.428,0.604,241.5,40970.0,0,Private / Mixed,Medium,High,0.76,10867
519790,Khandi,Savli,22.499195,73.100319,111.0,1.65,19.83,1467.0,13.216,2,0,0,0.0,1.0,19.0,22.0,0.523,0.594,38.8,124695.0,0,Government Revenue Land,High,Moderate,0.58,1745
519789,Jalampura,Savli,22.502329,73.105973,176.0,3.37,16.85,837.0,4.756,2,0,2,0.0,1.0,17.0,24.0,0.467,0.624,61.6,71145.0,0,Government Revenue Land,High,Moderate,0.625,2772
519792,Raniya,Savli,22.495709,73.133102,680.0,7.69,0.62,3279.0,4.822,2,0,2,0.0,1.0,13.0,26.0,0.356,0.656,238.0,278715.0,0,Private / Mixed,Medium,High,0.777,10710
519793,Mahapura,Savli,22.495327,73.160927,119.0,0.85,0.85,694.0,5.832,2,0,1,0.0,1.0,14.0,24.0,0.457,0.645,41.6,58990.0,0,Private / Mixed,Medium,High,0.599,1872
519810,Anjesar,Savli,22.480895,73.17266,532.0,9.76,3.19,2334.0,4.387,2,0,1,0.0,1.0,12.0,24.0,0.542,0.583,186.2,198390.0,0,Private / Mixed,Medium,High,0.723,8379
519791,Poicha Raniya,Savli,22.475894,73.114821,769.0,6.24,3.9,2945.0,3.83,2,1,1,0.0,1.0,16.0,18.0,0.376,0.594,269.2,250325.0,0,Private / Mixed,Medium,Moderate,0.779,12114
519811,Moksi,Savli,22.468066,73.147281,1195.0,2.85,0.0,5706.0,4.775,2,1,2,0.0,1.0,22.0,26.0,0.541,0.613,418.2,485010.0,0,Private / Mixed,Medium,Moderate,0.719,18819
519786,Bahidhara Alias Natvarnagar,Savli,22.512292,73.159483,1097.0,6.84,24.7,3711.0,3.383,2,1,0,0.0,1.0,10.0,35.0,0.351,0.645,384.0,315435.0,0,Government Revenue Land,High,High,0.78,17280
519788,Parthampura Khandi,Savli,22.511161,73.118198,309.0,0.62,20.31,898.0,2.906,2,0,2,0.0,1.0,15.0,26.0,0.496,0.593,108.2,76330.0,0,Government Revenue Land,High,Moderate,0.682,4869
519824,Dodka,Vadodara Rural,22.455062,73.112726,770.0,4.06,6.09,3724.0,4.836,2,1,2,0.0,1.0,9.0,28.0,0.402,0.595,269.5,316540.0,0,Private / Mixed,Medium,High,0.77,12127
519827,Vasna Kotariya,Vadodara Rural,22.447266,73.154772,499.0,7.03,3.61,3974.0,7.964,2,1,2,0.0,1.0,10.0,22.0,0.529,0.612,174.6,337790.0,0,Private / Mixed,Medium,High,0.723,7857
519747,Ankaliya,Savli,22.616419,73.377167,443.0,5.64,4.74,1067.0,2.409,2,0,1,0.0,0.0,12.0,40.0,0.474,0.613,155.0,90695.0,0,Private / Mixed,Medium,High,0.742,6975
519756,Lachhanpura,Savli,22.614795,73.22513,246.0,2.83,40.89,1201.0,4.882,2,0,0,0.0,0.0,9.0,45.0,0.502,0.573,86.1,102085.0,0,Government Revenue Land,High,High,0.653,3874
519750,Mevli,Savli,22.614616,73.329978,913.0,0.33,14.99,3775.0,4.135,2,1,0,0.0,1.0,13.0,45.0,0.473,0.604,319.5,320875.0,0,Private / Mixed,Medium,High,0.744,14377
519748,Dhantej,Savli,22.597216,73.356397,1591.0,5.47,5.03,5470.0,3.438,2,1,1,0.0,1.0,16.0,40.0,0.539,0.608,556.8,464950.0,0,Private / Mixed,Medium,Moderate,0.72,25055
519795,Namisara,Savli,22.515105,73.189227,974.0,8.11,2.46,2102.0,2.158,2,1,0,0.0,1.0,9.0,34.0,0.513,0.573,340.9,178670.0,0,Private / Mixed,Medium,High,0.734,15340
519734,Latva,Desar,22.667525,73.366624,319.0,9.06,0.0,1635.0,5.125,2,0,0,0.0,0.0,12.0,54.0,0.576,0.573,111.6,138975.0,0,Private / Mixed,Medium,High,0.661,5022
519724,Bhila,Desar,22.666808,73.359725,123.0,4.07,43.9,325.0,2.642,2,0,0,0.0,0.0,13.0,55.0,0.522,0.582,43.0,27625.0,0,Government Revenue Land,High,High,0.587,1935
519730,Vansiya,Desar,22.664588,73.398534,259.0,1.16,2.32,1144.0,4.417,2,0,1,0.0,0.0,19.0,61.0,0.552,0.573,90.6,97240.0,0,Private / Mixed,Medium,Moderate,0.642,4076
519722,Vaghanu Muvadu,Desar,22.657829,73.337583,198.0,1.52,64.97,361.0,1.823,3,0,0,0.0,0.0,14.0,56.0,0.412,0.574,69.3,30685.0,0,Government Revenue Land,High,High,0.812,3118
519721,Gorsan,Desar,22.66062,73.317646,204.0,4.41,23.53,717.0,3.515,3,0,0,0.0,1.0,18.0,51.0,0.545,0.573,71.4,60945.0,0,Government Revenue Land,High,Moderate,0.768,3213
519720,Shihora,Desar,22.657088,73.2868,1242.0,7.8,44.57,6021.0,4.848,3,0,0,0.0,1.0,15.0,48.0,0.459,0.581,434.7,511785.0,0,Government Revenue Land,High,Moderate,0.902,19561
519733,Limdi,Desar,22.654626,73.385685,358.0,4.19,7.82,960.0,2.682,2,0,0,0.0,0.0,8.0,59.0,0.552,0.584,125.3,81600.0,0,Private / Mixed,Medium,High,0.686,5638
519731,Ghanta,Desar,22.65819,73.403154,255.0,2.75,28.24,163.0,0.639,2,0,0,0.0,0.0,11.0,57.0,0.555,0.562,89.2,13855.0,0,Government Revenue Land,High,High,0.64,4014
519738,Nhara,Savli,22.646613,73.312436,371.0,2.7,39.89,2460.0,6.631,3,1,0,0.0,0.0,14.0,53.0,0.554,0.582,129.8,209100.0,0,Government Revenue Land,High,High,0.842,5841
519732,Andrakhiya,Desar,22.650172,73.392421,188.0,3.21,9.63,574.0,3.053,2,0,0,0.0,0.0,7.0,60.0,0.555,0.583,65.8,48790.0,0,Private / Mixed,Medium,High,0.606,2961
519737,Gutardi,Savli,22.642703,73.334373,518.0,6.74,23.7,1726.0,3.332,2,0,0,0.0,1.0,22.0,60.0,0.549,0.57,181.3,146710.0,0,Government Revenue Land,High,Moderate,0.722,8158
519736,Sandhasal,Desar,22.644957,73.351477,798.0,4.14,0.0,4248.0,5.323,2,1,1,0.0,1.0,20.0,5.0,0.492,0.593,279.3,361080.0,0,Private / Mixed,Medium,Moderate,0.739,12568
519735,Vav,Desar,22.641302,73.3653,238.0,6.22,0.0,1145.0,4.811,2,0,0,0.0,0.0,8.0,58.0,0.462,0.616,83.3,97325.0,0,Private / Mixed,Medium,High,0.657,3748
519740,Ajabpura,Savli,22.641095,73.26504,761.0,2.5,48.09,2222.0,2.92,3,1,0,0.0,1.0,12.0,45.0,0.5,0.592,266.3,188870.0,0,Government Revenue Land,High,High,0.886,11983
519741,Amarapura,Savli,22.630837,73.247017,558.0,22.76,30.47,2071.0,3.711,3,0,0,0.0,1.0,10.0,42.0,0.559,0.574,195.3,176035.0,0,Government Revenue Land,High,High,0.868,8788
519745,Zumkha,Savli,22.628964,73.320551,254.0,3.14,16.86,1164.0,4.583,2,0,0,0.0,1.0,16.0,55.0,0.469,0.603,88.9,98940.0,0,Government Revenue Land,High,Moderate,0.664,4000
519746,Dipapura,Savli,22.627892,73.344346,301.0,7.64,12.62,1022.0,3.395,2,0,0,0.0,0.0,14.0,45.0,0.5,0.58,105.4,86870.0,0,Private / Mixed,Medium,High,0.679,4743
519751,Vitoj,Savli,22.612199,73.311078,425.0,2.12,7.06,1667.0,3.922,2,0,1,0.0,0.0,11.0,47.0,0.542,0.597,148.8,141695.0,0,Private / Mixed,Medium,High,0.719,6696
519742,Kalupura,Savli,22.620001,73.252806,109.0,0.92,19.27,91.0,0.835,3,0,0,0.0,0.0,13.0,49.0,0.483,0.52,22.1,7735.0,1,Government Revenue Land,High,High,0.732,994
519749,Narpura,Savli,22.612873,73.347288,66.0,19.7,0.0,624.0,9.455,2,0,0,0.0,0.0,16.0,44.0,0.467,0.637,23.1,53040.0,0,Private / Mixed,Medium,Moderate,0.572,1039
519752,Samantpura,Savli,22.610941,73.290607,129.0,4.65,27.91,30.0,0.233,2,0,0,0.0,0.0,10.0,45.0,0.514,0.612,45.2,2550.0,0,Government Revenue Land,High,High,0.589,2034
519757,Rupankui,Savli,22.603019,73.212801,583.0,5.49,34.99,1963.0,3.367,2,0,0,0.0,1.0,7.0,37.0,0.443,0.573,204.0,166855.0,0,Government Revenue Land,High,High,0.759,9180
519755,Rasawadi,Savli,22.606542,73.250407,163.0,11.66,0.61,1152.0,7.067,3,1,0,0.0,1.0,7.0,40.0,0.415,0.582,57.0,97920.0,0,Private / Mixed,Medium,High,0.793,2565
519753,Gangadiyapura,Savli,22.602837,73.281439,92.0,10.99,0.0,416.0,4.522,2,0,0,0.0,0.0,9.0,43.0,0.506,0.582,32.2,35360.0,0,Private / Mixed,Medium,High,0.579,1449
519760,Dungrapura,Savli,22.599649,73.324299,1168.0,23.14,8.14,358.0,0.307,2,0,1,0.0,1.0,7.0,48.0,0.526,0.593,408.8,30430.0,0,Private / Mixed,Medium,High,0.727,18396
519758,Kanoda,Savli,22.596876,73.199142,578.0,6.91,32.64,4854.0,8.398,2,1,0,0.0,1.0,5.0,30.0,0.516,0.571,202.3,412590.0,0,Government Revenue Land,High,High,0.734,9103
519759,Rasulpur,Savli,22.594845,73.232122,399.0,12.0,0.5,1466.0,3.674,3,0,1,0.0,1.0,5.0,38.0,0.426,0.563,139.6,124610.0,0,Private / Mixed,Medium,High,0.903,6282
519763,Vasanpura,Savli,22.584223,73.309628,908.0,10.43,2.39,920.0,1.013,2,1,0,0.0,1.0,7.0,40.0,0.379,0.591,317.8,78200.0,0,Private / Mixed,Medium,High,0.779,14301
519766,Poicha Kanoda,Savli,22.583638,73.180915,1061.0,17.8,15.25,5020.0,4.731,3,0,0,0.0,1.0,5.0,40.0,0.453,0.573,371.3,426700.0,0,Government Revenue Land,High,High,0.906,16708
519764,Muval,Savli,22.578348,73.26441,1829.0,19.47,1.26,1873.0,1.024,2,1,2,0.0,1.0,3.0,35.0,0.752,0.286,640.2,159205.0,0,Private / Mixed,Medium,High,0.694,28809
519761,Tulsipura,Savli,22.567101,73.363504,1044.0,7.28,4.21,1344.0,1.287,2,0,0,0.0,1.0,14.0,54.0,0.401,0.603,365.4,114240.0,0,Private / Mixed,Medium,High,0.769,16443
519762,Kamalpura,Savli,22.574665,73.339106,615.0,2.76,1.14,607.0,0.987,2,0,0,0.0,0.0,16.0,57.0,0.402,0.583,215.2,51595.0,0,Private / Mixed,Medium,Moderate,0.772,9684
519767,Mevaliapura,Savli,22.571804,73.181615,109.0,5.56,0.0,1130.0,10.367,2,0,0,0.0,1.0,6.0,36.0,0.405,0.593,38.2,96050.0,0,Private / Mixed,Medium,High,0.62,1719
519765,Sardarpura,Savli,22.567424,73.196341,92.0,4.35,0.0,526.0,5.717,2,0,0,0.0,1.0,5.0,39.0,0.345,0.605,32.2,44710.0,0,Private / Mixed,Medium,High,0.631,1449
519771,Moti Bhadol,Savli,22.548218,73.316037,906.0,0.0,0.77,1557.0,1.719,3,0,0,0.0,1.0,11.0,39.0,0.452,0.582,317.1,132345.0,0,Private / Mixed,Medium,High,0.904,14269
519770,Charanpura,Savli,22.561883,73.301134,421.0,1.9,0.0,930.0,2.209,2,0,0,0.0,1.0,8.0,41.0,0.311,0.604,147.4,79050.0,0,Private / Mixed,Medium,High,0.797,6633
519769,Javla,Savli,22.552921,73.254503,882.0,14.63,0.23,781.0,0.885,3,0,1,0.0,1.0,1.0,32.0,0.422,0.614,308.7,66385.0,0,Private / Mixed,Medium,High,0.91,13891
519772,Vadiya K,Savli,22.55089,73.339853,572.0,23.64,0.0,1396.0,2.441,3,1,0,0.0,1.0,13.0,50.0,0.467,0.592,200.2,118660.0,0,Private / Mixed,Medium,High,0.898,9009
519784,Gothada,Savli,22.535905,73.224501,2446.0,1.46,0.82,9347.0,3.821,3,1,0,0.0,1.0,2.0,30.0,0.49,0.561,856.1,794495.0,0,Private / Mixed,Medium,High,0.894,38524
519782,Sherpura,Savli,22.546389,73.290402,1013.0,3.26,0.79,1461.0,1.442,3,0,0,0.0,1.0,7.0,40.0,0.359,0.605,354.5,124185.0,0,Private / Mixed,Medium,High,0.934,15952
519773,Mal Ankaliya,Savli,22.546901,73.358528,499.0,6.0,0.4,1007.0,2.018,3,0,0,0.0,0.0,18.0,48.0,0.391,0.561,174.6,85595.0,0,Private / Mixed,Medium,Moderate,0.929,7857
519774,Kambola,Savli,22.539939,73.389336,631.0,5.39,0.0,985.0,1.561,3,0,2,0.0,1.0,22.0,40.0,0.351,0.551,220.8,83725.0,0,Private / Mixed,Medium,Moderate,0.944,9936
519779,Ranipura Samlaya,Savli,22.52818,73.342841,102.0,0.0,11.76,2038.0,19.98,3,0,1,0.0,0.0,17.0,47.0,0.48,0.592,35.7,173230.0,0,Private / Mixed,Medium,Moderate,0.741,1606
519780,Nani Bhadol,Savli,22.522203,73.317746,951.0,20.82,1.26,1465.0,1.54,2,1,0,0.0,1.0,12.0,37.0,0.5,0.582,332.8,124525.0,0,Private / Mixed,Medium,High,0.738,14976
519783,Karachiya,Savli,22.526843,73.263858,656.0,24.7,1.52,1387.0,2.114,3,1,0,0.0,1.0,6.0,34.0,0.526,0.593,229.6,117895.0,0,Private / Mixed,Medium,High,0.877,10332
519781,Samlaya,Savli,22.523995,73.290581,1190.0,1.77,0.64,2232.0,1.876,2,1,2,0.0,1.0,10.0,30.0,0.507,0.592,416.5,189720.0,0,Private / Mixed,Medium,High,0.734,18742
519785,Ranchhodpura,Savli,22.532442,73.183961,125.0,14.4,0.0,1569.0,12.552,2,0,0,0.0,0.0,7.0,40.0,0.448,0.604,43.8,133365.0,0,Private / Mixed,Medium,High,0.611,1970
519777,Mudhela,Savli,22.50827,73.397671,626.0,18.67,2.93,734.0,1.173,2,0,1,0.0,1.0,7.0,36.0,0.491,0.605,219.1,62390.0,0,Private / Mixed,Medium,High,0.737,9859
519778,Ghantiyal,Savli,22.517542,73.377275,680.0,4.57,0.15,1385.0,2.037,2,0,1,0.0,1.0,23.0,40.0,0.509,0.604,238.0,117725.0,0,Private / Mixed,Medium,Moderate,0.731,10710
519796,Bautha,Savli,22.511578,73.213664,412.0,7.52,6.07,1541.0,3.74,2,1,1,0.0,1.0,6.0,30.0,0.531,0.573,144.2,130985.0,0,Private / Mixed,Medium,High,0.72,6488
519798,Pasva,Savli,22.501273,73.255812,782.0,3.2,2.94,1155.0,1.477,2,0,0,0.0,1.0,8.0,35.0,0.529,0.574,273.7,98175.0,0,Private / Mixed,Medium,High,0.729,12316
519799,Mota Motipura,Savli,22.504195,73.273909,453.0,7.93,0.44,312.0,0.689,3,0,1,0.0,0.0,10.0,25.0,0.511,0.583,158.5,26520.0,0,Private / Mixed,Medium,High,0.884,7132
519802,Lotna,Savli,22.504372,73.36037,530.0,3.4,2.26,1669.0,3.149,2,0,2,0.0,1.0,10.0,34.0,0.477,0.602,185.5,141865.0,0,Private / Mixed,Medium,High,0.743,8347
519801,Gangadiya,Savli,22.505454,73.33713,1409.0,6.89,1.99,2265.0,1.608,2,1,0,0.0,1.0,15.0,30.0,0.349,0.614,493.2,192525.0,0,Private / Mixed,Medium,Moderate,0.786,22194
519800,Pratapnagar,Savli,22.499167,73.293923,662.0,7.72,0.0,1488.0,2.248,3,1,1,0.0,0.0,12.0,35.0,0.458,0.594,231.7,126480.0,0,Private / Mixed,Medium,High,0.901,10426
519805,Vadadala,Savli,22.486995,73.319058,559.0,33.04,2.5,966.0,1.728,3,0,1,0.0,1.0,17.0,27.0,0.513,0.571,195.6,82110.0,0,Private / Mixed,Medium,Moderate,0.885,8802
519797,Lasundra,Savli,22.501698,73.232756,497.0,0.6,4.02,1261.0,2.537,2,1,1,0.0,0.0,7.0,28.0,0.53,0.573,163.8,107185.0,0,Private / Mixed,Medium,High,0.729,7371
519803,Sadra,Savli,22.501871,73.377151,304.0,6.91,1.32,649.0,2.135,2,0,1,0.0,1.0,17.0,36.0,0.52,0.625,106.4,55165.0,0,Private / Mixed,Medium,Moderate,0.666,4788
519809,Tundav,Savli,22.482954,73.20198,1431.0,7.76,2.73,6102.0,4.264,3,1,0,0.0,1.0,10.0,22.0,0.509,0.567,483.7,518670.0,0,Private / Mixed,Medium,High,0.887,21766
519804,Adalwada,Savli,22.483591,73.353783,578.0,30.81,1.38,672.0,1.163,2,1,1,0.0,1.0,18.0,31.0,0.492,0.572,202.3,57120.0,0,Private / Mixed,Medium,Moderate,0.742,9103
519807,Subhelav,Savli,22.48513,73.244201,444.0,23.42,2.25,590.0,1.329,1,0,1,0.0,1.0,12.0,30.0,0.502,0.573,155.4,50150.0,0,Private / Mixed,Medium,High,0.588,6993
519808,Paldi,Savli,22.480526,73.22466,327.0,7.67,0.92,749.0,2.291,2,0,0,0.0,1.0,13.0,30.0,0.479,0.592,114.4,63665.0,0,Private / Mixed,Medium,High,0.696,5148
519822,Dhanora,Savli,22.46833,73.335342,281.0,3.12,12.15,1254.0,4.463,2,0,1,0.0,1.0,20.0,29.0,0.507,0.583,98.4,106590.0,0,Private / Mixed,Medium,Moderate,0.666,4428
519806,Chandranagar,Savli,22.474179,73.25903,517.0,22.24,5.61,191.0,0.369,2,0,1,0.0,0.0,12.0,24.0,0.389,0.593,181.0,16235.0,0,Private / Mixed,Medium,High,0.775,8145
519814,Lamdapura,Savli,22.468742,73.226131,324.0,7.72,0.0,880.0,2.716,2,0,0,0.0,1.0,15.0,22.0,0.43,0.582,113.4,74800.0,0,Private / Mixed,Medium,Moderate,0.713,5103
519813,Manjusar,Savli,22.443886,73.19595,1405.0,36.37,4.91,5001.0,3.559,3,1,2,0.0,1.0,13.0,19.0,0.491,0.576,491.7,425085.0,0,Private / Mixed,Medium,High,0.892,22126
519816,Alindra,Savli,22.453463,73.236236,842.0,3.79,0.37,622.0,0.739,2,0,0,0.0,1.0,15.0,22.0,0.465,0.593,294.7,52870.0,0,Private / Mixed,Medium,Moderate,0.748,13261
519819,Khokhar,Savli,22.458132,73.261182,345.0,11.85,2.02,1108.0,3.212,2,1,0,0.0,1.0,20.0,22.0,0.483,0.614,120.7,94180.0,0,Private / Mixed,Medium,Moderate,0.7,5431
519812,Kunpad,Savli,22.456832,73.177151,525.0,4.0,1.33,2788.0,5.31,2,0,0,0.0,1.0,12.0,15.0,0.546,0.609,183.8,236980.0,0,Private / Mixed,Medium,High,0.718,8271
519823,Haripura,Savli,22.455581,73.339935,660.0,5.11,3.23,741.0,1.123,2,0,1,0.0,1.0,18.0,28.0,0.533,0.572,231.0,62985.0,0,Private / Mixed,Medium,Moderate,0.728,10395
519821,Garadhiya,Savli,22.452432,73.313987,493.0,7.1,2.23,1719.0,3.487,3,1,1,0.0,1.0,18.0,25.0,0.531,0.594,172.5,146115.0,0,Private / Mixed,Medium,Moderate,0.875,7762
519815,Zumkal,Savli,22.450561,73.219561,222.0,2.7,0.9,271.0,1.221,2,0,0,0.0,1.0,17.0,22.0,0.498,0.583,77.7,23035.0,0,Private / Mixed,Medium,Moderate,0.642,3496
519723,Raipura Chhatrapura,Desar,22.665258,73.347779,486.0,4.32,8.85,426.0,0.877,2,0,0,0.0,1.0,22.0,77.0,0.455,0.583,170.1,36210.0,0,Private / Mixed,Medium,Moderate,0.753,7654
519739,Gulabpura Shihora,Savli,22.632917,73.293216,238.0,0.0,57.38,581.0,2.441,2,0,1,0.0,0.0,14.0,47.0,0.544,0.583,83.3,49385.0,0,Government Revenue Land,High,High,0.633,3748
519744,Gokalpura Ganeshpura,Savli,22.617289,73.293158,360.0,4.72,35.0,588.0,1.633,2,0,1,0.0,1.0,12.0,45.0,0.472,0.593,126.0,49980.0,0,Government Revenue Land,High,High,0.714,5670
519743,Parthampura Shihora,Savli,22.614948,73.270947,825.0,1.94,6.55,2363.0,2.864,2,1,1,0.0,1.0,10.0,40.0,0.547,0.602,288.8,200855.0,0,Private / Mixed,Medium,High,0.718,12996
519754,Dungripura Shihora,Savli,22.603431,73.264854,173.0,3.47,30.64,490.0,2.832,2,0,0,0.0,1.0,9.0,43.0,0.454,0.583,60.6,41650.0,0,Government Revenue Land,High,High,0.634,2727
519820,Vemar,Savli,22.469814,73.281217,837.0,4.3,3.7,1971.0,2.355,2,0,1,0.0,0.0,18.0,30.0,0.461,0.603,293.0,167535.0,0,Private / Mixed,Medium,Moderate,0.748,13185
519928,Bodidra,Vaghodia,22.478356,73.379884,583.0,14.43,1.03,1047.0,1.796,2,0,1,0.0,1.0,12.0,30.0,0.539,0.583,204.0,88995.0,0,Private / Mixed,Medium,High,0.724,9180
519934,Paldi,Vaghodia,22.455265,73.359683,573.0,28.29,2.3,1260.0,2.199,2,1,1,0.0,1.0,15.0,25.0,0.537,0.562,200.5,107100.0,0,Private / Mixed,Medium,Moderate,0.728,9022
519933,Asoj,Vaghodia,22.458691,73.390985,638.0,8.55,3.3,1952.0,3.06,3,1,1,0.0,0.0,12.0,30.0,0.775,0.286,223.3,165920.0,0,Private / Mixed,Medium,High,0.836,10048
253247,Savli,Savli,22.568753,73.224165,0.0,,,18467.0,,0,0,0,0.0,0.0,0.0,,0.452,0.286,0.0,1569695.0,0,Private / Mixed,Medium,High,0.319,0
519688,Udalpur,Desar,22.802194,73.396022,391.0,20.0,5.38,859.0,2.197,3,1,1,0.0,1.0,19.0,78.0,0.557,0.572,136.8,73015.0,0,Private / Mixed,Medium,Moderate,0.852,6156
519691,Jambu Goral,Desar,22.775084,73.333488,1414.0,3.53,16.47,4203.0,2.972,2,1,0,0.0,1.0,27.0,27.0,0.492,0.572,494.9,357255.0,0,Government Revenue Land,High,Moderate,0.742,22270
519692,Varsada,Desar,22.762475,73.300533,2098.0,3.1,8.67,8683.0,4.139,3,1,2,0.0,1.0,23.0,70.0,0.386,0.584,734.3,738055.0,0,Private / Mixed,Medium,Moderate,0.927,33043
519701,Vejpur,Desar,22.742463,73.36421,2792.0,6.84,0.11,3511.0,1.258,2,1,2,0.0,1.0,24.0,57.0,0.371,0.602,977.2,298435.0,0,Private / Mixed,Medium,Moderate,0.78,43974
519693,Waghpura,Desar,22.760329,73.26441,86.0,1.15,41.38,208.0,2.419,2,0,1,0.0,1.0,30.0,60.0,0.52,0.561,30.1,17680.0,0,Government Revenue Land,High,Moderate,0.574,1354
519694,Tansiya,Desar,22.750929,73.274869,154.0,3.85,3.85,917.0,5.955,2,0,0,0.0,1.0,27.0,57.0,0.472,0.552,53.9,77945.0,0,Private / Mixed,Medium,Moderate,0.624,2425
519699,Desar,Desar,22.724372,73.31478,1710.0,17.83,0.76,6396.0,3.74,2,1,2,0.0,1.0,22.0,60.0,0.484,0.573,598.5,543660.0,0,Private / Mixed,Medium,Moderate,0.745,26932
519695,Himmatpura,Desar,22.742906,73.278312,268.0,1.49,23.51,1095.0,4.086,2,0,0,0.0,1.0,25.0,55.0,0.417,0.571,93.8,93075.0,0,Government Revenue Land,High,Moderate,0.693,4221
519696,Dungripura I,Desar,22.739024,73.271448,179.0,4.3,24.73,1110.0,6.201,2,0,0,0.0,1.0,25.0,54.0,0.487,0.562,62.6,94350.0,0,Government Revenue Land,High,Moderate,0.629,2817
519700,Valavav,Desar,22.723502,73.331573,492.0,12.6,0.81,904.0,1.837,3,1,1,0.0,1.0,19.0,55.0,0.55,0.603,172.2,76840.0,0,Private / Mixed,Medium,Moderate,0.867,7748
519697,Intvad,Desar,22.7274,73.271766,817.0,2.57,41.86,1693.0,2.072,2,1,0,0.0,1.0,25.0,60.0,0.466,0.569,286.0,143905.0,0,Government Revenue Land,High,Moderate,0.752,12870
519702,Jesar Gopari,Desar,22.707522,73.377173,457.0,4.16,5.91,1881.0,4.116,2,1,1,0.0,1.0,32.0,65.0,0.554,0.582,160.0,159885.0,0,Private / Mixed,Medium,Moderate,0.719,7200
519704,Kadachhala,Desar,22.70282,73.329977,647.0,5.67,6.29,1724.0,2.665,3,0,0,0.0,1.0,17.0,55.0,0.515,0.592,226.4,146540.0,0,Private / Mixed,Medium,Moderate,0.881,10188
519703,Vaktapura,Desar,22.698117,73.353822,389.0,2.06,38.56,1184.0,3.044,2,1,1,0.0,1.0,21.0,62.0,0.57,0.562,136.1,100640.0,0,Government Revenue Land,High,Moderate,0.698,6124
519705,Manekla,Desar,22.704202,73.274686,137.0,3.68,17.65,572.0,4.175,2,0,0,0.0,1.0,22.0,77.0,0.485,0.571,47.9,48620.0,0,Government Revenue Land,High,Moderate,0.608,2155
519706,Moti Varnoli,Desar,22.692163,73.274425,158.0,6.33,8.86,1388.0,8.785,2,1,0,0.0,1.0,22.0,60.0,0.523,0.592,55.3,117980.0,0,Private / Mixed,Medium,Moderate,0.602,2488
519712,Pipalchhat Vanto,Desar,22.694689,73.38464,85.0,2.35,22.35,310.0,3.647,2,0,1,0.0,0.0,17.0,60.0,0.517,0.584,29.7,26350.0,0,Government Revenue Land,High,Moderate,0.571,1336
519707,Nani Varnoli,Desar,22.691971,73.291851,248.0,1.61,62.1,263.0,1.06,2,0,0,0.0,1.0,25.0,61.0,0.498,0.6,86.8,22355.0,0,Government Revenue Land,High,Moderate,0.651,3906
519711,Dolatpura,Desar,22.692905,73.367228,135.0,4.44,14.81,484.0,3.585,2,0,1,0.0,0.0,17.0,71.0,0.532,0.583,47.2,41140.0,0,Private / Mixed,Medium,Moderate,0.589,2124
519713,Rampuri Narpuri,Desar,22.6889,73.381596,80.0,2.5,17.5,508.0,6.35,2,0,1,0.0,0.0,17.0,65.0,0.484,0.572,28.0,43180.0,0,Government Revenue Land,High,Moderate,0.582,1260
519708,Chhalier,Desar,22.690042,73.310529,815.0,0.61,11.17,4027.0,4.941,2,1,0,0.0,1.0,22.0,57.0,0.549,0.582,285.2,342295.0,0,Private / Mixed,Medium,Moderate,0.721,12834
519710,Ghemalpura,Desar,22.688546,73.3522,116.0,8.62,8.62,404.0,3.483,2,0,0,0.0,1.0,23.0,78.0,0.527,0.563,40.6,34340.0,0,Private / Mixed,Medium,Moderate,0.585,1827
519709,Vankaneda,Desar,22.689375,73.342643,223.0,8.07,8.07,1543.0,6.919,3,0,1,0.0,1.0,20.0,77.0,0.523,0.572,78.0,131155.0,0,Private / Mixed,Medium,Moderate,0.785,3510
519718,Rajpur,Desar,22.681284,73.285408,355.0,5.28,53.73,578.0,1.628,2,0,0,0.0,1.0,19.0,52.0,0.445,0.57,124.2,49130.0,0,Government Revenue Land,High,Moderate,0.724,5589
519726,Pipalchhat,Desar,22.683959,73.394569,115.0,3.51,5.26,738.0,6.417,2,0,1,0.0,0.0,25.0,62.0,0.495,0.602,40.2,62730.0,0,Private / Mixed,Medium,Moderate,0.59,1809
519714,Vadiya Pandu,Desar,22.681779,73.372321,146.0,7.53,42.47,226.0,1.548,2,0,0,0.0,1.0,14.0,58.0,0.53,0.594,51.1,19210.0,0,Government Revenue Land,High,High,0.594,2299
519715,Rajupura,Desar,22.678101,73.357688,215.0,3.7,20.83,988.0,4.595,2,1,1,0.0,0.0,15.0,70.0,0.568,0.577,75.2,83980.0,0,Government Revenue Land,High,Moderate,0.615,3384
519716,Limdanu Muvadu,Desar,22.675546,73.343148,100.0,4.0,6.0,260.0,2.6,3,0,0,0.0,1.0,23.0,80.0,0.579,0.572,35.0,22100.0,0,Private / Mixed,Medium,Moderate,0.708,1575
519725,Pandu,Desar,22.67458,73.381692,239.0,17.57,10.46,1911.0,7.996,2,1,1,0.0,1.0,10.0,56.0,0.57,0.583,83.6,162435.0,0,Private / Mixed,Medium,High,0.625,3761
519727,Sanpiya,Desar,22.676801,73.404608,148.0,2.04,1.36,814.0,5.5,2,0,1,0.0,0.0,17.0,60.0,0.566,0.603,51.8,69190.0,0,Private / Mixed,Medium,Moderate,0.581,2331
519719,Pratappura,Desar,22.67092,73.295452,197.0,4.06,35.03,1904.0,9.665,2,0,0,0.0,1.0,17.0,50.0,0.468,0.603,68.9,161840.0,0,Government Revenue Land,High,Moderate,0.638,3100
519698,Nani Varnoli Vanto,Desar,22.711908,73.279058,103.0,3.85,5.77,390.0,3.786,2,0,0,0.0,1.0,22.0,67.0,0.51,0.55,36.0,33150.0,0,Private / Mixed,Medium,Moderate,0.587,1620
519717,Kalyan Patelnu Muvadu,Desar,22.67911,73.317626,211.0,0.94,14.15,218.0,1.033,2,0,1,0.0,0.0,30.0,60.0,0.543,0.582,73.2,18530.0,0,Private / Mixed,Medium,Moderate,0.62,3294
519776,Singaniya,Savli,22.515372,73.408679,215.0,6.98,3.26,302.0,1.405,2,0,1,0.0,1.0,7.0,37.0,0.511,0.593,75.2,25670.0,0,Private / Mixed,Medium,High,0.632,3384
519775,Khakhariya,Savli,22.541527,73.404569,694.0,9.22,0.58,2023.0,2.915,3,1,1,0.0,1.0,10.0,40.0,0.386,0.56,242.9,171955.0,0,Private / Mixed,Medium,High,0.931,10930
519929,Rajpura,Vaghodia,22.49415,73.408481,442.0,32.77,2.52,2277.0,5.152,2,1,1,0.0,0.0,12.0,34.0,0.488,0.593,154.7,193545.0,0,Private / Mixed,Medium,High,0.74,6961
519930,Sarnej,Vaghodia,22.479316,73.412146,635.0,18.9,2.68,2297.0,3.617,2,0,1,0.0,0.0,10.0,34.0,0.463,0.614,222.2,195245.0,0,Private / Mixed,Medium,High,0.746,9999
519932,Hansapura,Vaghodia,22.464653,73.405246,174.0,22.29,8.0,1216.0,6.989,3,0,1,0.0,1.0,12.0,32.0,0.576,0.572,60.9,103360.0,0,Private / Mixed,Medium,High,0.744,2740
519931,Khandiwada,Vaghodia,22.45873,73.420955,225.0,5.78,20.89,1033.0,4.591,2,1,1,0.0,1.0,8.0,34.0,0.501,0.573,78.8,87805.0,0,Government Revenue Land,High,High,0.644,3546
519729,Kaslapura,Desar,22.661765,73.412087,287.0,0.99,4.97,758.0,2.641,2,0,1,0.0,0.0,23.0,63.0,0.494,0.593,100.4,64430.0,0,Private / Mixed,Medium,Moderate,0.672,4518
519689,Tulsigam,Desar,22.772278,73.398801,1399.0,9.57,0.21,1546.0,1.105,2,0,1,0.0,1.0,20.0,72.0,0.396,0.614,489.6,131410.0,0,Private / Mixed,Medium,Moderate,0.769,22032
519690,Vachchhesar,Desar,22.764564,73.401582,551.0,8.36,0.18,2695.0,4.891,2,1,1,0.0,1.0,25.0,68.0,0.353,0.603,192.8,229075.0,0,Private / Mixed,Medium,Moderate,0.786,8676
519728,Mokampura,Desar,22.670578,73.41003,142.0,1.97,3.29,795.0,5.599,2,0,1,0.0,0.0,25.0,64.0,0.518,0.593,49.7,67575.0,0,Private / Mixed,Medium,Moderate,0.596,2236
