{"type": "FeatureCollection", "features": [{"type": "Feature", "geometry": {"type": "Polygon", "coordinates": [[[73.22997, 21.852286], [73.227558, 21.861286], [73.22097, 21.867874], [73.21197, 21.870286], [73.20297, 21.867874], [73.196382, 21.861286], [73.19397, 21.852286], [73.196382, 21.843286], [73.20297, 21.836698], [73.21197, 21.834286], [73.22097, 21.836698], [73.227558, 21.843286], [73.22997, 21.852286]]]}, "properties": {"village_name": "Alampura", "subdistrict": "Karjan", "village_code": 521212, "composite_risk_score": 0.67, "flood_hazard_score": 0.364, "erosion_risk": 0.98, "cloudburst_probability": 0.95, "landslide_susceptibility": 0.631, "total_population": 639, "latitude": 21.852286, "longitude": 73.21197, "colour": "#f97316", "tier": "Tier 2 - Relocate"}}, {"type": "Feature", "geometry": {"type": "Polygon", "coordinates": [[[73.273503, 21.948871], [73.271091, 21.957871], [73.264503, 21.964459], [73.255503, 21.966871], [73.246503, 21.964459], [73.239915, 21.957871], [73.237503, 21.948871], [73.239915, 21.939871], [73.246503, 21.933283], [73.255503, 21.930871], [73.264503, 21.933283], [73.271091, 21.939871], [73.273503, 21.948871]]]}, "properties": {"village_name": "Ranapur", "subdistrict": "Karjan", "village_code": 521189, "composite_risk_score": 0.602, "flood_hazard_score": 0.516, "erosion_risk": 0.98, "cloudburst_probability": 0.95, "landslide_susceptibility": 0.639, "total_population": 1166, "latitude": 21.948871, "longitude": 73.255503, "colour": "#f97316", "tier": "Tier 2 - Relocate"}}, {"type": "Feature", "geometry": {"type": "Polygon", "coordinates": [[[73.202216, 21.946091], [73.199804, 21.955091], [73.193216, 21.961679], [73.184216, 21.964091], [73.175216, 21.961679], [73.168628, 21.955091], [73.166216, 21.946091], [73.168628, 21.937091], [73.175216, 21.930503], [73.184216, 21.928091], [73.193216, 21.930503], [73.199804, 21.937091], [73.202216, 21.946091]]]}, "properties": {"village_name": "Latipur Timbi", "subdistrict": "Karjan", "village_code": 521185, "composite_risk_score": 0.605, "flood_hazard_score": 0.49, "erosion_risk": 0.98, "cloudburst_probability": 0.95, "landslide_susceptibility": 0.629, "total_population": 908, "latitude": 21.946091, "longitude": 73.184216, "colour": "#f97316", "tier": "Tier 2 - Relocate"}}, {"type": "Feature", "geometry": {"type": "Polygon", "coordinates": [[[73.556224, 22.067393], [73.553812, 22.076393], [73.547224, 22.082981], [73.538224, 22.085393], [73.529224, 22.082981], [73.522636, 22.076393], [73.520224, 22.067393], [73.522636, 22.058393], [73.529224, 22.051805], [73.538224, 22.049393], [73.547224, 22.051805], [73.553812, 22.058393], [73.556224, 22.067393]]]}, "properties": {"village_name": "Surajghoda", "subdistrict": "Dabhoi", "village_code": 521005, "composite_risk_score": 0.475, "flood_hazard_score": 0.479, "erosion_risk": 0.98, "cloudburst_probability": 0.937, "landslide_susceptibility": 0.607, "total_population": 77, "latitude": 22.067393, "longitude": 73.538224, "colour": "#eab308", "tier": "Tier 3 - Mitigate"}}, {"type": "Feature", "geometry": {"type": "Polygon", "coordinates": [[[73.048688, 22.0648], [73.046276, 22.0738], [73.039688, 22.080388], [73.030688, 22.0828], [73.021688, 22.080388], [73.0151, 22.0738], [73.012688, 22.0648], [73.0151, 22.0558], [73.021688, 22.049212], [73.030688, 22.0468], [73.039688, 22.049212], [73.046276, 22.0558], [73.048688, 22.0648]]]}, "properties": {"village_name": "Kanabha", "subdistrict": "Karjan", "village_code": 521135, "composite_risk_score": 0.604, "flood_hazard_score": 0.553, "erosion_risk": 0.98, "cloudburst_probability": 0.911, "landslide_susceptibility": 0.592, "total_population": 1574, "latitude": 22.0648, "longitude": 73.030688, "colour": "#f97316", "tier": "Tier 2 - Relocate"}}, {"type": "Feature", "geometry": {"type": "Polygon", "coordinates": [[[73.10221, 22.050547], [73.099798, 22.059547], [73.09321, 22.066135], [73.08421, 22.068547], [73.07521, 22.066135], [73.068622, 22.059547], [73.06621, 22.050547], [73.068622, 22.041547], [73.07521, 22.034959], [73.08421, 22.032547], [73.09321, 22.034959], [73.099798, 22.041547], [73.10221, 22.050547]]]}, "properties": {"village_name": "Karamadi", "subdistrict": "Karjan", "village_code": 521141, "composite_risk_score": 0.652, "flood_hazard_score": 0.466, "erosion_risk": 0.98, "cloudburst_probability": 0.9, "landslide_susceptibility": 0.585, "total_population": 1763, "latitude": 22.050547, "longitude": 73.08421, "colour": "#f97316", "tier": "Tier 2 - Relocate"}}, {"type": "Feature", "geometry": {"type": "Polygon", "coordinates": [[[73.419592, 22.028989], [73.41718, 22.037989], [73.410592, 22.044577], [73.401592, 22.046989], [73.392592, 22.044577], [73.386004, 22.037989], [73.383592, 22.028989], [73.386004, 22.019989], [73.392592, 22.013401], [73.401592, 22.010989], [73.410592, 22.013401], [73.41718, 22.019989], [73.419592, 22.028989]]]}, "properties": {"village_name": "Vaniyad", "subdistrict": "Sinor", "village_code": 521220, "composite_risk_score": 0.585, "flood_hazard_score": 0.346, "erosion_risk": 0.98, "cloudburst_probability": 0.95, "landslide_susceptibility": 0.648, "total_population": 851, "latitude": 22.028989, "longitude": 73.401592, "colour": "#eab308", "tier": "Tier 3 - Mitigate"}}, {"type": "Feature", "geometry": {"type": "Polygon", "coordinates": [[[73.244019, 21.882002], [73.241607, 21.891002], [73.235019, 21.89759], [73.226019, 21.900002], [73.217019, 21.89759], [73.210431, 21.891002], [73.208019, 21.882002], [73.210431, 21.873002], [73.217019, 21.866414], [73.226019, 21.864002], [73.235019, 21.866414], [73.241607, 21.873002], [73.244019, 21.882002]]]}, "properties": {"village_name": "Lilod", "subdistrict": "Karjan", "village_code": 521206, "composite_risk_score": 0.623, "flood_hazard_score": 0.532, "erosion_risk": 0.98, "cloudburst_probability": 0.95, "landslide_susceptibility": 0.627, "total_population": 1223, "latitude": 21.882002, "longitude": 73.226019, "colour": "#f97316", "tier": "Tier 2 - Relocate"}}, {"type": "Feature", "geometry": {"type": "Polygon", "coordinates": [[[73.051592, 22.141], [73.04918, 22.15], [73.042592, 22.156588], [73.033592, 22.159], [73.024592, 22.156588], [73.018004, 22.15], [73.015592, 22.141], [73.018004, 22.132], [73.024592, 22.125412], [73.033592, 22.123], [73.042592, 22.125412], [73.04918, 22.132], [73.051592, 22.141]]]}, "properties": {"village_name": "Bhadara", "subdistrict": "Padra", "village_code": 521097, "composite_risk_score": 0.572, "flood_hazard_score": 0.51, "erosion_risk": 0.98, "cloudburst_probability": 0.912, "landslide_susceptibility": 0.585, "total_population": 730, "latitude": 22.141, "longitude": 73.033592, "colour": "#eab308", "tier": "Tier 3 - Mitigate"}}, {"type": "Feature", "geometry": {"type": "Polygon", "coordinates": [[[73.249734, 22.168777], [73.247322, 22.177777], [73.240734, 22.184365], [73.231734, 22.186777], [73.222734, 22.184365], [73.216146, 22.177777], [73.213734, 22.168777], [73.216146, 22.159777], [73.222734, 22.153189], [73.231734, 22.150777], [73.240734, 22.153189], [73.247322, 22.159777], [73.249734, 22.168777]]]}, "properties": {"village_name": "Rabhipura", "subdistrict": "Vadodara Rural", "village_code": 519880, "composite_risk_score": 0.646, "flood_hazard_score": 0.569, "erosion_risk": 0.98, "cloudburst_probability": 0.899, "landslide_susceptibility": 0.593, "total_population": 619, "latitude": 22.168777, "longitude": 73.231734, "colour": "#f97316", "tier": "Tier 2 - Relocate"}}, {"type": "Feature", "geometry": {"type": "Polygon", "coordinates": [[[73.296804, 22.138633], [73.294392, 22.147633], [73.287804, 22.154221], [73.278804, 22.156633], [73.269804, 22.154221], [73.263216, 22.147633], [73.260804, 22.138633], [73.263216, 22.129633], [73.269804, 22.123045], [73.278804, 22.120633], [73.287804, 22.123045], [73.294392, 22.129633], [73.296804, 22.138633]]]}, "properties": {"village_name": "Meghakui", "subdistrict": "Vadodara Rural", "village_code": 519890, "composite_risk_score": 0.473, "flood_hazard_score": 0.34, "erosion_risk": 0.98, "cloudburst_probability": 0.95, "landslide_susceptibility": 0.625, "total_population": 1208, "latitude": 22.138633, "longitude": 73.278804, "colour": "#eab308", "tier": "Tier 3 - Mitigate"}}, {"type": "Feature", "geometry": {"type": "Polygon", "coordinates": [[[73.1891, 22.238004], [73.186688, 22.247004], [73.1801, 22.253592], [73.1711, 22.256004], [73.1621, 22.253592], [73.155512, 22.247004], [73.1531, 22.238004], [73.155512, 22.229004], [73.1621, 22.222416], [73.1711, 22.220004], [73.1801, 22.222416], [73.186688, 22.229004], [73.1891, 22.238004]]]}, "properties": {"village_name": "Talsat", "subdistrict": "Vadodara Rural", "village_code": 519858, "composite_risk_score": 0.472, "flood_hazard_score": 0.512, "erosion_risk": 0.98, "cloudburst_probability": 0.95, "landslide_susceptibility": 0.649, "total_population": 1124, "latitude": 22.238004, "longitude": 73.1711, "colour": "#eab308", "tier": "Tier 3 - Mitigate"}}, {"type": "Feature", "geometry": {"type": "Polygon", "coordinates": [[[73.196636, 22.397016], [73.194224, 22.406016], [73.187636, 22.412604], [73.178636, 22.415016], [73.169636, 22.412604], [73.163048, 22.406016], [73.160636, 22.397016], [73.163048, 22.388016], [73.169636, 22.381428], [73.178636, 22.379016], [73.187636, 22.381428], [73.194224, 22.388016], [73.196636, 22.397016]]]}, "properties": {"village_name": "Sisva", "subdistrict": "Vadodara Rural", "village_code": 519835, "composite_risk_score": 0.606, "flood_hazard_score": 0.559, "erosion_risk": 0.98, "cloudburst_probability": 0.934, "landslide_susceptibility": 0.606, "total_population": 2799, "latitude": 22.397016, "longitude": 73.178636, "colour": "#f97316", "tier": "Tier 2 - Relocate"}}, {"type": "Feature", "geometry": {"type": "Polygon", "coordinates": [[[73.192287, 22.157934], [73.189875, 22.166934], [73.183287, 22.173522], [73.174287, 22.175934], [73.165287, 22.173522], [73.158699, 22.166934], [73.156287, 22.157934], [73.158699, 22.148934], [73.165287, 22.142346], [73.174287, 22.139934], [73.183287, 22.142346], [73.189875, 22.148934], [73.192287, 22.157934]]]}, "properties": {"village_name": "Vadsala", "subdistrict": "Vadodara Rural", "village_code": 519884, "composite_risk_score": 0.674, "flood_hazard_score": 0.441, "erosion_risk": 0.98, "cloudburst_probability": 0.95, "landslide_susceptibility": 0.615, "total_population": 3156, "latitude": 22.157934, "longitude": 73.174287, "colour": "#f97316", "tier": "Tier 2 - Relocate"}}, {"type": "Feature", "geometry": {"type": "Polygon", "coordinates": [[[73.278987, 22.205196], [73.276575, 22.214196], [73.269987, 22.220784], [73.260987, 22.223196], [73.251987, 22.220784], [73.245399, 22.214196], [73.242987, 22.205196], [73.245399, 22.196196], [73.251987, 22.189608], [73.260987, 22.187196], [73.269987, 22.189608], [73.276575, 22.196196], [73.278987, 22.205196]]]}, "properties": {"village_name": "Hansajipura", "subdistrict": "Vadodara Rural", "village_code": 519876, "composite_risk_score": 0.548, "flood_hazard_score": 0.375, "erosion_risk": 0.98, "cloudburst_probability": 0.95, "landslide_susceptibility": 0.636, "total_population": 223, "latitude": 22.205196, "longitude": 73.260987, "colour": "#eab308", "tier": "Tier 3 - Mitigate"}}, {"type": "Feature", "geometry": {"type": "Polygon", "coordinates": [[[73.254326, 22.233156], [73.251914, 22.242156], [73.245326, 22.248744], [73.236326, 22.251156], [73.227326, 22.248744], [73.220738, 22.242156], [73.218326, 22.233156], [73.220738, 22.224156], [73.227326, 22.217568], [73.236326, 22.215156], [73.245326, 22.217568], [73.251914, 22.224156], [73.254326, 22.233156]]]}, "properties": {"village_name": "Chikhodara", "subdistrict": "Vadodara Rural", "village_code": 519861, "composite_risk_score": 0.606, "flood_hazard_score": 0.507, "erosion_risk": 0.98, "cloudburst_probability": 0.921, "landslide_susceptibility": 0.597, "total_population": 1747, "latitude": 22.233156, "longitude": 73.236326, "colour": "#f97316", "tier": "Tier 2 - Relocate"}}, {"type": "Feature", "geometry": {"type": "Polygon", "coordinates": [[[73.198844, 22.142991], [73.196432, 22.151991], [73.189844, 22.158579], [73.180844, 22.160991], [73.171844, 22.158579], [73.165256, 22.151991], [73.162844, 22.142991], [73.165256, 22.133991], [73.171844, 22.127403], [73.180844, 22.124991], [73.189844, 22.127403], [73.196432, 22.133991], [73.198844, 22.142991]]]}, "properties": {"village_name": "Por Ramangamdi INA", "subdistrict": "Vadodara Rural", "village_code": 802597, "composite_risk_score": 0.502, "flood_hazard_score": 0.548, "erosion_risk": 0.02, "cloudburst_probability": 0.921, "landslide_susceptibility": 0.596, "total_population": 311, "latitude": 22.142991, "longitude": 73.180844, "colour": "#eab308", "tier": "Tier 3 - Mitigate"}}, {"type": "Feature", "geometry": {"type": "Polygon", "coordinates": [[[73.225008, 22.347302], [73.222596, 22.356302], [73.216008, 22.36289], [73.207008, 22.365302], [73.198008, 22.36289], [73.19142, 22.356302], [73.189008, 22.347302], [73.19142, 22.338302], [73.198008, 22.331714], [73.207008, 22.329302], [73.216008, 22.331714], [73.222596, 22.338302], [73.225008, 22.347302]]]}, "properties": {"village_name": "Sama OG", "subdistrict": "Vadodara Rural", "village_code": 519915, "composite_risk_score": 0.5, "flood_hazard_score": 0.55, "erosion_risk": 0.02, "cloudburst_probability": 0.906, "landslide_susceptibility": 0.587, "total_population": 0, "latitude": 22.347302, "longitude": 73.207008, "colour": "#eab308", "tier": "Tier 3 - Mitigate"}}, {"type": "Feature", "geometry": {"type": "Polygon", "coordinates": [[[73.098688, 21.998056], [73.096276, 22.007056], [73.089688, 22.013644], [73.080688, 22.016056], [73.071688, 22.013644], [73.0651, 22.007056], [73.062688, 21.998056], [73.0651, 21.989056], [73.071688, 21.982468], [73.080688, 21.980056], [73.089688, 21.982468], [73.096276, 21.989056], [73.098688, 21.998056]]]}, "properties": {"village_name": "Dhamanja", "subdistrict": "Karjan", "village_code": 521151, "composite_risk_score": 0.629, "flood_hazard_score": 0.529, "erosion_risk": 0.98, "cloudburst_probability": 0.899, "landslide_susceptibility": 0.584, "total_population": 890, "latitude": 21.998056, "longitude": 73.080688, "colour": "#f97316", "tier": "Tier 2 - Relocate"}}, {"type": "Feature", "geometry": {"type": "Polygon", "coordinates": [[[73.129902, 21.995859], [73.12749, 22.004859], [73.120902, 22.011447], [73.111902, 22.013859], [73.102902, 22.011447], [73.096314, 22.004859], [73.093902, 21.995859], [73.096314, 21.986859], [73.102902, 21.980271], [73.111902, 21.977859], [73.120902, 21.980271], [73.12749, 21.986859], [73.129902, 21.995859]]]}, "properties": {"village_name": "Lakodara", "subdistrict": "Karjan", "village_code": 521152, "composite_risk_score": 0.462, "flood_hazard_score": 0.538, "erosion_risk": 0.98, "cloudburst_probability": 0.911, "landslide_susceptibility": 0.595, "total_population": 1947, "latitude": 21.995859, "longitude": 73.111902, "colour": "#eab308", "tier": "Tier 3 - Mitigate"}}, {"type": "Feature", "geometry": {"type": "Polygon", "coordinates": [[[73.163019, 21.991137], [73.160607, 22.000137], [73.154019, 22.006725], [73.145019, 22.009137], [73.136019, 22.006725], [73.129431, 22.000137], [73.127019, 21.991137], [73.129431, 21.982137], [73.136019, 21.975549], [73.145019, 21.973137], [73.154019, 21.975549], [73.160607, 21.982137], [73.163019, 21.991137]]]}, "properties": {"village_name": "Osalam", "subdistrict": "Karjan", "village_code": 521162, "composite_risk_score": 0.602, "flood_hazard_score": 0.393, "erosion_risk": 0.98, "cloudburst_probability": 0.95, "landslide_susceptibility": 0.65, "total_population": 1678, "latitude": 21.991137, "longitude": 73.145019, "colour": "#f97316", "tier": "Tier 2 - Relocate"}}, {"type": "Feature", "geometry": {"type": "Polygon", "coordinates": [[[72.999493, 22.0948], [72.997081, 22.1038], [72.990493, 22.110388], [72.981493, 22.1128], [72.972493, 22.110388], [72.965905, 22.1038], [72.963493, 22.0948], [72.965905, 22.0858], [72.972493, 22.079212], [72.981493, 22.0768], [72.990493, 22.079212], [72.997081, 22.0858], [72.999493, 22.0948]]]}, "properties": {"village_name": "Kotna", "subdistrict": "Padra", "village_code": 521112, "composite_risk_score": 0.596, "flood_hazard_score": 0.498, "erosion_risk": 0.98, "cloudburst_probability": 0.936, "landslide_susceptibility": 0.606, "total_population": 1214, "latitude": 22.0948, "longitude": 72.981493, "colour": "#eab308", "tier": "Tier 3 - Mitigate"}}, {"type": "Feature", "geometry": {"type": "Polygon", "coordinates": [[[73.09792, 22.110103], [73.095508, 22.119103], [73.08892, 22.125691], [73.07992, 22.128103], [73.07092, 22.125691], [73.064332, 22.119103], [73.06192, 22.110103], [73.064332, 22.101103], [73.07092, 22.094515], [73.07992, 22.092103], [73.08892, 22.094515], [73.095508, 22.101103], [73.09792, 22.110103]]]}, "properties": {"village_name": "Kothwada", "subdistrict": "Padra", "village_code": 521116, "composite_risk_score": 0.612, "flood_hazard_score": 0.539, "erosion_risk": 0.98, "cloudburst_probability": 0.95, "landslide_susceptibility": 0.618, "total_population": 780, "latitude": 22.110103, "longitude": 73.07992, "colour": "#f97316", "tier": "Tier 2 - Relocate"}}, {"type": "Feature", "geometry": {"type": "Polygon", "coordinates": [[[73.035333, 22.100724], [73.032921, 22.109724], [73.026333, 22.116312], [73.017333, 22.118724], [73.008333, 22.116312], [73.001745, 22.109724], [72.999333, 22.100724], [73.001745, 22.091724], [73.008333, 22.085136], [73.017333, 22.082724], [73.026333, 22.085136], [73.032921, 22.091724], [73.035333, 22.100724]]]}, "properties": {"village_name": "Shahera", "subdistrict": "Padra", "village_code": 521113, "composite_risk_score": 0.643, "flood_hazard_score": 0.512, "erosion_risk": 0.98, "cloudburst_probability": 0.915, "landslide_susceptibility": 0.593, "total_population": 869, "latitude": 22.100724, "longitude": 73.017333, "colour": "#f97316", "tier": "Tier 2 - Relocate"}}, {"type": "Feature", "geometry": {"type": "Polygon", "coordinates": [[[72.99323, 22.08068], [72.990818, 22.08968], [72.98423, 22.096268], [72.97523, 22.09868], [72.96623, 22.096268], [72.959642, 22.08968], [72.95723, 22.08068], [72.959642, 22.07168], [72.96623, 22.065092], [72.97523, 22.06268], [72.98423, 22.065092], [72.990818, 22.07168], [72.99323, 22.08068]]]}, "properties": {"village_name": "Vasnaref", "subdistrict": "Padra", "village_code": 521117, "composite_risk_score": 0.567, "flood_hazard_score": 0.506, "erosion_risk": 0.98, "cloudburst_probability": 0.899, "landslide_susceptibility": 0.586, "total_population": 407, "latitude": 22.08068, "longitude": 72.97523, "colour": "#eab308", "tier": "Tier 3 - Mitigate"}}, {"type": "Feature", "geometry": {"type": "Polygon", "coordinates": [[[72.99463, 22.064954], [72.992218, 22.073954], [72.98563, 22.080542], [72.97663, 22.082954], [72.96763, 22.080542], [72.961042, 22.073954], [72.95863, 22.064954], [72.961042, 22.055954], [72.96763, 22.049366], [72.97663, 22.046954], [72.98563, 22.049366], [72.992218, 22.055954], [72.99463, 22.064954]]]}, "properties": {"village_name": "Sokhdaraghu", "subdistrict": "Padra", "village_code": 521119, "composite_risk_score": 0.643, "flood_hazard_score": 0.527, "erosion_risk": 0.98, "cloudburst_probability": 0.95, "landslide_susceptibility": 0.626, "total_population": 2015, "latitude": 22.064954, "longitude": 72.97663, "colour": "#f97316", "tier": "Tier 2 - Relocate"}}, {"type": "Feature", "geometry": {"type": "Polygon", "coordinates": [[[73.184323, 22.116365], [73.181911, 22.125365], [73.175323, 22.131953], [73.166323, 22.134365], [73.157323, 22.131953], [73.150735, 22.125365], [73.148323, 22.116365], [73.150735, 22.107365], [73.157323, 22.100777], [73.166323, 22.098365], [73.175323, 22.100777], [73.181911, 22.107365], [73.184323, 22.116365]]]}, "properties": {"village_name": "Kashipura", "subdistrict": "Vadodara Rural", "village_code": 519899, "composite_risk_score": 0.563, "flood_hazard_score": 0.402, "erosion_risk": 0.98, "cloudburst_probability": 0.935, "landslide_susceptibility": 0.606, "total_population": 1117, "latitude": 22.116365, "longitude": 73.166323, "colour": "#eab308", "tier": "Tier 3 - Mitigate"}}, {"type": "Feature", "geometry": {"type": "Polygon", "coordinates": [[[73.167804, 22.104863], [73.165392, 22.113863], [73.158804, 22.120451], [73.149804, 22.122863], [73.140804, 22.120451], [73.134216, 22.113863], [73.131804, 22.104863], [73.134216, 22.095863], [73.140804, 22.089275], [73.149804, 22.086863], [73.158804, 22.089275], [73.165392, 22.095863], [73.167804, 22.104863]]]}, "properties": {"village_name": "Sarar", "subdistrict": "Vadodara Rural", "village_code": 519898, "composite_risk_score": 0.598, "flood_hazard_score": 0.482, "erosion_risk": 0.98, "cloudburst_probability": 0.938, "landslide_susceptibility": 0.607, "total_population": 2480, "latitude": 22.104863, "longitude": 73.149804, "colour": "#eab308", "tier": "Tier 3 - Mitigate"}}, {"type": "Feature", "geometry": {"type": "Polygon", "coordinates": [[[73.145378, 22.053736], [73.142966, 22.062736], [73.136378, 22.069324], [73.127378, 22.071736], [73.118378, 22.069324], [73.11179, 22.062736], [73.109378, 22.053736], [73.11179, 22.044736], [73.118378, 22.038148], [73.127378, 22.035736], [73.136378, 22.038148], [73.142966, 22.044736], [73.145378, 22.053736]]]}, "properties": {"village_name": "Karjan", "subdistrict": "Karjan", "village_code": 251215, "composite_risk_score": 0.448, "flood_hazard_score": 0.651, "erosion_risk": 0.02, "cloudburst_probability": 0.388, "landslide_susceptibility": 0.286, "total_population": 30405, "latitude": 22.053736, "longitude": 73.127378, "colour": "#eab308", "tier": "Tier 3 - Mitigate"}}, {"type": "Feature", "geometry": {"type": "Polygon", "coordinates": [[[73.346643, 22.082633], [73.344231, 22.091633], [73.337643, 22.098221], [73.328643, 22.100633], [73.319643, 22.098221], [73.313055, 22.091633], [73.310643, 22.082633], [73.313055, 22.073633], [73.319643, 22.067045], [73.328643, 22.064633], [73.337643, 22.067045], [73.344231, 22.073633], [73.346643, 22.082633]]]}, "properties": {"village_name": "Mandala", "subdistrict": "Dabhoi", "village_code": 520999, "composite_risk_score": 0.534, "flood_hazard_score": 0.522, "erosion_risk": 0.98, "cloudburst_probability": 0.895, "landslide_susceptibility": 0.574, "total_population": 3427, "latitude": 22.082633, "longitude": 73.328643, "colour": "#eab308", "tier": "Tier 3 - Mitigate"}}, {"type": "Feature", "geometry": {"type": "Polygon", "coordinates": [[[73.309885, 22.082741], [73.307473, 22.091741], [73.300885, 22.098329], [73.291885, 22.100741], [73.282885, 22.098329], [73.276297, 22.091741], [73.273885, 22.082741], [73.276297, 22.073741], [73.282885, 22.067153], [73.291885, 22.064741], [73.300885, 22.067153], [73.307473, 22.073741], [73.309885, 22.082741]]]}, "properties": {"village_name": "Parikha", "subdistrict": "Dabhoi", "village_code": 520998, "composite_risk_score": 0.429, "flood_hazard_score": 0.424, "erosion_risk": 0.044, "cloudburst_probability": 0.391, "landslide_susceptibility": 0.286, "total_population": 1131, "latitude": 22.082741, "longitude": 73.291885, "colour": "#eab308", "tier": "Tier 3 - Mitigate"}}, {"type": "Feature", "geometry": {"type": "Polygon", "coordinates": [[[73.393066, 22.131256], [73.390654, 22.140256], [73.384066, 22.146844], [73.375066, 22.149256], [73.366066, 22.146844], [73.359478, 22.140256], [73.357066, 22.131256], [73.359478, 22.122256], [73.366066, 22.115668], [73.375066, 22.113256], [73.384066, 22.115668], [73.390654, 22.122256], [73.393066, 22.131256]]]}, "properties": {"village_name": "Nada", "subdistrict": "Dabhoi", "village_code": 520973, "composite_risk_score": 0.482, "flood_hazard_score": 0.293, "erosion_risk": 0.98, "cloudburst_probability": 0.901, "landslide_susceptibility": 0.573, "total_population": 1826, "latitude": 22.131256, "longitude": 73.375066, "colour": "#eab308", "tier": "Tier 3 - Mitigate"}}, {"type": "Feature", "geometry": {"type": "Polygon", "coordinates": [[[73.316782, 22.122262], [73.31437, 22.131262], [73.307782, 22.13785], [73.298782, 22.140262], [73.289782, 22.13785], [73.283194, 22.131262], [73.280782, 22.122262], [73.283194, 22.113262], [73.289782, 22.106674], [73.298782, 22.104262], [73.307782, 22.106674], [73.31437, 22.113262], [73.316782, 22.122262]]]}, "properties": {"village_name": "Sejpura", "subdistrict": "Dabhoi", "village_code": 520979, "composite_risk_score": 0.561, "flood_hazard_score": 0.487, "erosion_risk": 0.98, "cloudburst_probability": 0.941, "landslide_susceptibility": 0.621, "total_population": 421, "latitude": 22.122262, "longitude": 73.298782, "colour": "#eab308", "tier": "Tier 3 - Mitigate"}}, {"type": "Feature", "geometry": {"type": "Polygon", "coordinates": [[[73.410616, 22.112532], [73.408204, 22.121532], [73.401616, 22.12812], [73.392616, 22.130532], [73.383616, 22.12812], [73.377028, 22.121532], [73.374616, 22.112532], [73.377028, 22.103532], [73.383616, 22.096944], [73.392616, 22.094532], [73.401616, 22.096944], [73.408204, 22.103532], [73.410616, 22.112532]]]}, "properties": {"village_name": "Tharvasa", "subdistrict": "Dabhoi", "village_code": 520982, "composite_risk_score": 0.542, "flood_hazard_score": 0.404, "erosion_risk": 0.98, "cloudburst_probability": 0.909, "landslide_susceptibility": 0.586, "total_population": 731, "latitude": 22.112532, "longitude": 73.392616, "colour": "#eab308", "tier": "Tier 3 - Mitigate"}}, {"type": "Feature", "geometry": {"type": "Polygon", "coordinates": [[[73.35136, 22.112979], [73.348948, 22.121979], [73.34236, 22.128567], [73.33336, 22.130979], [73.32436, 22.128567], [73.317772, 22.121979], [73.31536, 22.112979], [73.317772, 22.103979], [73.32436, 22.097391], [73.33336, 22.094979], [73.34236, 22.097391], [73.348948, 22.103979], [73.35136, 22.112979]]]}, "properties": {"village_name": "Baripura", "subdistrict": "Dabhoi", "village_code": 520981, "composite_risk_score": 0.599, "flood_hazard_score": 0.497, "erosion_risk": 0.98, "cloudburst_probability": 0.935, "landslide_susceptibility": 0.605, "total_population": 720, "latitude": 22.112979, "longitude": 73.33336, "colour": "#eab308", "tier": "Tier 3 - Mitigate"}}, {"type": "Feature", "geometry": {"type": "Polygon", "coordinates": [[[73.333005, 22.115875], [73.330593, 22.124875], [73.324005, 22.131463], [73.315005, 22.133875], [73.306005, 22.131463], [73.299417, 22.124875], [73.297005, 22.115875], [73.299417, 22.106875], [73.306005, 22.100287], [73.315005, 22.097875], [73.324005, 22.100287], [73.330593, 22.106875], [73.333005, 22.115875]]]}, "properties": {"village_name": "Vakhatpura", "subdistrict": "Dabhoi", "village_code": 520980, "composite_risk_score": 0.642, "flood_hazard_score": 0.528, "erosion_risk": 0.98, "cloudburst_probability": 0.881, "landslide_susceptibility": 0.576, "total_population": 180, "latitude": 22.115875, "longitude": 73.315005, "colour": "#f97316", "tier": "Tier 2 - Relocate"}}, {"type": "Feature", "geometry": {"type": "Polygon", "coordinates": [[[73.371946, 22.106409], [73.369534, 22.115409], [73.362946, 22.121997], [73.353946, 22.124409], [73.344946, 22.121997], [73.338358, 22.115409], [73.335946, 22.106409], [73.338358, 22.097409], [73.344946, 22.090821], [73.353946, 22.088409], [73.362946, 22.090821], [73.369534, 22.097409], [73.371946, 22.106409]]]}, "properties": {"village_name": "Habipura", "subdistrict": "Dabhoi", "village_code": 520991, "composite_risk_score": 0.558, "flood_hazard_score": 0.512, "erosion_risk": 0.98, "cloudburst_probability": 0.927, "landslide_susceptibility": 0.584, "total_population": 1688, "latitude": 22.106409, "longitude": 73.353946, "colour": "#eab308", "tier": "Tier 3 - Mitigate"}}, {"type": "Feature", "geometry": {"type": "Polygon", "coordinates": [[[73.308473, 22.109304], [73.306061, 22.118304], [73.299473, 22.124892], [73.290473, 22.127304], [73.281473, 22.124892], [73.274885, 22.118304], [73.272473, 22.109304], [73.274885, 22.100304], [73.281473, 22.093716], [73.290473, 22.091304], [73.299473, 22.093716], [73.306061, 22.100304], [73.308473, 22.109304]]]}, "properties": {"village_name": "Chhatral", "subdistrict": "Dabhoi", "village_code": 520978, "composite_risk_score": 0.573, "flood_hazard_score": 0.541, "erosion_risk": 0.98, "cloudburst_probability": 0.912, "landslide_susceptibility": 0.593, "total_population": 1170, "latitude": 22.109304, "longitude": 73.290473, "colour": "#eab308", "tier": "Tier 3 - Mitigate"}}, {"type": "Feature", "geometry": {"type": "Polygon", "coordinates": [[[73.294368, 22.11699], [73.291956, 22.12599], [73.285368, 22.132578], [73.276368, 22.13499], [73.267368, 22.132578], [73.26078, 22.12599], [73.258368, 22.11699], [73.26078, 22.10799], [73.267368, 22.101402], [73.276368, 22.09899], [73.285368, 22.101402], [73.291956, 22.10799], [73.294368, 22.11699]]]}, "properties": {"village_name": "Khanpur", "subdistrict": "Dabhoi", "village_code": 520977, "composite_risk_score": 0.598, "flood_hazard_score": 0.445, "erosion_risk": 0.98, "cloudburst_probability": 0.95, "landslide_susceptibility": 0.614, "total_population": 918, "latitude": 22.11699, "longitude": 73.276368, "colour": "#eab308", "tier": "Tier 3 - Mitigate"}}, {"type": "Feature", "geometry": {"type": "Polygon", "coordinates": [[[73.250355, 22.106381], [73.247943, 22.115381], [73.241355, 22.121969], [73.232355, 22.124381], [73.223355, 22.121969], [73.216767, 22.115381], [73.214355, 22.106381], [73.216767, 22.097381], [73.223355, 22.090793], [73.232355, 22.088381], [73.241355, 22.090793], [73.247943, 22.097381], [73.250355, 22.106381]]]}, "properties": {"village_name": "Menpura", "subdistrict": "Dabhoi", "village_code": 520994, "composite_risk_score": 0.522, "flood_hazard_score": 0.416, "erosion_risk": 0.98, "cloudburst_probability": 0.95, "landslide_susceptibility": 0.63, "total_population": 1048, "latitude": 22.106381, "longitude": 73.232355, "colour": "#eab308", "tier": "Tier 3 - Mitigate"}}, {"type": "Feature", "geometry": {"type": "Polygon", "coordinates": [[[73.286697, 22.102555], [73.284285, 22.111555], [73.277697, 22.118143], [73.268697, 22.120555], [73.259697, 22.118143], [73.253109, 22.111555], [73.250697, 22.102555], [73.253109, 22.093555], [73.259697, 22.086967], [73.268697, 22.084555], [73.277697, 22.086967], [73.284285, 22.093555], [73.286697, 22.102555]]]}, "properties": {"village_name": "Kunvarpura", "subdistrict": "Dabhoi", "village_code": 520993, "composite_risk_score": 0.66, "flood_hazard_score": 0.457, "erosion_risk": 0.98, "cloudburst_probability": 0.928, "landslide_susceptibility": 0.606, "total_population": 482, "latitude": 22.102555, "longitude": 73.268697, "colour": "#f97316", "tier": "Tier 2 - Relocate"}}, {"type": "Feature", "geometry": {"type": "Polygon", "coordinates": [[[73.210831, 22.103873], [73.208419, 22.112873], [73.201831, 22.119461], [73.192831, 22.121873], [73.183831, 22.119461], [73.177243, 22.112873], [73.174831, 22.103873], [73.177243, 22.094873], [73.183831, 22.088285], [73.192831, 22.085873], [73.201831, 22.088285], [73.208419, 22.094873], [73.210831, 22.103873]]]}, "properties": {"village_name": "Bamangam", "subdistrict": "Karjan", "village_code": 521128, "composite_risk_score": 0.508, "flood_hazard_score": 0.507, "erosion_risk": 0.98, "cloudburst_probability": 0.924, "landslide_susceptibility": 0.598, "total_population": 1884, "latitude": 22.103873, "longitude": 73.192831, "colour": "#eab308", "tier": "Tier 3 - Mitigate"}}, {"type": "Feature", "geometry": {"type": "Polygon", "coordinates": [[[73.283597, 22.120986], [73.281185, 22.129986], [73.274597, 22.136574], [73.265597, 22.138986], [73.256597, 22.136574], [73.250009, 22.129986], [73.247597, 22.120986], [73.250009, 22.111986], [73.256597, 22.105398], [73.265597, 22.102986], [73.274597, 22.105398], [73.281185, 22.111986], [73.283597, 22.120986]]]}, "properties": {"village_name": "Samsabad", "subdistrict": "Vadodara Rural", "village_code": 519905, "composite_risk_score": 0.574, "flood_hazard_score": 0.363, "erosion_risk": 0.98, "cloudburst_probability": 0.95, "landslide_susceptibility": 0.615, "total_population": 801, "latitude": 22.120986, "longitude": 73.265597, "colour": "#eab308", "tier": "Tier 3 - Mitigate"}}, {"type": "Feature", "geometry": {"type": "Polygon", "coordinates": [[[73.489121, 22.095945], [73.486709, 22.104945], [73.480121, 22.111533], [73.471121, 22.113945], [73.462121, 22.111533], [73.455533, 22.104945], [73.453121, 22.095945], [73.455533, 22.086945], [73.462121, 22.080357], [73.471121, 22.077945], [73.480121, 22.080357], [73.486709, 22.086945], [73.489121, 22.095945]]]}, "properties": {"village_name": "Navi Mangrol", "subdistrict": "Dabhoi", "village_code": 520987, "composite_risk_score": 0.62, "flood_hazard_score": 0.531, "erosion_risk": 0.98, "cloudburst_probability": 0.864, "landslide_susceptibility": 0.563, "total_population": 394, "latitude": 22.095945, "longitude": 73.471121, "colour": "#f97316", "tier": "Tier 2 - Relocate"}}, {"type": "Feature", "geometry": {"type": "Polygon", "coordinates": [[[73.466552, 22.05], [73.46414, 22.059], [73.457552, 22.065588], [73.448552, 22.068], [73.439552, 22.065588], [73.432964, 22.059], [73.430552, 22.05], [73.432964, 22.041], [73.439552, 22.034412], [73.448552, 22.032], [73.457552, 22.034412], [73.46414, 22.041], [73.466552, 22.05]]]}, "properties": {"village_name": "Manpur", "subdistrict": "Dabhoi", "village_code": 521020, "composite_risk_score": 0.507, "flood_hazard_score": 0.558, "erosion_risk": 0.98, "cloudburst_probability": 0.889, "landslide_susceptibility": 0.578, "total_population": 371, "latitude": 22.05, "longitude": 73.448552, "colour": "#eab308", "tier": "Tier 3 - Mitigate"}}, {"type": "Feature", "geometry": {"type": "Polygon", "coordinates": [[[73.508974, 22.041523], [73.506562, 22.050523], [73.499974, 22.057111], [73.490974, 22.059523], [73.481974, 22.057111], [73.475386, 22.050523], [73.472974, 22.041523], [73.475386, 22.032523], [73.481974, 22.025935], [73.490974, 22.023523], [73.499974, 22.025935], [73.506562, 22.032523], [73.508974, 22.041523]]]}, "properties": {"village_name": "Akoti", "subdistrict": "Dabhoi", "village_code": 521023, "composite_risk_score": 0.545, "flood_hazard_score": 0.416, "erosion_risk": 0.98, "cloudburst_probability": 0.95, "landslide_susceptibility": 0.606, "total_population": 1091, "latitude": 22.041523, "longitude": 73.490974, "colour": "#eab308", "tier": "Tier 3 - Mitigate"}}, {"type": "Feature", "geometry": {"type": "Polygon", "coordinates": [[[73.489272, 22.08057], [73.48686, 22.08957], [73.480272, 22.096158], [73.471272, 22.09857], [73.462272, 22.096158], [73.455684, 22.08957], [73.453272, 22.08057], [73.455684, 22.07157], [73.462272, 22.064982], [73.471272, 22.06257], [73.480272, 22.064982], [73.48686, 22.07157], [73.489272, 22.08057]]]}, "properties": {"village_name": "Sitpur", "subdistrict": "Dabhoi", "village_code": 521001, "composite_risk_score": 0.524, "flood_hazard_score": 0.497, "erosion_risk": 0.98, "cloudburst_probability": 0.901, "landslide_susceptibility": 0.587, "total_population": 1813, "latitude": 22.08057, "longitude": 73.471272, "colour": "#eab308", "tier": "Tier 3 - Mitigate"}}, {"type": "Feature", "geometry": {"type": "Polygon", "coordinates": [[[73.431239, 22.095686], [73.428827, 22.104686], [73.422239, 22.111274], [73.413239, 22.113686], [73.404239, 22.111274], [73.397651, 22.104686], [73.395239, 22.095686], [73.397651, 22.086686], [73.404239, 22.080098], [73.413239, 22.077686], [73.422239, 22.080098], [73.428827, 22.086686], [73.431239, 22.095686]]]}, "properties": {"village_name": "Gamdi Kanayada", "subdistrict": "Dabhoi", "village_code": 520989, "composite_risk_score": 0.604, "flood_hazard_score": 0.536, "erosion_risk": 0.98, "cloudburst_probability": 0.919, "landslide_susceptibility": 0.596, "total_population": 981, "latitude": 22.095686, "longitude": 73.413239, "colour": "#f97316", "tier": "Tier 2 - Relocate"}}, {"type": "Feature", "geometry": {"type": "Polygon", "coordinates": [[[73.552557, 22.085604], [73.550145, 22.094604], [73.543557, 22.101192], [73.534557, 22.103604], [73.525557, 22.101192], [73.518969, 22.094604], [73.516557, 22.085604], [73.518969, 22.076604], [73.525557, 22.070016], [73.534557, 22.067604], [73.543557, 22.070016], [73.550145, 22.076604], [73.552557, 22.085604]]]}, "properties": {"village_name": "Dharmapura", "subdistrict": "Dabhoi", "village_code": 521003, "composite_risk_score": 0.444, "flood_hazard_score": 0.506, "erosion_risk": 0.98, "cloudburst_probability": 0.899, "landslide_susceptibility": 0.582, "total_population": 338, "latitude": 22.085604, "longitude": 73.534557, "colour": "#eab308", "tier": "Tier 3 - Mitigate"}}, {"type": "Feature", "geometry": {"type": "Polygon", "coordinates": [[[73.456367, 22.075049], [73.453955, 22.084049], [73.447367, 22.090637], [73.438367, 22.093049], [73.429367, 22.090637], [73.422779, 22.084049], [73.420367, 22.075049], [73.422779, 22.066049], [73.429367, 22.059461], [73.438367, 22.057049], [73.447367, 22.059461], [73.453955, 22.066049], [73.456367, 22.075049]]]}, "properties": {"village_name": "Vadaj", "subdistrict": "Dabhoi", "village_code": 521012, "composite_risk_score": 0.477, "flood_hazard_score": 0.424, "erosion_risk": 0.98, "cloudburst_probability": 0.95, "landslide_susceptibility": 0.617, "total_population": 2266, "latitude": 22.075049, "longitude": 73.438367, "colour": "#eab308", "tier": "Tier 3 - Mitigate"}}, {"type": "Feature", "geometry": {"type": "Polygon", "coordinates": [[[73.525412, 22.079777], [73.523, 22.088777], [73.516412, 22.095365], [73.507412, 22.097777], [73.498412, 22.095365], [73.491824, 22.088777], [73.489412, 22.079777], [73.491824, 22.070777], [73.498412, 22.064189], [73.507412, 22.061777], [73.516412, 22.064189], [73.523, 22.070777], [73.525412, 22.079777]]]}, "properties": {"village_name": "Bhilodiya", "subdistrict": "Dabhoi", "village_code": 521002, "composite_risk_score": 0.396, "flood_hazard_score": 0.456, "erosion_risk": 0.98, "cloudburst_probability": 0.917, "landslide_susceptibility": 0.596, "total_population": 1251, "latitude": 22.079777, "longitude": 73.507412, "colour": "#22c55e", "tier": "Tier 4 - Monitor"}}, {"type": "Feature", "geometry": {"type": "Polygon", "coordinates": [[[73.423223, 22.076657], [73.420811, 22.085657], [73.414223, 22.092245], [73.405223, 22.094657], [73.396223, 22.092245], [73.389635, 22.085657], [73.387223, 22.076657], [73.389635, 22.067657], [73.396223, 22.061069], [73.405223, 22.058657], [73.414223, 22.061069], [73.420811, 22.067657], [73.423223, 22.076657]]]}, "properties": {"village_name": "Kanayada", "subdistrict": "Dabhoi", "village_code": 521000, "composite_risk_score": 0.511, "flood_hazard_score": 0.424, "erosion_risk": 0.98, "cloudburst_probability": 0.95, "landslide_susceptibility": 0.629, "total_population": 1421, "latitude": 22.076657, "longitude": 73.405223, "colour": "#eab308", "tier": "Tier 3 - Mitigate"}}, {"type": "Feature", "geometry": {"type": "Polygon", "coordinates": [[[73.486113, 22.064168], [73.483701, 22.073168], [73.477113, 22.079756], [73.468113, 22.082168], [73.459113, 22.079756], [73.452525, 22.073168], [73.450113, 22.064168], [73.452525, 22.055168], [73.459113, 22.04858], [73.468113, 22.046168], [73.477113, 22.04858], [73.483701, 22.055168], [73.486113, 22.064168]]]}, "properties": {"village_name": "Chanwada", "subdistrict": "Dabhoi", "village_code": 521010, "composite_risk_score": 0.524, "flood_hazard_score": 0.486, "erosion_risk": 0.98, "cloudburst_probability": 0.908, "landslide_susceptibility": 0.587, "total_population": 1686, "latitude": 22.064168, "longitude": 73.468113, "colour": "#eab308", "tier": "Tier 3 - Mitigate"}}, {"type": "Feature", "geometry": {"type": "Polygon", "coordinates": [[[73.549128, 22.072918], [73.546716, 22.081918], [73.540128, 22.088506], [73.531128, 22.090918], [73.522128, 22.088506], [73.51554, 22.081918], [73.513128, 22.072918], [73.51554, 22.063918], [73.522128, 22.05733], [73.531128, 22.054918], [73.540128, 22.05733], [73.546716, 22.063918], [73.549128, 22.072918]]]}, "properties": {"village_name": "Para", "subdistrict": "Dabhoi", "village_code": 521004, "composite_risk_score": 0.525, "flood_hazard_score": 0.549, "erosion_risk": 0.98, "cloudburst_probability": 0.898, "landslide_susceptibility": 0.585, "total_population": 211, "latitude": 22.072918, "longitude": 73.531128, "colour": "#eab308", "tier": "Tier 3 - Mitigate"}}, {"type": "Feature", "geometry": {"type": "Polygon", "coordinates": [[[73.551433, 22.064052], [73.549021, 22.073052], [73.542433, 22.07964], [73.533433, 22.082052], [73.524433, 22.07964], [73.517845, 22.073052], [73.515433, 22.064052], [73.517845, 22.055052], [73.524433, 22.048464], [73.533433, 22.046052], [73.542433, 22.048464], [73.549021, 22.055052], [73.551433, 22.064052]]]}, "properties": {"village_name": "Asgol", "subdistrict": "Dabhoi", "village_code": 521006, "composite_risk_score": 0.425, "flood_hazard_score": 0.494, "erosion_risk": 0.98, "cloudburst_probability": 0.878, "landslide_susceptibility": 0.563, "total_population": 352, "latitude": 22.064052, "longitude": 73.533433, "colour": "#eab308", "tier": "Tier 3 - Mitigate"}}, {"type": "Feature", "geometry": {"type": "Polygon", "coordinates": [[[73.545337, 22.058945], [73.542925, 22.067945], [73.536337, 22.074533], [73.527337, 22.076945], [73.518337, 22.074533], [73.511749, 22.067945], [73.509337, 22.058945], [73.511749, 22.049945], [73.518337, 22.043357], [73.527337, 22.040945], [73.536337, 22.043357], [73.542925, 22.049945], [73.545337, 22.058945]]]}, "properties": {"village_name": "Araniya", "subdistrict": "Dabhoi", "village_code": 521007, "composite_risk_score": 0.604, "flood_hazard_score": 0.528, "erosion_risk": 0.98, "cloudburst_probability": 0.882, "landslide_susceptibility": 0.571, "total_population": 417, "latitude": 22.058945, "longitude": 73.527337, "colour": "#f97316", "tier": "Tier 2 - Relocate"}}, {"type": "Feature", "geometry": {"type": "Polygon", "coordinates": [[[73.431979, 22.049604], [73.429567, 22.058604], [73.422979, 22.065192], [73.413979, 22.067604], [73.404979, 22.065192], [73.398391, 22.058604], [73.395979, 22.049604], [73.398391, 22.040604], [73.404979, 22.034016], [73.413979, 22.031604], [73.422979, 22.034016], [73.429567, 22.040604], [73.431979, 22.049604]]]}, "properties": {"village_name": "Ten Talav", "subdistrict": "Dabhoi", "village_code": 521013, "composite_risk_score": 0.565, "flood_hazard_score": 0.413, "erosion_risk": 0.98, "cloudburst_probability": 0.95, "landslide_susceptibility": 0.657, "total_population": 3013, "latitude": 22.049604, "longitude": 73.413979, "colour": "#eab308", "tier": "Tier 3 - Mitigate"}}, {"type": "Feature", "geometry": {"type": "Polygon", "coordinates": [[[73.5213, 22.048387], [73.518888, 22.057387], [73.5123, 22.063975], [73.5033, 22.066387], [73.4943, 22.063975], [73.487712, 22.057387], [73.4853, 22.048387], [73.487712, 22.039387], [73.4943, 22.032799], [73.5033, 22.030387], [73.5123, 22.032799], [73.518888, 22.039387], [73.5213, 22.048387]]]}, "properties": {"village_name": "Asodara", "subdistrict": "Dabhoi", "village_code": 521009, "composite_risk_score": 0.644, "flood_hazard_score": 0.443, "erosion_risk": 0.98, "cloudburst_probability": 0.898, "landslide_susceptibility": 0.584, "total_population": 746, "latitude": 22.048387, "longitude": 73.5033, "colour": "#f97316", "tier": "Tier 2 - Relocate"}}, {"type": "Feature", "geometry": {"type": "Polygon", "coordinates": [[[73.534519, 22.053618], [73.532107, 22.062618], [73.525519, 22.069206], [73.516519, 22.071618], [73.507519, 22.069206], [73.500931, 22.062618], [73.498519, 22.053618], [73.500931, 22.044618], [73.507519, 22.03803], [73.516519, 22.035618], [73.525519, 22.03803], [73.532107, 22.044618], [73.534519, 22.053618]]]}, "properties": {"village_name": "Nagdol", "subdistrict": "Dabhoi", "village_code": 521008, "composite_risk_score": 0.643, "flood_hazard_score": 0.539, "erosion_risk": 0.98, "cloudburst_probability": 0.882, "landslide_susceptibility": 0.574, "total_population": 557, "latitude": 22.053618, "longitude": 73.516519, "colour": "#f97316", "tier": "Tier 2 - Relocate"}}, {"type": "Feature", "geometry": {"type": "Polygon", "coordinates": [[[73.477476, 22.050937], [73.475064, 22.059937], [73.468476, 22.066525], [73.459476, 22.068937], [73.450476, 22.066525], [73.443888, 22.059937], [73.441476, 22.050937], [73.443888, 22.041937], [73.450476, 22.035349], [73.459476, 22.032937], [73.468476, 22.035349], [73.475064, 22.041937], [73.477476, 22.050937]]]}, "properties": {"village_name": "Ordi", "subdistrict": "Dabhoi", "village_code": 521011, "composite_risk_score": 0.608, "flood_hazard_score": 0.536, "erosion_risk": 0.98, "cloudburst_probability": 0.865, "landslide_susceptibility": 0.564, "total_population": 742, "latitude": 22.050937, "longitude": 73.459476, "colour": "#f97316", "tier": "Tier 2 - Relocate"}}, {"type": "Feature", "geometry": {"type": "Polygon", "coordinates": [[[73.49284, 22.040225], [73.490428, 22.049225], [73.48384, 22.055813], [73.47484, 22.058225], [73.46584, 22.055813], [73.459252, 22.049225], [73.45684, 22.040225], [73.459252, 22.031225], [73.46584, 22.024637], [73.47484, 22.022225], [73.48384, 22.024637], [73.490428, 22.031225], [73.49284, 22.040225]]]}, "properties": {"village_name": "Paragam", "subdistrict": "Dabhoi", "village_code": 521022, "composite_risk_score": 0.506, "flood_hazard_score": 0.533, "erosion_risk": 0.98, "cloudburst_probability": 0.852, "landslide_susceptibility": 0.555, "total_population": 582, "latitude": 22.040225, "longitude": 73.47484, "colour": "#eab308", "tier": "Tier 3 - Mitigate"}}, {"type": "Feature", "geometry": {"type": "Polygon", "coordinates": [[[73.470827, 22.034954], [73.468415, 22.043954], [73.461827, 22.050542], [73.452827, 22.052954], [73.443827, 22.050542], [73.437239, 22.043954], [73.434827, 22.034954], [73.437239, 22.025954], [73.443827, 22.019366], [73.452827, 22.016954], [73.461827, 22.019366], [73.468415, 22.025954], [73.470827, 22.034954]]]}, "properties": {"village_name": "Rajpura", "subdistrict": "Dabhoi", "village_code": 521021, "composite_risk_score": 0.563, "flood_hazard_score": 0.492, "erosion_risk": 0.98, "cloudburst_probability": 0.885, "landslide_susceptibility": 0.566, "total_population": 759, "latitude": 22.034954, "longitude": 73.452827, "colour": "#eab308", "tier": "Tier 3 - Mitigate"}}, {"type": "Feature", "geometry": {"type": "Polygon", "coordinates": [[[73.484711, 22.027967], [73.482299, 22.036967], [73.475711, 22.043555], [73.466711, 22.045967], [73.457711, 22.043555], [73.451123, 22.036967], [73.448711, 22.027967], [73.451123, 22.018967], [73.457711, 22.012379], [73.466711, 22.009967], [73.475711, 22.012379], [73.482299, 22.018967], [73.484711, 22.027967]]]}, "properties": {"village_name": "Gumanpura", "subdistrict": "Dabhoi", "village_code": 521026, "composite_risk_score": 0.622, "flood_hazard_score": 0.508, "erosion_risk": 0.98, "cloudburst_probability": 0.896, "landslide_susceptibility": 0.583, "total_population": 365, "latitude": 22.027967, "longitude": 73.466711, "colour": "#f97316", "tier": "Tier 2 - Relocate"}}, {"type": "Feature", "geometry": {"type": "Polygon", "coordinates": [[[73.502929, 22.029212], [73.500517, 22.038212], [73.493929, 22.0448], [73.484929, 22.047212], [73.475929, 22.0448], [73.469341, 22.038212], [73.466929, 22.029212], [73.469341, 22.020212], [73.475929, 22.013624], [73.484929, 22.011212], [73.493929, 22.013624], [73.500517, 22.020212], [73.502929, 22.029212]]]}, "properties": {"village_name": "Bhumasiya", "subdistrict": "Dabhoi", "village_code": 521025, "composite_risk_score": 0.564, "flood_hazard_score": 0.528, "erosion_risk": 0.98, "cloudburst_probability": 0.915, "landslide_susceptibility": 0.595, "total_population": 427, "latitude": 22.029212, "longitude": 73.484929, "colour": "#eab308", "tier": "Tier 3 - Mitigate"}}, {"type": "Feature", "geometry": {"type": "Polygon", "coordinates": [[[73.516561, 22.025399], [73.514149, 22.034399], [73.507561, 22.040987], [73.498561, 22.043399], [73.489561, 22.040987], [73.482973, 22.034399], [73.480561, 22.025399], [73.482973, 22.016399], [73.489561, 22.009811], [73.498561, 22.007399], [73.507561, 22.009811], [73.514149, 22.016399], [73.516561, 22.025399]]]}, "properties": {"village_name": "Sompura", "subdistrict": "Dabhoi", "village_code": 521024, "composite_risk_score": 0.501, "flood_hazard_score": 0.492, "erosion_risk": 0.98, "cloudburst_probability": 0.928, "landslide_susceptibility": 0.59, "total_population": 581, "latitude": 22.025399, "longitude": 73.498561, "colour": "#eab308", "tier": "Tier 3 - Mitigate"}}, {"type": "Feature", "geometry": {"type": "Polygon", "coordinates": [[[73.498743, 22.019937], [73.496331, 22.028937], [73.489743, 22.035525], [73.480743, 22.037937], [73.471743, 22.035525], [73.465155, 22.028937], [73.462743, 22.019937], [73.465155, 22.010937], [73.471743, 22.004349], [73.480743, 22.001937], [73.489743, 22.004349], [73.496331, 22.010937], [73.498743, 22.019937]]]}, "properties": {"village_name": "Jesangpura", "subdistrict": "Dabhoi", "village_code": 521030, "composite_risk_score": 0.565, "flood_hazard_score": 0.499, "erosion_risk": 0.98, "cloudburst_probability": 0.915, "landslide_susceptibility": 0.576, "total_population": 102, "latitude": 22.019937, "longitude": 73.480743, "colour": "#eab308", "tier": "Tier 3 - Mitigate"}}, {"type": "Feature", "geometry": {"type": "Polygon", "coordinates": [[[73.472152, 22.01772], [73.46974, 22.02672], [73.463152, 22.033308], [73.454152, 22.03572], [73.445152, 22.033308], [73.438564, 22.02672], [73.436152, 22.01772], [73.438564, 22.00872], [73.445152, 22.002132], [73.454152, 21.99972], [73.463152, 22.002132], [73.46974, 22.00872], [73.472152, 22.01772]]]}, "properties": {"village_name": "Sanor", "subdistrict": "Dabhoi", "village_code": 521027, "composite_risk_score": 0.56, "flood_hazard_score": 0.443, "erosion_risk": 0.98, "cloudburst_probability": 0.95, "landslide_susceptibility": 0.668, "total_population": 1258, "latitude": 22.01772, "longitude": 73.454152, "colour": "#eab308", "tier": "Tier 3 - Mitigate"}}, {"type": "Feature", "geometry": {"type": "Polygon", "coordinates": [[[73.511043, 22.010556], [73.508631, 22.019556], [73.502043, 22.026144], [73.493043, 22.028556], [73.484043, 22.026144], [73.477455, 22.019556], [73.475043, 22.010556], [73.477455, 22.001556], [73.484043, 21.994968], [73.493043, 21.992556], [73.502043, 21.994968], [73.508631, 22.001556], [73.511043, 22.010556]]]}, "properties": {"village_name": "Bhalodra", "subdistrict": "Dabhoi", "village_code": 521031, "composite_risk_score": 0.627, "flood_hazard_score": 0.494, "erosion_risk": 0.98, "cloudburst_probability": 0.948, "landslide_susceptibility": 0.613, "total_population": 657, "latitude": 22.010556, "longitude": 73.493043, "colour": "#f97316", "tier": "Tier 2 - Relocate"}}, {"type": "Feature", "geometry": {"type": "Polygon", "coordinates": [[[73.452328, 22.001965], [73.449916, 22.010965], [73.443328, 22.017553], [73.434328, 22.019965], [73.425328, 22.017553], [73.41874, 22.010965], [73.416328, 22.001965], [73.41874, 21.992965], [73.425328, 21.986377], [73.434328, 21.983965], [73.443328, 21.986377], [73.449916, 21.992965], [73.452328, 22.001965]]]}, "properties": {"village_name": "Mandva", "subdistrict": "Dabhoi", "village_code": 521028, "composite_risk_score": 0.544, "flood_hazard_score": 0.423, "erosion_risk": 0.98, "cloudburst_probability": 0.946, "landslide_susceptibility": 0.616, "total_population": 2792, "latitude": 22.001965, "longitude": 73.434328, "colour": "#eab308", "tier": "Tier 3 - Mitigate"}}, {"type": "Feature", "geometry": {"type": "Polygon", "coordinates": [[[73.490539, 21.999967], [73.488127, 22.008967], [73.481539, 22.015555], [73.472539, 22.017967], [73.463539, 22.015555], [73.456951, 22.008967], [73.454539, 21.999967], [73.456951, 21.990967], [73.463539, 21.984379], [73.472539, 21.981967], [73.481539, 21.984379], [73.488127, 21.990967], [73.490539, 21.999967]]]}, "properties": {"village_name": "Gamdi", "subdistrict": "Dabhoi", "village_code": 521033, "composite_risk_score": 0.647, "flood_hazard_score": 0.49, "erosion_risk": 0.98, "cloudburst_probability": 0.899, "landslide_susceptibility": 0.584, "total_population": 138, "latitude": 21.999967, "longitude": 73.472539, "colour": "#f97316", "tier": "Tier 2 - Relocate"}}, {"type": "Feature", "geometry": {"type": "Polygon", "coordinates": [[[73.470339, 22.007016], [73.467927, 22.016016], [73.461339, 22.022604], [73.452339, 22.025016], [73.443339, 22.022604], [73.436751, 22.016016], [73.434339, 22.007016], [73.436751, 21.998016], [73.443339, 21.991428], [73.452339, 21.989016], [73.461339, 21.991428], [73.467927, 21.998016], [73.470339, 22.007016]]]}, "properties": {"village_name": "Fulwadi", "subdistrict": "Dabhoi", "village_code": 521029, "composite_risk_score": 0.465, "flood_hazard_score": 0.397, "erosion_risk": 0.98, "cloudburst_probability": 0.95, "landslide_susceptibility": 0.627, "total_population": 593, "latitude": 22.007016, "longitude": 73.452339, "colour": "#eab308", "tier": "Tier 3 - Mitigate"}}, {"type": "Feature", "geometry": {"type": "Polygon", "coordinates": [[[73.478127, 21.991799], [73.475715, 22.000799], [73.469127, 22.007387], [73.460127, 22.009799], [73.451127, 22.007387], [73.444539, 22.000799], [73.442127, 21.991799], [73.444539, 21.982799], [73.451127, 21.976211], [73.460127, 21.973799], [73.469127, 21.976211], [73.475715, 21.982799], [73.478127, 21.991799]]]}, "properties": {"village_name": "Chandod", "subdistrict": "Dabhoi", "village_code": 521034, "composite_risk_score": 0.565, "flood_hazard_score": 0.519, "erosion_risk": 0.98, "cloudburst_probability": 0.917, "landslide_susceptibility": 0.594, "total_population": 3019, "latitude": 21.991799, "longitude": 73.460127, "colour": "#eab308", "tier": "Tier 3 - Mitigate"}}, {"type": "Feature", "geometry": {"type": "Polygon", "coordinates": [[[73.435563, 22.018617], [73.433151, 22.027617], [73.426563, 22.034205], [73.417563, 22.036617], [73.408563, 22.034205], [73.401975, 22.027617], [73.399563, 22.018617], [73.401975, 22.009617], [73.408563, 22.003029], [73.417563, 22.000617], [73.426563, 22.003029], [73.433151, 22.009617], [73.435563, 22.018617]]]}, "properties": {"village_name": "Nana Karala", "subdistrict": "Sinor", "village_code": 521219, "composite_risk_score": 0.574, "flood_hazard_score": 0.288, "erosion_risk": 0.98, "cloudburst_probability": 0.95, "landslide_susceptibility": 0.648, "total_population": 1173, "latitude": 22.018617, "longitude": 73.417563, "colour": "#eab308", "tier": "Tier 3 - Mitigate"}}, {"type": "Feature", "geometry": {"type": "Polygon", "coordinates": [[[73.424543, 22.001769], [73.422131, 22.010769], [73.415543, 22.017357], [73.406543, 22.019769], [73.397543, 22.017357], [73.390955, 22.010769], [73.388543, 22.001769], [73.390955, 21.992769], [73.397543, 21.986181], [73.406543, 21.983769], [73.415543, 21.986181], [73.422131, 21.992769], [73.424543, 22.001769]]]}, "properties": {"village_name": "Satisana", "subdistrict": "Sinor", "village_code": 521234, "composite_risk_score": 0.445, "flood_hazard_score": 0.362, "erosion_risk": 0.98, "cloudburst_probability": 0.95, "landslide_susceptibility": 0.648, "total_population": 937, "latitude": 22.001769, "longitude": 73.406543, "colour": "#eab308", "tier": "Tier 3 - Mitigate"}}, {"type": "Feature", "geometry": {"type": "Polygon", "coordinates": [[[73.522446, 22.003732], [73.520034, 22.012732], [73.513446, 22.01932], [73.504446, 22.021732], [73.495446, 22.01932], [73.488858, 22.012732], [73.486446, 22.003732], [73.488858, 21.994732], [73.495446, 21.988144], [73.504446, 21.985732], [73.513446, 21.988144], [73.520034, 21.994732], [73.522446, 22.003732]]]}, "properties": {"village_name": "Baglipura", "subdistrict": "Dabhoi", "village_code": 521032, "composite_risk_score": 0.447, "flood_hazard_score": 0.443, "erosion_risk": 0.98, "cloudburst_probability": 0.939, "landslide_susceptibility": 0.604, "total_population": 422, "latitude": 22.003732, "longitude": 73.504446, "colour": "#eab308", "tier": "Tier 3 - Mitigate"}}, {"type": "Feature", "geometry": {"type": "Polygon", "coordinates": [[[73.526042, 22.139255], [73.52363, 22.148255], [73.517042, 22.154843], [73.508042, 22.157255], [73.499042, 22.154843], [73.492454, 22.148255], [73.490042, 22.139255], [73.492454, 22.130255], [73.499042, 22.123667], [73.508042, 22.121255], [73.517042, 22.123667], [73.52363, 22.130255], [73.526042, 22.139255]]]}, "properties": {"village_name": "Bhimpura Kukad", "subdistrict": "Dabhoi", "village_code": 520985, "composite_risk_score": 0.53, "flood_hazard_score": 0.532, "erosion_risk": 0.98, "cloudburst_probability": 0.883, "landslide_susceptibility": 0.574, "total_population": 1347, "latitude": 22.139255, "longitude": 73.508042, "colour": "#eab308", "tier": "Tier 3 - Mitigate"}}, {"type": "Feature", "geometry": {"type": "Polygon", "coordinates": [[[73.502308, 22.114336], [73.499896, 22.123336], [73.493308, 22.129924], [73.484308, 22.132336], [73.475308, 22.129924], [73.46872, 22.123336], [73.466308, 22.114336], [73.46872, 22.105336], [73.475308, 22.098748], [73.484308, 22.096336], [73.493308, 22.098748], [73.499896, 22.105336], [73.502308, 22.114336]]]}, "properties": {"village_name": "Karnet", "subdistrict": "Dabhoi", "village_code": 520984, "composite_risk_score": 0.559, "flood_hazard_score": 0.52, "erosion_risk": 0.98, "cloudburst_probability": 0.885, "landslide_susceptibility": 0.574, "total_population": 2044, "latitude": 22.114336, "longitude": 73.484308, "colour": "#eab308", "tier": "Tier 3 - Mitigate"}}, {"type": "Feature", "geometry": {"type": "Polygon", "coordinates": [[[73.478479, 22.120655], [73.476067, 22.129655], [73.469479, 22.136243], [73.460479, 22.138655], [73.451479, 22.136243], [73.444891, 22.129655], [73.442479, 22.120655], [73.444891, 22.111655], [73.451479, 22.105067], [73.460479, 22.102655], [73.469479, 22.105067], [73.476067, 22.111655], [73.478479, 22.120655]]]}, "properties": {"village_name": "Boriyad", "subdistrict": "Dabhoi", "village_code": 520983, "composite_risk_score": 0.633, "flood_hazard_score": 0.372, "erosion_risk": 0.98, "cloudburst_probability": 0.926, "landslide_susceptibility": 0.595, "total_population": 1024, "latitude": 22.120655, "longitude": 73.460479, "colour": "#f97316", "tier": "Tier 2 - Relocate"}}, {"type": "Feature", "geometry": {"type": "Polygon", "coordinates": [[[73.463468, 22.10525], [73.461056, 22.11425], [73.454468, 22.120838], [73.445468, 22.12325], [73.436468, 22.120838], [73.42988, 22.11425], [73.427468, 22.10525], [73.42988, 22.09625], [73.436468, 22.089662], [73.445468, 22.08725], [73.454468, 22.089662], [73.461056, 22.09625], [73.463468, 22.10525]]]}, "properties": {"village_name": "Dharmpuri", "subdistrict": "Dabhoi", "village_code": 520988, "composite_risk_score": 0.584, "flood_hazard_score": 0.492, "erosion_risk": 0.98, "cloudburst_probability": 0.921, "landslide_susceptibility": 0.599, "total_population": 1732, "latitude": 22.10525, "longitude": 73.445468, "colour": "#eab308", "tier": "Tier 3 - Mitigate"}}, {"type": "Feature", "geometry": {"type": "Polygon", "coordinates": [[[73.493881, 22.104319], [73.491469, 22.113319], [73.484881, 22.119907], [73.475881, 22.122319], [73.466881, 22.119907], [73.460293, 22.113319], [73.457881, 22.104319], [73.460293, 22.095319], [73.466881, 22.088731], [73.475881, 22.086319], [73.484881, 22.088731], [73.491469, 22.095319], [73.493881, 22.104319]]]}, "properties": {"village_name": "Juni Mangrol", "subdistrict": "Dabhoi", "village_code": 520986, "composite_risk_score": 0.595, "flood_hazard_score": 0.514, "erosion_risk": 0.98, "cloudburst_probability": 0.911, "landslide_susceptibility": 0.595, "total_population": 475, "latitude": 22.104319, "longitude": 73.475881, "colour": "#eab308", "tier": "Tier 3 - Mitigate"}}, {"type": "Feature", "geometry": {"type": "Polygon", "coordinates": [[[73.44851, 22.132821], [73.446098, 22.141821], [73.43951, 22.148409], [73.43051, 22.150821], [73.42151, 22.148409], [73.414922, 22.141821], [73.41251, 22.132821], [73.414922, 22.123821], [73.42151, 22.117233], [73.43051, 22.114821], [73.43951, 22.117233], [73.446098, 22.123821], [73.44851, 22.132821]]]}, "properties": {"village_name": "Dabhoi", "subdistrict": "Dabhoi", "village_code": 251213, "composite_risk_score": 0.458, "flood_hazard_score": 0.353, "erosion_risk": 0.02, "cloudburst_probability": 0.92, "landslide_susceptibility": 0.597, "total_population": 51240, "latitude": 22.132821, "longitude": 73.43051, "colour": "#eab308", "tier": "Tier 3 - Mitigate"}}, {"type": "Feature", "geometry": {"type": "Polygon", "coordinates": [[[73.268283, 22.075851], [73.265871, 22.084851], [73.259283, 22.091439], [73.250283, 22.093851], [73.241283, 22.091439], [73.234695, 22.084851], [73.232283, 22.075851], [73.234695, 22.066851], [73.241283, 22.060263], [73.250283, 22.057851], [73.259283, 22.060263], [73.265871, 22.066851], [73.268283, 22.075851]]]}, "properties": {"village_name": "Kayavarohan", "subdistrict": "Dabhoi", "village_code": 521017, "composite_risk_score": 0.517, "flood_hazard_score": 0.476, "erosion_risk": 0.98, "cloudburst_probability": 0.94, "landslide_susceptibility": 0.605, "total_population": 8409, "latitude": 22.075851, "longitude": 73.250283, "colour": "#eab308", "tier": "Tier 3 - Mitigate"}}, {"type": "Feature", "geometry": {"type": "Polygon", "coordinates": [[[73.231227, 22.100616], [73.228815, 22.109616], [73.222227, 22.116204], [73.213227, 22.118616], [73.204227, 22.116204], [73.197639, 22.109616], [73.195227, 22.100616], [73.197639, 22.091616], [73.204227, 22.085028], [73.213227, 22.082616], [73.222227, 22.085028], [73.228815, 22.091616], [73.231227, 22.100616]]]}, "properties": {"village_name": "Puniyad", "subdistrict": "Dabhoi", "village_code": 520995, "composite_risk_score": 0.574, "flood_hazard_score": 0.502, "erosion_risk": 0.98, "cloudburst_probability": 0.95, "landslide_susceptibility": 0.614, "total_population": 1544, "latitude": 22.100616, "longitude": 73.213227, "colour": "#eab308", "tier": "Tier 3 - Mitigate"}}, {"type": "Feature", "geometry": {"type": "Polygon", "coordinates": [[[73.324994, 22.101065], [73.322582, 22.110065], [73.315994, 22.116653], [73.306994, 22.119065], [73.297994, 22.116653], [73.291406, 22.110065], [73.288994, 22.101065], [73.291406, 22.092065], [73.297994, 22.085477], [73.306994, 22.083065], [73.315994, 22.085477], [73.322582, 22.092065], [73.324994, 22.101065]]]}, "properties": {"village_name": "Kothara", "subdistrict": "Dabhoi", "village_code": 520992, "composite_risk_score": 0.53, "flood_hazard_score": 0.494, "erosion_risk": 0.98, "cloudburst_probability": 0.903, "landslide_susceptibility": 0.584, "total_population": 824, "latitude": 22.101065, "longitude": 73.306994, "colour": "#eab308", "tier": "Tier 3 - Mitigate"}}, {"type": "Feature", "geometry": {"type": "Polygon", "coordinates": [[[73.398113, 22.088947], [73.395701, 22.097947], [73.389113, 22.104535], [73.380113, 22.106947], [73.371113, 22.104535], [73.364525, 22.097947], [73.362113, 22.088947], [73.364525, 22.079947], [73.371113, 22.073359], [73.380113, 22.070947], [73.389113, 22.073359], [73.395701, 22.079947], [73.398113, 22.088947]]]}, "properties": {"village_name": "Sathod", "subdistrict": "Dabhoi", "village_code": 520990, "composite_risk_score": 0.53, "flood_hazard_score": 0.511, "erosion_risk": 0.98, "cloudburst_probability": 0.916, "landslide_susceptibility": 0.594, "total_population": 3682, "latitude": 22.088947, "longitude": 73.380113, "colour": "#eab308", "tier": "Tier 3 - Mitigate"}}, {"type": "Feature", "geometry": {"type": "Polygon", "coordinates": [[[73.293647, 22.081722], [73.291235, 22.090722], [73.284647, 22.09731], [73.275647, 22.099722], [73.266647, 22.09731], [73.260059, 22.090722], [73.257647, 22.081722], [73.260059, 22.072722], [73.266647, 22.066134], [73.275647, 22.063722], [73.284647, 22.066134], [73.291235, 22.072722], [73.293647, 22.081722]]]}, "properties": {"village_name": "Sultanpura", "subdistrict": "Dabhoi", "village_code": 520997, "composite_risk_score": 0.529, "flood_hazard_score": 0.513, "erosion_risk": 0.98, "cloudburst_probability": 0.937, "landslide_susceptibility": 0.605, "total_population": 559, "latitude": 22.081722, "longitude": 73.275647, "colour": "#eab308", "tier": "Tier 3 - Mitigate"}}, {"type": "Feature", "geometry": {"type": "Polygon", "coordinates": [[[73.225523, 22.077858], [73.223111, 22.086858], [73.216523, 22.093446], [73.207523, 22.095858], [73.198523, 22.093446], [73.191935, 22.086858], [73.189523, 22.077858], [73.191935, 22.068858], [73.198523, 22.06227], [73.207523, 22.059858], [73.216523, 22.06227], [73.223111, 22.068858], [73.225523, 22.077858]]]}, "properties": {"village_name": "Fofaliya", "subdistrict": "Dabhoi", "village_code": 520996, "composite_risk_score": 0.642, "flood_hazard_score": 0.426, "erosion_risk": 0.98, "cloudburst_probability": 0.95, "landslide_susceptibility": 0.621, "total_population": 985, "latitude": 22.077858, "longitude": 73.207523, "colour": "#f97316", "tier": "Tier 2 - Relocate"}}, {"type": "Feature", "geometry": {"type": "Polygon", "coordinates": [[[73.371468, 22.065104], [73.369056, 22.074104], [73.362468, 22.080692], [73.353468, 22.083104], [73.344468, 22.080692], [73.33788, 22.074104], [73.335468, 22.065104], [73.33788, 22.056104], [73.344468, 22.049516], [73.353468, 22.047104], [73.362468, 22.049516], [73.369056, 22.056104], [73.371468, 22.065104]]]}, "properties": {"village_name": "Pisai", "subdistrict": "Dabhoi", "village_code": 521015, "composite_risk_score": 0.502, "flood_hazard_score": 0.423, "erosion_risk": 0.98, "cloudburst_probability": 0.945, "landslide_susceptibility": 0.607, "total_population": 1396, "latitude": 22.065104, "longitude": 73.353468, "colour": "#eab308", "tier": "Tier 3 - Mitigate"}}, {"type": "Feature", "geometry": {"type": "Polygon", "coordinates": [[[73.401541, 22.056849], [73.399129, 22.065849], [73.392541, 22.072437], [73.383541, 22.074849], [73.374541, 22.072437], [73.367953, 22.065849], [73.365541, 22.056849], [73.367953, 22.047849], [73.374541, 22.041261], [73.383541, 22.038849], [73.392541, 22.041261], [73.399129, 22.047849], [73.401541, 22.056849]]]}, "properties": {"village_name": "Shirola", "subdistrict": "Dabhoi", "village_code": 521014, "composite_risk_score": 0.559, "flood_hazard_score": 0.5, "erosion_risk": 0.98, "cloudburst_probability": 0.95, "landslide_susceptibility": 0.63, "total_population": 1599, "latitude": 22.056849, "longitude": 73.383541, "colour": "#eab308", "tier": "Tier 3 - Mitigate"}}, {"type": "Feature", "geometry": {"type": "Polygon", "coordinates": [[[73.320368, 22.058746], [73.317956, 22.067746], [73.311368, 22.074334], [73.302368, 22.076746], [73.293368, 22.074334], [73.28678, 22.067746], [73.284368, 22.058746], [73.28678, 22.049746], [73.293368, 22.043158], [73.302368, 22.040746], [73.311368, 22.043158], [73.317956, 22.049746], [73.320368, 22.058746]]]}, "properties": {"village_name": "Karmal", "subdistrict": "Dabhoi", "village_code": 521016, "composite_risk_score": 0.577, "flood_hazard_score": 0.451, "erosion_risk": 0.98, "cloudburst_probability": 0.921, "landslide_susceptibility": 0.598, "total_population": 1401, "latitude": 22.058746, "longitude": 73.302368, "colour": "#eab308", "tier": "Tier 3 - Mitigate"}}, {"type": "Feature", "geometry": {"type": "Polygon", "coordinates": [[[73.270039, 22.042229], [73.267627, 22.051229], [73.261039, 22.057817], [73.252039, 22.060229], [73.243039, 22.057817], [73.236451, 22.051229], [73.234039, 22.042229], [73.236451, 22.033229], [73.243039, 22.026641], [73.252039, 22.024229], [73.261039, 22.026641], [73.267627, 22.033229], [73.270039, 22.042229]]]}, "properties": {"village_name": "Lingsthali", "subdistrict": "Dabhoi", "village_code": 521018, "composite_risk_score": 0.621, "flood_hazard_score": 0.486, "erosion_risk": 0.98, "cloudburst_probability": 0.95, "landslide_susceptibility": 0.639, "total_population": 1935, "latitude": 22.042229, "longitude": 73.252039, "colour": "#f97316", "tier": "Tier 2 - Relocate"}}, {"type": "Feature", "geometry": {"type": "Polygon", "coordinates": [[[73.251382, 22.024348], [73.24897, 22.033348], [73.242382, 22.039936], [73.233382, 22.042348], [73.224382, 22.039936], [73.217794, 22.033348], [73.215382, 22.024348], [73.217794, 22.015348], [73.224382, 22.00876], [73.233382, 22.006348], [73.242382, 22.00876], [73.24897, 22.015348], [73.251382, 22.024348]]]}, "properties": {"village_name": "Bananj", "subdistrict": "Dabhoi", "village_code": 521019, "composite_risk_score": 0.612, "flood_hazard_score": 0.368, "erosion_risk": 0.98, "cloudburst_probability": 0.95, "landslide_susceptibility": 0.617, "total_population": 835, "latitude": 22.024348, "longitude": 73.233382, "colour": "#f97316", "tier": "Tier 2 - Relocate"}}, {"type": "Feature", "geometry": {"type": "Polygon", "coordinates": [[[73.205754, 22.081782], [73.203342, 22.090782], [73.196754, 22.09737], [73.187754, 22.099782], [73.178754, 22.09737], [73.172166, 22.090782], [73.169754, 22.081782], [73.172166, 22.072782], [73.178754, 22.066194], [73.187754, 22.063782], [73.196754, 22.066194], [73.203342, 22.072782], [73.205754, 22.081782]]]}, "properties": {"village_name": "Dhanora", "subdistrict": "Karjan", "village_code": 521143, "composite_risk_score": 0.588, "flood_hazard_score": 0.426, "erosion_risk": 0.98, "cloudburst_probability": 0.942, "landslide_susceptibility": 0.609, "total_population": 741, "latitude": 22.081782, "longitude": 73.187754, "colour": "#eab308", "tier": "Tier 3 - Mitigate"}}, {"type": "Feature", "geometry": {"type": "Polygon", "coordinates": [[[73.233055, 22.053571], [73.230643, 22.062571], [73.224055, 22.069159], [73.215055, 22.071571], [73.206055, 22.069159], [73.199467, 22.062571], [73.197055, 22.053571], [73.199467, 22.044571], [73.206055, 22.037983], [73.215055, 22.035571], [73.224055, 22.037983], [73.230643, 22.044571], [73.233055, 22.053571]]]}, "properties": {"village_name": "Gandhara", "subdistrict": "Karjan", "village_code": 521144, "composite_risk_score": 0.541, "flood_hazard_score": 0.382, "erosion_risk": 0.98, "cloudburst_probability": 0.95, "landslide_susceptibility": 0.639, "total_population": 1828, "latitude": 22.053571, "longitude": 73.215055, "colour": "#eab308", "tier": "Tier 3 - Mitigate"}}, {"type": "Feature", "geometry": {"type": "Polygon", "coordinates": [[[73.214843, 22.055872], [73.212431, 22.064872], [73.205843, 22.07146], [73.196843, 22.073872], [73.187843, 22.07146], [73.181255, 22.064872], [73.178843, 22.055872], [73.181255, 22.046872], [73.187843, 22.040284], [73.196843, 22.037872], [73.205843, 22.040284], [73.212431, 22.046872], [73.214843, 22.055872]]]}, "properties": {"village_name": "Ganpatpura", "subdistrict": "Karjan", "village_code": 521145, "composite_risk_score": 0.425, "flood_hazard_score": 0.447, "erosion_risk": 0.98, "cloudburst_probability": 0.95, "landslide_susceptibility": 0.64, "total_population": 1466, "latitude": 22.055872, "longitude": 73.196843, "colour": "#eab308", "tier": "Tier 3 - Mitigate"}}, {"type": "Feature", "geometry": {"type": "Polygon", "coordinates": [[[73.20018, 22.033506], [73.197768, 22.042506], [73.19118, 22.049094], [73.18218, 22.051506], [73.17318, 22.049094], [73.166592, 22.042506], [73.16418, 22.033506], [73.166592, 22.024506], [73.17318, 22.017918], [73.18218, 22.015506], [73.19118, 22.017918], [73.197768, 22.024506], [73.20018, 22.033506]]]}, "properties": {"village_name": "Dhavat", "subdistrict": "Karjan", "village_code": 521156, "composite_risk_score": 0.564, "flood_hazard_score": 0.439, "erosion_risk": 0.98, "cloudburst_probability": 0.95, "landslide_susceptibility": 0.629, "total_population": 2340, "latitude": 22.033506, "longitude": 73.18218, "colour": "#eab308", "tier": "Tier 3 - Mitigate"}}, {"type": "Feature", "geometry": {"type": "Polygon", "coordinates": [[[73.230051, 22.024655], [73.227639, 22.033655], [73.221051, 22.040243], [73.212051, 22.042655], [73.203051, 22.040243], [73.196463, 22.033655], [73.194051, 22.024655], [73.196463, 22.015655], [73.203051, 22.009067], [73.212051, 22.006655], [73.221051, 22.009067], [73.227639, 22.015655], [73.230051, 22.024655]]]}, "properties": {"village_name": "Kurali", "subdistrict": "Karjan", "village_code": 521157, "composite_risk_score": 0.518, "flood_hazard_score": 0.287, "erosion_risk": 0.98, "cloudburst_probability": 0.95, "landslide_susceptibility": 0.642, "total_population": 1924, "latitude": 22.024655, "longitude": 73.212051, "colour": "#eab308", "tier": "Tier 3 - Mitigate"}}, {"type": "Feature", "geometry": {"type": "Polygon", "coordinates": [[[73.254051, 22.001203], [73.251639, 22.010203], [73.245051, 22.016791], [73.236051, 22.019203], [73.227051, 22.016791], [73.220463, 22.010203], [73.218051, 22.001203], [73.220463, 21.992203], [73.227051, 21.985615], [73.236051, 21.983203], [73.245051, 21.985615], [73.251639, 21.992203], [73.254051, 22.001203]]]}, "properties": {"village_name": "Vemar", "subdistrict": "Karjan", "village_code": 521158, "composite_risk_score": 0.541, "flood_hazard_score": 0.496, "erosion_risk": 0.98, "cloudburst_probability": 0.922, "landslide_susceptibility": 0.595, "total_population": 2655, "latitude": 22.001203, "longitude": 73.236051, "colour": "#eab308", "tier": "Tier 3 - Mitigate"}}, {"type": "Feature", "geometry": {"type": "Polygon", "coordinates": [[[73.215272, 22.010784], [73.21286, 22.019784], [73.206272, 22.026372], [73.197272, 22.028784], [73.188272, 22.026372], [73.181684, 22.019784], [73.179272, 22.010784], [73.181684, 22.001784], [73.188272, 21.995196], [73.197272, 21.992784], [73.206272, 21.995196], [73.21286, 22.001784], [73.215272, 22.010784]]]}, "properties": {"village_name": "Kasampur", "subdistrict": "Karjan", "village_code": 521160, "composite_risk_score": 0.643, "flood_hazard_score": 0.368, "erosion_risk": 0.98, "cloudburst_probability": 0.95, "landslide_susceptibility": 0.651, "total_population": 601, "latitude": 22.010784, "longitude": 73.197272, "colour": "#f97316", "tier": "Tier 2 - Relocate"}}, {"type": "Feature", "geometry": {"type": "Polygon", "coordinates": [[[73.234065, 22.000365], [73.231653, 22.009365], [73.225065, 22.015953], [73.216065, 22.018365], [73.207065, 22.015953], [73.200477, 22.009365], [73.198065, 22.000365], [73.200477, 21.991365], [73.207065, 21.984777], [73.216065, 21.982365], [73.225065, 21.984777], [73.231653, 21.991365], [73.234065, 22.000365]]]}, "properties": {"village_name": "Kothav", "subdistrict": "Karjan", "village_code": 521159, "composite_risk_score": 0.492, "flood_hazard_score": 0.424, "erosion_risk": 0.98, "cloudburst_probability": 0.95, "landslide_susceptibility": 0.66, "total_population": 998, "latitude": 22.000365, "longitude": 73.216065, "colour": "#eab308", "tier": "Tier 3 - Mitigate"}}, {"type": "Feature", "geometry": {"type": "Polygon", "coordinates": [[[73.221651, 21.994476], [73.219239, 22.003476], [73.212651, 22.010064], [73.203651, 22.012476], [73.194651, 22.010064], [73.188063, 22.003476], [73.185651, 21.994476], [73.188063, 21.985476], [73.194651, 21.978888], [73.203651, 21.976476], [73.212651, 21.978888], [73.219239, 21.985476], [73.221651, 21.994476]]]}, "properties": {"village_name": "Nishaliya", "subdistrict": "Karjan", "village_code": 521172, "composite_risk_score": 0.61, "flood_hazard_score": 0.414, "erosion_risk": 0.98, "cloudburst_probability": 0.95, "landslide_susceptibility": 0.649, "total_population": 533, "latitude": 21.994476, "longitude": 73.203651, "colour": "#f97316", "tier": "Tier 2 - Relocate"}}, {"type": "Feature", "geometry": {"type": "Polygon", "coordinates": [[[73.196437, 21.988212], [73.194025, 21.997212], [73.187437, 22.0038], [73.178437, 22.006212], [73.169437, 22.0038], [73.162849, 21.997212], [73.160437, 21.988212], [73.162849, 21.979212], [73.169437, 21.972624], [73.178437, 21.970212], [73.187437, 21.972624], [73.194025, 21.979212], [73.196437, 21.988212]]]}, "properties": {"village_name": "Choranda", "subdistrict": "Karjan", "village_code": 521171, "composite_risk_score": 0.58, "flood_hazard_score": 0.371, "erosion_risk": 0.98, "cloudburst_probability": 0.95, "landslide_susceptibility": 0.628, "total_population": 3674, "latitude": 21.988212, "longitude": 73.178437, "colour": "#eab308", "tier": "Tier 3 - Mitigate"}}, {"type": "Feature", "geometry": {"type": "Polygon", "coordinates": [[[73.351742, 22.051567], [73.34933, 22.060567], [73.342742, 22.067155], [73.333742, 22.069567], [73.324742, 22.067155], [73.318154, 22.060567], [73.315742, 22.051567], [73.318154, 22.042567], [73.324742, 22.035979], [73.333742, 22.033567], [73.342742, 22.035979], [73.34933, 22.042567], [73.351742, 22.051567]]]}, "properties": {"village_name": "Sandha", "subdistrict": "Sinor", "village_code": 521217, "composite_risk_score": 0.538, "flood_hazard_score": 0.365, "erosion_risk": 0.98, "cloudburst_probability": 0.95, "landslide_susceptibility": 0.616, "total_population": 714, "latitude": 22.051567, "longitude": 73.333742, "colour": "#eab308", "tier": "Tier 3 - Mitigate"}}, {"type": "Feature", "geometry": {"type": "Polygon", "coordinates": [[[73.37236, 22.048448], [73.369948, 22.057448], [73.36336, 22.064036], [73.35436, 22.066448], [73.34536, 22.064036], [73.338772, 22.057448], [73.33636, 22.048448], [73.338772, 22.039448], [73.34536, 22.03286], [73.35436, 22.030448], [73.36336, 22.03286], [73.369948, 22.039448], [73.37236, 22.048448]]]}, "properties": {"village_name": "Damnagar", "subdistrict": "Sinor", "village_code": 521218, "composite_risk_score": 0.571, "flood_hazard_score": 0.336, "erosion_risk": 0.98, "cloudburst_probability": 0.899, "landslide_susceptibility": 0.586, "total_population": 587, "latitude": 22.048448, "longitude": 73.35436, "colour": "#eab308", "tier": "Tier 3 - Mitigate"}}, {"type": "Feature", "geometry": {"type": "Polygon", "coordinates": [[[73.331492, 22.046886], [73.32908, 22.055886], [73.322492, 22.062474], [73.313492, 22.064886], [73.304492, 22.062474], [73.297904, 22.055886], [73.295492, 22.046886], [73.297904, 22.037886], [73.304492, 22.031298], [73.313492, 22.028886], [73.322492, 22.031298], [73.32908, 22.037886], [73.331492, 22.046886]]]}, "properties": {"village_name": "Garadi", "subdistrict": "Sinor", "village_code": 521216, "composite_risk_score": 0.467, "flood_hazard_score": 0.366, "erosion_risk": 0.98, "cloudburst_probability": 0.95, "landslide_susceptibility": 0.618, "total_population": 1223, "latitude": 22.046886, "longitude": 73.313492, "colour": "#eab308", "tier": "Tier 3 - Mitigate"}}, {"type": "Feature", "geometry": {"type": "Polygon", "coordinates": [[[73.306605, 22.045817], [73.304193, 22.054817], [73.297605, 22.061405], [73.288605, 22.063817], [73.279605, 22.061405], [73.273017, 22.054817], [73.270605, 22.045817], [73.273017, 22.036817], [73.279605, 22.030229], [73.288605, 22.027817], [73.297605, 22.030229], [73.304193, 22.036817], [73.306605, 22.045817]]]}, "properties": {"village_name": "Nana Habipura", "subdistrict": "Sinor", "village_code": 521215, "composite_risk_score": 0.596, "flood_hazard_score": 0.398, "erosion_risk": 0.98, "cloudburst_probability": 0.924, "landslide_susceptibility": 0.597, "total_population": 771, "latitude": 22.045817, "longitude": 73.288605, "colour": "#eab308", "tier": "Tier 3 - Mitigate"}}, {"type": "Feature", "geometry": {"type": "Polygon", "coordinates": [[[73.337689, 22.032329], [73.335277, 22.041329], [73.328689, 22.047917], [73.319689, 22.050329], [73.310689, 22.047917], [73.304101, 22.041329], [73.301689, 22.032329], [73.304101, 22.023329], [73.310689, 22.016741], [73.319689, 22.014329], [73.328689, 22.016741], [73.335277, 22.023329], [73.337689, 22.032329]]]}, "properties": {"village_name": "Achisara", "subdistrict": "Sinor", "village_code": 521225, "composite_risk_score": 0.586, "flood_hazard_score": 0.378, "erosion_risk": 0.98, "cloudburst_probability": 0.95, "landslide_susceptibility": 0.629, "total_population": 937, "latitude": 22.032329, "longitude": 73.319689, "colour": "#eab308", "tier": "Tier 3 - Mitigate"}}, {"type": "Feature", "geometry": {"type": "Polygon", "coordinates": [[[73.380022, 22.034808], [73.37761, 22.043808], [73.371022, 22.050396], [73.362022, 22.052808], [73.353022, 22.050396], [73.346434, 22.043808], [73.344022, 22.034808], [73.346434, 22.025808], [73.353022, 22.01922], [73.362022, 22.016808], [73.371022, 22.01922], [73.37761, 22.025808], [73.380022, 22.034808]]]}, "properties": {"village_name": "Puniyad", "subdistrict": "Sinor", "village_code": 521222, "composite_risk_score": 0.65, "flood_hazard_score": 0.438, "erosion_risk": 0.98, "cloudburst_probability": 0.922, "landslide_susceptibility": 0.597, "total_population": 1426, "latitude": 22.034808, "longitude": 73.362022, "colour": "#f97316", "tier": "Tier 2 - Relocate"}}, {"type": "Feature", "geometry": {"type": "Polygon", "coordinates": [[[73.395876, 22.027457], [73.393464, 22.036457], [73.386876, 22.043045], [73.377876, 22.045457], [73.368876, 22.043045], [73.362288, 22.036457], [73.359876, 22.027457], [73.362288, 22.018457], [73.368876, 22.011869], [73.377876, 22.009457], [73.386876, 22.011869], [73.393464, 22.018457], [73.395876, 22.027457]]]}, "properties": {"village_name": "Anandi", "subdistrict": "Sinor", "village_code": 521221, "composite_risk_score": 0.55, "flood_hazard_score": 0.399, "erosion_risk": 0.98, "cloudburst_probability": 0.95, "landslide_susceptibility": 0.627, "total_population": 1470, "latitude": 22.027457, "longitude": 73.377876, "colour": "#eab308", "tier": "Tier 3 - Mitigate"}}, {"type": "Feature", "geometry": {"type": "Polygon", "coordinates": [[[73.358775, 22.034538], [73.356363, 22.043538], [73.349775, 22.050126], [73.340775, 22.052538], [73.331775, 22.050126], [73.325187, 22.043538], [73.322775, 22.034538], [73.325187, 22.025538], [73.331775, 22.01895], [73.340775, 22.016538], [73.349775, 22.01895], [73.356363, 22.025538], [73.358775, 22.034538]]]}, "properties": {"village_name": "Bhekhada", "subdistrict": "Sinor", "village_code": 521223, "composite_risk_score": 0.518, "flood_hazard_score": 0.388, "erosion_risk": 0.98, "cloudburst_probability": 0.95, "landslide_susceptibility": 0.648, "total_population": 572, "latitude": 22.034538, "longitude": 73.340775, "colour": "#eab308", "tier": "Tier 3 - Mitigate"}}, {"type": "Feature", "geometry": {"type": "Polygon", "coordinates": [[[73.289644, 22.02638], [73.287232, 22.03538], [73.280644, 22.041968], [73.271644, 22.04438], [73.262644, 22.041968], [73.256056, 22.03538], [73.253644, 22.02638], [73.256056, 22.01738], [73.262644, 22.010792], [73.271644, 22.00838], [73.280644, 22.010792], [73.287232, 22.01738], [73.289644, 22.02638]]]}, "properties": {"village_name": "Timbarva", "subdistrict": "Sinor", "village_code": 521214, "composite_risk_score": 0.528, "flood_hazard_score": 0.309, "erosion_risk": 0.98, "cloudburst_probability": 0.95, "landslide_susceptibility": 0.629, "total_population": 2047, "latitude": 22.02638, "longitude": 73.271644, "colour": "#eab308", "tier": "Tier 3 - Mitigate"}}, {"type": "Feature", "geometry": {"type": "Polygon", "coordinates": [[[73.361451, 22.018022], [73.359039, 22.027022], [73.352451, 22.03361], [73.343451, 22.036022], [73.334451, 22.03361], [73.327863, 22.027022], [73.325451, 22.018022], [73.327863, 22.009022], [73.334451, 22.002434], [73.343451, 22.000022], [73.352451, 22.002434], [73.359039, 22.009022], [73.361451, 22.018022]]]}, "properties": {"village_name": "Chhanbhoi", "subdistrict": "Sinor", "village_code": 521224, "composite_risk_score": 0.675, "flood_hazard_score": 0.49, "erosion_risk": 0.98, "cloudburst_probability": 0.925, "landslide_susceptibility": 0.598, "total_population": 817, "latitude": 22.018022, "longitude": 73.343451, "colour": "#f97316", "tier": "Tier 2 - Relocate"}}, {"type": "Feature", "geometry": {"type": "Polygon", "coordinates": [[[73.3425, 22.0029], [73.340088, 22.0119], [73.3335, 22.018488], [73.3245, 22.0209], [73.3155, 22.018488], [73.308912, 22.0119], [73.3065, 22.0029], [73.308912, 21.9939], [73.3155, 21.987312], [73.3245, 21.9849], [73.3335, 21.987312], [73.340088, 21.9939], [73.3425, 22.0029]]]}, "properties": {"village_name": "Avakhal", "subdistrict": "Sinor", "village_code": 521231, "composite_risk_score": 0.437, "flood_hazard_score": 0.525, "erosion_risk": 0.98, "cloudburst_probability": 0.922, "landslide_susceptibility": 0.598, "total_population": 3162, "latitude": 22.0029, "longitude": 73.3245, "colour": "#eab308", "tier": "Tier 3 - Mitigate"}}, {"type": "Feature", "geometry": {"type": "Polygon", "coordinates": [[[73.371646, 22.006701], [73.369234, 22.015701], [73.362646, 22.022289], [73.353646, 22.024701], [73.344646, 22.022289], [73.338058, 22.015701], [73.335646, 22.006701], [73.338058, 21.997701], [73.344646, 21.991113], [73.353646, 21.988701], [73.362646, 21.991113], [73.369234, 21.997701], [73.371646, 22.006701]]]}, "properties": {"village_name": "Malpur", "subdistrict": "Sinor", "village_code": 521232, "composite_risk_score": 0.587, "flood_hazard_score": 0.502, "erosion_risk": 0.98, "cloudburst_probability": 0.95, "landslide_susceptibility": 0.641, "total_population": 1179, "latitude": 22.006701, "longitude": 73.353646, "colour": "#eab308", "tier": "Tier 3 - Mitigate"}}, {"type": "Feature", "geometry": {"type": "Polygon", "coordinates": [[[73.285989, 22.00933], [73.283577, 22.01833], [73.276989, 22.024918], [73.267989, 22.02733], [73.258989, 22.024918], [73.252401, 22.01833], [73.249989, 22.00933], [73.252401, 22.00033], [73.258989, 21.993742], [73.267989, 21.99133], [73.276989, 21.993742], [73.283577, 22.00033], [73.285989, 22.00933]]]}, "properties": {"village_name": "Tarva", "subdistrict": "Sinor", "village_code": 521226, "composite_risk_score": 0.515, "flood_hazard_score": 0.369, "erosion_risk": 0.98, "cloudburst_probability": 0.95, "landslide_susceptibility": 0.639, "total_population": 808, "latitude": 22.00933, "longitude": 73.267989, "colour": "#eab308", "tier": "Tier 3 - Mitigate"}}, {"type": "Feature", "geometry": {"type": "Polygon", "coordinates": [[[73.392721, 22.006763], [73.390309, 22.015763], [73.383721, 22.022351], [73.374721, 22.024763], [73.365721, 22.022351], [73.359133, 22.015763], [73.356721, 22.006763], [73.359133, 21.997763], [73.365721, 21.991175], [73.374721, 21.988763], [73.383721, 21.991175], [73.390309, 21.997763], [73.392721, 22.006763]]]}, "properties": {"village_name": "Segva", "subdistrict": "Sinor", "village_code": 521233, "composite_risk_score": 0.426, "flood_hazard_score": 0.393, "erosion_risk": 0.98, "cloudburst_probability": 0.95, "landslide_susceptibility": 0.629, "total_population": 1414, "latitude": 22.006763, "longitude": 73.374721, "colour": "#eab308", "tier": "Tier 3 - Mitigate"}}, {"type": "Feature", "geometry": {"type": "Polygon", "coordinates": [[[73.315683, 21.990856], [73.313271, 21.999856], [73.306683, 22.006444], [73.297683, 22.008856], [73.288683, 22.006444], [73.282095, 21.999856], [73.279683, 21.990856], [73.282095, 21.981856], [73.288683, 21.975268], [73.297683, 21.972856], [73.306683, 21.975268], [73.313271, 21.981856], [73.315683, 21.990856]]]}, "properties": {"village_name": "Sadhli", "subdistrict": "Sinor", "village_code": 521230, "composite_risk_score": 0.554, "flood_hazard_score": 0.505, "erosion_risk": 0.98, "cloudburst_probability": 0.95, "landslide_susceptibility": 0.66, "total_population": 6269, "latitude": 21.990856, "longitude": 73.297683, "colour": "#eab308", "tier": "Tier 3 - Mitigate"}}, {"type": "Feature", "geometry": {"type": "Polygon", "coordinates": [[[72.935623, 22.092733], [72.933211, 22.101733], [72.926623, 22.108321], [72.917623, 22.110733], [72.908623, 22.108321], [72.902035, 22.101733], [72.899623, 22.092733], [72.902035, 22.083733], [72.908623, 22.077145], [72.917623, 22.074733], [72.926623, 22.077145], [72.933211, 22.083733], [72.935623, 22.092733]]]}, "properties": {"village_name": "Sampla", "subdistrict": "Padra", "village_code": 521108, "composite_risk_score": 0.564, "flood_hazard_score": 0.439, "erosion_risk": 0.98, "cloudburst_probability": 0.92, "landslide_susceptibility": 0.596, "total_population": 1449, "latitude": 22.092733, "longitude": 72.917623, "colour": "#eab308", "tier": "Tier 3 - Mitigate"}}, {"type": "Feature", "geometry": {"type": "Polygon", "coordinates": [[[72.968166, 22.104415], [72.965754, 22.113415], [72.959166, 22.120003], [72.950166, 22.122415], [72.941166, 22.120003], [72.934578, 22.113415], [72.932166, 22.104415], [72.934578, 22.095415], [72.941166, 22.088827], [72.950166, 22.086415], [72.959166, 22.088827], [72.965754, 22.095415], [72.968166, 22.104415]]]}, "properties": {"village_name": "Shanpur", "subdistrict": "Padra", "village_code": 521107, "composite_risk_score": 0.492, "flood_hazard_score": 0.536, "erosion_risk": 0.98, "cloudburst_probability": 0.914, "landslide_susceptibility": 0.595, "total_population": 1367, "latitude": 22.104415, "longitude": 72.950166, "colour": "#eab308", "tier": "Tier 3 - Mitigate"}}, {"type": "Feature", "geometry": {"type": "Polygon", "coordinates": [[[72.907902, 22.108455], [72.90549, 22.117455], [72.898902, 22.124043], [72.889902, 22.126455], [72.880902, 22.124043], [72.874314, 22.117455], [72.871902, 22.108455], [72.874314, 22.099455], [72.880902, 22.092867], [72.889902, 22.090455], [72.898902, 22.092867], [72.90549, 22.099455], [72.907902, 22.108455]]]}, "properties": {"village_name": "Kanzat", "subdistrict": "Padra", "village_code": 521090, "composite_risk_score": 0.55, "flood_hazard_score": 0.532, "erosion_risk": 0.98, "cloudburst_probability": 0.937, "landslide_susceptibility": 0.593, "total_population": 4659, "latitude": 22.108455, "longitude": 72.889902, "colour": "#eab308", "tier": "Tier 3 - Mitigate"}}, {"type": "Feature", "geometry": {"type": "Polygon", "coordinates": [[[72.956779, 22.090872], [72.954367, 22.099872], [72.947779, 22.10646], [72.938779, 22.108872], [72.929779, 22.10646], [72.923191, 22.099872], [72.920779, 22.090872], [72.923191, 22.081872], [72.929779, 22.075284], [72.938779, 22.072872], [72.947779, 22.075284], [72.954367, 22.081872], [72.956779, 22.090872]]]}, "properties": {"village_name": "Bhanpur", "subdistrict": "Padra", "village_code": 521110, "composite_risk_score": 0.573, "flood_hazard_score": 0.497, "erosion_risk": 0.98, "cloudburst_probability": 0.937, "landslide_susceptibility": 0.607, "total_population": 801, "latitude": 22.090872, "longitude": 72.938779, "colour": "#eab308", "tier": "Tier 3 - Mitigate"}}, {"type": "Feature", "geometry": {"type": "Polygon", "coordinates": [[[72.967723, 22.075925], [72.965311, 22.084925], [72.958723, 22.091513], [72.949723, 22.093925], [72.940723, 22.091513], [72.934135, 22.084925], [72.931723, 22.075925], [72.934135, 22.066925], [72.940723, 22.060337], [72.949723, 22.057925], [72.958723, 22.060337], [72.965311, 22.066925], [72.967723, 22.075925]]]}, "properties": {"village_name": "Vanchhara", "subdistrict": "Padra", "village_code": 521111, "composite_risk_score": 0.562, "flood_hazard_score": 0.522, "erosion_risk": 0.98, "cloudburst_probability": 0.932, "landslide_susceptibility": 0.605, "total_population": 1460, "latitude": 22.075925, "longitude": 72.949723, "colour": "#eab308", "tier": "Tier 3 - Mitigate"}}, {"type": "Feature", "geometry": {"type": "Polygon", "coordinates": [[[72.937621, 22.069706], [72.935209, 22.078706], [72.928621, 22.085294], [72.919621, 22.087706], [72.910621, 22.085294], [72.904033, 22.078706], [72.901621, 22.069706], [72.904033, 22.060706], [72.910621, 22.054118], [72.919621, 22.051706], [72.928621, 22.054118], [72.935209, 22.060706], [72.937621, 22.069706]]]}, "properties": {"village_name": "Danoli", "subdistrict": "Padra", "village_code": 521109, "composite_risk_score": 0.549, "flood_hazard_score": 0.388, "erosion_risk": 0.98, "cloudburst_probability": 0.918, "landslide_susceptibility": 0.596, "total_population": 1017, "latitude": 22.069706, "longitude": 72.919621, "colour": "#eab308", "tier": "Tier 3 - Mitigate"}}, {"type": "Feature", "geometry": {"type": "Polygon", "coordinates": [[[72.946131, 22.052913], [72.943719, 22.061913], [72.937131, 22.068501], [72.928131, 22.070913], [72.919131, 22.068501], [72.912543, 22.061913], [72.910131, 22.052913], [72.912543, 22.043913], [72.919131, 22.037325], [72.928131, 22.034913], [72.937131, 22.037325], [72.943719, 22.043913], [72.946131, 22.052913]]]}, "properties": {"village_name": "Nedra", "subdistrict": "Padra", "village_code": 521118, "composite_risk_score": 0.612, "flood_hazard_score": 0.51, "erosion_risk": 0.98, "cloudburst_probability": 0.934, "landslide_susceptibility": 0.606, "total_population": 1030, "latitude": 22.052913, "longitude": 72.928131, "colour": "#f97316", "tier": "Tier 2 - Relocate"}}, {"type": "Feature", "geometry": {"type": "Polygon", "coordinates": [[[73.26899, 21.990449], [73.266578, 21.999449], [73.25999, 22.006037], [73.25099, 22.008449], [73.24199, 22.006037], [73.235402, 21.999449], [73.23299, 21.990449], [73.235402, 21.981449], [73.24199, 21.974861], [73.25099, 21.972449], [73.25999, 21.974861], [73.266578, 21.981449], [73.26899, 21.990449]]]}, "properties": {"village_name": "Tinglod", "subdistrict": "Sinor", "village_code": 521227, "composite_risk_score": 0.47, "flood_hazard_score": 0.504, "erosion_risk": 0.98, "cloudburst_probability": 0.939, "landslide_susceptibility": 0.597, "total_population": 819, "latitude": 21.990449, "longitude": 73.25099, "colour": "#eab308", "tier": "Tier 3 - Mitigate"}}, {"type": "Feature", "geometry": {"type": "Polygon", "coordinates": [[[73.041087, 22.088832], [73.038675, 22.097832], [73.032087, 22.10442], [73.023087, 22.106832], [73.014087, 22.10442], [73.007499, 22.097832], [73.005087, 22.088832], [73.007499, 22.079832], [73.014087, 22.073244], [73.023087, 22.070832], [73.032087, 22.073244], [73.038675, 22.079832], [73.041087, 22.088832]]]}, "properties": {"village_name": "Abhara", "subdistrict": "Karjan", "village_code": 521122, "composite_risk_score": 0.64, "flood_hazard_score": 0.507, "erosion_risk": 0.98, "cloudburst_probability": 0.95, "landslide_susceptibility": 0.639, "total_population": 1059, "latitude": 22.088832, "longitude": 73.023087, "colour": "#f97316", "tier": "Tier 2 - Relocate"}}, {"type": "Feature", "geometry": {"type": "Polygon", "coordinates": [[[73.169713, 22.080348], [73.167301, 22.089348], [73.160713, 22.095936], [73.151713, 22.098348], [73.142713, 22.095936], [73.136125, 22.089348], [73.133713, 22.080348], [73.136125, 22.071348], [73.142713, 22.06476], [73.151713, 22.062348], [73.160713, 22.06476], [73.167301, 22.071348], [73.169713, 22.080348]]]}, "properties": {"village_name": "Kandari", "subdistrict": "Karjan", "village_code": 521142, "composite_risk_score": 0.539, "flood_hazard_score": 0.481, "erosion_risk": 0.98, "cloudburst_probability": 0.95, "landslide_susceptibility": 0.64, "total_population": 4295, "latitude": 22.080348, "longitude": 73.151713, "colour": "#eab308", "tier": "Tier 3 - Mitigate"}}, {"type": "Feature", "geometry": {"type": "Polygon", "coordinates": [[[73.120052, 22.077144], [73.11764, 22.086144], [73.111052, 22.092732], [73.102052, 22.095144], [73.093052, 22.092732], [73.086464, 22.086144], [73.084052, 22.077144], [73.086464, 22.068144], [73.093052, 22.061556], [73.102052, 22.059144], [73.111052, 22.061556], [73.11764, 22.068144], [73.120052, 22.077144]]]}, "properties": {"village_name": "Kurai", "subdistrict": "Karjan", "village_code": 521132, "composite_risk_score": 0.577, "flood_hazard_score": 0.427, "erosion_risk": 0.98, "cloudburst_probability": 0.95, "landslide_susceptibility": 0.627, "total_population": 1473, "latitude": 22.077144, "longitude": 73.102052, "colour": "#eab308", "tier": "Tier 3 - Mitigate"}}, {"type": "Feature", "geometry": {"type": "Polygon", "coordinates": [[[73.072631, 22.074506], [73.070219, 22.083506], [73.063631, 22.090094], [73.054631, 22.092506], [73.045631, 22.090094], [73.039043, 22.083506], [73.036631, 22.074506], [73.039043, 22.065506], [73.045631, 22.058918], [73.054631, 22.056506], [73.063631, 22.058918], [73.070219, 22.065506], [73.072631, 22.074506]]]}, "properties": {"village_name": "Handod", "subdistrict": "Karjan", "village_code": 521134, "composite_risk_score": 0.439, "flood_hazard_score": 0.43, "erosion_risk": 0.98, "cloudburst_probability": 0.921, "landslide_susceptibility": 0.597, "total_population": 2095, "latitude": 22.074506, "longitude": 73.054631, "colour": "#eab308", "tier": "Tier 3 - Mitigate"}}, {"type": "Feature", "geometry": {"type": "Polygon", "coordinates": [[[73.091476, 22.070567], [73.089064, 22.079567], [73.082476, 22.086155], [73.073476, 22.088567], [73.064476, 22.086155], [73.057888, 22.079567], [73.055476, 22.070567], [73.057888, 22.061567], [73.064476, 22.054979], [73.073476, 22.052567], [73.082476, 22.054979], [73.089064, 22.061567], [73.091476, 22.070567]]]}, "properties": {"village_name": "Khandha", "subdistrict": "Karjan", "village_code": 521133, "composite_risk_score": 0.576, "flood_hazard_score": 0.446, "erosion_risk": 0.98, "cloudburst_probability": 0.926, "landslide_susceptibility": 0.606, "total_population": 1362, "latitude": 22.070567, "longitude": 73.073476, "colour": "#eab308", "tier": "Tier 3 - Mitigate"}}, {"type": "Feature", "geometry": {"type": "Polygon", "coordinates": [[[73.028019, 22.061192], [73.025607, 22.070192], [73.019019, 22.07678], [73.010019, 22.079192], [73.001019, 22.07678], [72.994431, 22.070192], [72.992019, 22.061192], [72.994431, 22.052192], [73.001019, 22.045604], [73.010019, 22.043192], [73.019019, 22.045604], [73.025607, 22.052192], [73.028019, 22.061192]]]}, "properties": {"village_name": "Chorbhuj", "subdistrict": "Karjan", "village_code": 521136, "composite_risk_score": 0.576, "flood_hazard_score": 0.438, "erosion_risk": 0.98, "cloudburst_probability": 0.927, "landslide_susceptibility": 0.606, "total_population": 1128, "latitude": 22.061192, "longitude": 73.010019, "colour": "#eab308", "tier": "Tier 3 - Mitigate"}}, {"type": "Feature", "geometry": {"type": "Polygon", "coordinates": [[[73.05694, 22.107029], [73.054528, 22.116029], [73.04794, 22.122617], [73.03894, 22.125029], [73.02994, 22.122617], [73.023352, 22.116029], [73.02094, 22.107029], [73.023352, 22.098029], [73.02994, 22.091441], [73.03894, 22.089029], [73.04794, 22.091441], [73.054528, 22.098029], [73.05694, 22.107029]]]}, "properties": {"village_name": "Sambhoi", "subdistrict": "Karjan", "village_code": 521123, "composite_risk_score": 0.607, "flood_hazard_score": 0.522, "erosion_risk": 0.98, "cloudburst_probability": 0.95, "landslide_susceptibility": 0.608, "total_population": 1257, "latitude": 22.107029, "longitude": 73.03894, "colour": "#f97316", "tier": "Tier 2 - Relocate"}}, {"type": "Feature", "geometry": {"type": "Polygon", "coordinates": [[[73.073006, 22.107989], [73.070594, 22.116989], [73.064006, 22.123577], [73.055006, 22.125989], [73.046006, 22.123577], [73.039418, 22.116989], [73.037006, 22.107989], [73.039418, 22.098989], [73.046006, 22.092401], [73.055006, 22.089989], [73.064006, 22.092401], [73.070594, 22.098989], [73.073006, 22.107989]]]}, "properties": {"village_name": "Surwada", "subdistrict": "Karjan", "village_code": 521124, "composite_risk_score": 0.505, "flood_hazard_score": 0.503, "erosion_risk": 0.98, "cloudburst_probability": 0.938, "landslide_susceptibility": 0.616, "total_population": 1382, "latitude": 22.107989, "longitude": 73.055006, "colour": "#eab308", "tier": "Tier 3 - Mitigate"}}, {"type": "Feature", "geometry": {"type": "Polygon", "coordinates": [[[73.019793, 22.100334], [73.017381, 22.109334], [73.010793, 22.115922], [73.001793, 22.118334], [72.992793, 22.115922], [72.986205, 22.109334], [72.983793, 22.100334], [72.986205, 22.091334], [72.992793, 22.084746], [73.001793, 22.082334], [73.010793, 22.084746], [73.017381, 22.091334], [73.019793, 22.100334]]]}, "properties": {"village_name": "Virjai", "subdistrict": "Karjan", "village_code": 521121, "composite_risk_score": 0.541, "flood_hazard_score": 0.471, "erosion_risk": 0.98, "cloudburst_probability": 0.914, "landslide_susceptibility": 0.593, "total_population": 1738, "latitude": 22.100334, "longitude": 73.001793, "colour": "#eab308", "tier": "Tier 3 - Mitigate"}}, {"type": "Feature", "geometry": {"type": "Polygon", "coordinates": [[[73.115279, 22.108714], [73.112867, 22.117714], [73.106279, 22.124302], [73.097279, 22.126714], [73.088279, 22.124302], [73.081691, 22.117714], [73.079279, 22.108714], [73.081691, 22.099714], [73.088279, 22.093126], [73.097279, 22.090714], [73.106279, 22.093126], [73.112867, 22.099714], [73.115279, 22.108714]]]}, "properties": {"village_name": "Pingalwada", "subdistrict": "Karjan", "village_code": 521126, "composite_risk_score": 0.511, "flood_hazard_score": 0.504, "erosion_risk": 0.98, "cloudburst_probability": 0.922, "landslide_susceptibility": 0.598, "total_population": 1508, "latitude": 22.108714, "longitude": 73.097279, "colour": "#eab308", "tier": "Tier 3 - Mitigate"}}, {"type": "Feature", "geometry": {"type": "Polygon", "coordinates": [[[73.141008, 22.10727], [73.138596, 22.11627], [73.132008, 22.122858], [73.123008, 22.12527], [73.114008, 22.122858], [73.10742, 22.11627], [73.105008, 22.10727], [73.10742, 22.09827], [73.114008, 22.091682], [73.123008, 22.08927], [73.132008, 22.091682], [73.138596, 22.09827], [73.141008, 22.10727]]]}, "properties": {"village_name": "Harsunda", "subdistrict": "Karjan", "village_code": 521127, "composite_risk_score": 0.653, "flood_hazard_score": 0.536, "erosion_risk": 0.98, "cloudburst_probability": 0.942, "landslide_susceptibility": 0.609, "total_population": 463, "latitude": 22.10727, "longitude": 73.123008, "colour": "#f97316", "tier": "Tier 2 - Relocate"}}, {"type": "Feature", "geometry": {"type": "Polygon", "coordinates": [[[73.093975, 22.098113], [73.091563, 22.107113], [73.084975, 22.113701], [73.075975, 22.116113], [73.066975, 22.113701], [73.060387, 22.107113], [73.057975, 22.098113], [73.060387, 22.089113], [73.066975, 22.082525], [73.075975, 22.080113], [73.084975, 22.082525], [73.091563, 22.089113], [73.093975, 22.098113]]]}, "properties": {"village_name": "Manpur", "subdistrict": "Karjan", "village_code": 521125, "composite_risk_score": 0.52, "flood_hazard_score": 0.522, "erosion_risk": 0.98, "cloudburst_probability": 0.934, "landslide_susceptibility": 0.606, "total_population": 1022, "latitude": 22.098113, "longitude": 73.075975, "colour": "#eab308", "tier": "Tier 3 - Mitigate"}}, {"type": "Feature", "geometry": {"type": "Polygon", "coordinates": [[[73.132773, 22.086903], [73.130361, 22.095903], [73.123773, 22.102491], [73.114773, 22.104903], [73.105773, 22.102491], [73.099185, 22.095903], [73.096773, 22.086903], [73.099185, 22.077903], [73.105773, 22.071315], [73.114773, 22.068903], [73.123773, 22.071315], [73.130361, 22.077903], [73.132773, 22.086903]]]}, "properties": {"village_name": "Anastu", "subdistrict": "Karjan", "village_code": 521131, "composite_risk_score": 0.479, "flood_hazard_score": 0.5, "erosion_risk": 0.98, "cloudburst_probability": 0.95, "landslide_susceptibility": 0.643, "total_population": 1899, "latitude": 22.086903, "longitude": 73.114773, "colour": "#eab308", "tier": "Tier 3 - Mitigate"}}, {"type": "Feature", "geometry": {"type": "Polygon", "coordinates": [[[73.191107, 22.094203], [73.188695, 22.103203], [73.182107, 22.109791], [73.173107, 22.112203], [73.164107, 22.109791], [73.157519, 22.103203], [73.155107, 22.094203], [73.157519, 22.085203], [73.164107, 22.078615], [73.173107, 22.076203], [73.182107, 22.078615], [73.188695, 22.085203], [73.191107, 22.094203]]]}, "properties": {"village_name": "Manglej", "subdistrict": "Karjan", "village_code": 521129, "composite_risk_score": 0.486, "flood_hazard_score": 0.554, "erosion_risk": 0.98, "cloudburst_probability": 0.903, "landslide_susceptibility": 0.588, "total_population": 1297, "latitude": 22.094203, "longitude": 73.173107, "colour": "#eab308", "tier": "Tier 3 - Mitigate"}}, {"type": "Feature", "geometry": {"type": "Polygon", "coordinates": [[[73.154272, 22.092915], [73.15186, 22.101915], [73.145272, 22.108503], [73.136272, 22.110915], [73.127272, 22.108503], [73.120684, 22.101915], [73.118272, 22.092915], [73.120684, 22.083915], [73.127272, 22.077327], [73.136272, 22.074915], [73.145272, 22.077327], [73.15186, 22.083915], [73.154272, 22.092915]]]}, "properties": {"village_name": "Kherda", "subdistrict": "Karjan", "village_code": 521130, "composite_risk_score": 0.594, "flood_hazard_score": 0.507, "erosion_risk": 0.98, "cloudburst_probability": 0.936, "landslide_susceptibility": 0.607, "total_population": 1211, "latitude": 22.092915, "longitude": 73.136272, "colour": "#eab308", "tier": "Tier 3 - Mitigate"}}, {"type": "Feature", "geometry": {"type": "Polygon", "coordinates": [[[72.982382, 22.055899], [72.97997, 22.064899], [72.973382, 22.071487], [72.964382, 22.073899], [72.955382, 22.071487], [72.948794, 22.064899], [72.946382, 22.055899], [72.948794, 22.046899], [72.955382, 22.040311], [72.964382, 22.037899], [72.973382, 22.040311], [72.97997, 22.046899], [72.982382, 22.055899]]]}, "properties": {"village_name": "Umaj", "subdistrict": "Karjan", "village_code": 521137, "composite_risk_score": 0.553, "flood_hazard_score": 0.466, "erosion_risk": 0.98, "cloudburst_probability": 0.917, "landslide_susceptibility": 0.596, "total_population": 1167, "latitude": 22.055899, "longitude": 72.964382, "colour": "#eab308", "tier": "Tier 3 - Mitigate"}}, {"type": "Feature", "geometry": {"type": "Polygon", "coordinates": [[[73.190982, 22.052172], [73.18857, 22.061172], [73.181982, 22.06776], [73.172982, 22.070172], [73.163982, 22.06776], [73.157394, 22.061172], [73.154982, 22.052172], [73.157394, 22.043172], [73.163982, 22.036584], [73.172982, 22.034172], [73.181982, 22.036584], [73.18857, 22.043172], [73.190982, 22.052172]]]}, "properties": {"village_name": "Vemardi", "subdistrict": "Karjan", "village_code": 521146, "composite_risk_score": 0.486, "flood_hazard_score": 0.481, "erosion_risk": 0.98, "cloudburst_probability": 0.95, "landslide_susceptibility": 0.652, "total_population": 1212, "latitude": 22.052172, "longitude": 73.172982, "colour": "#eab308", "tier": "Tier 3 - Mitigate"}}, {"type": "Feature", "geometry": {"type": "Polygon", "coordinates": [[[73.087718, 21.932658], [73.085306, 21.941658], [73.078718, 21.948246], [73.069718, 21.950658], [73.060718, 21.948246], [73.05413, 21.941658], [73.051718, 21.932658], [73.05413, 21.923658], [73.060718, 21.91707], [73.069718, 21.914658], [73.078718, 21.91707], [73.085306, 21.923658], [73.087718, 21.932658]]]}, "properties": {"village_name": "Mankan", "subdistrict": "Karjan", "village_code": 521166, "composite_risk_score": 0.628, "flood_hazard_score": 0.477, "erosion_risk": 0.98, "cloudburst_probability": 0.95, "landslide_susceptibility": 0.626, "total_population": 1792, "latitude": 21.932658, "longitude": 73.069718, "colour": "#f97316", "tier": "Tier 2 - Relocate"}}, {"type": "Feature", "geometry": {"type": "Polygon", "coordinates": [[[73.168558, 21.929106], [73.166146, 21.938106], [73.159558, 21.944694], [73.150558, 21.947106], [73.141558, 21.944694], [73.13497, 21.938106], [73.132558, 21.929106], [73.13497, 21.920106], [73.141558, 21.913518], [73.150558, 21.911106], [73.159558, 21.913518], [73.166146, 21.920106], [73.168558, 21.929106]]]}, "properties": {"village_name": "Sarupur Timbi", "subdistrict": "Karjan", "village_code": 521184, "composite_risk_score": 0.634, "flood_hazard_score": 0.533, "erosion_risk": 0.98, "cloudburst_probability": 0.95, "landslide_susceptibility": 0.638, "total_population": 768, "latitude": 21.929106, "longitude": 73.150558, "colour": "#f97316", "tier": "Tier 2 - Relocate"}}, {"type": "Feature", "geometry": {"type": "Polygon", "coordinates": [[[73.191165, 21.923933], [73.188753, 21.932933], [73.182165, 21.939521], [73.173165, 21.941933], [73.164165, 21.939521], [73.157577, 21.932933], [73.155165, 21.923933], [73.157577, 21.914933], [73.164165, 21.908345], [73.173165, 21.905933], [73.182165, 21.908345], [73.188753, 21.914933], [73.191165, 21.923933]]]}, "properties": {"village_name": "Saniyad", "subdistrict": "Karjan", "village_code": 521183, "composite_risk_score": 0.521, "flood_hazard_score": 0.442, "erosion_risk": 0.98, "cloudburst_probability": 0.936, "landslide_susceptibility": 0.605, "total_population": 1228, "latitude": 21.923933, "longitude": 73.173165, "colour": "#eab308", "tier": "Tier 3 - Mitigate"}}, {"type": "Feature", "geometry": {"type": "Polygon", "coordinates": [[[73.122835, 21.977393], [73.120423, 21.986393], [73.113835, 21.992981], [73.104835, 21.995393], [73.095835, 21.992981], [73.089247, 21.986393], [73.086835, 21.977393], [73.089247, 21.968393], [73.095835, 21.961805], [73.104835, 21.959393], [73.113835, 21.961805], [73.120423, 21.968393], [73.122835, 21.977393]]]}, "properties": {"village_name": "Dethan", "subdistrict": "Karjan", "village_code": 521163, "composite_risk_score": 0.506, "flood_hazard_score": 0.471, "erosion_risk": 0.98, "cloudburst_probability": 0.922, "landslide_susceptibility": 0.594, "total_population": 2225, "latitude": 21.977393, "longitude": 73.104835, "colour": "#eab308", "tier": "Tier 3 - Mitigate"}}, {"type": "Feature", "geometry": {"type": "Polygon", "coordinates": [[[73.093371, 21.954884], [73.090959, 21.963884], [73.084371, 21.970472], [73.075371, 21.972884], [73.066371, 21.970472], [73.059783, 21.963884], [73.057371, 21.954884], [73.059783, 21.945884], [73.066371, 21.939296], [73.075371, 21.936884], [73.084371, 21.939296], [73.090959, 21.945884], [73.093371, 21.954884]]]}, "properties": {"village_name": "Valan", "subdistrict": "Karjan", "village_code": 521164, "composite_risk_score": 0.424, "flood_hazard_score": 0.515, "erosion_risk": 0.98, "cloudburst_probability": 0.927, "landslide_susceptibility": 0.594, "total_population": 10182, "latitude": 21.954884, "longitude": 73.075371, "colour": "#eab308", "tier": "Tier 3 - Mitigate"}}, {"type": "Feature", "geometry": {"type": "Polygon", "coordinates": [[[73.165394, 21.963404], [73.162982, 21.972404], [73.156394, 21.978992], [73.147394, 21.981404], [73.138394, 21.978992], [73.131806, 21.972404], [73.129394, 21.963404], [73.131806, 21.954404], [73.138394, 21.947816], [73.147394, 21.945404], [73.156394, 21.947816], [73.162982, 21.954404], [73.165394, 21.963404]]]}, "properties": {"village_name": "Atali", "subdistrict": "Karjan", "village_code": 521169, "composite_risk_score": 0.567, "flood_hazard_score": 0.329, "erosion_risk": 0.98, "cloudburst_probability": 0.95, "landslide_susceptibility": 0.617, "total_population": 1222, "latitude": 21.963404, "longitude": 73.147394, "colour": "#eab308", "tier": "Tier 3 - Mitigate"}}, {"type": "Feature", "geometry": {"type": "Polygon", "coordinates": [[[73.18802, 21.962801], [73.185608, 21.971801], [73.17902, 21.978389], [73.17002, 21.980801], [73.16102, 21.978389], [73.154432, 21.971801], [73.15202, 21.962801], [73.154432, 21.953801], [73.16102, 21.947213], [73.17002, 21.944801], [73.17902, 21.947213], [73.185608, 21.953801], [73.18802, 21.962801]]]}, "properties": {"village_name": "Bachar", "subdistrict": "Karjan", "village_code": 521170, "composite_risk_score": 0.552, "flood_hazard_score": 0.479, "erosion_risk": 0.98, "cloudburst_probability": 0.95, "landslide_susceptibility": 0.618, "total_population": 1253, "latitude": 21.962801, "longitude": 73.17002, "colour": "#eab308", "tier": "Tier 3 - Mitigate"}}, {"type": "Feature", "geometry": {"type": "Polygon", "coordinates": [[[73.139666, 21.957047], [73.137254, 21.966047], [73.130666, 21.972635], [73.121666, 21.975047], [73.112666, 21.972635], [73.106078, 21.966047], [73.103666, 21.957047], [73.106078, 21.948047], [73.112666, 21.941459], [73.121666, 21.939047], [73.130666, 21.941459], [73.137254, 21.948047], [73.139666, 21.957047]]]}, "properties": {"village_name": "Kiya", "subdistrict": "Karjan", "village_code": 521168, "composite_risk_score": 0.564, "flood_hazard_score": 0.402, "erosion_risk": 0.98, "cloudburst_probability": 0.939, "landslide_susceptibility": 0.607, "total_population": 1410, "latitude": 21.957047, "longitude": 73.121666, "colour": "#eab308", "tier": "Tier 3 - Mitigate"}}, {"type": "Feature", "geometry": {"type": "Polygon", "coordinates": [[[73.177467, 21.941814], [73.175055, 21.950814], [73.168467, 21.957402], [73.159467, 21.959814], [73.150467, 21.957402], [73.143879, 21.950814], [73.141467, 21.941814], [73.143879, 21.932814], [73.150467, 21.926226], [73.159467, 21.923814], [73.168467, 21.926226], [73.175055, 21.932814], [73.177467, 21.941814]]]}, "properties": {"village_name": "Urad", "subdistrict": "Karjan", "village_code": 521176, "composite_risk_score": 0.615, "flood_hazard_score": 0.491, "erosion_risk": 0.98, "cloudburst_probability": 0.95, "landslide_susceptibility": 0.618, "total_population": 1073, "latitude": 21.941814, "longitude": 73.159467, "colour": "#f97316", "tier": "Tier 2 - Relocate"}}, {"type": "Feature", "geometry": {"type": "Polygon", "coordinates": [[[73.149173, 21.927209], [73.146761, 21.936209], [73.140173, 21.942797], [73.131173, 21.945209], [73.122173, 21.942797], [73.115585, 21.936209], [73.113173, 21.927209], [73.115585, 21.918209], [73.122173, 21.911621], [73.131173, 21.909209], [73.140173, 21.911621], [73.146761, 21.918209], [73.149173, 21.927209]]]}, "properties": {"village_name": "Koliyad", "subdistrict": "Karjan", "village_code": 521177, "composite_risk_score": 0.577, "flood_hazard_score": 0.452, "erosion_risk": 0.98, "cloudburst_probability": 0.95, "landslide_susceptibility": 0.617, "total_population": 2612, "latitude": 21.927209, "longitude": 73.131173, "colour": "#eab308", "tier": "Tier 3 - Mitigate"}}, {"type": "Feature", "geometry": {"type": "Polygon", "coordinates": [[[73.134397, 21.933756], [73.131985, 21.942756], [73.125397, 21.949344], [73.116397, 21.951756], [73.107397, 21.949344], [73.100809, 21.942756], [73.098397, 21.933756], [73.100809, 21.924756], [73.107397, 21.918168], [73.116397, 21.915756], [73.125397, 21.918168], [73.131985, 21.924756], [73.134397, 21.933756]]]}, "properties": {"village_name": "Divi", "subdistrict": "Karjan", "village_code": 521167, "composite_risk_score": 0.481, "flood_hazard_score": 0.368, "erosion_risk": 0.98, "cloudburst_probability": 0.939, "landslide_susceptibility": 0.607, "total_population": 844, "latitude": 21.933756, "longitude": 73.116397, "colour": "#eab308", "tier": "Tier 3 - Mitigate"}}, {"type": "Feature", "geometry": {"type": "Polygon", "coordinates": [[[73.039135, 21.930546], [73.036723, 21.939546], [73.030135, 21.946134], [73.021135, 21.948546], [73.012135, 21.946134], [73.005547, 21.939546], [73.003135, 21.930546], [73.005547, 21.921546], [73.012135, 21.914958], [73.021135, 21.912546], [73.030135, 21.914958], [73.036723, 21.921546], [73.039135, 21.930546]]]}, "properties": {"village_name": "Mesrad", "subdistrict": "Karjan", "village_code": 521165, "composite_risk_score": 0.557, "flood_hazard_score": 0.496, "erosion_risk": 0.98, "cloudburst_probability": 0.95, "landslide_susceptibility": 0.64, "total_population": 2174, "latitude": 21.930546, "longitude": 73.021135, "colour": "#eab308", "tier": "Tier 3 - Mitigate"}}, {"type": "Feature", "geometry": {"type": "Polygon", "coordinates": [[[73.114947, 21.912531], [73.112535, 21.921531], [73.105947, 21.928119], [73.096947, 21.930531], [73.087947, 21.928119], [73.081359, 21.921531], [73.078947, 21.912531], [73.081359, 21.903531], [73.087947, 21.896943], [73.096947, 21.894531], [73.105947, 21.896943], [73.112535, 21.903531], [73.114947, 21.912531]]]}, "properties": {"village_name": "Sansrod", "subdistrict": "Karjan", "village_code": 521178, "composite_risk_score": 0.553, "flood_hazard_score": 0.464, "erosion_risk": 0.98, "cloudburst_probability": 0.95, "landslide_susceptibility": 0.635, "total_population": 5649, "latitude": 21.912531, "longitude": 73.096947, "colour": "#eab308", "tier": "Tier 3 - Mitigate"}}, {"type": "Feature", "geometry": {"type": "Polygon", "coordinates": [[[73.163016, 21.90548], [73.160604, 21.91448], [73.154016, 21.921068], [73.145016, 21.92348], [73.136016, 21.921068], [73.129428, 21.91448], [73.127016, 21.90548], [73.129428, 21.89648], [73.136016, 21.889892], [73.145016, 21.88748], [73.154016, 21.889892], [73.160604, 21.89648], [73.163016, 21.90548]]]}, "properties": {"village_name": "Sanapura", "subdistrict": "Karjan", "village_code": 521182, "composite_risk_score": 0.619, "flood_hazard_score": 0.469, "erosion_risk": 0.98, "cloudburst_probability": 0.928, "landslide_susceptibility": 0.606, "total_population": 891, "latitude": 21.90548, "longitude": 73.145016, "colour": "#f97316", "tier": "Tier 2 - Relocate"}}, {"type": "Feature", "geometry": {"type": "Polygon", "coordinates": [[[73.147828, 21.890801], [73.145416, 21.899801], [73.138828, 21.906389], [73.129828, 21.908801], [73.120828, 21.906389], [73.11424, 21.899801], [73.111828, 21.890801], [73.11424, 21.881801], [73.120828, 21.875213], [73.129828, 21.872801], [73.138828, 21.875213], [73.145416, 21.881801], [73.147828, 21.890801]]]}, "properties": {"village_name": "Saring", "subdistrict": "Karjan", "village_code": 521181, "composite_risk_score": 0.599, "flood_hazard_score": 0.426, "erosion_risk": 0.98, "cloudburst_probability": 0.95, "landslide_susceptibility": 0.617, "total_population": 1731, "latitude": 21.890801, "longitude": 73.129828, "colour": "#eab308", "tier": "Tier 3 - Mitigate"}}, {"type": "Feature", "geometry": {"type": "Polygon", "coordinates": [[[73.095939, 21.896641], [73.093527, 21.905641], [73.086939, 21.912229], [73.077939, 21.914641], [73.068939, 21.912229], [73.062351, 21.905641], [73.059939, 21.896641], [73.062351, 21.887641], [73.068939, 21.881053], [73.077939, 21.878641], [73.086939, 21.881053], [73.093527, 21.887641], [73.095939, 21.896641]]]}, "properties": {"village_name": "Haldarva", "subdistrict": "Karjan", "village_code": 521179, "composite_risk_score": 0.472, "flood_hazard_score": 0.425, "erosion_risk": 0.98, "cloudburst_probability": 0.95, "landslide_susceptibility": 0.626, "total_population": 2141, "latitude": 21.896641, "longitude": 73.077939, "colour": "#eab308", "tier": "Tier 3 - Mitigate"}}, {"type": "Feature", "geometry": {"type": "Polygon", "coordinates": [[[73.186278, 21.89618], [73.183866, 21.90518], [73.177278, 21.911768], [73.168278, 21.91418], [73.159278, 21.911768], [73.15269, 21.90518], [73.150278, 21.89618], [73.15269, 21.88718], [73.159278, 21.880592], [73.168278, 21.87818], [73.177278, 21.880592], [73.183866, 21.88718], [73.186278, 21.89618]]]}, "properties": {"village_name": "Karan", "subdistrict": "Karjan", "village_code": 521195, "composite_risk_score": 0.584, "flood_hazard_score": 0.4, "erosion_risk": 0.98, "cloudburst_probability": 0.939, "landslide_susceptibility": 0.607, "total_population": 703, "latitude": 21.89618, "longitude": 73.168278, "colour": "#eab308", "tier": "Tier 3 - Mitigate"}}, {"type": "Feature", "geometry": {"type": "Polygon", "coordinates": [[[73.11836, 21.889077], [73.115948, 21.898077], [73.10936, 21.904665], [73.10036, 21.907077], [73.09136, 21.904665], [73.084772, 21.898077], [73.08236, 21.889077], [73.084772, 21.880077], [73.09136, 21.873489], [73.10036, 21.871077], [73.10936, 21.873489], [73.115948, 21.880077], [73.11836, 21.889077]]]}, "properties": {"village_name": "Mantroj", "subdistrict": "Karjan", "village_code": 521180, "composite_risk_score": 0.597, "flood_hazard_score": 0.534, "erosion_risk": 0.98, "cloudburst_probability": 0.95, "landslide_susceptibility": 0.646, "total_population": 857, "latitude": 21.889077, "longitude": 73.10036, "colour": "#eab308", "tier": "Tier 3 - Mitigate"}}, {"type": "Feature", "geometry": {"type": "Polygon", "coordinates": [[[73.174396, 21.894566], [73.171984, 21.903566], [73.165396, 21.910154], [73.156396, 21.912566], [73.147396, 21.910154], [73.140808, 21.903566], [73.138396, 21.894566], [73.140808, 21.885566], [73.147396, 21.878978], [73.156396, 21.876566], [73.165396, 21.878978], [73.171984, 21.885566], [73.174396, 21.894566]]]}, "properties": {"village_name": "Pachhiyapura", "subdistrict": "Karjan", "village_code": 521196, "composite_risk_score": 0.448, "flood_hazard_score": 0.477, "erosion_risk": 0.98, "cloudburst_probability": 0.95, "landslide_susceptibility": 0.616, "total_population": 1144, "latitude": 21.894566, "longitude": 73.156396, "colour": "#eab308", "tier": "Tier 3 - Mitigate"}}, {"type": "Feature", "geometry": {"type": "Polygon", "coordinates": [[[73.16559, 21.877363], [73.163178, 21.886363], [73.15659, 21.892951], [73.14759, 21.895363], [73.13859, 21.892951], [73.132002, 21.886363], [73.12959, 21.877363], [73.132002, 21.868363], [73.13859, 21.861775], [73.14759, 21.859363], [73.15659, 21.861775], [73.163178, 21.868363], [73.16559, 21.877363]]]}, "properties": {"village_name": "Delvada", "subdistrict": "Karjan", "village_code": 521197, "composite_risk_score": 0.599, "flood_hazard_score": 0.508, "erosion_risk": 0.98, "cloudburst_probability": 0.95, "landslide_susceptibility": 0.617, "total_population": 504, "latitude": 21.877363, "longitude": 73.14759, "colour": "#eab308", "tier": "Tier 3 - Mitigate"}}, {"type": "Feature", "geometry": {"type": "Polygon", "coordinates": [[[73.182557, 21.867865], [73.180145, 21.876865], [73.173557, 21.883453], [73.164557, 21.885865], [73.155557, 21.883453], [73.148969, 21.876865], [73.146557, 21.867865], [73.148969, 21.858865], [73.155557, 21.852277], [73.164557, 21.849865], [73.173557, 21.852277], [73.180145, 21.858865], [73.182557, 21.867865]]]}, "properties": {"village_name": "Arjanpura", "subdistrict": "Karjan", "village_code": 521199, "composite_risk_score": 0.494, "flood_hazard_score": 0.479, "erosion_risk": 0.98, "cloudburst_probability": 0.95, "landslide_susceptibility": 0.616, "total_population": 368, "latitude": 21.867865, "longitude": 73.164557, "colour": "#eab308", "tier": "Tier 3 - Mitigate"}}, {"type": "Feature", "geometry": {"type": "Polygon", "coordinates": [[[73.167303, 21.868243], [73.164891, 21.877243], [73.158303, 21.883831], [73.149303, 21.886243], [73.140303, 21.883831], [73.133715, 21.877243], [73.131303, 21.868243], [73.133715, 21.859243], [73.140303, 21.852655], [73.149303, 21.850243], [73.158303, 21.852655], [73.164891, 21.859243], [73.167303, 21.868243]]]}, "properties": {"village_name": "Somaj", "subdistrict": "Karjan", "village_code": 521198, "composite_risk_score": 0.597, "flood_hazard_score": 0.471, "erosion_risk": 0.98, "cloudburst_probability": 0.942, "landslide_susceptibility": 0.609, "total_population": 230, "latitude": 21.868243, "longitude": 73.149303, "colour": "#eab308", "tier": "Tier 3 - Mitigate"}}, {"type": "Feature", "geometry": {"type": "Polygon", "coordinates": [[[73.215469, 21.935162], [73.213057, 21.944162], [73.206469, 21.95075], [73.197469, 21.953162], [73.188469, 21.95075], [73.181881, 21.944162], [73.179469, 21.935162], [73.181881, 21.926162], [73.188469, 21.919574], [73.197469, 21.917162], [73.206469, 21.919574], [73.213057, 21.926162], [73.215469, 21.935162]]]}, "properties": {"village_name": "Samri", "subdistrict": "Karjan", "village_code": 521192, "composite_risk_score": 0.552, "flood_hazard_score": 0.376, "erosion_risk": 0.98, "cloudburst_probability": 0.95, "landslide_susceptibility": 0.619, "total_population": 1436, "latitude": 21.935162, "longitude": 73.197469, "colour": "#eab308", "tier": "Tier 3 - Mitigate"}}, {"type": "Feature", "geometry": {"type": "Polygon", "coordinates": [[[73.239783, 21.973103], [73.237371, 21.982103], [73.230783, 21.988691], [73.221783, 21.991103], [73.212783, 21.988691], [73.206195, 21.982103], [73.203783, 21.973103], [73.206195, 21.964103], [73.212783, 21.957515], [73.221783, 21.955103], [73.230783, 21.957515], [73.237371, 21.964103], [73.239783, 21.973103]]]}, "properties": {"village_name": "Methi", "subdistrict": "Karjan", "village_code": 521173, "composite_risk_score": 0.467, "flood_hazard_score": 0.492, "erosion_risk": 0.98, "cloudburst_probability": 0.95, "landslide_susceptibility": 0.617, "total_population": 1076, "latitude": 21.973103, "longitude": 73.221783, "colour": "#eab308", "tier": "Tier 3 - Mitigate"}}, {"type": "Feature", "geometry": {"type": "Polygon", "coordinates": [[[73.215097, 21.973599], [73.212685, 21.982599], [73.206097, 21.989187], [73.197097, 21.991599], [73.188097, 21.989187], [73.181509, 21.982599], [73.179097, 21.973599], [73.181509, 21.964599], [73.188097, 21.958011], [73.197097, 21.955599], [73.206097, 21.958011], [73.212685, 21.964599], [73.215097, 21.973599]]]}, "properties": {"village_name": "Chhanchhva", "subdistrict": "Karjan", "village_code": 521174, "composite_risk_score": 0.64, "flood_hazard_score": 0.54, "erosion_risk": 0.98, "cloudburst_probability": 0.95, "landslide_susceptibility": 0.617, "total_population": 727, "latitude": 21.973599, "longitude": 73.197097, "colour": "#f97316", "tier": "Tier 2 - Relocate"}}, {"type": "Feature", "geometry": {"type": "Polygon", "coordinates": [[[73.1971, 21.949247], [73.194688, 21.958247], [73.1881, 21.964835], [73.1791, 21.967247], [73.1701, 21.964835], [73.163512, 21.958247], [73.1611, 21.949247], [73.163512, 21.940247], [73.1701, 21.933659], [73.1791, 21.931247], [73.1881, 21.933659], [73.194688, 21.940247], [73.1971, 21.949247]]]}, "properties": {"village_name": "Kala", "subdistrict": "Karjan", "village_code": 521175, "composite_risk_score": 0.611, "flood_hazard_score": 0.531, "erosion_risk": 0.98, "cloudburst_probability": 0.946, "landslide_susceptibility": 0.619, "total_population": 1323, "latitude": 21.949247, "longitude": 73.1791, "colour": "#f97316", "tier": "Tier 2 - Relocate"}}, {"type": "Feature", "geometry": {"type": "Polygon", "coordinates": [[[73.238691, 21.952537], [73.236279, 21.961537], [73.229691, 21.968125], [73.220691, 21.970537], [73.211691, 21.968125], [73.205103, 21.961537], [73.202691, 21.952537], [73.205103, 21.943537], [73.211691, 21.936949], [73.220691, 21.934537], [73.229691, 21.936949], [73.236279, 21.943537], [73.238691, 21.952537]]]}, "properties": {"village_name": "Simli", "subdistrict": "Karjan", "village_code": 521187, "composite_risk_score": 0.626, "flood_hazard_score": 0.447, "erosion_risk": 0.98, "cloudburst_probability": 0.95, "landslide_susceptibility": 0.617, "total_population": 1682, "latitude": 21.952537, "longitude": 73.220691, "colour": "#f97316", "tier": "Tier 2 - Relocate"}}, {"type": "Feature", "geometry": {"type": "Polygon", "coordinates": [[[73.21795, 21.947104], [73.215538, 21.956104], [73.20895, 21.962692], [73.19995, 21.965104], [73.19095, 21.962692], [73.184362, 21.956104], [73.18195, 21.947104], [73.184362, 21.938104], [73.19095, 21.931516], [73.19995, 21.929104], [73.20895, 21.931516], [73.215538, 21.938104], [73.21795, 21.947104]]]}, "properties": {"village_name": "Kanthariya", "subdistrict": "Karjan", "village_code": 521186, "composite_risk_score": 0.59, "flood_hazard_score": 0.392, "erosion_risk": 0.98, "cloudburst_probability": 0.95, "landslide_susceptibility": 0.628, "total_population": 574, "latitude": 21.947104, "longitude": 73.19995, "colour": "#eab308", "tier": "Tier 3 - Mitigate"}}, {"type": "Feature", "geometry": {"type": "Polygon", "coordinates": [[[73.256991, 21.943], [73.254579, 21.952], [73.247991, 21.958588], [73.238991, 21.961], [73.229991, 21.958588], [73.223403, 21.952], [73.220991, 21.943], [73.223403, 21.934], [73.229991, 21.927412], [73.238991, 21.925], [73.247991, 21.927412], [73.254579, 21.934], [73.256991, 21.943]]]}, "properties": {"village_name": "Kothiya", "subdistrict": "Karjan", "village_code": 521188, "composite_risk_score": 0.604, "flood_hazard_score": 0.493, "erosion_risk": 0.98, "cloudburst_probability": 0.95, "landslide_susceptibility": 0.64, "total_population": 1072, "latitude": 21.943, "longitude": 73.238991, "colour": "#f97316", "tier": "Tier 2 - Relocate"}}, {"type": "Feature", "geometry": {"type": "Polygon", "coordinates": [[[73.239769, 21.935378], [73.237357, 21.944378], [73.230769, 21.950966], [73.221769, 21.953378], [73.212769, 21.950966], [73.206181, 21.944378], [73.203769, 21.935378], [73.206181, 21.926378], [73.212769, 21.91979], [73.221769, 21.917378], [73.230769, 21.91979], [73.237357, 21.926378], [73.239769, 21.935378]]]}, "properties": {"village_name": "Deroli", "subdistrict": "Karjan", "village_code": 521190, "composite_risk_score": 0.547, "flood_hazard_score": 0.476, "erosion_risk": 0.98, "cloudburst_probability": 0.95, "landslide_susceptibility": 0.657, "total_population": 581, "latitude": 21.935378, "longitude": 73.221769, "colour": "#eab308", "tier": "Tier 3 - Mitigate"}}, {"type": "Feature", "geometry": {"type": "Polygon", "coordinates": [[[73.211568, 21.918272], [73.209156, 21.927272], [73.202568, 21.93386], [73.193568, 21.936272], [73.184568, 21.93386], [73.17798, 21.927272], [73.175568, 21.918272], [73.17798, 21.909272], [73.184568, 21.902684], [73.193568, 21.900272], [73.202568, 21.902684], [73.209156, 21.909272], [73.211568, 21.918272]]]}, "properties": {"village_name": "Samra", "subdistrict": "Karjan", "village_code": 521193, "composite_risk_score": 0.553, "flood_hazard_score": 0.333, "erosion_risk": 0.98, "cloudburst_probability": 0.95, "landslide_susceptibility": 0.616, "total_population": 936, "latitude": 21.918272, "longitude": 73.193568, "colour": "#eab308", "tier": "Tier 3 - Mitigate"}}, {"type": "Feature", "geometry": {"type": "Polygon", "coordinates": [[[73.23562, 21.918199], [73.233208, 21.927199], [73.22662, 21.933787], [73.21762, 21.936199], [73.20862, 21.933787], [73.202032, 21.927199], [73.19962, 21.918199], [73.202032, 21.909199], [73.20862, 21.902611], [73.21762, 21.900199], [73.22662, 21.902611], [73.233208, 21.909199], [73.23562, 21.918199]]]}, "properties": {"village_name": "Fatepur", "subdistrict": "Karjan", "village_code": 521191, "composite_risk_score": 0.628, "flood_hazard_score": 0.501, "erosion_risk": 0.98, "cloudburst_probability": 0.95, "landslide_susceptibility": 0.637, "total_population": 668, "latitude": 21.918199, "longitude": 73.21762, "colour": "#f97316", "tier": "Tier 2 - Relocate"}}, {"type": "Feature", "geometry": {"type": "Polygon", "coordinates": [[[73.205584, 21.905708], [73.203172, 21.914708], [73.196584, 21.921296], [73.187584, 21.923708], [73.178584, 21.921296], [73.171996, 21.914708], [73.169584, 21.905708], [73.171996, 21.896708], [73.178584, 21.89012], [73.187584, 21.887708], [73.196584, 21.89012], [73.203172, 21.896708], [73.205584, 21.905708]]]}, "properties": {"village_name": "Sherpura", "subdistrict": "Karjan", "village_code": 521194, "composite_risk_score": 0.489, "flood_hazard_score": 0.292, "erosion_risk": 0.98, "cloudburst_probability": 0.924, "landslide_susceptibility": 0.596, "total_population": 238, "latitude": 21.905708, "longitude": 73.187584, "colour": "#eab308", "tier": "Tier 3 - Mitigate"}}, {"type": "Feature", "geometry": {"type": "Polygon", "coordinates": [[[73.228746, 21.90302], [73.226334, 21.91202], [73.219746, 21.918608], [73.210746, 21.92102], [73.201746, 21.918608], [73.195158, 21.91202], [73.192746, 21.90302], [73.195158, 21.89402], [73.201746, 21.887432], [73.210746, 21.88502], [73.219746, 21.887432], [73.226334, 21.89402], [73.228746, 21.90302]]]}, "properties": {"village_name": "Kahona", "subdistrict": "Karjan", "village_code": 521203, "composite_risk_score": 0.669, "flood_hazard_score": 0.46, "erosion_risk": 0.98, "cloudburst_probability": 0.924, "landslide_susceptibility": 0.595, "total_population": 582, "latitude": 21.90302, "longitude": 73.210746, "colour": "#f97316", "tier": "Tier 2 - Relocate"}}, {"type": "Feature", "geometry": {"type": "Polygon", "coordinates": [[[73.071253, 22.040465], [73.068841, 22.049465], [73.062253, 22.056053], [73.053253, 22.058465], [73.044253, 22.056053], [73.037665, 22.049465], [73.035253, 22.040465], [73.037665, 22.031465], [73.044253, 22.024877], [73.053253, 22.022465], [73.062253, 22.024877], [73.068841, 22.031465], [73.071253, 22.040465]]]}, "properties": {"village_name": "Kambola", "subdistrict": "Karjan", "village_code": 521140, "composite_risk_score": 0.501, "flood_hazard_score": 0.424, "erosion_risk": 0.98, "cloudburst_probability": 0.92, "landslide_susceptibility": 0.597, "total_population": 1244, "latitude": 22.040465, "longitude": 73.053253, "colour": "#eab308", "tier": "Tier 3 - Mitigate"}}, {"type": "Feature", "geometry": {"type": "Polygon", "coordinates": [[[73.22214, 21.890067], [73.219728, 21.899067], [73.21314, 21.905655], [73.20414, 21.908067], [73.19514, 21.905655], [73.188552, 21.899067], [73.18614, 21.890067], [73.188552, 21.881067], [73.19514, 21.874479], [73.20414, 21.872067], [73.21314, 21.874479], [73.219728, 21.881067], [73.22214, 21.890067]]]}, "properties": {"village_name": "Ropa", "subdistrict": "Karjan", "village_code": 521202, "composite_risk_score": 0.645, "flood_hazard_score": 0.421, "erosion_risk": 0.98, "cloudburst_probability": 0.95, "landslide_susceptibility": 0.626, "total_population": 729, "latitude": 21.890067, "longitude": 73.20414, "colour": "#f97316", "tier": "Tier 2 - Relocate"}}, {"type": "Feature", "geometry": {"type": "Polygon", "coordinates": [[[73.233054, 21.896063], [73.230642, 21.905063], [73.224054, 21.911651], [73.215054, 21.914063], [73.206054, 21.911651], [73.199466, 21.905063], [73.197054, 21.896063], [73.199466, 21.887063], [73.206054, 21.880475], [73.215054, 21.878063], [73.224054, 21.880475], [73.230642, 21.887063], [73.233054, 21.896063]]]}, "properties": {"village_name": "Hirjipura", "subdistrict": "Karjan", "village_code": 521204, "composite_risk_score": 0.626, "flood_hazard_score": 0.491, "erosion_risk": 0.98, "cloudburst_probability": 0.943, "landslide_susceptibility": 0.607, "total_population": 212, "latitude": 21.896063, "longitude": 73.215054, "colour": "#f97316", "tier": "Tier 2 - Relocate"}}, {"type": "Feature", "geometry": {"type": "Polygon", "coordinates": [[[73.214423, 21.873413], [73.212011, 21.882413], [73.205423, 21.889001], [73.196423, 21.891413], [73.187423, 21.889001], [73.180835, 21.882413], [73.178423, 21.873413], [73.180835, 21.864413], [73.187423, 21.857825], [73.196423, 21.855413], [73.205423, 21.857825], [73.212011, 21.864413], [73.214423, 21.873413]]]}, "properties": {"village_name": "Rarod", "subdistrict": "Karjan", "village_code": 521201, "composite_risk_score": 0.435, "flood_hazard_score": 0.325, "erosion_risk": 0.98, "cloudburst_probability": 0.877, "landslide_susceptibility": 0.57, "total_population": 1335, "latitude": 21.873413, "longitude": 73.196423, "colour": "#eab308", "tier": "Tier 3 - Mitigate"}}, {"type": "Feature", "geometry": {"type": "Polygon", "coordinates": [[[73.198678, 21.87564], [73.196266, 21.88464], [73.189678, 21.891228], [73.180678, 21.89364], [73.171678, 21.891228], [73.16509, 21.88464], [73.162678, 21.87564], [73.16509, 21.86664], [73.171678, 21.860052], [73.180678, 21.85764], [73.189678, 21.860052], [73.196266, 21.86664], [73.198678, 21.87564]]]}, "properties": {"village_name": "Oz", "subdistrict": "Karjan", "village_code": 521200, "composite_risk_score": 0.49, "flood_hazard_score": 0.381, "erosion_risk": 0.98, "cloudburst_probability": 0.938, "landslide_susceptibility": 0.606, "total_population": 1616, "latitude": 21.87564, "longitude": 73.180678, "colour": "#eab308", "tier": "Tier 3 - Mitigate"}}, {"type": "Feature", "geometry": {"type": "Polygon", "coordinates": [[[73.236039, 21.890455], [73.233627, 21.899455], [73.227039, 21.906043], [73.218039, 21.908455], [73.209039, 21.906043], [73.202451, 21.899455], [73.200039, 21.890455], [73.202451, 21.881455], [73.209039, 21.874867], [73.218039, 21.872455], [73.227039, 21.874867], [73.233627, 21.881455], [73.236039, 21.890455]]]}, "properties": {"village_name": "Bakapur", "subdistrict": "Karjan", "village_code": 521205, "composite_risk_score": 0.69, "flood_hazard_score": 0.498, "erosion_risk": 0.98, "cloudburst_probability": 0.95, "landslide_susceptibility": 0.627, "total_population": 114, "latitude": 21.890455, "longitude": 73.218039, "colour": "#f97316", "tier": "Tier 2 - Relocate"}}, {"type": "Feature", "geometry": {"type": "Polygon", "coordinates": [[[73.237811, 21.875783], [73.235399, 21.884783], [73.228811, 21.891371], [73.219811, 21.893783], [73.210811, 21.891371], [73.204223, 21.884783], [73.201811, 21.875783], [73.204223, 21.866783], [73.210811, 21.860195], [73.219811, 21.857783], [73.228811, 21.860195], [73.235399, 21.866783], [73.237811, 21.875783]]]}, "properties": {"village_name": "Malod", "subdistrict": "Karjan", "village_code": 521208, "composite_risk_score": 0.639, "flood_hazard_score": 0.467, "erosion_risk": 0.98, "cloudburst_probability": 0.95, "landslide_susceptibility": 0.626, "total_population": 587, "latitude": 21.875783, "longitude": 73.219811, "colour": "#f97316", "tier": "Tier 2 - Relocate"}}, {"type": "Feature", "geometry": {"type": "Polygon", "coordinates": [[[73.252331, 21.857272], [73.249919, 21.866272], [73.243331, 21.87286], [73.234331, 21.875272], [73.225331, 21.87286], [73.218743, 21.866272], [73.216331, 21.857272], [73.218743, 21.848272], [73.225331, 21.841684], [73.234331, 21.839272], [73.243331, 21.841684], [73.249919, 21.848272], [73.252331, 21.857272]]]}, "properties": {"village_name": "Sayar", "subdistrict": "Karjan", "village_code": 521207, "composite_risk_score": 0.595, "flood_hazard_score": 0.482, "erosion_risk": 0.98, "cloudburst_probability": 0.95, "landslide_susceptibility": 0.631, "total_population": 2364, "latitude": 21.857272, "longitude": 73.234331, "colour": "#eab308", "tier": "Tier 3 - Mitigate"}}, {"type": "Feature", "geometry": {"type": "Polygon", "coordinates": [[[73.232469, 21.861315], [73.230057, 21.870315], [73.223469, 21.876903], [73.214469, 21.879315], [73.205469, 21.876903], [73.198881, 21.870315], [73.196469, 21.861315], [73.198881, 21.852315], [73.205469, 21.845727], [73.214469, 21.843315], [73.223469, 21.845727], [73.230057, 21.852315], [73.232469, 21.861315]]]}, "properties": {"village_name": "Sagdol", "subdistrict": "Karjan", "village_code": 521209, "composite_risk_score": 0.501, "flood_hazard_score": 0.36, "erosion_risk": 0.98, "cloudburst_probability": 0.938, "landslide_susceptibility": 0.606, "total_population": 1022, "latitude": 21.861315, "longitude": 73.214469, "colour": "#eab308", "tier": "Tier 3 - Mitigate"}}, {"type": "Feature", "geometry": {"type": "Polygon", "coordinates": [[[73.203721, 21.84658], [73.201309, 21.85558], [73.194721, 21.862168], [73.185721, 21.86458], [73.176721, 21.862168], [73.170133, 21.85558], [73.167721, 21.84658], [73.170133, 21.83758], [73.176721, 21.830992], [73.185721, 21.82858], [73.194721, 21.830992], [73.201309, 21.83758], [73.203721, 21.84658]]]}, "properties": {"village_name": "Pura", "subdistrict": "Karjan", "village_code": 521210, "composite_risk_score": 0.616, "flood_hazard_score": 0.443, "erosion_risk": 0.98, "cloudburst_probability": 0.95, "landslide_susceptibility": 0.65, "total_population": 1149, "latitude": 21.84658, "longitude": 73.185721, "colour": "#f97316", "tier": "Tier 2 - Relocate"}}, {"type": "Feature", "geometry": {"type": "Polygon", "coordinates": [[[73.240085, 21.836794], [73.237673, 21.845794], [73.231085, 21.852382], [73.222085, 21.854794], [73.213085, 21.852382], [73.206497, 21.845794], [73.204085, 21.836794], [73.206497, 21.827794], [73.213085, 21.821206], [73.222085, 21.818794], [73.231085, 21.821206], [73.237673, 21.827794], [73.240085, 21.836794]]]}, "properties": {"village_name": "Nani Koral", "subdistrict": "Karjan", "village_code": 521213, "composite_risk_score": 0.661, "flood_hazard_score": 0.49, "erosion_risk": 0.98, "cloudburst_probability": 0.95, "landslide_susceptibility": 0.647, "total_population": 723, "latitude": 21.836794, "longitude": 73.222085, "colour": "#f97316", "tier": "Tier 2 - Relocate"}}, {"type": "Feature", "geometry": {"type": "Polygon", "coordinates": [[[73.224877, 21.835705], [73.222465, 21.844705], [73.215877, 21.851293], [73.206877, 21.853705], [73.197877, 21.851293], [73.191289, 21.844705], [73.188877, 21.835705], [73.191289, 21.826705], [73.197877, 21.820117], [73.206877, 21.817705], [73.215877, 21.820117], [73.222465, 21.826705], [73.224877, 21.835705]]]}, "properties": {"village_name": "Moti Koral", "subdistrict": "Karjan", "village_code": 521211, "composite_risk_score": 0.557, "flood_hazard_score": 0.493, "erosion_risk": 0.98, "cloudburst_probability": 0.95, "landslide_susceptibility": 0.629, "total_population": 2809, "latitude": 21.835705, "longitude": 73.206877, "colour": "#eab308", "tier": "Tier 3 - Mitigate"}}, {"type": "Feature", "geometry": {"type": "Polygon", "coordinates": [[[73.412809, 21.985864], [73.410397, 21.994864], [73.403809, 22.001452], [73.394809, 22.003864], [73.385809, 22.001452], [73.379221, 21.994864], [73.376809, 21.985864], [73.379221, 21.976864], [73.385809, 21.970276], [73.394809, 21.967864], [73.403809, 21.970276], [73.410397, 21.976864], [73.412809, 21.985864]]]}, "properties": {"village_name": "Mota Karala", "subdistrict": "Sinor", "village_code": 521235, "composite_risk_score": 0.474, "flood_hazard_score": 0.331, "erosion_risk": 0.98, "cloudburst_probability": 0.95, "landslide_susceptibility": 0.638, "total_population": 1932, "latitude": 21.985864, "longitude": 73.394809, "colour": "#eab308", "tier": "Tier 3 - Mitigate"}}, {"type": "Feature", "geometry": {"type": "Polygon", "coordinates": [[[73.379907, 21.984892], [73.377495, 21.993892], [73.370907, 22.00048], [73.361907, 22.002892], [73.352907, 22.00048], [73.346319, 21.993892], [73.343907, 21.984892], [73.346319, 21.975892], [73.352907, 21.969304], [73.361907, 21.966892], [73.370907, 21.969304], [73.377495, 21.975892], [73.379907, 21.984892]]]}, "properties": {"village_name": "Simli", "subdistrict": "Sinor", "village_code": 521236, "composite_risk_score": 0.441, "flood_hazard_score": 0.455, "erosion_risk": 0.98, "cloudburst_probability": 0.95, "landslide_susceptibility": 0.628, "total_population": 1695, "latitude": 21.984892, "longitude": 73.361907, "colour": "#eab308", "tier": "Tier 3 - Mitigate"}}, {"type": "Feature", "geometry": {"type": "Polygon", "coordinates": [[[73.293034, 21.982802], [73.290622, 21.991802], [73.284034, 21.99839], [73.275034, 22.000802], [73.266034, 21.99839], [73.259446, 21.991802], [73.257034, 21.982802], [73.259446, 21.973802], [73.266034, 21.967214], [73.275034, 21.964802], [73.284034, 21.967214], [73.290622, 21.973802], [73.293034, 21.982802]]]}, "properties": {"village_name": "Utraj", "subdistrict": "Sinor", "village_code": 521229, "composite_risk_score": 0.526, "flood_hazard_score": 0.491, "erosion_risk": 0.98, "cloudburst_probability": 0.95, "landslide_susceptibility": 0.638, "total_population": 1851, "latitude": 21.982802, "longitude": 73.275034, "colour": "#eab308", "tier": "Tier 3 - Mitigate"}}, {"type": "Feature", "geometry": {"type": "Polygon", "coordinates": [[[73.347423, 21.979599], [73.345011, 21.988599], [73.338423, 21.995187], [73.329423, 21.997599], [73.320423, 21.995187], [73.313835, 21.988599], [73.311423, 21.979599], [73.313835, 21.970599], [73.320423, 21.964011], [73.329423, 21.961599], [73.338423, 21.964011], [73.345011, 21.970599], [73.347423, 21.979599]]]}, "properties": {"village_name": "Tersa", "subdistrict": "Sinor", "village_code": 521238, "composite_risk_score": 0.524, "flood_hazard_score": 0.434, "erosion_risk": 0.98, "cloudburst_probability": 0.95, "landslide_susceptibility": 0.659, "total_population": 761, "latitude": 21.979599, "longitude": 73.329423, "colour": "#eab308", "tier": "Tier 3 - Mitigate"}}, {"type": "Feature", "geometry": {"type": "Polygon", "coordinates": [[[73.331963, 21.958358], [73.329551, 21.967358], [73.322963, 21.973946], [73.313963, 21.976358], [73.304963, 21.973946], [73.298375, 21.967358], [73.295963, 21.958358], [73.298375, 21.949358], [73.304963, 21.94277], [73.313963, 21.940358], [73.322963, 21.94277], [73.329551, 21.949358], [73.331963, 21.958358]]]}, "properties": {"village_name": "Manjrol", "subdistrict": "Sinor", "village_code": 521239, "composite_risk_score": 0.611, "flood_hazard_score": 0.535, "erosion_risk": 0.98, "cloudburst_probability": 0.95, "landslide_susceptibility": 0.617, "total_population": 1903, "latitude": 21.958358, "longitude": 73.313963, "colour": "#f97316", "tier": "Tier 2 - Relocate"}}, {"type": "Feature", "geometry": {"type": "Polygon", "coordinates": [[[73.357508, 21.968984], [73.355096, 21.977984], [73.348508, 21.984572], [73.339508, 21.986984], [73.330508, 21.984572], [73.32392, 21.977984], [73.321508, 21.968984], [73.32392, 21.959984], [73.330508, 21.953396], [73.339508, 21.950984], [73.348508, 21.953396], [73.355096, 21.959984], [73.357508, 21.968984]]]}, "properties": {"village_name": "Kukas", "subdistrict": "Sinor", "village_code": 521237, "composite_risk_score": 0.469, "flood_hazard_score": 0.518, "erosion_risk": 0.98, "cloudburst_probability": 0.95, "landslide_susceptibility": 0.617, "total_population": 1885, "latitude": 21.968984, "longitude": 73.339508, "colour": "#eab308", "tier": "Tier 3 - Mitigate"}}, {"type": "Feature", "geometry": {"type": "Polygon", "coordinates": [[[73.263191, 21.972337], [73.260779, 21.981337], [73.254191, 21.987925], [73.245191, 21.990337], [73.236191, 21.987925], [73.229603, 21.981337], [73.227191, 21.972337], [73.229603, 21.963337], [73.236191, 21.956749], [73.245191, 21.954337], [73.254191, 21.956749], [73.260779, 21.963337], [73.263191, 21.972337]]]}, "properties": {"village_name": "Bavaliya", "subdistrict": "Sinor", "village_code": 521228, "composite_risk_score": 0.599, "flood_hazard_score": 0.404, "erosion_risk": 0.98, "cloudburst_probability": 0.922, "landslide_susceptibility": 0.596, "total_population": 851, "latitude": 21.972337, "longitude": 73.245191, "colour": "#eab308", "tier": "Tier 3 - Mitigate"}}, {"type": "Feature", "geometry": {"type": "Polygon", "coordinates": [[[73.390037, 21.962219], [73.387625, 21.971219], [73.381037, 21.977807], [73.372037, 21.980219], [73.363037, 21.977807], [73.356449, 21.971219], [73.354037, 21.962219], [73.356449, 21.953219], [73.363037, 21.946631], [73.372037, 21.944219], [73.381037, 21.946631], [73.387625, 21.953219], [73.390037, 21.962219]]]}, "properties": {"village_name": "Mota Fofaliya", "subdistrict": "Sinor", "village_code": 521244, "composite_risk_score": 0.419, "flood_hazard_score": 0.387, "erosion_risk": 0.98, "cloudburst_probability": 0.95, "landslide_susceptibility": 0.648, "total_population": 2235, "latitude": 21.962219, "longitude": 73.372037, "colour": "#eab308", "tier": "Tier 3 - Mitigate"}}, {"type": "Feature", "geometry": {"type": "Polygon", "coordinates": [[[73.290071, 21.948215], [73.287659, 21.957215], [73.281071, 21.963803], [73.272071, 21.966215], [73.263071, 21.963803], [73.256483, 21.957215], [73.254071, 21.948215], [73.256483, 21.939215], [73.263071, 21.932627], [73.272071, 21.930215], [73.281071, 21.932627], [73.287659, 21.939215], [73.290071, 21.948215]]]}, "properties": {"village_name": "Diver", "subdistrict": "Sinor", "village_code": 521241, "composite_risk_score": 0.464, "flood_hazard_score": 0.454, "erosion_risk": 0.98, "cloudburst_probability": 0.95, "landslide_susceptibility": 0.657, "total_population": 1252, "latitude": 21.948215, "longitude": 73.272071, "colour": "#eab308", "tier": "Tier 3 - Mitigate"}}, {"type": "Feature", "geometry": {"type": "Polygon", "coordinates": [[[73.313069, 21.952392], [73.310657, 21.961392], [73.304069, 21.96798], [73.295069, 21.970392], [73.286069, 21.96798], [73.279481, 21.961392], [73.277069, 21.952392], [73.279481, 21.943392], [73.286069, 21.936804], [73.295069, 21.934392], [73.304069, 21.936804], [73.310657, 21.943392], [73.313069, 21.952392]]]}, "properties": {"village_name": "Mindhol", "subdistrict": "Sinor", "village_code": 521240, "composite_risk_score": 0.45, "flood_hazard_score": 0.533, "erosion_risk": 0.98, "cloudburst_probability": 0.95, "landslide_susceptibility": 0.605, "total_population": 1517, "latitude": 21.952392, "longitude": 73.295069, "colour": "#eab308", "tier": "Tier 3 - Mitigate"}}, {"type": "Feature", "geometry": {"type": "Polygon", "coordinates": [[[73.372149, 21.945834], [73.369737, 21.954834], [73.363149, 21.961422], [73.354149, 21.963834], [73.345149, 21.961422], [73.338561, 21.954834], [73.336149, 21.945834], [73.338561, 21.936834], [73.345149, 21.930246], [73.354149, 21.927834], [73.363149, 21.930246], [73.369737, 21.936834], [73.372149, 21.945834]]]}, "properties": {"village_name": "Kanjetha", "subdistrict": "Sinor", "village_code": 521249, "composite_risk_score": 0.402, "flood_hazard_score": 0.423, "erosion_risk": 0.98, "cloudburst_probability": 0.95, "landslide_susceptibility": 0.616, "total_population": 786, "latitude": 21.945834, "longitude": 73.354149, "colour": "#eab308", "tier": "Tier 3 - Mitigate"}}, {"type": "Feature", "geometry": {"type": "Polygon", "coordinates": [[[73.415659, 21.934401], [73.413247, 21.943401], [73.406659, 21.949989], [73.397659, 21.952401], [73.388659, 21.949989], [73.382071, 21.943401], [73.379659, 21.934401], [73.382071, 21.925401], [73.388659, 21.918813], [73.397659, 21.916401], [73.406659, 21.918813], [73.413247, 21.925401], [73.415659, 21.934401]]]}, "properties": {"village_name": "Zanzad", "subdistrict": "Sinor", "village_code": 521253, "composite_risk_score": 0.453, "flood_hazard_score": 0.413, "erosion_risk": 0.98, "cloudburst_probability": 0.95, "landslide_susceptibility": 0.648, "total_population": 1418, "latitude": 21.934401, "longitude": 73.397659, "colour": "#eab308", "tier": "Tier 3 - Mitigate"}}, {"type": "Feature", "geometry": {"type": "Polygon", "coordinates": [[[73.401561, 21.941445], [73.399149, 21.950445], [73.392561, 21.957033], [73.383561, 21.959445], [73.374561, 21.957033], [73.367973, 21.950445], [73.365561, 21.941445], [73.367973, 21.932445], [73.374561, 21.925857], [73.383561, 21.923445], [73.392561, 21.925857], [73.399149, 21.932445], [73.401561, 21.941445]]]}, "properties": {"village_name": "Ambali", "subdistrict": "Sinor", "village_code": 521248, "composite_risk_score": 0.52, "flood_hazard_score": 0.427, "erosion_risk": 0.98, "cloudburst_probability": 0.95, "landslide_susceptibility": 0.669, "total_population": 765, "latitude": 21.941445, "longitude": 73.383561, "colour": "#eab308", "tier": "Tier 3 - Mitigate"}}, {"type": "Feature", "geometry": {"type": "Polygon", "coordinates": [[[73.358071, 21.938019], [73.355659, 21.947019], [73.349071, 21.953607], [73.340071, 21.956019], [73.331071, 21.953607], [73.324483, 21.947019], [73.322071, 21.938019], [73.324483, 21.929019], [73.331071, 21.922431], [73.340071, 21.920019], [73.349071, 21.922431], [73.355659, 21.929019], [73.358071, 21.938019]]]}, "properties": {"village_name": "Damapura", "subdistrict": "Sinor", "village_code": 521243, "composite_risk_score": 0.447, "flood_hazard_score": 0.405, "erosion_risk": 0.98, "cloudburst_probability": 0.95, "landslide_susceptibility": 0.638, "total_population": 692, "latitude": 21.938019, "longitude": 73.340071, "colour": "#eab308", "tier": "Tier 3 - Mitigate"}}, {"type": "Feature", "geometry": {"type": "Polygon", "coordinates": [[[73.317184, 21.935182], [73.314772, 21.944182], [73.308184, 21.95077], [73.299184, 21.953182], [73.290184, 21.95077], [73.283596, 21.944182], [73.281184, 21.935182], [73.283596, 21.926182], [73.290184, 21.919594], [73.299184, 21.917182], [73.308184, 21.919594], [73.314772, 21.926182], [73.317184, 21.935182]]]}, "properties": {"village_name": "Surasamal", "subdistrict": "Sinor", "village_code": 521242, "composite_risk_score": 0.446, "flood_hazard_score": 0.454, "erosion_risk": 0.98, "cloudburst_probability": 0.94, "landslide_susceptibility": 0.605, "total_population": 1982, "latitude": 21.935182, "longitude": 73.299184, "colour": "#eab308", "tier": "Tier 3 - Mitigate"}}, {"type": "Feature", "geometry": {"type": "Polygon", "coordinates": [[[73.34689, 21.913786], [73.344478, 21.922786], [73.33789, 21.929374], [73.32889, 21.931786], [73.31989, 21.929374], [73.313302, 21.922786], [73.31089, 21.913786], [73.313302, 21.904786], [73.31989, 21.898198], [73.32889, 21.895786], [73.33789, 21.898198], [73.344478, 21.904786], [73.34689, 21.913786]]]}, "properties": {"village_name": "Sinor", "subdistrict": "Sinor", "village_code": 521250, "composite_risk_score": 0.535, "flood_hazard_score": 0.457, "erosion_risk": 0.98, "cloudburst_probability": 0.95, "landslide_susceptibility": 0.639, "total_population": 8041, "latitude": 21.913786, "longitude": 73.32889, "colour": "#eab308", "tier": "Tier 3 - Mitigate"}}, {"type": "Feature", "geometry": {"type": "Polygon", "coordinates": [[[73.320506, 21.916101], [73.318094, 21.925101], [73.311506, 21.931689], [73.302506, 21.934101], [73.293506, 21.931689], [73.286918, 21.925101], [73.284506, 21.916101], [73.286918, 21.907101], [73.293506, 21.900513], [73.302506, 21.898101], [73.311506, 21.900513], [73.318094, 21.907101], [73.320506, 21.916101]]]}, "properties": {"village_name": "Mandva", "subdistrict": "Sinor", "village_code": 521251, "composite_risk_score": 0.457, "flood_hazard_score": 0.415, "erosion_risk": 0.98, "cloudburst_probability": 0.95, "landslide_susceptibility": 0.678, "total_population": 1756, "latitude": 21.916101, "longitude": 73.302506, "colour": "#eab308", "tier": "Tier 3 - Mitigate"}}, {"type": "Feature", "geometry": {"type": "Polygon", "coordinates": [[[73.328124, 21.900312], [73.325712, 21.909312], [73.319124, 21.9159], [73.310124, 21.918312], [73.301124, 21.9159], [73.294536, 21.909312], [73.292124, 21.900312], [73.294536, 21.891312], [73.301124, 21.884724], [73.310124, 21.882312], [73.319124, 21.884724], [73.325712, 21.891312], [73.328124, 21.900312]]]}, "properties": {"village_name": "Malsar", "subdistrict": "Sinor", "village_code": 521252, "composite_risk_score": 0.583, "flood_hazard_score": 0.453, "erosion_risk": 0.98, "cloudburst_probability": 0.95, "landslide_susceptibility": 0.691, "total_population": 2284, "latitude": 21.900312, "longitude": 73.310124, "colour": "#eab308", "tier": "Tier 3 - Mitigate"}}, {"type": "Feature", "geometry": {"type": "Polygon", "coordinates": [[[73.060031, 22.051885], [73.057619, 22.060885], [73.051031, 22.067473], [73.042031, 22.069885], [73.033031, 22.067473], [73.026443, 22.060885], [73.024031, 22.051885], [73.026443, 22.042885], [73.033031, 22.036297], [73.042031, 22.033885], [73.051031, 22.036297], [73.057619, 22.042885], [73.060031, 22.051885]]]}, "properties": {"village_name": "Bodaka", "subdistrict": "Karjan", "village_code": 521139, "composite_risk_score": 0.602, "flood_hazard_score": 0.483, "erosion_risk": 0.98, "cloudburst_probability": 0.95, "landslide_susceptibility": 0.617, "total_population": 1292, "latitude": 22.051885, "longitude": 73.042031, "colour": "#f97316", "tier": "Tier 2 - Relocate"}}, {"type": "Feature", "geometry": {"type": "Polygon", "coordinates": [[[73.160535, 22.036119], [73.158123, 22.045119], [73.151535, 22.051707], [73.142535, 22.054119], [73.133535, 22.051707], [73.126947, 22.045119], [73.124535, 22.036119], [73.126947, 22.027119], [73.133535, 22.020531], [73.142535, 22.018119], [73.151535, 22.020531], [73.158123, 22.027119], [73.160535, 22.036119]]]}, "properties": {"village_name": "Juni Jitharadi", "subdistrict": "Karjan", "village_code": 521148, "composite_risk_score": 0.54, "flood_hazard_score": 0.447, "erosion_risk": 0.98, "cloudburst_probability": 0.95, "landslide_susceptibility": 0.65, "total_population": 1417, "latitude": 22.036119, "longitude": 73.142535, "colour": "#eab308", "tier": "Tier 3 - Mitigate"}}, {"type": "Feature", "geometry": {"type": "Polygon", "coordinates": [[[73.099515, 22.024358], [73.097103, 22.033358], [73.090515, 22.039946], [73.081515, 22.042358], [73.072515, 22.039946], [73.065927, 22.033358], [73.063515, 22.024358], [73.065927, 22.015358], [73.072515, 22.00877], [73.081515, 22.006358], [73.090515, 22.00877], [73.097103, 22.015358], [73.099515, 22.024358]]]}, "properties": {"village_name": "Miyagam", "subdistrict": "Karjan", "village_code": 521149, "composite_risk_score": 0.489, "flood_hazard_score": 0.471, "erosion_risk": 0.98, "cloudburst_probability": 0.937, "landslide_susceptibility": 0.606, "total_population": 5416, "latitude": 22.024358, "longitude": 73.081515, "colour": "#eab308", "tier": "Tier 3 - Mitigate"}}, {"type": "Feature", "geometry": {"type": "Polygon", "coordinates": [[[73.177902, 22.033466], [73.17549, 22.042466], [73.168902, 22.049054], [73.159902, 22.051466], [73.150902, 22.049054], [73.144314, 22.042466], [73.141902, 22.033466], [73.144314, 22.024466], [73.150902, 22.017878], [73.159902, 22.015466], [73.168902, 22.017878], [73.17549, 22.024466], [73.177902, 22.033466]]]}, "properties": {"village_name": "Navi Jithardi", "subdistrict": "Karjan", "village_code": 521147, "composite_risk_score": 0.46, "flood_hazard_score": 0.429, "erosion_risk": 0.98, "cloudburst_probability": 0.95, "landslide_susceptibility": 0.661, "total_population": 502, "latitude": 22.033466, "longitude": 73.159902, "colour": "#eab308", "tier": "Tier 3 - Mitigate"}}, {"type": "Feature", "geometry": {"type": "Polygon", "coordinates": [[[73.030524, 22.034048], [73.028112, 22.043048], [73.021524, 22.049636], [73.012524, 22.052048], [73.003524, 22.049636], [72.996936, 22.043048], [72.994524, 22.034048], [72.996936, 22.025048], [73.003524, 22.01846], [73.012524, 22.016048], [73.021524, 22.01846], [73.028112, 22.025048], [73.030524, 22.034048]]]}, "properties": {"village_name": "Sanpa", "subdistrict": "Karjan", "village_code": 521138, "composite_risk_score": 0.487, "flood_hazard_score": 0.413, "erosion_risk": 0.98, "cloudburst_probability": 0.901, "landslide_susceptibility": 0.586, "total_population": 2120, "latitude": 22.034048, "longitude": 73.012524, "colour": "#eab308", "tier": "Tier 3 - Mitigate"}}, {"type": "Feature", "geometry": {"type": "Polygon", "coordinates": [[[73.153645, 22.010464], [73.151233, 22.019464], [73.144645, 22.026052], [73.135645, 22.028464], [73.126645, 22.026052], [73.120057, 22.019464], [73.117645, 22.010464], [73.120057, 22.001464], [73.126645, 21.994876], [73.135645, 21.992464], [73.144645, 21.994876], [73.151233, 22.001464], [73.153645, 22.010464]]]}, "properties": {"village_name": "Bharthana", "subdistrict": "Karjan", "village_code": 521154, "composite_risk_score": 0.47, "flood_hazard_score": 0.507, "erosion_risk": 0.98, "cloudburst_probability": 0.95, "landslide_susceptibility": 0.627, "total_population": 1761, "latitude": 22.010464, "longitude": 73.135645, "colour": "#eab308", "tier": "Tier 3 - Mitigate"}}, {"type": "Feature", "geometry": {"type": "Polygon", "coordinates": [[[73.515232, 21.984619], [73.51282, 21.993619], [73.506232, 22.000207], [73.497232, 22.002619], [73.488232, 22.000207], [73.481644, 21.993619], [73.479232, 21.984619], [73.481644, 21.975619], [73.488232, 21.969031], [73.497232, 21.966619], [73.506232, 21.969031], [73.51282, 21.975619], [73.515232, 21.984619]]]}, "properties": {"village_name": "Karnali", "subdistrict": "Dabhoi", "village_code": 521037, "composite_risk_score": 0.56, "flood_hazard_score": 0.46, "erosion_risk": 0.98, "cloudburst_probability": 0.894, "landslide_susceptibility": 0.583, "total_population": 2084, "latitude": 21.984619, "longitude": 73.497232, "colour": "#eab308", "tier": "Tier 3 - Mitigate"}}, {"type": "Feature", "geometry": {"type": "Polygon", "coordinates": [[[73.454545, 21.987198], [73.452133, 21.996198], [73.445545, 22.002786], [73.436545, 22.005198], [73.427545, 22.002786], [73.420957, 21.996198], [73.418545, 21.987198], [73.420957, 21.978198], [73.427545, 21.97161], [73.436545, 21.969198], [73.445545, 21.97161], [73.452133, 21.978198], [73.454545, 21.987198]]]}, "properties": {"village_name": "Bhimpura", "subdistrict": "Dabhoi", "village_code": 521035, "composite_risk_score": 0.66, "flood_hazard_score": 0.532, "erosion_risk": 0.98, "cloudburst_probability": 0.948, "landslide_susceptibility": 0.616, "total_population": 232, "latitude": 21.987198, "longitude": 73.436545, "colour": "#f97316", "tier": "Tier 2 - Relocate"}}, {"type": "Feature", "geometry": {"type": "Polygon", "coordinates": [[[73.446682, 21.977089], [73.44427, 21.986089], [73.437682, 21.992677], [73.428682, 21.995089], [73.419682, 21.992677], [73.413094, 21.986089], [73.410682, 21.977089], [73.413094, 21.968089], [73.419682, 21.961501], [73.428682, 21.959089], [73.437682, 21.961501], [73.44427, 21.968089], [73.446682, 21.977089]]]}, "properties": {"village_name": "Nanderiya", "subdistrict": "Dabhoi", "village_code": 521036, "composite_risk_score": 0.591, "flood_hazard_score": 0.481, "erosion_risk": 0.98, "cloudburst_probability": 0.95, "landslide_susceptibility": 0.634, "total_population": 554, "latitude": 21.977089, "longitude": 73.428682, "colour": "#eab308", "tier": "Tier 3 - Mitigate"}}, {"type": "Feature", "geometry": {"type": "Polygon", "coordinates": [[[73.426341, 21.968351], [73.423929, 21.977351], [73.417341, 21.983939], [73.408341, 21.986351], [73.399341, 21.983939], [73.392753, 21.977351], [73.390341, 21.968351], [73.392753, 21.959351], [73.399341, 21.952763], [73.408341, 21.950351], [73.417341, 21.952763], [73.423929, 21.959351], [73.426341, 21.968351]]]}, "properties": {"village_name": "Bithali", "subdistrict": "Sinor", "village_code": 521245, "composite_risk_score": 0.454, "flood_hazard_score": 0.369, "erosion_risk": 0.98, "cloudburst_probability": 0.95, "landslide_susceptibility": 0.629, "total_population": 1045, "latitude": 21.968351, "longitude": 73.408341, "colour": "#eab308", "tier": "Tier 3 - Mitigate"}}, {"type": "Feature", "geometry": {"type": "Polygon", "coordinates": [[[73.444855, 21.961805], [73.442443, 21.970805], [73.435855, 21.977393], [73.426855, 21.979805], [73.417855, 21.977393], [73.411267, 21.970805], [73.408855, 21.961805], [73.411267, 21.952805], [73.417855, 21.946217], [73.426855, 21.943805], [73.435855, 21.946217], [73.442443, 21.952805], [73.444855, 21.961805]]]}, "properties": {"village_name": "Dariapura", "subdistrict": "Sinor", "village_code": 521246, "composite_risk_score": 0.526, "flood_hazard_score": 0.455, "erosion_risk": 0.98, "cloudburst_probability": 0.95, "landslide_susceptibility": 0.658, "total_population": 315, "latitude": 21.961805, "longitude": 73.426855, "colour": "#eab308", "tier": "Tier 3 - Mitigate"}}, {"type": "Feature", "geometry": {"type": "Polygon", "coordinates": [[[73.435418, 21.942678], [73.433006, 21.951678], [73.426418, 21.958266], [73.417418, 21.960678], [73.408418, 21.958266], [73.40183, 21.951678], [73.399418, 21.942678], [73.40183, 21.933678], [73.408418, 21.92709], [73.417418, 21.924678], [73.426418, 21.92709], [73.433006, 21.933678], [73.435418, 21.942678]]]}, "properties": {"village_name": "Moletha", "subdistrict": "Sinor", "village_code": 521247, "composite_risk_score": 0.598, "flood_hazard_score": 0.37, "erosion_risk": 0.98, "cloudburst_probability": 0.95, "landslide_susceptibility": 0.645, "total_population": 1402, "latitude": 21.942678, "longitude": 73.417418, "colour": "#eab308", "tier": "Tier 3 - Mitigate"}}, {"type": "Feature", "geometry": {"type": "Polygon", "coordinates": [[[73.432838, 21.926138], [73.430426, 21.935138], [73.423838, 21.941726], [73.414838, 21.944138], [73.405838, 21.941726], [73.39925, 21.935138], [73.396838, 21.926138], [73.39925, 21.917138], [73.405838, 21.91055], [73.414838, 21.908138], [73.423838, 21.91055], [73.430426, 21.917138], [73.432838, 21.926138]]]}, "properties": {"village_name": "Barkal", "subdistrict": "Sinor", "village_code": 521254, "composite_risk_score": 0.69, "flood_hazard_score": 0.461, "erosion_risk": 0.98, "cloudburst_probability": 0.95, "landslide_susceptibility": 0.689, "total_population": 1896, "latitude": 21.926138, "longitude": 73.414838, "colour": "#f97316", "tier": "Tier 2 - Relocate"}}, {"type": "Feature", "geometry": {"type": "Polygon", "coordinates": [[[73.060253, 22.010746], [73.057841, 22.019746], [73.051253, 22.026334], [73.042253, 22.028746], [73.033253, 22.026334], [73.026665, 22.019746], [73.024253, 22.010746], [73.026665, 22.001746], [73.033253, 21.995158], [73.042253, 21.992746], [73.051253, 21.995158], [73.057841, 22.001746], [73.060253, 22.010746]]]}, "properties": {"village_name": "Mangrol", "subdistrict": "Karjan", "village_code": 521150, "composite_risk_score": 0.469, "flood_hazard_score": 0.495, "erosion_risk": 0.98, "cloudburst_probability": 0.939, "landslide_susceptibility": 0.607, "total_population": 1485, "latitude": 22.010746, "longitude": 73.042253, "colour": "#eab308", "tier": "Tier 3 - Mitigate"}}, {"type": "Feature", "geometry": {"type": "Polygon", "coordinates": [[[73.135332, 22.016245], [73.13292, 22.025245], [73.126332, 22.031833], [73.117332, 22.034245], [73.108332, 22.031833], [73.101744, 22.025245], [73.099332, 22.016245], [73.101744, 22.007245], [73.108332, 22.000657], [73.117332, 21.998245], [73.126332, 22.000657], [73.13292, 22.007245], [73.135332, 22.016245]]]}, "properties": {"village_name": "Vadava", "subdistrict": "Karjan", "village_code": 521153, "composite_risk_score": 0.626, "flood_hazard_score": 0.5, "erosion_risk": 0.98, "cloudburst_probability": 0.95, "landslide_susceptibility": 0.617, "total_population": 63, "latitude": 22.016245, "longitude": 73.117332, "colour": "#f97316", "tier": "Tier 2 - Relocate"}}, {"type": "Feature", "geometry": {"type": "Polygon", "coordinates": [[[73.176012, 22.012236], [73.1736, 22.021236], [73.167012, 22.027824], [73.158012, 22.030236], [73.149012, 22.027824], [73.142424, 22.021236], [73.140012, 22.012236], [73.142424, 22.003236], [73.149012, 21.996648], [73.158012, 21.994236], [73.167012, 21.996648], [73.1736, 22.003236], [73.176012, 22.012236]]]}, "properties": {"village_name": "Bharthali", "subdistrict": "Karjan", "village_code": 521155, "composite_risk_score": 0.641, "flood_hazard_score": 0.53, "erosion_risk": 0.98, "cloudburst_probability": 0.95, "landslide_susceptibility": 0.64, "total_population": 697, "latitude": 22.012236, "longitude": 73.158012, "colour": "#f97316", "tier": "Tier 2 - Relocate"}}, {"type": "Feature", "geometry": {"type": "Polygon", "coordinates": [[[73.189879, 22.009674], [73.187467, 22.018674], [73.180879, 22.025262], [73.171879, 22.027674], [73.162879, 22.025262], [73.156291, 22.018674], [73.153879, 22.009674], [73.156291, 22.000674], [73.162879, 21.994086], [73.171879, 21.991674], [73.180879, 21.994086], [73.187467, 22.000674], [73.189879, 22.009674]]]}, "properties": {"village_name": "Sandarna", "subdistrict": "Karjan", "village_code": 521161, "composite_risk_score": 0.639, "flood_hazard_score": 0.507, "erosion_risk": 0.98, "cloudburst_probability": 0.95, "landslide_susceptibility": 0.661, "total_population": 621, "latitude": 22.009674, "longitude": 73.171879, "colour": "#f97316", "tier": "Tier 2 - Relocate"}}, {"type": "Feature", "geometry": {"type": "Polygon", "coordinates": [[[72.964778, 22.200015], [72.962366, 22.209015], [72.955778, 22.215603], [72.946778, 22.218015], [72.937778, 22.215603], [72.93119, 22.209015], [72.928778, 22.200015], [72.93119, 22.191015], [72.937778, 22.184427], [72.946778, 22.182015], [72.955778, 22.184427], [72.962366, 22.191015], [72.964778, 22.200015]]]}, "properties": {"village_name": "Majatan", "subdistrict": "Padra", "village_code": 521053, "composite_risk_score": 0.621, "flood_hazard_score": 0.442, "erosion_risk": 0.98, "cloudburst_probability": 0.95, "landslide_susceptibility": 0.628, "total_population": 3288, "latitude": 22.200015, "longitude": 72.946778, "colour": "#f97316", "tier": "Tier 2 - Relocate"}}, {"type": "Feature", "geometry": {"type": "Polygon", "coordinates": [[[72.9699, 22.195533], [72.967488, 22.204533], [72.9609, 22.211121], [72.9519, 22.213533], [72.9429, 22.211121], [72.936312, 22.204533], [72.9339, 22.195533], [72.936312, 22.186533], [72.9429, 22.179945], [72.9519, 22.177533], [72.9609, 22.179945], [72.967488, 22.186533], [72.9699, 22.195533]]]}, "properties": {"village_name": "Sandha", "subdistrict": "Padra", "village_code": 521068, "composite_risk_score": 0.633, "flood_hazard_score": 0.475, "erosion_risk": 0.98, "cloudburst_probability": 0.95, "landslide_susceptibility": 0.617, "total_population": 2600, "latitude": 22.195533, "longitude": 72.9519, "colour": "#f97316", "tier": "Tier 2 - Relocate"}}, {"type": "Feature", "geometry": {"type": "Polygon", "coordinates": [[[72.90556, 22.188995], [72.903148, 22.197995], [72.89656, 22.204583], [72.88756, 22.206995], [72.87856, 22.204583], [72.871972, 22.197995], [72.86956, 22.188995], [72.871972, 22.179995], [72.87856, 22.173407], [72.88756, 22.170995], [72.89656, 22.173407], [72.903148, 22.179995], [72.90556, 22.188995]]]}, "properties": {"village_name": "Dudhwada", "subdistrict": "Padra", "village_code": 521051, "composite_risk_score": 0.537, "flood_hazard_score": 0.451, "erosion_risk": 0.98, "cloudburst_probability": 0.896, "landslide_susceptibility": 0.585, "total_population": 1854, "latitude": 22.188995, "longitude": 72.88756, "colour": "#eab308", "tier": "Tier 3 - Mitigate"}}, {"type": "Feature", "geometry": {"type": "Polygon", "coordinates": [[[72.96259, 22.181074], [72.960178, 22.190074], [72.95359, 22.196662], [72.94459, 22.199074], [72.93559, 22.196662], [72.929002, 22.190074], [72.92659, 22.181074], [72.929002, 22.172074], [72.93559, 22.165486], [72.94459, 22.163074], [72.95359, 22.165486], [72.960178, 22.172074], [72.96259, 22.181074]]]}, "properties": {"village_name": "Chitral", "subdistrict": "Padra", "village_code": 521069, "composite_risk_score": 0.515, "flood_hazard_score": 0.536, "erosion_risk": 0.98, "cloudburst_probability": 0.95, "landslide_susceptibility": 0.65, "total_population": 1728, "latitude": 22.181074, "longitude": 72.94459, "colour": "#eab308", "tier": "Tier 3 - Mitigate"}}, {"type": "Feature", "geometry": {"type": "Polygon", "coordinates": [[[72.963741, 22.157491], [72.961329, 22.166491], [72.954741, 22.173079], [72.945741, 22.175491], [72.936741, 22.173079], [72.930153, 22.166491], [72.927741, 22.157491], [72.930153, 22.148491], [72.936741, 22.141903], [72.945741, 22.139491], [72.954741, 22.141903], [72.961329, 22.148491], [72.963741, 22.157491]]]}, "properties": {"village_name": "Gavasad", "subdistrict": "Padra", "village_code": 521073, "composite_risk_score": 0.522, "flood_hazard_score": 0.543, "erosion_risk": 0.98, "cloudburst_probability": 0.938, "landslide_susceptibility": 0.607, "total_population": 3613, "latitude": 22.157491, "longitude": 72.945741, "colour": "#eab308", "tier": "Tier 3 - Mitigate"}}, {"type": "Feature", "geometry": {"type": "Polygon", "coordinates": [[[72.89654, 22.156645], [72.894128, 22.165645], [72.88754, 22.172233], [72.87854, 22.174645], [72.86954, 22.172233], [72.862952, 22.165645], [72.86054, 22.156645], [72.862952, 22.147645], [72.86954, 22.141057], [72.87854, 22.138645], [72.88754, 22.141057], [72.894128, 22.147645], [72.89654, 22.156645]]]}, "properties": {"village_name": "Brahmanvasi", "subdistrict": "Padra", "village_code": 521070, "composite_risk_score": 0.586, "flood_hazard_score": 0.477, "erosion_risk": 0.98, "cloudburst_probability": 0.933, "landslide_susceptibility": 0.605, "total_population": 2175, "latitude": 22.156645, "longitude": 72.87854, "colour": "#eab308", "tier": "Tier 3 - Mitigate"}}, {"type": "Feature", "geometry": {"type": "Polygon", "coordinates": [[[72.939893, 22.158279], [72.937481, 22.167279], [72.930893, 22.173867], [72.921893, 22.176279], [72.912893, 22.173867], [72.906305, 22.167279], [72.903893, 22.158279], [72.906305, 22.149279], [72.912893, 22.142691], [72.921893, 22.140279], [72.930893, 22.142691], [72.937481, 22.149279], [72.939893, 22.158279]]]}, "properties": {"village_name": "Gametha", "subdistrict": "Padra", "village_code": 521072, "composite_risk_score": 0.623, "flood_hazard_score": 0.432, "erosion_risk": 0.98, "cloudburst_probability": 0.936, "landslide_susceptibility": 0.606, "total_population": 3759, "latitude": 22.158279, "longitude": 72.921893, "colour": "#f97316", "tier": "Tier 2 - Relocate"}}, {"type": "Feature", "geometry": {"type": "Polygon", "coordinates": [[[72.920181, 22.138], [72.917769, 22.147], [72.911181, 22.153588], [72.902181, 22.156], [72.893181, 22.153588], [72.886593, 22.147], [72.884181, 22.138], [72.886593, 22.129], [72.893181, 22.122412], [72.902181, 22.12], [72.911181, 22.122412], [72.917769, 22.129], [72.920181, 22.138]]]}, "properties": {"village_name": "Masar", "subdistrict": "Padra", "village_code": 521071, "composite_risk_score": 0.494, "flood_hazard_score": 0.508, "erosion_risk": 0.98, "cloudburst_probability": 0.894, "landslide_susceptibility": 0.594, "total_population": 3552, "latitude": 22.138, "longitude": 72.902181, "colour": "#eab308", "tier": "Tier 3 - Mitigate"}}, {"type": "Feature", "geometry": {"type": "Polygon", "coordinates": [[[72.94493, 22.135169], [72.942518, 22.144169], [72.93593, 22.150757], [72.92693, 22.153169], [72.91793, 22.150757], [72.911342, 22.144169], [72.90893, 22.135169], [72.911342, 22.126169], [72.91793, 22.119581], [72.92693, 22.117169], [72.93593, 22.119581], [72.942518, 22.126169], [72.94493, 22.135169]]]}, "properties": {"village_name": "Kural", "subdistrict": "Padra", "village_code": 521089, "composite_risk_score": 0.544, "flood_hazard_score": 0.396, "erosion_risk": 0.98, "cloudburst_probability": 0.933, "landslide_susceptibility": 0.606, "total_population": 2659, "latitude": 22.135169, "longitude": 72.92693, "colour": "#eab308", "tier": "Tier 3 - Mitigate"}}, {"type": "Feature", "geometry": {"type": "Polygon", "coordinates": [[[72.957888, 22.118469], [72.955476, 22.127469], [72.948888, 22.134057], [72.939888, 22.136469], [72.930888, 22.134057], [72.9243, 22.127469], [72.921888, 22.118469], [72.9243, 22.109469], [72.930888, 22.102881], [72.939888, 22.100469], [72.948888, 22.102881], [72.955476, 22.109469], [72.957888, 22.118469]]]}, "properties": {"village_name": "Pindapa", "subdistrict": "Padra", "village_code": 521092, "composite_risk_score": 0.561, "flood_hazard_score": 0.443, "erosion_risk": 0.98, "cloudburst_probability": 0.95, "landslide_susceptibility": 0.617, "total_population": 1572, "latitude": 22.118469, "longitude": 72.939888, "colour": "#eab308", "tier": "Tier 3 - Mitigate"}}, {"type": "Feature", "geometry": {"type": "Polygon", "coordinates": [[[72.929893, 22.113757], [72.927481, 22.122757], [72.920893, 22.129345], [72.911893, 22.131757], [72.902893, 22.129345], [72.896305, 22.122757], [72.893893, 22.113757], [72.896305, 22.104757], [72.902893, 22.098169], [72.911893, 22.095757], [72.920893, 22.098169], [72.927481, 22.104757], [72.929893, 22.113757]]]}, "properties": {"village_name": "Abhor", "subdistrict": "Padra", "village_code": 521091, "composite_risk_score": 0.504, "flood_hazard_score": 0.521, "erosion_risk": 0.98, "cloudburst_probability": 0.917, "landslide_susceptibility": 0.582, "total_population": 2304, "latitude": 22.113757, "longitude": 72.911893, "colour": "#eab308", "tier": "Tier 3 - Mitigate"}}, {"type": "Feature", "geometry": {"type": "Polygon", "coordinates": [[[72.958406, 22.291407], [72.955994, 22.300407], [72.949406, 22.306995], [72.940406, 22.309407], [72.931406, 22.306995], [72.924818, 22.300407], [72.922406, 22.291407], [72.924818, 22.282407], [72.931406, 22.275819], [72.940406, 22.273407], [72.949406, 22.275819], [72.955994, 22.282407], [72.958406, 22.291407]]]}, "properties": {"village_name": "Mahmadpura", "subdistrict": "Padra", "village_code": 521038, "composite_risk_score": 0.55, "flood_hazard_score": 0.489, "erosion_risk": 0.98, "cloudburst_probability": 0.883, "landslide_susceptibility": 0.592, "total_population": 1481, "latitude": 22.291407, "longitude": 72.940406, "colour": "#eab308", "tier": "Tier 3 - Mitigate"}}, {"type": "Feature", "geometry": {"type": "Polygon", "coordinates": [[[72.960834, 22.256706], [72.958422, 22.265706], [72.951834, 22.272294], [72.942834, 22.274706], [72.933834, 22.272294], [72.927246, 22.265706], [72.924834, 22.256706], [72.927246, 22.247706], [72.933834, 22.241118], [72.942834, 22.238706], [72.951834, 22.241118], [72.958422, 22.247706], [72.960834, 22.256706]]]}, "properties": {"village_name": "Dabka", "subdistrict": "Padra", "village_code": 521047, "composite_risk_score": 0.543, "flood_hazard_score": 0.507, "erosion_risk": 0.98, "cloudburst_probability": 0.898, "landslide_susceptibility": 0.588, "total_population": 7345, "latitude": 22.256706, "longitude": 72.942834, "colour": "#eab308", "tier": "Tier 3 - Mitigate"}}, {"type": "Feature", "geometry": {"type": "Polygon", "coordinates": [[[72.971614, 22.262225], [72.969202, 22.271225], [72.962614, 22.277813], [72.953614, 22.280225], [72.944614, 22.277813], [72.938026, 22.271225], [72.935614, 22.262225], [72.938026, 22.253225], [72.944614, 22.246637], [72.953614, 22.244225], [72.962614, 22.246637], [72.969202, 22.253225], [72.971614, 22.262225]]]}, "properties": {"village_name": "Sultanpura", "subdistrict": "Padra", "village_code": 521046, "composite_risk_score": 0.582, "flood_hazard_score": 0.559, "erosion_risk": 0.98, "cloudburst_probability": 0.856, "landslide_susceptibility": 0.554, "total_population": 892, "latitude": 22.262225, "longitude": 72.953614, "colour": "#eab308", "tier": "Tier 3 - Mitigate"}}, {"type": "Feature", "geometry": {"type": "Polygon", "coordinates": [[[72.897837, 22.236859], [72.895425, 22.245859], [72.888837, 22.252447], [72.879837, 22.254859], [72.870837, 22.252447], [72.864249, 22.245859], [72.861837, 22.236859], [72.864249, 22.227859], [72.870837, 22.221271], [72.879837, 22.218859], [72.888837, 22.221271], [72.895425, 22.227859], [72.897837, 22.236859]]]}, "properties": {"village_name": "Tithor", "subdistrict": "Padra", "village_code": 521050, "composite_risk_score": 0.385, "flood_hazard_score": 0.452, "erosion_risk": 0.05, "cloudburst_probability": 0.388, "landslide_susceptibility": 0.285, "total_population": 4916, "latitude": 22.236859, "longitude": 72.879837, "colour": "#22c55e", "tier": "Tier 4 - Monitor"}}, {"type": "Feature", "geometry": {"type": "Polygon", "coordinates": [[[72.965623, 22.236162], [72.963211, 22.245162], [72.956623, 22.25175], [72.947623, 22.254162], [72.938623, 22.25175], [72.932035, 22.245162], [72.929623, 22.236162], [72.932035, 22.227162], [72.938623, 22.220574], [72.947623, 22.218162], [72.956623, 22.220574], [72.963211, 22.227162], [72.965623, 22.236162]]]}, "properties": {"village_name": "Pavda", "subdistrict": "Padra", "village_code": 521048, "composite_risk_score": 0.57, "flood_hazard_score": 0.419, "erosion_risk": 0.98, "cloudburst_probability": 0.95, "landslide_susceptibility": 0.616, "total_population": 2113, "latitude": 22.236162, "longitude": 72.947623, "colour": "#eab308", "tier": "Tier 3 - Mitigate"}}, {"type": "Feature", "geometry": {"type": "Polygon", "coordinates": [[[72.950033, 22.224893], [72.947621, 22.233893], [72.941033, 22.240481], [72.932033, 22.242893], [72.923033, 22.240481], [72.916445, 22.233893], [72.914033, 22.224893], [72.916445, 22.215893], [72.923033, 22.209305], [72.932033, 22.206893], [72.941033, 22.209305], [72.947621, 22.215893], [72.950033, 22.224893]]]}, "properties": {"village_name": "Chokari", "subdistrict": "Padra", "village_code": 521049, "composite_risk_score": 0.597, "flood_hazard_score": 0.374, "erosion_risk": 0.98, "cloudburst_probability": 0.95, "landslide_susceptibility": 0.615, "total_population": 8884, "latitude": 22.224893, "longitude": 72.932033, "colour": "#eab308", "tier": "Tier 3 - Mitigate"}}, {"type": "Feature", "geometry": {"type": "Polygon", "coordinates": [[[72.927747, 22.211761], [72.925335, 22.220761], [72.918747, 22.227349], [72.909747, 22.229761], [72.900747, 22.227349], [72.894159, 22.220761], [72.891747, 22.211761], [72.894159, 22.202761], [72.900747, 22.196173], [72.909747, 22.193761], [72.918747, 22.196173], [72.925335, 22.202761], [72.927747, 22.211761]]]}, "properties": {"village_name": "Karkhadi", "subdistrict": "Padra", "village_code": 521052, "composite_risk_score": 0.491, "flood_hazard_score": 0.287, "erosion_risk": 0.98, "cloudburst_probability": 0.916, "landslide_susceptibility": 0.594, "total_population": 4791, "latitude": 22.211761, "longitude": 72.909747, "colour": "#eab308", "tier": "Tier 3 - Mitigate"}}, {"type": "Feature", "geometry": {"type": "Polygon", "coordinates": [[[73.004248, 22.209616], [73.001836, 22.218616], [72.995248, 22.225204], [72.986248, 22.227616], [72.977248, 22.225204], [72.97066, 22.218616], [72.968248, 22.209616], [72.97066, 22.200616], [72.977248, 22.194028], [72.986248, 22.191616], [72.995248, 22.194028], [73.001836, 22.200616], [73.004248, 22.209616]]]}, "properties": {"village_name": "Vadu", "subdistrict": "Padra", "village_code": 521066, "composite_risk_score": 0.485, "flood_hazard_score": 0.414, "erosion_risk": 0.98, "cloudburst_probability": 0.948, "landslide_susceptibility": 0.613, "total_population": 9626, "latitude": 22.209616, "longitude": 72.986248, "colour": "#eab308", "tier": "Tier 3 - Mitigate"}}, {"type": "Feature", "geometry": {"type": "Polygon", "coordinates": [[[73.162045, 22.205561], [73.159633, 22.214561], [73.153045, 22.221149], [73.144045, 22.223561], [73.135045, 22.221149], [73.128457, 22.214561], [73.126045, 22.205561], [73.128457, 22.196561], [73.135045, 22.189973], [73.144045, 22.187561], [73.153045, 22.189973], [73.159633, 22.196561], [73.162045, 22.205561]]]}, "properties": {"village_name": "Chansad", "subdistrict": "Padra", "village_code": 521082, "composite_risk_score": 0.542, "flood_hazard_score": 0.434, "erosion_risk": 0.98, "cloudburst_probability": 0.895, "landslide_susceptibility": 0.581, "total_population": 2775, "latitude": 22.205561, "longitude": 73.144045, "colour": "#eab308", "tier": "Tier 3 - Mitigate"}}, {"type": "Feature", "geometry": {"type": "Polygon", "coordinates": [[[73.049885, 22.211772], [73.047473, 22.220772], [73.040885, 22.22736], [73.031885, 22.229772], [73.022885, 22.22736], [73.016297, 22.220772], [73.013885, 22.211772], [73.016297, 22.202772], [73.022885, 22.196184], [73.031885, 22.193772], [73.040885, 22.196184], [73.047473, 22.202772], [73.049885, 22.211772]]]}, "properties": {"village_name": "Ranu", "subdistrict": "Padra", "village_code": 521064, "composite_risk_score": 0.498, "flood_hazard_score": 0.502, "erosion_risk": 0.98, "cloudburst_probability": 0.95, "landslide_susceptibility": 0.646, "total_population": 6092, "latitude": 22.211772, "longitude": 73.031885, "colour": "#eab308", "tier": "Tier 3 - Mitigate"}}, {"type": "Feature", "geometry": {"type": "Polygon", "coordinates": [[[73.026189, 22.193754], [73.023777, 22.202754], [73.017189, 22.209342], [73.008189, 22.211754], [72.999189, 22.209342], [72.992601, 22.202754], [72.990189, 22.193754], [72.992601, 22.184754], [72.999189, 22.178166], [73.008189, 22.175754], [73.017189, 22.178166], [73.023777, 22.184754], [73.026189, 22.193754]]]}, "properties": {"village_name": "Bhoj", "subdistrict": "Padra", "village_code": 521065, "composite_risk_score": 0.559, "flood_hazard_score": 0.444, "erosion_risk": 0.98, "cloudburst_probability": 0.904, "landslide_susceptibility": 0.587, "total_population": 7072, "latitude": 22.193754, "longitude": 73.008189, "colour": "#eab308", "tier": "Tier 3 - Mitigate"}}, {"type": "Feature", "geometry": {"type": "Polygon", "coordinates": [[[73.086203, 22.198411], [73.083791, 22.207411], [73.077203, 22.213999], [73.068203, 22.216411], [73.059203, 22.213999], [73.052615, 22.207411], [73.050203, 22.198411], [73.052615, 22.189411], [73.059203, 22.182823], [73.068203, 22.180411], [73.077203, 22.182823], [73.083791, 22.189411], [73.086203, 22.198411]]]}, "properties": {"village_name": "Sejakuva", "subdistrict": "Padra", "village_code": 521079, "composite_risk_score": 0.597, "flood_hazard_score": 0.494, "erosion_risk": 0.98, "cloudburst_probability": 0.892, "landslide_susceptibility": 0.595, "total_population": 2343, "latitude": 22.198411, "longitude": 73.068203, "colour": "#eab308", "tier": "Tier 3 - Mitigate"}}, {"type": "Feature", "geometry": {"type": "Polygon", "coordinates": [[[73.071223, 22.2017], [73.068811, 22.2107], [73.062223, 22.217288], [73.053223, 22.2197], [73.044223, 22.217288], [73.037635, 22.2107], [73.035223, 22.2017], [73.037635, 22.1927], [73.044223, 22.186112], [73.053223, 22.1837], [73.062223, 22.186112], [73.068811, 22.1927], [73.071223, 22.2017]]]}, "properties": {"village_name": "Pipli", "subdistrict": "Padra", "village_code": 521078, "composite_risk_score": 0.653, "flood_hazard_score": 0.467, "erosion_risk": 0.98, "cloudburst_probability": 0.925, "landslide_susceptibility": 0.595, "total_population": 2046, "latitude": 22.2017, "longitude": 73.053223, "colour": "#f97316", "tier": "Tier 2 - Relocate"}}, {"type": "Feature", "geometry": {"type": "Polygon", "coordinates": [[[73.131123, 22.203683], [73.128711, 22.212683], [73.122123, 22.219271], [73.113123, 22.221683], [73.104123, 22.219271], [73.097535, 22.212683], [73.095123, 22.203683], [73.097535, 22.194683], [73.104123, 22.188095], [73.113123, 22.185683], [73.122123, 22.188095], [73.128711, 22.194683], [73.131123, 22.203683]]]}, "properties": {"village_name": "Sareja", "subdistrict": "Padra", "village_code": 521081, "composite_risk_score": 0.648, "flood_hazard_score": 0.529, "erosion_risk": 0.98, "cloudburst_probability": 0.913, "landslide_susceptibility": 0.593, "total_population": 10, "latitude": 22.203683, "longitude": 73.113123, "colour": "#f97316", "tier": "Tier 2 - Relocate"}}, {"type": "Feature", "geometry": {"type": "Polygon", "coordinates": [[[73.109538, 22.196894], [73.107126, 22.205894], [73.100538, 22.212482], [73.091538, 22.214894], [73.082538, 22.212482], [73.07595, 22.205894], [73.073538, 22.196894], [73.07595, 22.187894], [73.082538, 22.181306], [73.091538, 22.178894], [73.100538, 22.181306], [73.107126, 22.187894], [73.109538, 22.196894]]]}, "properties": {"village_name": "Goriyad", "subdistrict": "Padra", "village_code": 521080, "composite_risk_score": 0.506, "flood_hazard_score": 0.524, "erosion_risk": 0.98, "cloudburst_probability": 0.879, "landslide_susceptibility": 0.574, "total_population": 1943, "latitude": 22.196894, "longitude": 73.091538, "colour": "#eab308", "tier": "Tier 3 - Mitigate"}}, {"type": "Feature", "geometry": {"type": "Polygon", "coordinates": [[[72.985121, 22.193413], [72.982709, 22.202413], [72.976121, 22.209001], [72.967121, 22.211413], [72.958121, 22.209001], [72.951533, 22.202413], [72.949121, 22.193413], [72.951533, 22.184413], [72.958121, 22.177825], [72.967121, 22.175413], [72.976121, 22.177825], [72.982709, 22.184413], [72.985121, 22.193413]]]}, "properties": {"village_name": "Vishrampura", "subdistrict": "Padra", "village_code": 521067, "composite_risk_score": 0.584, "flood_hazard_score": 0.482, "erosion_risk": 0.98, "cloudburst_probability": 0.896, "landslide_susceptibility": 0.586, "total_population": 2997, "latitude": 22.193413, "longitude": 72.967121, "colour": "#eab308", "tier": "Tier 3 - Mitigate"}}, {"type": "Feature", "geometry": {"type": "Polygon", "coordinates": [[[73.129059, 22.186936], [73.126647, 22.195936], [73.120059, 22.202524], [73.111059, 22.204936], [73.102059, 22.202524], [73.095471, 22.195936], [73.093059, 22.186936], [73.095471, 22.177936], [73.102059, 22.171348], [73.111059, 22.168936], [73.120059, 22.171348], [73.126647, 22.177936], [73.129059, 22.186936]]]}, "properties": {"village_name": "Madapur", "subdistrict": "Padra", "village_code": 521083, "composite_risk_score": 0.602, "flood_hazard_score": 0.499, "erosion_risk": 0.98, "cloudburst_probability": 0.914, "landslide_susceptibility": 0.593, "total_population": 865, "latitude": 22.186936, "longitude": 73.111059, "colour": "#f97316", "tier": "Tier 2 - Relocate"}}, {"type": "Feature", "geometry": {"type": "Polygon", "coordinates": [[[72.997074, 22.187439], [72.994662, 22.196439], [72.988074, 22.203027], [72.979074, 22.205439], [72.970074, 22.203027], [72.963486, 22.196439], [72.961074, 22.187439], [72.963486, 22.178439], [72.970074, 22.171851], [72.979074, 22.169439], [72.988074, 22.171851], [72.994662, 22.178439], [72.997074, 22.187439]]]}, "properties": {"village_name": "Karnakuva", "subdistrict": "Padra", "village_code": 521076, "composite_risk_score": 0.519, "flood_hazard_score": 0.53, "erosion_risk": 0.98, "cloudburst_probability": 0.946, "landslide_susceptibility": 0.616, "total_population": 1289, "latitude": 22.187439, "longitude": 72.979074, "colour": "#eab308", "tier": "Tier 3 - Mitigate"}}, {"type": "Feature", "geometry": {"type": "Polygon", "coordinates": [[[73.046952, 22.188515], [73.04454, 22.197515], [73.037952, 22.204103], [73.028952, 22.206515], [73.019952, 22.204103], [73.013364, 22.197515], [73.010952, 22.188515], [73.013364, 22.179515], [73.019952, 22.172927], [73.028952, 22.170515], [73.037952, 22.172927], [73.04454, 22.179515], [73.046952, 22.188515]]]}, "properties": {"village_name": "Vadadla", "subdistrict": "Padra", "village_code": 521077, "composite_risk_score": 0.597, "flood_hazard_score": 0.515, "erosion_risk": 0.98, "cloudburst_probability": 0.9, "landslide_susceptibility": 0.586, "total_population": 927, "latitude": 22.188515, "longitude": 73.028952, "colour": "#eab308", "tier": "Tier 3 - Mitigate"}}, {"type": "Feature", "geometry": {"type": "Polygon", "coordinates": [[[73.070519, 22.161574], [73.068107, 22.170574], [73.061519, 22.177162], [73.052519, 22.179574], [73.043519, 22.177162], [73.036931, 22.170574], [73.034519, 22.161574], [73.036931, 22.152574], [73.043519, 22.145986], [73.052519, 22.143574], [73.061519, 22.145986], [73.068107, 22.152574], [73.070519, 22.161574]]]}, "properties": {"village_name": "Sadhi", "subdistrict": "Padra", "village_code": 521085, "composite_risk_score": 0.543, "flood_hazard_score": 0.481, "erosion_risk": 0.98, "cloudburst_probability": 0.916, "landslide_susceptibility": 0.594, "total_population": 3794, "latitude": 22.161574, "longitude": 73.052519, "colour": "#eab308", "tier": "Tier 3 - Mitigate"}}, {"type": "Feature", "geometry": {"type": "Polygon", "coordinates": [[[73.09059, 22.163586], [73.088178, 22.172586], [73.08159, 22.179174], [73.07259, 22.181586], [73.06359, 22.179174], [73.057002, 22.172586], [73.05459, 22.163586], [73.057002, 22.154586], [73.06359, 22.147998], [73.07259, 22.145586], [73.08159, 22.147998], [73.088178, 22.154586], [73.09059, 22.163586]]]}, "properties": {"village_name": "Amla", "subdistrict": "Padra", "village_code": 521084, "composite_risk_score": 0.52, "flood_hazard_score": 0.483, "erosion_risk": 0.98, "cloudburst_probability": 0.861, "landslide_susceptibility": 0.563, "total_population": 2129, "latitude": 22.163586, "longitude": 73.07259, "colour": "#eab308", "tier": "Tier 3 - Mitigate"}}, {"type": "Feature", "geometry": {"type": "Polygon", "coordinates": [[[73.115141, 22.172324], [73.112729, 22.181324], [73.106141, 22.187912], [73.097141, 22.190324], [73.088141, 22.187912], [73.081553, 22.181324], [73.079141, 22.172324], [73.081553, 22.163324], [73.088141, 22.156736], [73.097141, 22.154324], [73.106141, 22.156736], [73.112729, 22.163324], [73.115141, 22.172324]]]}, "properties": {"village_name": "Saras Vani", "subdistrict": "Padra", "village_code": 521098, "composite_risk_score": 0.506, "flood_hazard_score": 0.509, "erosion_risk": 0.98, "cloudburst_probability": 0.895, "landslide_susceptibility": 0.583, "total_population": 2305, "latitude": 22.172324, "longitude": 73.097141, "colour": "#eab308", "tier": "Tier 3 - Mitigate"}}, {"type": "Feature", "geometry": {"type": "Polygon", "coordinates": [[[72.980268, 22.177699], [72.977856, 22.186699], [72.971268, 22.193287], [72.962268, 22.195699], [72.953268, 22.193287], [72.94668, 22.186699], [72.944268, 22.177699], [72.94668, 22.168699], [72.953268, 22.162111], [72.962268, 22.159699], [72.971268, 22.162111], [72.977856, 22.168699], [72.980268, 22.177699]]]}, "properties": {"village_name": "Lola", "subdistrict": "Padra", "village_code": 521074, "composite_risk_score": 0.648, "flood_hazard_score": 0.538, "erosion_risk": 0.98, "cloudburst_probability": 0.94, "landslide_susceptibility": 0.618, "total_population": 1535, "latitude": 22.177699, "longitude": 72.962268, "colour": "#f97316", "tier": "Tier 2 - Relocate"}}, {"type": "Feature", "geometry": {"type": "Polygon", "coordinates": [[[73.143801, 22.173503], [73.141389, 22.182503], [73.134801, 22.189091], [73.125801, 22.191503], [73.116801, 22.189091], [73.110213, 22.182503], [73.107801, 22.173503], [73.110213, 22.164503], [73.116801, 22.157915], [73.125801, 22.155503], [73.134801, 22.157915], [73.141389, 22.164503], [73.143801, 22.173503]]]}, "properties": {"village_name": "Shihor", "subdistrict": "Padra", "village_code": 521099, "composite_risk_score": 0.607, "flood_hazard_score": 0.546, "erosion_risk": 0.98, "cloudburst_probability": 0.918, "landslide_susceptibility": 0.596, "total_population": 915, "latitude": 22.173503, "longitude": 73.125801, "colour": "#f97316", "tier": "Tier 2 - Relocate"}}, {"type": "Feature", "geometry": {"type": "Polygon", "coordinates": [[[72.993278, 22.170072], [72.990866, 22.179072], [72.984278, 22.18566], [72.975278, 22.188072], [72.966278, 22.18566], [72.95969, 22.179072], [72.957278, 22.170072], [72.95969, 22.161072], [72.966278, 22.154484], [72.975278, 22.152072], [72.984278, 22.154484], [72.990866, 22.161072], [72.993278, 22.170072]]]}, "properties": {"village_name": "Muval", "subdistrict": "Padra", "village_code": 521075, "composite_risk_score": 0.622, "flood_hazard_score": 0.517, "erosion_risk": 0.98, "cloudburst_probability": 0.931, "landslide_susceptibility": 0.604, "total_population": 4164, "latitude": 22.170072, "longitude": 72.975278, "colour": "#f97316", "tier": "Tier 2 - Relocate"}}, {"type": "Feature", "geometry": {"type": "Polygon", "coordinates": [[[73.0512, 22.165322], [73.048788, 22.174322], [73.0422, 22.18091], [73.0332, 22.183322], [73.0242, 22.18091], [73.017612, 22.174322], [73.0152, 22.165322], [73.017612, 22.156322], [73.0242, 22.149734], [73.0332, 22.147322], [73.0422, 22.149734], [73.048788, 22.156322], [73.0512, 22.165322]]]}, "properties": {"village_name": "Anti", "subdistrict": "Padra", "village_code": 521086, "composite_risk_score": 0.63, "flood_hazard_score": 0.564, "erosion_risk": 0.98, "cloudburst_probability": 0.91, "landslide_susceptibility": 0.595, "total_population": 5055, "latitude": 22.165322, "longitude": 73.0332, "colour": "#f97316", "tier": "Tier 2 - Relocate"}}, {"type": "Feature", "geometry": {"type": "Polygon", "coordinates": [[[73.030009, 22.168519], [73.027597, 22.177519], [73.021009, 22.184107], [73.012009, 22.186519], [73.003009, 22.184107], [72.996421, 22.177519], [72.994009, 22.168519], [72.996421, 22.159519], [73.003009, 22.152931], [73.012009, 22.150519], [73.021009, 22.152931], [73.027597, 22.159519], [73.030009, 22.168519]]]}, "properties": {"village_name": "Rajupura", "subdistrict": "Padra", "village_code": 521087, "composite_risk_score": 0.679, "flood_hazard_score": 0.438, "erosion_risk": 0.98, "cloudburst_probability": 0.901, "landslide_susceptibility": 0.595, "total_population": 1185, "latitude": 22.168519, "longitude": 73.012009, "colour": "#f97316", "tier": "Tier 2 - Relocate"}}, {"type": "Feature", "geometry": {"type": "Polygon", "coordinates": [[[73.014259, 22.161426], [73.011847, 22.170426], [73.005259, 22.177014], [72.996259, 22.179426], [72.987259, 22.177014], [72.980671, 22.170426], [72.978259, 22.161426], [72.980671, 22.152426], [72.987259, 22.145838], [72.996259, 22.143426], [73.005259, 22.145838], [73.011847, 22.152426], [73.014259, 22.161426]]]}, "properties": {"village_name": "Jalalpur", "subdistrict": "Padra", "village_code": 521088, "composite_risk_score": 0.537, "flood_hazard_score": 0.39, "erosion_risk": 0.98, "cloudburst_probability": 0.904, "landslide_susceptibility": 0.585, "total_population": 2069, "latitude": 22.161426, "longitude": 72.996259, "colour": "#eab308", "tier": "Tier 3 - Mitigate"}}, {"type": "Feature", "geometry": {"type": "Polygon", "coordinates": [[[73.135238, 22.156815], [73.132826, 22.165815], [73.126238, 22.172403], [73.117238, 22.174815], [73.108238, 22.172403], [73.10165, 22.165815], [73.099238, 22.156815], [73.10165, 22.147815], [73.108238, 22.141227], [73.117238, 22.138815], [73.126238, 22.141227], [73.132826, 22.147815], [73.135238, 22.156815]]]}, "properties": {"village_name": "Thikariya Mubarak", "subdistrict": "Padra", "village_code": 521100, "composite_risk_score": 0.62, "flood_hazard_score": 0.541, "erosion_risk": 0.98, "cloudburst_probability": 0.916, "landslide_susceptibility": 0.595, "total_population": 425, "latitude": 22.156815, "longitude": 73.117238, "colour": "#f97316", "tier": "Tier 2 - Relocate"}}, {"type": "Feature", "geometry": {"type": "Polygon", "coordinates": [[[73.036604, 22.148851], [73.034192, 22.157851], [73.027604, 22.164439], [73.018604, 22.166851], [73.009604, 22.164439], [73.003016, 22.157851], [73.000604, 22.148851], [73.003016, 22.139851], [73.009604, 22.133263], [73.018604, 22.130851], [73.027604, 22.133263], [73.034192, 22.139851], [73.036604, 22.148851]]]}, "properties": {"village_name": "Ambada", "subdistrict": "Padra", "village_code": 521096, "composite_risk_score": 0.497, "flood_hazard_score": 0.395, "erosion_risk": 0.98, "cloudburst_probability": 0.901, "landslide_susceptibility": 0.583, "total_population": 1021, "latitude": 22.148851, "longitude": 73.018604, "colour": "#eab308", "tier": "Tier 3 - Mitigate"}}, {"type": "Feature", "geometry": {"type": "Polygon", "coordinates": [[[73.121502, 22.145269], [73.11909, 22.154269], [73.112502, 22.160857], [73.103502, 22.163269], [73.094502, 22.160857], [73.087914, 22.154269], [73.085502, 22.145269], [73.087914, 22.136269], [73.094502, 22.129681], [73.103502, 22.127269], [73.112502, 22.129681], [73.11909, 22.136269], [73.121502, 22.145269]]]}, "properties": {"village_name": "Virpur", "subdistrict": "Padra", "village_code": 521101, "composite_risk_score": 0.561, "flood_hazard_score": 0.544, "erosion_risk": 0.98, "cloudburst_probability": 0.95, "landslide_susceptibility": 0.617, "total_population": 310, "latitude": 22.145269, "longitude": 73.103502, "colour": "#eab308", "tier": "Tier 3 - Mitigate"}}, {"type": "Feature", "geometry": {"type": "Polygon", "coordinates": [[[73.018385, 22.14601], [73.015973, 22.15501], [73.009385, 22.161598], [73.000385, 22.16401], [72.991385, 22.161598], [72.984797, 22.15501], [72.982385, 22.14601], [72.984797, 22.13701], [72.991385, 22.130422], [73.000385, 22.12801], [73.009385, 22.130422], [73.015973, 22.13701], [73.018385, 22.14601]]]}, "properties": {"village_name": "Kalyankui", "subdistrict": "Padra", "village_code": 521095, "composite_risk_score": 0.558, "flood_hazard_score": 0.382, "erosion_risk": 0.98, "cloudburst_probability": 0.898, "landslide_susceptibility": 0.586, "total_population": 627, "latitude": 22.14601, "longitude": 73.000385, "colour": "#eab308", "tier": "Tier 3 - Mitigate"}}, {"type": "Feature", "geometry": {"type": "Polygon", "coordinates": [[[72.987914, 22.132009], [72.985502, 22.141009], [72.978914, 22.147597], [72.969914, 22.150009], [72.960914, 22.147597], [72.954326, 22.141009], [72.951914, 22.132009], [72.954326, 22.123009], [72.960914, 22.116421], [72.969914, 22.114009], [72.978914, 22.116421], [72.985502, 22.123009], [72.987914, 22.132009]]]}, "properties": {"village_name": "Mobha", "subdistrict": "Padra", "village_code": 521093, "composite_risk_score": 0.532, "flood_hazard_score": 0.458, "erosion_risk": 0.98, "cloudburst_probability": 0.914, "landslide_susceptibility": 0.594, "total_population": 4796, "latitude": 22.132009, "longitude": 72.969914, "colour": "#eab308", "tier": "Tier 3 - Mitigate"}}, {"type": "Feature", "geometry": {"type": "Polygon", "coordinates": [[[73.064963, 22.131602], [73.062551, 22.140602], [73.055963, 22.14719], [73.046963, 22.149602], [73.037963, 22.14719], [73.031375, 22.140602], [73.028963, 22.131602], [73.031375, 22.122602], [73.037963, 22.116014], [73.046963, 22.113602], [73.055963, 22.116014], [73.062551, 22.122602], [73.064963, 22.131602]]]}, "properties": {"village_name": "Bhadari", "subdistrict": "Padra", "village_code": 521104, "composite_risk_score": 0.645, "flood_hazard_score": 0.521, "erosion_risk": 0.98, "cloudburst_probability": 0.899, "landslide_susceptibility": 0.585, "total_population": 1111, "latitude": 22.131602, "longitude": 73.046963, "colour": "#f97316", "tier": "Tier 2 - Relocate"}}, {"type": "Feature", "geometry": {"type": "Polygon", "coordinates": [[[73.007277, 22.129314], [73.004865, 22.138314], [72.998277, 22.144902], [72.989277, 22.147314], [72.980277, 22.144902], [72.973689, 22.138314], [72.971277, 22.129314], [72.973689, 22.120314], [72.980277, 22.113726], [72.989277, 22.111314], [72.998277, 22.113726], [73.004865, 22.120314], [73.007277, 22.129314]]]}, "properties": {"village_name": "Sadra", "subdistrict": "Padra", "village_code": 521094, "composite_risk_score": 0.568, "flood_hazard_score": 0.446, "erosion_risk": 0.98, "cloudburst_probability": 0.912, "landslide_susceptibility": 0.594, "total_population": 2275, "latitude": 22.129314, "longitude": 72.989277, "colour": "#eab308", "tier": "Tier 3 - Mitigate"}}, {"type": "Feature", "geometry": {"type": "Polygon", "coordinates": [[[73.108522, 22.130513], [73.10611, 22.139513], [73.099522, 22.146101], [73.090522, 22.148513], [73.081522, 22.146101], [73.074934, 22.139513], [73.072522, 22.130513], [73.074934, 22.121513], [73.081522, 22.114925], [73.090522, 22.112513], [73.099522, 22.114925], [73.10611, 22.121513], [73.108522, 22.130513]]]}, "properties": {"village_name": "Medhad", "subdistrict": "Padra", "village_code": 521102, "composite_risk_score": 0.6, "flood_hazard_score": 0.541, "erosion_risk": 0.98, "cloudburst_probability": 0.942, "landslide_susceptibility": 0.609, "total_population": 695, "latitude": 22.130513, "longitude": 73.090522, "colour": "#f97316", "tier": "Tier 2 - Relocate"}}, {"type": "Feature", "geometry": {"type": "Polygon", "coordinates": [[[73.040714, 22.128234], [73.038302, 22.137234], [73.031714, 22.143822], [73.022714, 22.146234], [73.013714, 22.143822], [73.007126, 22.137234], [73.004714, 22.128234], [73.007126, 22.119234], [73.013714, 22.112646], [73.022714, 22.110234], [73.031714, 22.112646], [73.038302, 22.119234], [73.040714, 22.128234]]]}, "properties": {"village_name": "Gayapura", "subdistrict": "Padra", "village_code": 521105, "composite_risk_score": 0.538, "flood_hazard_score": 0.509, "erosion_risk": 0.98, "cloudburst_probability": 0.948, "landslide_susceptibility": 0.614, "total_population": 581, "latitude": 22.128234, "longitude": 73.022714, "colour": "#eab308", "tier": "Tier 3 - Mitigate"}}, {"type": "Feature", "geometry": {"type": "Polygon", "coordinates": [[[73.093912, 22.125176], [73.0915, 22.134176], [73.084912, 22.140764], [73.075912, 22.143176], [73.066912, 22.140764], [73.060324, 22.134176], [73.057912, 22.125176], [73.060324, 22.116176], [73.066912, 22.109588], [73.075912, 22.107176], [73.084912, 22.109588], [73.0915, 22.116176], [73.093912, 22.125176]]]}, "properties": {"village_name": "Husepur", "subdistrict": "Padra", "village_code": 521103, "composite_risk_score": 0.629, "flood_hazard_score": 0.477, "erosion_risk": 0.98, "cloudburst_probability": 0.938, "landslide_susceptibility": 0.604, "total_population": 709, "latitude": 22.125176, "longitude": 73.075912, "colour": "#f97316", "tier": "Tier 2 - Relocate"}}, {"type": "Feature", "geometry": {"type": "Polygon", "coordinates": [[[73.024094, 22.124838], [73.021682, 22.133838], [73.015094, 22.140426], [73.006094, 22.142838], [72.997094, 22.140426], [72.990506, 22.133838], [72.988094, 22.124838], [72.990506, 22.115838], [72.997094, 22.10925], [73.006094, 22.106838], [73.015094, 22.10925], [73.021682, 22.115838], [73.024094, 22.124838]]]}, "properties": {"village_name": "Kanda", "subdistrict": "Padra", "village_code": 521106, "composite_risk_score": 0.584, "flood_hazard_score": 0.514, "erosion_risk": 0.98, "cloudburst_probability": 0.931, "landslide_susceptibility": 0.606, "total_population": 763, "latitude": 22.124838, "longitude": 73.006094, "colour": "#eab308", "tier": "Tier 3 - Mitigate"}}, {"type": "Feature", "geometry": {"type": "Polygon", "coordinates": [[[73.079825, 22.114914], [73.077413, 22.123914], [73.070825, 22.130502], [73.061825, 22.132914], [73.052825, 22.130502], [73.046237, 22.123914], [73.043825, 22.114914], [73.046237, 22.105914], [73.052825, 22.099326], [73.061825, 22.096914], [73.070825, 22.099326], [73.077413, 22.105914], [73.079825, 22.114914]]]}, "properties": {"village_name": "Sadad", "subdistrict": "Padra", "village_code": 521115, "composite_risk_score": 0.683, "flood_hazard_score": 0.551, "erosion_risk": 0.98, "cloudburst_probability": 0.881, "landslide_susceptibility": 0.574, "total_population": 727, "latitude": 22.114914, "longitude": 73.061825, "colour": "#f97316", "tier": "Tier 2 - Relocate"}}, {"type": "Feature", "geometry": {"type": "Polygon", "coordinates": [[[73.040857, 22.118614], [73.038445, 22.127614], [73.031857, 22.134202], [73.022857, 22.136614], [73.013857, 22.134202], [73.007269, 22.127614], [73.004857, 22.118614], [73.007269, 22.109614], [73.013857, 22.103026], [73.022857, 22.100614], [73.031857, 22.103026], [73.038445, 22.109614], [73.040857, 22.118614]]]}, "properties": {"village_name": "Thikariya Math", "subdistrict": "Padra", "village_code": 521114, "composite_risk_score": 0.656, "flood_hazard_score": 0.492, "erosion_risk": 0.98, "cloudburst_probability": 0.894, "landslide_susceptibility": 0.584, "total_population": 329, "latitude": 22.118614, "longitude": 73.022857, "colour": "#f97316", "tier": "Tier 2 - Relocate"}}, {"type": "Feature", "geometry": {"type": "Polygon", "coordinates": [[[73.183883, 22.204744], [73.181471, 22.213744], [73.174883, 22.220332], [73.165883, 22.222744], [73.156883, 22.220332], [73.150295, 22.213744], [73.147883, 22.204744], [73.150295, 22.195744], [73.156883, 22.189156], [73.165883, 22.186744], [73.174883, 22.189156], [73.181471, 22.195744], [73.183883, 22.204744]]]}, "properties": {"village_name": "Khalipur", "subdistrict": "Vadodara Rural", "village_code": 519872, "composite_risk_score": 0.524, "flood_hazard_score": 0.535, "erosion_risk": 0.98, "cloudburst_probability": 0.917, "landslide_susceptibility": 0.593, "total_population": 1054, "latitude": 22.204744, "longitude": 73.165883, "colour": "#eab308", "tier": "Tier 3 - Mitigate"}}, {"type": "Feature", "geometry": {"type": "Polygon", "coordinates": [[[73.171527, 22.173667], [73.169115, 22.182667], [73.162527, 22.189255], [73.153527, 22.191667], [73.144527, 22.189255], [73.137939, 22.182667], [73.135527, 22.173667], [73.137939, 22.164667], [73.144527, 22.158079], [73.153527, 22.155667], [73.162527, 22.158079], [73.169115, 22.164667], [73.171527, 22.173667]]]}, "properties": {"village_name": "Karali", "subdistrict": "Vadodara Rural", "village_code": 519882, "composite_risk_score": 0.699, "flood_hazard_score": 0.496, "erosion_risk": 0.98, "cloudburst_probability": 0.915, "landslide_susceptibility": 0.595, "total_population": 1075, "latitude": 22.173667, "longitude": 73.153527, "colour": "#f97316", "tier": "Tier 2 - Relocate"}}, {"type": "Feature", "geometry": {"type": "Polygon", "coordinates": [[[73.160673, 22.15177], [73.158261, 22.16077], [73.151673, 22.167358], [73.142673, 22.16977], [73.133673, 22.167358], [73.127085, 22.16077], [73.124673, 22.15177], [73.127085, 22.14277], [73.133673, 22.136182], [73.142673, 22.13377], [73.151673, 22.136182], [73.158261, 22.14277], [73.160673, 22.15177]]]}, "properties": {"village_name": "Itola", "subdistrict": "Vadodara Rural", "village_code": 519883, "composite_risk_score": 0.565, "flood_hazard_score": 0.478, "erosion_risk": 0.98, "cloudburst_probability": 0.934, "landslide_susceptibility": 0.605, "total_population": 3600, "latitude": 22.15177, "longitude": 73.142673, "colour": "#eab308", "tier": "Tier 3 - Mitigate"}}, {"type": "Feature", "geometry": {"type": "Polygon", "coordinates": [[[73.189689, 22.128858], [73.187277, 22.137858], [73.180689, 22.144446], [73.171689, 22.146858], [73.162689, 22.144446], [73.156101, 22.137858], [73.153689, 22.128858], [73.156101, 22.119858], [73.162689, 22.11327], [73.171689, 22.110858], [73.180689, 22.11327], [73.187277, 22.119858], [73.189689, 22.128858]]]}, "properties": {"village_name": "Raman Gamdi", "subdistrict": "Vadodara Rural", "village_code": 519895, "composite_risk_score": 0.508, "flood_hazard_score": 0.733, "erosion_risk": 0.035, "cloudburst_probability": 0.388, "landslide_susceptibility": 0.279, "total_population": 559, "latitude": 22.128858, "longitude": 73.171689, "colour": "#eab308", "tier": "Tier 3 - Mitigate"}}, {"type": "Feature", "geometry": {"type": "Polygon", "coordinates": [[[73.144298, 22.127304], [73.141886, 22.136304], [73.135298, 22.142892], [73.126298, 22.145304], [73.117298, 22.142892], [73.11071, 22.136304], [73.108298, 22.127304], [73.11071, 22.118304], [73.117298, 22.111716], [73.126298, 22.109304], [73.135298, 22.111716], [73.141886, 22.118304], [73.144298, 22.127304]]]}, "properties": {"village_name": "Gosindra", "subdistrict": "Vadodara Rural", "village_code": 519896, "composite_risk_score": 0.7, "flood_hazard_score": 0.516, "erosion_risk": 0.98, "cloudburst_probability": 0.915, "landslide_susceptibility": 0.594, "total_population": 1021, "latitude": 22.127304, "longitude": 73.126298, "colour": "#f97316", "tier": "Tier 2 - Relocate"}}, {"type": "Feature", "geometry": {"type": "Polygon", "coordinates": [[[73.125781, 22.117336], [73.123369, 22.126336], [73.116781, 22.132924], [73.107781, 22.135336], [73.098781, 22.132924], [73.092193, 22.126336], [73.089781, 22.117336], [73.092193, 22.108336], [73.098781, 22.101748], [73.107781, 22.099336], [73.116781, 22.101748], [73.123369, 22.108336], [73.125781, 22.117336]]]}, "properties": {"village_name": "Untiya Medhad", "subdistrict": "Vadodara Rural", "village_code": 519897, "composite_risk_score": 0.608, "flood_hazard_score": 0.528, "erosion_risk": 0.98, "cloudburst_probability": 0.932, "landslide_susceptibility": 0.595, "total_population": 733, "latitude": 22.117336, "longitude": 73.107781, "colour": "#f97316", "tier": "Tier 2 - Relocate"}}, {"type": "Feature", "geometry": {"type": "Polygon", "coordinates": [[[73.300351, 22.216605], [73.297939, 22.225605], [73.291351, 22.232193], [73.282351, 22.234605], [73.273351, 22.232193], [73.266763, 22.225605], [73.264351, 22.216605], [73.266763, 22.207605], [73.273351, 22.201017], [73.282351, 22.198605], [73.291351, 22.201017], [73.297939, 22.207605], [73.300351, 22.216605]]]}, "properties": {"village_name": "Mahmadpura", "subdistrict": "Dabhoi", "village_code": 520921, "composite_risk_score": 0.47, "flood_hazard_score": 0.508, "erosion_risk": 0.98, "cloudburst_probability": 0.943, "landslide_susceptibility": 0.587, "total_population": 539, "latitude": 22.216605, "longitude": 73.282351, "colour": "#eab308", "tier": "Tier 3 - Mitigate"}}, {"type": "Feature", "geometry": {"type": "Polygon", "coordinates": [[[73.317901, 22.209198], [73.315489, 22.218198], [73.308901, 22.224786], [73.299901, 22.227198], [73.290901, 22.224786], [73.284313, 22.218198], [73.281901, 22.209198], [73.284313, 22.200198], [73.290901, 22.19361], [73.299901, 22.191198], [73.308901, 22.19361], [73.315489, 22.200198], [73.317901, 22.209198]]]}, "properties": {"village_name": "Palaswada", "subdistrict": "Dabhoi", "village_code": 520922, "composite_risk_score": 0.571, "flood_hazard_score": 0.421, "erosion_risk": 0.98, "cloudburst_probability": 0.894, "landslide_susceptibility": 0.586, "total_population": 1447, "latitude": 22.209198, "longitude": 73.299901, "colour": "#eab308", "tier": "Tier 3 - Mitigate"}}, {"type": "Feature", "geometry": {"type": "Polygon", "coordinates": [[[73.391629, 22.206892], [73.389217, 22.215892], [73.382629, 22.22248], [73.373629, 22.224892], [73.364629, 22.22248], [73.358041, 22.215892], [73.355629, 22.206892], [73.358041, 22.197892], [73.364629, 22.191304], [73.373629, 22.188892], [73.382629, 22.191304], [73.389217, 22.197892], [73.391629, 22.206892]]]}, "properties": {"village_name": "Kaddhara", "subdistrict": "Dabhoi", "village_code": 520938, "composite_risk_score": 0.452, "flood_hazard_score": 0.436, "erosion_risk": 0.98, "cloudburst_probability": 0.95, "landslide_susceptibility": 0.618, "total_population": 985, "latitude": 22.206892, "longitude": 73.373629, "colour": "#eab308", "tier": "Tier 3 - Mitigate"}}, {"type": "Feature", "geometry": {"type": "Polygon", "coordinates": [[[73.28803, 22.206209], [73.285618, 22.215209], [73.27903, 22.221797], [73.27003, 22.224209], [73.26103, 22.221797], [73.254442, 22.215209], [73.25203, 22.206209], [73.254442, 22.197209], [73.26103, 22.190621], [73.27003, 22.188209], [73.27903, 22.190621], [73.285618, 22.197209], [73.28803, 22.206209]]]}, "properties": {"village_name": "Mosampura", "subdistrict": "Dabhoi", "village_code": 520920, "composite_risk_score": 0.6, "flood_hazard_score": 0.41, "erosion_risk": 0.98, "cloudburst_probability": 0.95, "landslide_susceptibility": 0.602, "total_population": 313, "latitude": 22.206209, "longitude": 73.27003, "colour": "#f97316", "tier": "Tier 2 - Relocate"}}, {"type": "Feature", "geometry": {"type": "Polygon", "coordinates": [[[73.335144, 22.207937], [73.332732, 22.216937], [73.326144, 22.223525], [73.317144, 22.225937], [73.308144, 22.223525], [73.301556, 22.216937], [73.299144, 22.207937], [73.301556, 22.198937], [73.308144, 22.192349], [73.317144, 22.189937], [73.326144, 22.192349], [73.332732, 22.198937], [73.335144, 22.207937]]]}, "properties": {"village_name": "Valipura", "subdistrict": "Dabhoi", "village_code": 520930, "composite_risk_score": 0.614, "flood_hazard_score": 0.423, "erosion_risk": 0.98, "cloudburst_probability": 0.929, "landslide_susceptibility": 0.596, "total_population": 437, "latitude": 22.207937, "longitude": 73.317144, "colour": "#f97316", "tier": "Tier 2 - Relocate"}}, {"type": "Feature", "geometry": {"type": "Polygon", "coordinates": [[[73.37613, 22.211852], [73.373718, 22.220852], [73.36713, 22.22744], [73.35813, 22.229852], [73.34913, 22.22744], [73.342542, 22.220852], [73.34013, 22.211852], [73.342542, 22.202852], [73.34913, 22.196264], [73.35813, 22.193852], [73.36713, 22.196264], [73.373718, 22.202852], [73.37613, 22.211852]]]}, "properties": {"village_name": "Kaddharapura", "subdistrict": "Dabhoi", "village_code": 520937, "composite_risk_score": 0.568, "flood_hazard_score": 0.553, "erosion_risk": 0.98, "cloudburst_probability": 0.95, "landslide_susceptibility": 0.629, "total_population": 458, "latitude": 22.211852, "longitude": 73.35813, "colour": "#eab308", "tier": "Tier 3 - Mitigate"}}, {"type": "Feature", "geometry": {"type": "Polygon", "coordinates": [[[73.346601, 22.207408], [73.344189, 22.216408], [73.337601, 22.222996], [73.328601, 22.225408], [73.319601, 22.222996], [73.313013, 22.216408], [73.310601, 22.207408], [73.313013, 22.198408], [73.319601, 22.19182], [73.328601, 22.189408], [73.337601, 22.19182], [73.344189, 22.198408], [73.346601, 22.207408]]]}, "properties": {"village_name": "Bhavpura", "subdistrict": "Dabhoi", "village_code": 520929, "composite_risk_score": 0.545, "flood_hazard_score": 0.457, "erosion_risk": 0.98, "cloudburst_probability": 0.929, "landslide_susceptibility": 0.594, "total_population": 350, "latitude": 22.207408, "longitude": 73.328601, "colour": "#eab308", "tier": "Tier 3 - Mitigate"}}, {"type": "Feature", "geometry": {"type": "Polygon", "coordinates": [[[73.418652, 22.202326], [73.41624, 22.211326], [73.409652, 22.217914], [73.400652, 22.220326], [73.391652, 22.217914], [73.385064, 22.211326], [73.382652, 22.202326], [73.385064, 22.193326], [73.391652, 22.186738], [73.400652, 22.184326], [73.409652, 22.186738], [73.41624, 22.193326], [73.418652, 22.202326]]]}, "properties": {"village_name": "Karali", "subdistrict": "Dabhoi", "village_code": 520940, "composite_risk_score": 0.537, "flood_hazard_score": 0.515, "erosion_risk": 0.98, "cloudburst_probability": 0.911, "landslide_susceptibility": 0.59, "total_population": 605, "latitude": 22.202326, "longitude": 73.400652, "colour": "#eab308", "tier": "Tier 3 - Mitigate"}}, {"type": "Feature", "geometry": {"type": "Polygon", "coordinates": [[[73.371441, 22.200262], [73.369029, 22.209262], [73.362441, 22.21585], [73.353441, 22.218262], [73.344441, 22.21585], [73.337853, 22.209262], [73.335441, 22.200262], [73.337853, 22.191262], [73.344441, 22.184674], [73.353441, 22.182262], [73.362441, 22.184674], [73.369029, 22.191262], [73.371441, 22.200262]]]}, "properties": {"village_name": "Abdalapura", "subdistrict": "Dabhoi", "village_code": 520936, "composite_risk_score": 0.602, "flood_hazard_score": 0.497, "erosion_risk": 0.98, "cloudburst_probability": 0.95, "landslide_susceptibility": 0.628, "total_population": 479, "latitude": 22.200262, "longitude": 73.353441, "colour": "#f97316", "tier": "Tier 2 - Relocate"}}, {"type": "Feature", "geometry": {"type": "Polygon", "coordinates": [[[73.360671, 22.198432], [73.358259, 22.207432], [73.351671, 22.21402], [73.342671, 22.216432], [73.333671, 22.21402], [73.327083, 22.207432], [73.324671, 22.198432], [73.327083, 22.189432], [73.333671, 22.182844], [73.342671, 22.180432], [73.351671, 22.182844], [73.358259, 22.189432], [73.360671, 22.198432]]]}, "properties": {"village_name": "Vayadpur", "subdistrict": "Dabhoi", "village_code": 520935, "composite_risk_score": 0.606, "flood_hazard_score": 0.516, "erosion_risk": 0.98, "cloudburst_probability": 0.95, "landslide_susceptibility": 0.615, "total_population": 943, "latitude": 22.198432, "longitude": 73.342671, "colour": "#f97316", "tier": "Tier 2 - Relocate"}}, {"type": "Feature", "geometry": {"type": "Polygon", "coordinates": [[[73.299796, 22.188539], [73.297384, 22.197539], [73.290796, 22.204127], [73.281796, 22.206539], [73.272796, 22.204127], [73.266208, 22.197539], [73.263796, 22.188539], [73.266208, 22.179539], [73.272796, 22.172951], [73.281796, 22.170539], [73.290796, 22.172951], [73.297384, 22.179539], [73.299796, 22.188539]]]}, "properties": {"village_name": "Kundhela", "subdistrict": "Dabhoi", "village_code": 520931, "composite_risk_score": 0.563, "flood_hazard_score": 0.426, "erosion_risk": 0.98, "cloudburst_probability": 0.931, "landslide_susceptibility": 0.594, "total_population": 2513, "latitude": 22.188539, "longitude": 73.281796, "colour": "#eab308", "tier": "Tier 3 - Mitigate"}}, {"type": "Feature", "geometry": {"type": "Polygon", "coordinates": [[[73.396433, 22.190698], [73.394021, 22.199698], [73.387433, 22.206286], [73.378433, 22.208698], [73.369433, 22.206286], [73.362845, 22.199698], [73.360433, 22.190698], [73.362845, 22.181698], [73.369433, 22.17511], [73.378433, 22.172698], [73.387433, 22.17511], [73.394021, 22.181698], [73.396433, 22.190698]]]}, "properties": {"village_name": "Gojali", "subdistrict": "Dabhoi", "village_code": 520952, "composite_risk_score": 0.645, "flood_hazard_score": 0.525, "erosion_risk": 0.98, "cloudburst_probability": 0.938, "landslide_susceptibility": 0.608, "total_population": 565, "latitude": 22.190698, "longitude": 73.378433, "colour": "#f97316", "tier": "Tier 2 - Relocate"}}, {"type": "Feature", "geometry": {"type": "Polygon", "coordinates": [[[73.343929, 22.192919], [73.341517, 22.201919], [73.334929, 22.208507], [73.325929, 22.210919], [73.316929, 22.208507], [73.310341, 22.201919], [73.307929, 22.192919], [73.310341, 22.183919], [73.316929, 22.177331], [73.325929, 22.174919], [73.334929, 22.177331], [73.341517, 22.183919], [73.343929, 22.192919]]]}, "properties": {"village_name": "Bhilapur", "subdistrict": "Dabhoi", "village_code": 520934, "composite_risk_score": 0.564, "flood_hazard_score": 0.49, "erosion_risk": 0.98, "cloudburst_probability": 0.95, "landslide_susceptibility": 0.626, "total_population": 2290, "latitude": 22.192919, "longitude": 73.325929, "colour": "#eab308", "tier": "Tier 3 - Mitigate"}}, {"type": "Feature", "geometry": {"type": "Polygon", "coordinates": [[[73.36892, 22.184445], [73.366508, 22.193445], [73.35992, 22.200033], [73.35092, 22.202445], [73.34192, 22.200033], [73.335332, 22.193445], [73.33292, 22.184445], [73.335332, 22.175445], [73.34192, 22.168857], [73.35092, 22.166445], [73.35992, 22.168857], [73.366508, 22.175445], [73.36892, 22.184445]]]}, "properties": {"village_name": "Banaiya", "subdistrict": "Dabhoi", "village_code": 520953, "composite_risk_score": 0.615, "flood_hazard_score": 0.526, "erosion_risk": 0.98, "cloudburst_probability": 0.882, "landslide_susceptibility": 0.575, "total_population": 338, "latitude": 22.184445, "longitude": 73.35092, "colour": "#f97316", "tier": "Tier 2 - Relocate"}}, {"type": "Feature", "geometry": {"type": "Polygon", "coordinates": [[[73.410085, 22.173534], [73.407673, 22.182534], [73.401085, 22.189122], [73.392085, 22.191534], [73.383085, 22.189122], [73.376497, 22.182534], [73.374085, 22.173534], [73.376497, 22.164534], [73.383085, 22.157946], [73.392085, 22.155534], [73.401085, 22.157946], [73.407673, 22.164534], [73.410085, 22.173534]]]}, "properties": {"village_name": "Vasai", "subdistrict": "Dabhoi", "village_code": 520951, "composite_risk_score": 0.544, "flood_hazard_score": 0.511, "erosion_risk": 0.98, "cloudburst_probability": 0.917, "landslide_susceptibility": 0.584, "total_population": 1860, "latitude": 22.173534, "longitude": 73.392085, "colour": "#eab308", "tier": "Tier 3 - Mitigate"}}, {"type": "Feature", "geometry": {"type": "Polygon", "coordinates": [[[73.319674, 22.176949], [73.317262, 22.185949], [73.310674, 22.192537], [73.301674, 22.194949], [73.292674, 22.192537], [73.286086, 22.185949], [73.283674, 22.176949], [73.286086, 22.167949], [73.292674, 22.161361], [73.301674, 22.158949], [73.310674, 22.161361], [73.317262, 22.167949], [73.319674, 22.176949]]]}, "properties": {"village_name": "Baherampura", "subdistrict": "Dabhoi", "village_code": 520932, "composite_risk_score": 0.65, "flood_hazard_score": 0.515, "erosion_risk": 0.98, "cloudburst_probability": 0.928, "landslide_susceptibility": 0.603, "total_population": 514, "latitude": 22.176949, "longitude": 73.301674, "colour": "#f97316", "tier": "Tier 2 - Relocate"}}, {"type": "Feature", "geometry": {"type": "Polygon", "coordinates": [[[73.334668, 22.181324], [73.332256, 22.190324], [73.325668, 22.196912], [73.316668, 22.199324], [73.307668, 22.196912], [73.30108, 22.190324], [73.298668, 22.181324], [73.30108, 22.172324], [73.307668, 22.165736], [73.316668, 22.163324], [73.325668, 22.165736], [73.332256, 22.172324], [73.334668, 22.181324]]]}, "properties": {"village_name": "Navapur", "subdistrict": "Dabhoi", "village_code": 520933, "composite_risk_score": 0.639, "flood_hazard_score": 0.541, "erosion_risk": 0.98, "cloudburst_probability": 0.931, "landslide_susceptibility": 0.604, "total_population": 356, "latitude": 22.181324, "longitude": 73.316668, "colour": "#f97316", "tier": "Tier 2 - Relocate"}}, {"type": "Feature", "geometry": {"type": "Polygon", "coordinates": [[[73.382609, 22.163756], [73.380197, 22.172756], [73.373609, 22.179344], [73.364609, 22.181756], [73.355609, 22.179344], [73.349021, 22.172756], [73.346609, 22.163756], [73.349021, 22.154756], [73.355609, 22.148168], [73.364609, 22.145756], [73.373609, 22.148168], [73.380197, 22.154756], [73.382609, 22.163756]]]}, "properties": {"village_name": "Ambav", "subdistrict": "Dabhoi", "village_code": 520958, "composite_risk_score": 0.544, "flood_hazard_score": 0.394, "erosion_risk": 0.98, "cloudburst_probability": 0.95, "landslide_susceptibility": 0.615, "total_population": 851, "latitude": 22.163756, "longitude": 73.364609, "colour": "#eab308", "tier": "Tier 3 - Mitigate"}}, {"type": "Feature", "geometry": {"type": "Polygon", "coordinates": [[[73.393582, 22.17066], [73.39117, 22.17966], [73.384582, 22.186248], [73.375582, 22.18866], [73.366582, 22.186248], [73.359994, 22.17966], [73.357582, 22.17066], [73.359994, 22.16166], [73.366582, 22.155072], [73.375582, 22.15266], [73.384582, 22.155072], [73.39117, 22.16166], [73.393582, 22.17066]]]}, "properties": {"village_name": "Puda", "subdistrict": "Dabhoi", "village_code": 520959, "composite_risk_score": 0.598, "flood_hazard_score": 0.484, "erosion_risk": 0.98, "cloudburst_probability": 0.893, "landslide_susceptibility": 0.574, "total_population": 858, "latitude": 22.17066, "longitude": 73.375582, "colour": "#eab308", "tier": "Tier 3 - Mitigate"}}, {"type": "Feature", "geometry": {"type": "Polygon", "coordinates": [[[73.359034, 22.160641], [73.356622, 22.169641], [73.350034, 22.176229], [73.341034, 22.178641], [73.332034, 22.176229], [73.325446, 22.169641], [73.323034, 22.160641], [73.325446, 22.151641], [73.332034, 22.145053], [73.341034, 22.142641], [73.350034, 22.145053], [73.356622, 22.151641], [73.359034, 22.160641]]]}, "properties": {"village_name": "Thuvavi", "subdistrict": "Dabhoi", "village_code": 520957, "composite_risk_score": 0.48, "flood_hazard_score": 0.506, "erosion_risk": 0.98, "cloudburst_probability": 0.95, "landslide_susceptibility": 0.629, "total_population": 2651, "latitude": 22.160641, "longitude": 73.341034, "colour": "#eab308", "tier": "Tier 3 - Mitigate"}}, {"type": "Feature", "geometry": {"type": "Polygon", "coordinates": [[[73.341543, 22.165455], [73.339131, 22.174455], [73.332543, 22.181043], [73.323543, 22.183455], [73.314543, 22.181043], [73.307955, 22.174455], [73.305543, 22.165455], [73.307955, 22.156455], [73.314543, 22.149867], [73.323543, 22.147455], [73.332543, 22.149867], [73.339131, 22.156455], [73.341543, 22.165455]]]}, "properties": {"village_name": "Rajli", "subdistrict": "Dabhoi", "village_code": 520954, "composite_risk_score": 0.634, "flood_hazard_score": 0.511, "erosion_risk": 0.98, "cloudburst_probability": 0.95, "landslide_susceptibility": 0.627, "total_population": 789, "latitude": 22.165455, "longitude": 73.323543, "colour": "#f97316", "tier": "Tier 2 - Relocate"}}, {"type": "Feature", "geometry": {"type": "Polygon", "coordinates": [[[73.3213, 22.159431], [73.318888, 22.168431], [73.3123, 22.175019], [73.3033, 22.177431], [73.2943, 22.175019], [73.287712, 22.168431], [73.2853, 22.159431], [73.287712, 22.150431], [73.2943, 22.143843], [73.3033, 22.141431], [73.3123, 22.143843], [73.318888, 22.150431], [73.3213, 22.159431]]]}, "properties": {"village_name": "Anguthan", "subdistrict": "Dabhoi", "village_code": 520955, "composite_risk_score": 0.586, "flood_hazard_score": 0.505, "erosion_risk": 0.98, "cloudburst_probability": 0.95, "landslide_susceptibility": 0.646, "total_population": 1177, "latitude": 22.159431, "longitude": 73.3033, "colour": "#eab308", "tier": "Tier 3 - Mitigate"}}, {"type": "Feature", "geometry": {"type": "Polygon", "coordinates": [[[73.400468, 22.153796], [73.398056, 22.162796], [73.391468, 22.169384], [73.382468, 22.171796], [73.373468, 22.169384], [73.36688, 22.162796], [73.364468, 22.153796], [73.36688, 22.144796], [73.373468, 22.138208], [73.382468, 22.135796], [73.391468, 22.138208], [73.398056, 22.144796], [73.400468, 22.153796]]]}, "properties": {"village_name": "Hansapura", "subdistrict": "Dabhoi", "village_code": 520960, "composite_risk_score": 0.487, "flood_hazard_score": 0.424, "erosion_risk": 0.98, "cloudburst_probability": 0.9, "landslide_susceptibility": 0.585, "total_population": 430, "latitude": 22.153796, "longitude": 73.382468, "colour": "#eab308", "tier": "Tier 3 - Mitigate"}}, {"type": "Feature", "geometry": {"type": "Polygon", "coordinates": [[[73.41791, 22.154333], [73.415498, 22.163333], [73.40891, 22.169921], [73.39991, 22.172333], [73.39091, 22.169921], [73.384322, 22.163333], [73.38191, 22.154333], [73.384322, 22.145333], [73.39091, 22.138745], [73.39991, 22.136333], [73.40891, 22.138745], [73.415498, 22.145333], [73.41791, 22.154333]]]}, "properties": {"village_name": "Kajapur", "subdistrict": "Dabhoi", "village_code": 520961, "composite_risk_score": 0.558, "flood_hazard_score": 0.545, "erosion_risk": 0.98, "cloudburst_probability": 0.904, "landslide_susceptibility": 0.588, "total_population": 694, "latitude": 22.154333, "longitude": 73.39991, "colour": "#eab308", "tier": "Tier 3 - Mitigate"}}, {"type": "Feature", "geometry": {"type": "Polygon", "coordinates": [[[73.403446, 22.14562], [73.401034, 22.15462], [73.394446, 22.161208], [73.385446, 22.16362], [73.376446, 22.161208], [73.369858, 22.15462], [73.367446, 22.14562], [73.369858, 22.13662], [73.376446, 22.130032], [73.385446, 22.12762], [73.394446, 22.130032], [73.401034, 22.13662], [73.403446, 22.14562]]]}, "properties": {"village_name": "Vega", "subdistrict": "Dabhoi", "village_code": 520972, "composite_risk_score": 0.543, "flood_hazard_score": 0.419, "erosion_risk": 0.98, "cloudburst_probability": 0.9, "landslide_susceptibility": 0.586, "total_population": 852, "latitude": 22.14562, "longitude": 73.385446, "colour": "#eab308", "tier": "Tier 3 - Mitigate"}}, {"type": "Feature", "geometry": {"type": "Polygon", "coordinates": [[[73.356357, 22.136422], [73.353945, 22.145422], [73.347357, 22.15201], [73.338357, 22.154422], [73.329357, 22.15201], [73.322769, 22.145422], [73.320357, 22.136422], [73.322769, 22.127422], [73.329357, 22.120834], [73.338357, 22.118422], [73.347357, 22.120834], [73.353945, 22.127422], [73.356357, 22.136422]]]}, "properties": {"village_name": "Borbar", "subdistrict": "Dabhoi", "village_code": 520974, "composite_risk_score": 0.564, "flood_hazard_score": 0.434, "erosion_risk": 0.98, "cloudburst_probability": 0.933, "landslide_susceptibility": 0.594, "total_population": 1149, "latitude": 22.136422, "longitude": 73.338357, "colour": "#eab308", "tier": "Tier 3 - Mitigate"}}, {"type": "Feature", "geometry": {"type": "Polygon", "coordinates": [[[73.320603, 22.138527], [73.318191, 22.147527], [73.311603, 22.154115], [73.302603, 22.156527], [73.293603, 22.154115], [73.287015, 22.147527], [73.284603, 22.138527], [73.287015, 22.129527], [73.293603, 22.122939], [73.302603, 22.120527], [73.311603, 22.122939], [73.318191, 22.129527], [73.320603, 22.138527]]]}, "properties": {"village_name": "Nariya", "subdistrict": "Dabhoi", "village_code": 520956, "composite_risk_score": 0.6, "flood_hazard_score": 0.412, "erosion_risk": 0.98, "cloudburst_probability": 0.95, "landslide_susceptibility": 0.646, "total_population": 1139, "latitude": 22.138527, "longitude": 73.302603, "colour": "#f97316", "tier": "Tier 2 - Relocate"}}, {"type": "Feature", "geometry": {"type": "Polygon", "coordinates": [[[73.390255, 22.141432], [73.387843, 22.150432], [73.381255, 22.15702], [73.372255, 22.159432], [73.363255, 22.15702], [73.356667, 22.150432], [73.354255, 22.141432], [73.356667, 22.132432], [73.363255, 22.125844], [73.372255, 22.123432], [73.381255, 22.125844], [73.387843, 22.132432], [73.390255, 22.141432]]]}, "properties": {"village_name": "Fartikui", "subdistrict": "Dabhoi", "village_code": 520971, "composite_risk_score": 0.499, "flood_hazard_score": 0.318, "erosion_risk": 0.98, "cloudburst_probability": 0.936, "landslide_susceptibility": 0.605, "total_population": 877, "latitude": 22.141432, "longitude": 73.372255, "colour": "#eab308", "tier": "Tier 3 - Mitigate"}}, {"type": "Feature", "geometry": {"type": "Polygon", "coordinates": [[[73.328806, 22.129972], [73.326394, 22.138972], [73.319806, 22.14556], [73.310806, 22.147972], [73.301806, 22.14556], [73.295218, 22.138972], [73.292806, 22.129972], [73.295218, 22.120972], [73.301806, 22.114384], [73.310806, 22.111972], [73.319806, 22.114384], [73.326394, 22.120972], [73.328806, 22.129972]]]}, "properties": {"village_name": "Thikariya", "subdistrict": "Dabhoi", "village_code": 520975, "composite_risk_score": 0.553, "flood_hazard_score": 0.427, "erosion_risk": 0.98, "cloudburst_probability": 0.914, "landslide_susceptibility": 0.595, "total_population": 278, "latitude": 22.129972, "longitude": 73.310806, "colour": "#eab308", "tier": "Tier 3 - Mitigate"}}, {"type": "Feature", "geometry": {"type": "Polygon", "coordinates": [[[73.295309, 22.127059], [73.292897, 22.136059], [73.286309, 22.142647], [73.277309, 22.145059], [73.268309, 22.142647], [73.261721, 22.136059], [73.259309, 22.127059], [73.261721, 22.118059], [73.268309, 22.111471], [73.277309, 22.109059], [73.286309, 22.111471], [73.292897, 22.118059], [73.295309, 22.127059]]]}, "properties": {"village_name": "Dangikuva", "subdistrict": "Dabhoi", "village_code": 520976, "composite_risk_score": 0.586, "flood_hazard_score": 0.388, "erosion_risk": 0.98, "cloudburst_probability": 0.95, "landslide_susceptibility": 0.666, "total_population": 389, "latitude": 22.127059, "longitude": 73.277309, "colour": "#eab308", "tier": "Tier 3 - Mitigate"}}, {"type": "Feature", "geometry": {"type": "Polygon", "coordinates": [[[73.226264, 22.208463], [73.223852, 22.217463], [73.217264, 22.224051], [73.208264, 22.226463], [73.199264, 22.224051], [73.192676, 22.217463], [73.190264, 22.208463], [73.192676, 22.199463], [73.199264, 22.192875], [73.208264, 22.190463], [73.217264, 22.192875], [73.223852, 22.199463], [73.226264, 22.208463]]]}, "properties": {"village_name": "Mujar Gamdi", "subdistrict": "Vadodara Rural", "village_code": 519871, "composite_risk_score": 0.49, "flood_hazard_score": 0.438, "erosion_risk": 0.98, "cloudburst_probability": 0.905, "landslide_susceptibility": 0.584, "total_population": 494, "latitude": 22.208463, "longitude": 73.208264, "colour": "#eab308", "tier": "Tier 3 - Mitigate"}}, {"type": "Feature", "geometry": {"type": "Polygon", "coordinates": [[[73.237301, 22.212751], [73.234889, 22.221751], [73.228301, 22.228339], [73.219301, 22.230751], [73.210301, 22.228339], [73.203713, 22.221751], [73.201301, 22.212751], [73.203713, 22.203751], [73.210301, 22.197163], [73.219301, 22.194751], [73.228301, 22.197163], [73.234889, 22.203751], [73.237301, 22.212751]]]}, "properties": {"village_name": "Vora Gamdi", "subdistrict": "Vadodara Rural", "village_code": 519870, "composite_risk_score": 0.474, "flood_hazard_score": 0.468, "erosion_risk": 0.98, "cloudburst_probability": 0.897, "landslide_susceptibility": 0.585, "total_population": 688, "latitude": 22.212751, "longitude": 73.219301, "colour": "#eab308", "tier": "Tier 3 - Mitigate"}}, {"type": "Feature", "geometry": {"type": "Polygon", "coordinates": [[[73.267285, 22.206285], [73.264873, 22.215285], [73.258285, 22.221873], [73.249285, 22.224285], [73.240285, 22.221873], [73.233697, 22.215285], [73.231285, 22.206285], [73.233697, 22.197285], [73.240285, 22.190697], [73.249285, 22.188285], [73.258285, 22.190697], [73.264873, 22.197285], [73.267285, 22.206285]]]}, "properties": {"village_name": "Dhaniyavi", "subdistrict": "Vadodara Rural", "village_code": 519869, "composite_risk_score": 0.524, "flood_hazard_score": 0.387, "erosion_risk": 0.98, "cloudburst_probability": 0.95, "landslide_susceptibility": 0.635, "total_population": 2353, "latitude": 22.206285, "longitude": 73.249285, "colour": "#eab308", "tier": "Tier 3 - Mitigate"}}, {"type": "Feature", "geometry": {"type": "Polygon", "coordinates": [[[73.203476, 22.180305], [73.201064, 22.189305], [73.194476, 22.195893], [73.185476, 22.198305], [73.176476, 22.195893], [73.169888, 22.189305], [73.167476, 22.180305], [73.169888, 22.171305], [73.176476, 22.164717], [73.185476, 22.162305], [73.194476, 22.164717], [73.201064, 22.171305], [73.203476, 22.180305]]]}, "properties": {"village_name": "Varnama", "subdistrict": "Vadodara Rural", "village_code": 519873, "composite_risk_score": 0.449, "flood_hazard_score": 0.438, "erosion_risk": 0.98, "cloudburst_probability": 0.943, "landslide_susceptibility": 0.61, "total_population": 4251, "latitude": 22.180305, "longitude": 73.185476, "colour": "#eab308", "tier": "Tier 3 - Mitigate"}}, {"type": "Feature", "geometry": {"type": "Polygon", "coordinates": [[[73.236524, 22.184391], [73.234112, 22.193391], [73.227524, 22.199979], [73.218524, 22.202391], [73.209524, 22.199979], [73.202936, 22.193391], [73.200524, 22.184391], [73.202936, 22.175391], [73.209524, 22.168803], [73.218524, 22.166391], [73.227524, 22.168803], [73.234112, 22.175391], [73.236524, 22.184391]]]}, "properties": {"village_name": "Sundarpura", "subdistrict": "Vadodara Rural", "village_code": 519874, "composite_risk_score": 0.562, "flood_hazard_score": 0.42, "erosion_risk": 0.98, "cloudburst_probability": 0.95, "landslide_susceptibility": 0.646, "total_population": 1267, "latitude": 22.184391, "longitude": 73.218524, "colour": "#eab308", "tier": "Tier 3 - Mitigate"}}, {"type": "Feature", "geometry": {"type": "Polygon", "coordinates": [[[73.280388, 22.186983], [73.277976, 22.195983], [73.271388, 22.202571], [73.262388, 22.204983], [73.253388, 22.202571], [73.2468, 22.195983], [73.244388, 22.186983], [73.2468, 22.177983], [73.253388, 22.171395], [73.262388, 22.168983], [73.271388, 22.171395], [73.277976, 22.177983], [73.280388, 22.186983]]]}, "properties": {"village_name": "Raghavpura", "subdistrict": "Vadodara Rural", "village_code": 519877, "composite_risk_score": 0.556, "flood_hazard_score": 0.489, "erosion_risk": 0.98, "cloudburst_probability": 0.95, "landslide_susceptibility": 0.615, "total_population": 850, "latitude": 22.186983, "longitude": 73.262388, "colour": "#eab308", "tier": "Tier 3 - Mitigate"}}, {"type": "Feature", "geometry": {"type": "Polygon", "coordinates": [[[73.27514, 22.173582], [73.272728, 22.182582], [73.26614, 22.18917], [73.25714, 22.191582], [73.24814, 22.18917], [73.241552, 22.182582], [73.23914, 22.173582], [73.241552, 22.164582], [73.24814, 22.157994], [73.25714, 22.155582], [73.26614, 22.157994], [73.272728, 22.164582], [73.27514, 22.173582]]]}, "properties": {"village_name": "Patarveni", "subdistrict": "Vadodara Rural", "village_code": 519879, "composite_risk_score": 0.634, "flood_hazard_score": 0.514, "erosion_risk": 0.98, "cloudburst_probability": 0.936, "landslide_susceptibility": 0.606, "total_population": 721, "latitude": 22.173582, "longitude": 73.25714, "colour": "#f97316", "tier": "Tier 2 - Relocate"}}, {"type": "Feature", "geometry": {"type": "Polygon", "coordinates": [[[73.254638, 22.177526], [73.252226, 22.186526], [73.245638, 22.193114], [73.236638, 22.195526], [73.227638, 22.193114], [73.22105, 22.186526], [73.218638, 22.177526], [73.22105, 22.168526], [73.227638, 22.161938], [73.236638, 22.159526], [73.245638, 22.161938], [73.252226, 22.168526], [73.254638, 22.177526]]]}, "properties": {"village_name": "Shahpura", "subdistrict": "Vadodara Rural", "village_code": 519875, "composite_risk_score": 0.626, "flood_hazard_score": 0.531, "erosion_risk": 0.98, "cloudburst_probability": 0.947, "landslide_susceptibility": 0.615, "total_population": 493, "latitude": 22.177526, "longitude": 73.236638, "colour": "#f97316", "tier": "Tier 2 - Relocate"}}, {"type": "Feature", "geometry": {"type": "Polygon", "coordinates": [[[73.283683, 22.177009], [73.281271, 22.186009], [73.274683, 22.192597], [73.265683, 22.195009], [73.256683, 22.192597], [73.250095, 22.186009], [73.247683, 22.177009], [73.250095, 22.168009], [73.256683, 22.161421], [73.265683, 22.159009], [73.274683, 22.161421], [73.281271, 22.168009], [73.283683, 22.177009]]]}, "properties": {"village_name": "Samaspura", "subdistrict": "Vadodara Rural", "village_code": 519878, "composite_risk_score": 0.66, "flood_hazard_score": 0.553, "erosion_risk": 0.98, "cloudburst_probability": 0.949, "landslide_susceptibility": 0.608, "total_population": 961, "latitude": 22.177009, "longitude": 73.265683, "colour": "#f97316", "tier": "Tier 2 - Relocate"}}, {"type": "Feature", "geometry": {"type": "Polygon", "coordinates": [[[73.262571, 22.163973], [73.260159, 22.172973], [73.253571, 22.179561], [73.244571, 22.181973], [73.235571, 22.179561], [73.228983, 22.172973], [73.226571, 22.163973], [73.228983, 22.154973], [73.235571, 22.148385], [73.244571, 22.145973], [73.253571, 22.148385], [73.260159, 22.154973], [73.262571, 22.163973]]]}, "properties": {"village_name": "Hansapura", "subdistrict": "Vadodara Rural", "village_code": 519887, "composite_risk_score": 0.605, "flood_hazard_score": 0.451, "erosion_risk": 0.98, "cloudburst_probability": 0.936, "landslide_susceptibility": 0.603, "total_population": 308, "latitude": 22.163973, "longitude": 73.244571, "colour": "#f97316", "tier": "Tier 2 - Relocate"}}, {"type": "Feature", "geometry": {"type": "Polygon", "coordinates": [[[73.295417, 22.163233], [73.293005, 22.172233], [73.286417, 22.178821], [73.277417, 22.181233], [73.268417, 22.178821], [73.261829, 22.172233], [73.259417, 22.163233], [73.261829, 22.154233], [73.268417, 22.147645], [73.277417, 22.145233], [73.286417, 22.147645], [73.293005, 22.154233], [73.295417, 22.163233]]]}, "properties": {"village_name": "Mastupur Gamdi", "subdistrict": "Vadodara Rural", "village_code": 519888, "composite_risk_score": 0.625, "flood_hazard_score": 0.477, "erosion_risk": 0.98, "cloudburst_probability": 0.95, "landslide_susceptibility": 0.644, "total_population": 430, "latitude": 22.163233, "longitude": 73.277417, "colour": "#f97316", "tier": "Tier 2 - Relocate"}}, {"type": "Feature", "geometry": {"type": "Polygon", "coordinates": [[[73.241225, 22.166403], [73.238813, 22.175403], [73.232225, 22.181991], [73.223225, 22.184403], [73.214225, 22.181991], [73.207637, 22.175403], [73.205225, 22.166403], [73.207637, 22.157403], [73.214225, 22.150815], [73.223225, 22.148403], [73.232225, 22.150815], [73.238813, 22.157403], [73.241225, 22.166403]]]}, "properties": {"village_name": "Fatepura", "subdistrict": "Vadodara Rural", "village_code": 519881, "composite_risk_score": 0.536, "flood_hazard_score": 0.54, "erosion_risk": 0.98, "cloudburst_probability": 0.944, "landslide_susceptibility": 0.606, "total_population": 278, "latitude": 22.166403, "longitude": 73.223225, "colour": "#eab308", "tier": "Tier 3 - Mitigate"}}, {"type": "Feature", "geometry": {"type": "Polygon", "coordinates": [[[73.252141, 22.153972], [73.249729, 22.162972], [73.243141, 22.16956], [73.234141, 22.171972], [73.225141, 22.16956], [73.218553, 22.162972], [73.216141, 22.153972], [73.218553, 22.144972], [73.225141, 22.138384], [73.234141, 22.135972], [73.243141, 22.138384], [73.249729, 22.144972], [73.252141, 22.153972]]]}, "properties": {"village_name": "Ajitpura", "subdistrict": "Vadodara Rural", "village_code": 519892, "composite_risk_score": 0.564, "flood_hazard_score": 0.466, "erosion_risk": 0.98, "cloudburst_probability": 0.913, "landslide_susceptibility": 0.593, "total_population": 190, "latitude": 22.153972, "longitude": 73.234141, "colour": "#eab308", "tier": "Tier 3 - Mitigate"}}, {"type": "Feature", "geometry": {"type": "Polygon", "coordinates": [[[73.231603, 22.156066], [73.229191, 22.165066], [73.222603, 22.171654], [73.213603, 22.174066], [73.204603, 22.171654], [73.198015, 22.165066], [73.195603, 22.156066], [73.198015, 22.147066], [73.204603, 22.140478], [73.213603, 22.138066], [73.222603, 22.140478], [73.229191, 22.147066], [73.231603, 22.156066]]]}, "properties": {"village_name": "Kajapur", "subdistrict": "Vadodara Rural", "village_code": 519886, "composite_risk_score": 0.575, "flood_hazard_score": 0.522, "erosion_risk": 0.98, "cloudburst_probability": 0.95, "landslide_susceptibility": 0.612, "total_population": 462, "latitude": 22.156066, "longitude": 73.213603, "colour": "#eab308", "tier": "Tier 3 - Mitigate"}}, {"type": "Feature", "geometry": {"type": "Polygon", "coordinates": [[[73.2788, 22.148334], [73.276388, 22.157334], [73.2698, 22.163922], [73.2608, 22.166334], [73.2518, 22.163922], [73.245212, 22.157334], [73.2428, 22.148334], [73.245212, 22.139334], [73.2518, 22.132746], [73.2608, 22.130334], [73.2698, 22.132746], [73.276388, 22.139334], [73.2788, 22.148334]]]}, "properties": {"village_name": "Salad", "subdistrict": "Vadodara Rural", "village_code": 519891, "composite_risk_score": 0.582, "flood_hazard_score": 0.464, "erosion_risk": 0.98, "cloudburst_probability": 0.95, "landslide_susceptibility": 0.627, "total_population": 1501, "latitude": 22.148334, "longitude": 73.2608, "colour": "#eab308", "tier": "Tier 3 - Mitigate"}}, {"type": "Feature", "geometry": {"type": "Polygon", "coordinates": [[[73.216403, 22.151983], [73.213991, 22.160983], [73.207403, 22.167571], [73.198403, 22.169983], [73.189403, 22.167571], [73.182815, 22.160983], [73.180403, 22.151983], [73.182815, 22.142983], [73.189403, 22.136395], [73.198403, 22.133983], [73.207403, 22.136395], [73.213991, 22.142983], [73.216403, 22.151983]]]}, "properties": {"village_name": "Untiya Kajapur", "subdistrict": "Vadodara Rural", "village_code": 519885, "composite_risk_score": 0.589, "flood_hazard_score": 0.485, "erosion_risk": 0.98, "cloudburst_probability": 0.934, "landslide_susceptibility": 0.605, "total_population": 313, "latitude": 22.151983, "longitude": 73.198403, "colour": "#eab308", "tier": "Tier 3 - Mitigate"}}, {"type": "Feature", "geometry": {"type": "Polygon", "coordinates": [[[73.298713, 22.152256], [73.296301, 22.161256], [73.289713, 22.167844], [73.280713, 22.170256], [73.271713, 22.167844], [73.265125, 22.161256], [73.262713, 22.152256], [73.265125, 22.143256], [73.271713, 22.136668], [73.280713, 22.134256], [73.289713, 22.136668], [73.296301, 22.143256], [73.298713, 22.152256]]]}, "properties": {"village_name": "Kandkoi", "subdistrict": "Vadodara Rural", "village_code": 519889, "composite_risk_score": 0.477, "flood_hazard_score": 0.382, "erosion_risk": 0.98, "cloudburst_probability": 0.95, "landslide_susceptibility": 0.657, "total_population": 155, "latitude": 22.152256, "longitude": 73.280713, "colour": "#eab308", "tier": "Tier 3 - Mitigate"}}, {"type": "Feature", "geometry": {"type": "Polygon", "coordinates": [[[73.236235, 22.145677], [73.233823, 22.154677], [73.227235, 22.161265], [73.218235, 22.163677], [73.209235, 22.161265], [73.202647, 22.154677], [73.200235, 22.145677], [73.202647, 22.136677], [73.209235, 22.130089], [73.218235, 22.127677], [73.227235, 22.130089], [73.233823, 22.136677], [73.236235, 22.145677]]]}, "properties": {"village_name": "Dolatpura", "subdistrict": "Vadodara Rural", "village_code": 519893, "composite_risk_score": 0.562, "flood_hazard_score": 0.507, "erosion_risk": 0.98, "cloudburst_probability": 0.923, "landslide_susceptibility": 0.594, "total_population": 82, "latitude": 22.145677, "longitude": 73.218235, "colour": "#eab308", "tier": "Tier 3 - Mitigate"}}, {"type": "Feature", "geometry": {"type": "Polygon", "coordinates": [[[73.213065, 22.134139], [73.210653, 22.143139], [73.204065, 22.149727], [73.195065, 22.152139], [73.186065, 22.149727], [73.179477, 22.143139], [73.177065, 22.134139], [73.179477, 22.125139], [73.186065, 22.118551], [73.195065, 22.116139], [73.204065, 22.118551], [73.210653, 22.125139], [73.213065, 22.134139]]]}, "properties": {"village_name": "Por", "subdistrict": "Vadodara Rural", "village_code": 519894, "composite_risk_score": 0.628, "flood_hazard_score": 0.557, "erosion_risk": 0.98, "cloudburst_probability": 0.901, "landslide_susceptibility": 0.586, "total_population": 7342, "latitude": 22.134139, "longitude": 73.195065, "colour": "#f97316", "tier": "Tier 2 - Relocate"}}, {"type": "Feature", "geometry": {"type": "Polygon", "coordinates": [[[73.221911, 22.129567], [73.219499, 22.138567], [73.212911, 22.145155], [73.203911, 22.147567], [73.194911, 22.145155], [73.188323, 22.138567], [73.185911, 22.129567], [73.188323, 22.120567], [73.194911, 22.113979], [73.203911, 22.111567], [73.212911, 22.113979], [73.219499, 22.120567], [73.221911, 22.129567]]]}, "properties": {"village_name": "Ankhi", "subdistrict": "Vadodara Rural", "village_code": 519900, "composite_risk_score": 0.589, "flood_hazard_score": 0.464, "erosion_risk": 0.98, "cloudburst_probability": 0.905, "landslide_susceptibility": 0.576, "total_population": 1179, "latitude": 22.129567, "longitude": 73.203911, "colour": "#eab308", "tier": "Tier 3 - Mitigate"}}, {"type": "Feature", "geometry": {"type": "Polygon", "coordinates": [[[73.251564, 22.140617], [73.249152, 22.149617], [73.242564, 22.156205], [73.233564, 22.158617], [73.224564, 22.156205], [73.217976, 22.149617], [73.215564, 22.140617], [73.217976, 22.131617], [73.224564, 22.125029], [73.233564, 22.122617], [73.242564, 22.125029], [73.249152, 22.131617], [73.251564, 22.140617]]]}, "properties": {"village_name": "Rasulpur", "subdistrict": "Vadodara Rural", "village_code": 519903, "composite_risk_score": 0.623, "flood_hazard_score": 0.518, "erosion_risk": 0.98, "cloudburst_probability": 0.95, "landslide_susceptibility": 0.627, "total_population": 68, "latitude": 22.140617, "longitude": 73.233564, "colour": "#f97316", "tier": "Tier 2 - Relocate"}}, {"type": "Feature", "geometry": {"type": "Polygon", "coordinates": [[[73.257275, 22.127215], [73.254863, 22.136215], [73.248275, 22.142803], [73.239275, 22.145215], [73.230275, 22.142803], [73.223687, 22.136215], [73.221275, 22.127215], [73.223687, 22.118215], [73.230275, 22.111627], [73.239275, 22.109215], [73.248275, 22.111627], [73.254863, 22.118215], [73.257275, 22.127215]]]}, "properties": {"village_name": "Runvad", "subdistrict": "Vadodara Rural", "village_code": 519904, "composite_risk_score": 0.61, "flood_hazard_score": 0.456, "erosion_risk": 0.98, "cloudburst_probability": 0.935, "landslide_susceptibility": 0.604, "total_population": 1400, "latitude": 22.127215, "longitude": 73.239275, "colour": "#f97316", "tier": "Tier 2 - Relocate"}}, {"type": "Feature", "geometry": {"type": "Polygon", "coordinates": [[[73.241695, 22.134989], [73.239283, 22.143989], [73.232695, 22.150577], [73.223695, 22.152989], [73.214695, 22.150577], [73.208107, 22.143989], [73.205695, 22.134989], [73.208107, 22.125989], [73.214695, 22.119401], [73.223695, 22.116989], [73.232695, 22.119401], [73.239283, 22.125989], [73.241695, 22.134989]]]}, "properties": {"village_name": "Ramnath", "subdistrict": "Vadodara Rural", "village_code": 519902, "composite_risk_score": 0.543, "flood_hazard_score": 0.484, "erosion_risk": 0.98, "cloudburst_probability": 0.918, "landslide_susceptibility": 0.571, "total_population": 1239, "latitude": 22.134989, "longitude": 73.223695, "colour": "#eab308", "tier": "Tier 3 - Mitigate"}}, {"type": "Feature", "geometry": {"type": "Polygon", "coordinates": [[[73.239401, 22.123439], [73.236989, 22.132439], [73.230401, 22.139027], [73.221401, 22.141439], [73.212401, 22.139027], [73.205813, 22.132439], [73.203401, 22.123439], [73.205813, 22.114439], [73.212401, 22.107851], [73.221401, 22.105439], [73.230401, 22.107851], [73.236989, 22.114439], [73.239401, 22.123439]]]}, "properties": {"village_name": "Fajalpur Ankhi", "subdistrict": "Vadodara Rural", "village_code": 519901, "composite_risk_score": 0.525, "flood_hazard_score": 0.39, "erosion_risk": 0.98, "cloudburst_probability": 0.95, "landslide_susceptibility": 0.608, "total_population": 579, "latitude": 22.123439, "longitude": 73.221401, "colour": "#eab308", "tier": "Tier 3 - Mitigate"}}, {"type": "Feature", "geometry": {"type": "Polygon", "coordinates": [[[73.078154, 22.286455], [73.075742, 22.295455], [73.069154, 22.302043], [73.060154, 22.304455], [73.051154, 22.302043], [73.044566, 22.295455], [73.042154, 22.286455], [73.044566, 22.277455], [73.051154, 22.270867], [73.060154, 22.268455], [73.069154, 22.270867], [73.075742, 22.277455], [73.078154, 22.286455]]]}, "properties": {"village_name": "Jaspur", "subdistrict": "Padra", "village_code": 521039, "composite_risk_score": 0.538, "flood_hazard_score": 0.416, "erosion_risk": 0.98, "cloudburst_probability": 0.903, "landslide_susceptibility": 0.586, "total_population": 7658, "latitude": 22.286455, "longitude": 73.060154, "colour": "#eab308", "tier": "Tier 3 - Mitigate"}}, {"type": "Feature", "geometry": {"type": "Polygon", "coordinates": [[[73.04798, 22.268181], [73.045568, 22.277181], [73.03898, 22.283769], [73.02998, 22.286181], [73.02098, 22.283769], [73.014392, 22.277181], [73.01198, 22.268181], [73.014392, 22.259181], [73.02098, 22.252593], [73.02998, 22.250181], [73.03898, 22.252593], [73.045568, 22.259181], [73.04798, 22.268181]]]}, "properties": {"village_name": "Umaraya", "subdistrict": "Padra", "village_code": 521043, "composite_risk_score": 0.582, "flood_hazard_score": 0.463, "erosion_risk": 0.98, "cloudburst_probability": 0.945, "landslide_susceptibility": 0.579, "total_population": 4115, "latitude": 22.268181, "longitude": 73.02998, "colour": "#eab308", "tier": "Tier 3 - Mitigate"}}, {"type": "Feature", "geometry": {"type": "Polygon", "coordinates": [[[73.087227, 22.266245], [73.084815, 22.275245], [73.078227, 22.281833], [73.069227, 22.284245], [73.060227, 22.281833], [73.053639, 22.275245], [73.051227, 22.266245], [73.053639, 22.257245], [73.060227, 22.250657], [73.069227, 22.248245], [73.078227, 22.250657], [73.084815, 22.257245], [73.087227, 22.266245]]]}, "properties": {"village_name": "Tajpura", "subdistrict": "Padra", "village_code": 521041, "composite_risk_score": 0.56, "flood_hazard_score": 0.375, "erosion_risk": 0.98, "cloudburst_probability": 0.95, "landslide_susceptibility": 0.659, "total_population": 1720, "latitude": 22.266245, "longitude": 73.069227, "colour": "#eab308", "tier": "Tier 3 - Mitigate"}}, {"type": "Feature", "geometry": {"type": "Polygon", "coordinates": [[[73.067273, 22.26456], [73.064861, 22.27356], [73.058273, 22.280148], [73.049273, 22.28256], [73.040273, 22.280148], [73.033685, 22.27356], [73.031273, 22.26456], [73.033685, 22.25556], [73.040273, 22.248972], [73.049273, 22.24656], [73.058273, 22.248972], [73.064861, 22.25556], [73.067273, 22.26456]]]}, "properties": {"village_name": "Luna", "subdistrict": "Padra", "village_code": 521042, "composite_risk_score": 0.591, "flood_hazard_score": 0.344, "erosion_risk": 0.98, "cloudburst_probability": 0.921, "landslide_susceptibility": 0.607, "total_population": 2739, "latitude": 22.26456, "longitude": 73.049273, "colour": "#eab308", "tier": "Tier 3 - Mitigate"}}, {"type": "Feature", "geometry": {"type": "Polygon", "coordinates": [[[73.105969, 22.264793], [73.103557, 22.273793], [73.096969, 22.280381], [73.087969, 22.282793], [73.078969, 22.280381], [73.072381, 22.273793], [73.069969, 22.264793], [73.072381, 22.255793], [73.078969, 22.249205], [73.087969, 22.246793], [73.096969, 22.249205], [73.103557, 22.255793], [73.105969, 22.264793]]]}, "properties": {"village_name": "Sangma", "subdistrict": "Padra", "village_code": 521040, "composite_risk_score": 0.55, "flood_hazard_score": 0.431, "erosion_risk": 0.98, "cloudburst_probability": 0.95, "landslide_susceptibility": 0.647, "total_population": 3096, "latitude": 22.264793, "longitude": 73.087969, "colour": "#eab308", "tier": "Tier 3 - Mitigate"}}, {"type": "Feature", "geometry": {"type": "Polygon", "coordinates": [[[73.035797, 22.256383], [73.033385, 22.265383], [73.026797, 22.271971], [73.017797, 22.274383], [73.008797, 22.271971], [73.002209, 22.265383], [72.999797, 22.256383], [73.002209, 22.247383], [73.008797, 22.240795], [73.017797, 22.238383], [73.026797, 22.240795], [73.033385, 22.247383], [73.035797, 22.256383]]]}, "properties": {"village_name": "Ekalbara", "subdistrict": "Padra", "village_code": 521044, "composite_risk_score": 0.586, "flood_hazard_score": 0.464, "erosion_risk": 0.98, "cloudburst_probability": 0.95, "landslide_susceptibility": 0.627, "total_population": 4435, "latitude": 22.256383, "longitude": 73.017797, "colour": "#eab308", "tier": "Tier 3 - Mitigate"}}, {"type": "Feature", "geometry": {"type": "Polygon", "coordinates": [[[73.010466, 22.245552], [73.008054, 22.254552], [73.001466, 22.26114], [72.992466, 22.263552], [72.983466, 22.26114], [72.976878, 22.254552], [72.974466, 22.245552], [72.976878, 22.236552], [72.983466, 22.229964], [72.992466, 22.227552], [73.001466, 22.229964], [73.008054, 22.236552], [73.010466, 22.245552]]]}, "properties": {"village_name": "Mujpur", "subdistrict": "Padra", "village_code": 521045, "composite_risk_score": 0.597, "flood_hazard_score": 0.492, "erosion_risk": 0.98, "cloudburst_probability": 0.95, "landslide_susceptibility": 0.629, "total_population": 9410, "latitude": 22.245552, "longitude": 72.992466, "colour": "#eab308", "tier": "Tier 3 - Mitigate"}}, {"type": "Feature", "geometry": {"type": "Polygon", "coordinates": [[[73.056788, 22.23737], [73.054376, 22.24637], [73.047788, 22.252958], [73.038788, 22.25537], [73.029788, 22.252958], [73.0232, 22.24637], [73.020788, 22.23737], [73.0232, 22.22837], [73.029788, 22.221782], [73.038788, 22.21937], [73.047788, 22.221782], [73.054376, 22.22837], [73.056788, 22.23737]]]}, "properties": {"village_name": "Dabhasa", "subdistrict": "Padra", "village_code": 521058, "composite_risk_score": 0.523, "flood_hazard_score": 0.372, "erosion_risk": 0.98, "cloudburst_probability": 0.935, "landslide_susceptibility": 0.606, "total_population": 8337, "latitude": 22.23737, "longitude": 73.038788, "colour": "#eab308", "tier": "Tier 3 - Mitigate"}}, {"type": "Feature", "geometry": {"type": "Polygon", "coordinates": [[[73.13175, 22.244837], [73.129338, 22.253837], [73.12275, 22.260425], [73.11375, 22.262837], [73.10475, 22.260425], [73.098162, 22.253837], [73.09575, 22.244837], [73.098162, 22.235837], [73.10475, 22.229249], [73.11375, 22.226837], [73.12275, 22.229249], [73.129338, 22.235837], [73.13175, 22.244837]]]}, "properties": {"village_name": "Sokhdakhurd", "subdistrict": "Padra", "village_code": 521059, "composite_risk_score": 0.589, "flood_hazard_score": 0.508, "erosion_risk": 0.98, "cloudburst_probability": 0.95, "landslide_susceptibility": 0.627, "total_population": 2139, "latitude": 22.244837, "longitude": 73.11375, "colour": "#eab308", "tier": "Tier 3 - Mitigate"}}, {"type": "Feature", "geometry": {"type": "Polygon", "coordinates": [[[73.031282, 22.234796], [73.02887, 22.243796], [73.022282, 22.250384], [73.013282, 22.252796], [73.004282, 22.250384], [72.997694, 22.243796], [72.995282, 22.234796], [72.997694, 22.225796], [73.004282, 22.219208], [73.013282, 22.216796], [73.022282, 22.219208], [73.02887, 22.225796], [73.031282, 22.234796]]]}, "properties": {"village_name": "Mahuvad", "subdistrict": "Padra", "village_code": 521057, "composite_risk_score": 0.494, "flood_hazard_score": 0.319, "erosion_risk": 0.98, "cloudburst_probability": 0.95, "landslide_susceptibility": 0.637, "total_population": 2564, "latitude": 22.234796, "longitude": 73.013282, "colour": "#eab308", "tier": "Tier 3 - Mitigate"}}, {"type": "Feature", "geometry": {"type": "Polygon", "coordinates": [[[73.124676, 22.228044], [73.122264, 22.237044], [73.115676, 22.243632], [73.106676, 22.246044], [73.097676, 22.243632], [73.091088, 22.237044], [73.088676, 22.228044], [73.091088, 22.219044], [73.097676, 22.212456], [73.106676, 22.210044], [73.115676, 22.212456], [73.122264, 22.219044], [73.124676, 22.228044]]]}, "properties": {"village_name": "Darapura", "subdistrict": "Padra", "village_code": 521061, "composite_risk_score": 0.649, "flood_hazard_score": 0.532, "erosion_risk": 0.98, "cloudburst_probability": 0.877, "landslide_susceptibility": 0.572, "total_population": 3032, "latitude": 22.228044, "longitude": 73.106676, "colour": "#f97316", "tier": "Tier 2 - Relocate"}}, {"type": "Feature", "geometry": {"type": "Polygon", "coordinates": [[[73.138499, 22.225549], [73.136087, 22.234549], [73.129499, 22.241137], [73.120499, 22.243549], [73.111499, 22.241137], [73.104911, 22.234549], [73.102499, 22.225549], [73.104911, 22.216549], [73.111499, 22.209961], [73.120499, 22.207549], [73.129499, 22.209961], [73.136087, 22.216549], [73.138499, 22.225549]]]}, "properties": {"village_name": "Patod", "subdistrict": "Padra", "village_code": 521060, "composite_risk_score": 0.621, "flood_hazard_score": 0.536, "erosion_risk": 0.98, "cloudburst_probability": 0.881, "landslide_susceptibility": 0.573, "total_population": 2479, "latitude": 22.225549, "longitude": 73.120499, "colour": "#f97316", "tier": "Tier 2 - Relocate"}}, {"type": "Feature", "geometry": {"type": "Polygon", "coordinates": [[[72.991697, 22.229941], [72.989285, 22.238941], [72.982697, 22.245529], [72.973697, 22.247941], [72.964697, 22.245529], [72.958109, 22.238941], [72.955697, 22.229941], [72.958109, 22.220941], [72.964697, 22.214353], [72.973697, 22.211941], [72.982697, 22.214353], [72.989285, 22.220941], [72.991697, 22.229941]]]}, "properties": {"village_name": "Narsipura", "subdistrict": "Padra", "village_code": 521055, "composite_risk_score": 0.622, "flood_hazard_score": 0.427, "erosion_risk": 0.98, "cloudburst_probability": 0.95, "landslide_susceptibility": 0.616, "total_population": 3447, "latitude": 22.229941, "longitude": 72.973697, "colour": "#f97316", "tier": "Tier 2 - Relocate"}}, {"type": "Feature", "geometry": {"type": "Polygon", "coordinates": [[[73.020439, 22.22517], [73.018027, 22.23417], [73.011439, 22.240758], [73.002439, 22.24317], [72.993439, 22.240758], [72.986851, 22.23417], [72.984439, 22.22517], [72.986851, 22.21617], [72.993439, 22.209582], [73.002439, 22.20717], [73.011439, 22.209582], [73.018027, 22.21617], [73.020439, 22.22517]]]}, "properties": {"village_name": "Dhobikuwa", "subdistrict": "Padra", "village_code": 521056, "composite_risk_score": 0.6, "flood_hazard_score": 0.33, "erosion_risk": 0.98, "cloudburst_probability": 0.95, "landslide_susceptibility": 0.626, "total_population": 3392, "latitude": 22.22517, "longitude": 73.002439, "colour": "#f97316", "tier": "Tier 2 - Relocate"}}, {"type": "Feature", "geometry": {"type": "Polygon", "coordinates": [[[73.076454, 22.222343], [73.074042, 22.231343], [73.067454, 22.237931], [73.058454, 22.240343], [73.049454, 22.237931], [73.042866, 22.231343], [73.040454, 22.222343], [73.042866, 22.213343], [73.049454, 22.206755], [73.058454, 22.204343], [73.067454, 22.206755], [73.074042, 22.213343], [73.076454, 22.222343]]]}, "properties": {"village_name": "Latipura", "subdistrict": "Padra", "village_code": 521063, "composite_risk_score": 0.55, "flood_hazard_score": 0.456, "erosion_risk": 0.98, "cloudburst_probability": 0.928, "landslide_susceptibility": 0.606, "total_population": 2702, "latitude": 22.222343, "longitude": 73.058454, "colour": "#eab308", "tier": "Tier 3 - Mitigate"}}, {"type": "Feature", "geometry": {"type": "Polygon", "coordinates": [[[73.100331, 22.219221], [73.097919, 22.228221], [73.091331, 22.234809], [73.082331, 22.237221], [73.073331, 22.234809], [73.066743, 22.228221], [73.064331, 22.219221], [73.066743, 22.210221], [73.073331, 22.203633], [73.082331, 22.201221], [73.091331, 22.203633], [73.097919, 22.210221], [73.100331, 22.219221]]]}, "properties": {"village_name": "Ghayaj", "subdistrict": "Padra", "village_code": 521062, "composite_risk_score": 0.571, "flood_hazard_score": 0.519, "erosion_risk": 0.98, "cloudburst_probability": 0.915, "landslide_susceptibility": 0.592, "total_population": 2667, "latitude": 22.219221, "longitude": 73.082331, "colour": "#eab308", "tier": "Tier 3 - Mitigate"}}, {"type": "Feature", "geometry": {"type": "Polygon", "coordinates": [[[72.986122, 22.215018], [72.98371, 22.224018], [72.977122, 22.230606], [72.968122, 22.233018], [72.959122, 22.230606], [72.952534, 22.224018], [72.950122, 22.215018], [72.952534, 22.206018], [72.959122, 22.19943], [72.968122, 22.197018], [72.977122, 22.19943], [72.98371, 22.206018], [72.986122, 22.215018]]]}, "properties": {"village_name": "Somjipura", "subdistrict": "Padra", "village_code": 521054, "composite_risk_score": 0.598, "flood_hazard_score": 0.315, "erosion_risk": 0.98, "cloudburst_probability": 0.95, "landslide_susceptibility": 0.627, "total_population": 2480, "latitude": 22.215018, "longitude": 72.968122, "colour": "#eab308", "tier": "Tier 3 - Mitigate"}}, {"type": "Feature", "geometry": {"type": "Polygon", "coordinates": [[[73.089113, 22.328932], [73.086701, 22.337932], [73.080113, 22.34452], [73.071113, 22.346932], [73.062113, 22.34452], [73.055525, 22.337932], [73.053113, 22.328932], [73.055525, 22.319932], [73.062113, 22.313344], [73.071113, 22.310932], [73.080113, 22.313344], [73.086701, 22.319932], [73.089113, 22.328932]]]}, "properties": {"village_name": "Sindhrot", "subdistrict": "Vadodara Rural", "village_code": 519844, "composite_risk_score": 0.542, "flood_hazard_score": 0.528, "erosion_risk": 0.98, "cloudburst_probability": 0.887, "landslide_susceptibility": 0.552, "total_population": 7027, "latitude": 22.328932, "longitude": 73.071113, "colour": "#eab308", "tier": "Tier 3 - Mitigate"}}, {"type": "Feature", "geometry": {"type": "Polygon", "coordinates": [[[73.140831, 22.334255], [73.138419, 22.343255], [73.131831, 22.349843], [73.122831, 22.352255], [73.113831, 22.349843], [73.107243, 22.343255], [73.104831, 22.334255], [73.107243, 22.325255], [73.113831, 22.318667], [73.122831, 22.316255], [73.131831, 22.318667], [73.138419, 22.325255], [73.140831, 22.334255]]]}, "properties": {"village_name": "Ankodiya", "subdistrict": "Vadodara Rural", "village_code": 519842, "composite_risk_score": 0.624, "flood_hazard_score": 0.491, "erosion_risk": 0.98, "cloudburst_probability": 0.95, "landslide_susceptibility": 0.638, "total_population": 4608, "latitude": 22.334255, "longitude": 73.122831, "colour": "#f97316", "tier": "Tier 2 - Relocate"}}, {"type": "Feature", "geometry": {"type": "Polygon", "coordinates": [[[73.12156, 22.439928], [73.119148, 22.448928], [73.11256, 22.455516], [73.10356, 22.457928], [73.09456, 22.455516], [73.087972, 22.448928], [73.08556, 22.439928], [73.087972, 22.430928], [73.09456, 22.42434], [73.10356, 22.421928], [73.11256, 22.42434], [73.119148, 22.430928], [73.12156, 22.439928]]]}, "properties": {"village_name": "Rayaka", "subdistrict": "Vadodara Rural", "village_code": 519825, "composite_risk_score": 0.523, "flood_hazard_score": 0.417, "erosion_risk": 0.98, "cloudburst_probability": 0.923, "landslide_susceptibility": 0.586, "total_population": 1981, "latitude": 22.439928, "longitude": 73.10356, "colour": "#eab308", "tier": "Tier 3 - Mitigate"}}, {"type": "Feature", "geometry": {"type": "Polygon", "coordinates": [[[73.145512, 22.433457], [73.1431, 22.442457], [73.136512, 22.449045], [73.127512, 22.451457], [73.118512, 22.449045], [73.111924, 22.442457], [73.109512, 22.433457], [73.111924, 22.424457], [73.118512, 22.417869], [73.127512, 22.415457], [73.136512, 22.417869], [73.1431, 22.424457], [73.145512, 22.433457]]]}, "properties": {"village_name": "Sankarda", "subdistrict": "Vadodara Rural", "village_code": 519826, "composite_risk_score": 0.532, "flood_hazard_score": 0.535, "erosion_risk": 0.98, "cloudburst_probability": 0.916, "landslide_susceptibility": 0.585, "total_population": 7460, "latitude": 22.433457, "longitude": 73.127512, "colour": "#eab308", "tier": "Tier 3 - Mitigate"}}, {"type": "Feature", "geometry": {"type": "Polygon", "coordinates": [[[73.18011, 22.424976], [73.177698, 22.433976], [73.17111, 22.440564], [73.16211, 22.442976], [73.15311, 22.440564], [73.146522, 22.433976], [73.14411, 22.424976], [73.146522, 22.415976], [73.15311, 22.409388], [73.16211, 22.406976], [73.17111, 22.409388], [73.177698, 22.415976], [73.18011, 22.424976]]]}, "properties": {"village_name": "Sokhda", "subdistrict": "Vadodara Rural", "village_code": 519828, "composite_risk_score": 0.591, "flood_hazard_score": 0.468, "erosion_risk": 0.98, "cloudburst_probability": 0.913, "landslide_susceptibility": 0.585, "total_population": 12610, "latitude": 22.424976, "longitude": 73.16211, "colour": "#eab308", "tier": "Tier 3 - Mitigate"}}, {"type": "Feature", "geometry": {"type": "Polygon", "coordinates": [[[73.150252, 22.415159], [73.14784, 22.424159], [73.141252, 22.430747], [73.132252, 22.433159], [73.123252, 22.430747], [73.116664, 22.424159], [73.114252, 22.415159], [73.116664, 22.406159], [73.123252, 22.399571], [73.132252, 22.397159], [73.141252, 22.399571], [73.14784, 22.406159], [73.150252, 22.415159]]]}, "properties": {"village_name": "Padmala", "subdistrict": "Vadodara Rural", "village_code": 519829, "composite_risk_score": 0.557, "flood_hazard_score": 0.484, "erosion_risk": 0.98, "cloudburst_probability": 0.934, "landslide_susceptibility": 0.605, "total_population": 5446, "latitude": 22.415159, "longitude": 73.132252, "colour": "#eab308", "tier": "Tier 3 - Mitigate"}}, {"type": "Feature", "geometry": {"type": "Polygon", "coordinates": [[[73.176016, 22.40144], [73.173604, 22.41044], [73.167016, 22.417028], [73.158016, 22.41944], [73.149016, 22.417028], [73.142428, 22.41044], [73.140016, 22.40144], [73.142428, 22.39244], [73.149016, 22.385852], [73.158016, 22.38344], [73.167016, 22.385852], [73.173604, 22.39244], [73.176016, 22.40144]]]}, "properties": {"village_name": "Ajod", "subdistrict": "Vadodara Rural", "village_code": 519832, "composite_risk_score": 0.395, "flood_hazard_score": 0.379, "erosion_risk": 0.029, "cloudburst_probability": 0.391, "landslide_susceptibility": 0.286, "total_population": 2661, "latitude": 22.40144, "longitude": 73.158016, "colour": "#22c55e", "tier": "Tier 4 - Monitor"}}, {"type": "Feature", "geometry": {"type": "Polygon", "coordinates": [[[73.098302, 22.373755], [73.09589, 22.382755], [73.089302, 22.389343], [73.080302, 22.391755], [73.071302, 22.389343], [73.064714, 22.382755], [73.062302, 22.373755], [73.064714, 22.364755], [73.071302, 22.358167], [73.080302, 22.355755], [73.089302, 22.358167], [73.09589, 22.364755], [73.098302, 22.373755]]]}, "properties": {"village_name": "Anagadh", "subdistrict": "Vadodara Rural", "village_code": 519831, "composite_risk_score": 0.578, "flood_hazard_score": 0.588, "erosion_risk": 0.98, "cloudburst_probability": 0.922, "landslide_susceptibility": 0.578, "total_population": 14780, "latitude": 22.373755, "longitude": 73.080302, "colour": "#eab308", "tier": "Tier 3 - Mitigate"}}, {"type": "Feature", "geometry": {"type": "Polygon", "coordinates": [[[73.115867, 22.379574], [73.113455, 22.388574], [73.106867, 22.395162], [73.097867, 22.397574], [73.088867, 22.395162], [73.082279, 22.388574], [73.079867, 22.379574], [73.082279, 22.370574], [73.088867, 22.363986], [73.097867, 22.361574], [73.106867, 22.363986], [73.113455, 22.370574], [73.115867, 22.379574]]]}, "properties": {"village_name": "Dhanora", "subdistrict": "Vadodara Rural", "village_code": 519836, "composite_risk_score": 0.599, "flood_hazard_score": 0.519, "erosion_risk": 0.98, "cloudburst_probability": 0.902, "landslide_susceptibility": 0.586, "total_population": 4006, "latitude": 22.379574, "longitude": 73.097867, "colour": "#eab308", "tier": "Tier 3 - Mitigate"}}, {"type": "Feature", "geometry": {"type": "Polygon", "coordinates": [[[73.076884, 22.359605], [73.074472, 22.368605], [73.067884, 22.375193], [73.058884, 22.377605], [73.049884, 22.375193], [73.043296, 22.368605], [73.040884, 22.359605], [73.043296, 22.350605], [73.049884, 22.344017], [73.058884, 22.341605], [73.067884, 22.344017], [73.074472, 22.350605], [73.076884, 22.359605]]]}, "properties": {"village_name": "Kotna", "subdistrict": "Vadodara Rural", "village_code": 519837, "composite_risk_score": 0.579, "flood_hazard_score": 0.494, "erosion_risk": 0.98, "cloudburst_probability": 0.92, "landslide_susceptibility": 0.596, "total_population": 2902, "latitude": 22.359605, "longitude": 73.058884, "colour": "#eab308", "tier": "Tier 3 - Mitigate"}}, {"type": "Feature", "geometry": {"type": "Polygon", "coordinates": [[[73.136396, 22.318836], [73.133984, 22.327836], [73.127396, 22.334424], [73.118396, 22.336836], [73.109396, 22.334424], [73.102808, 22.327836], [73.100396, 22.318836], [73.102808, 22.309836], [73.109396, 22.303248], [73.118396, 22.300836], [73.127396, 22.303248], [73.133984, 22.309836], [73.136396, 22.318836]]]}, "properties": {"village_name": "Khanpur", "subdistrict": "Vadodara Rural", "village_code": 519848, "composite_risk_score": 0.49, "flood_hazard_score": 0.752, "erosion_risk": 0.049, "cloudburst_probability": 0.388, "landslide_susceptibility": 0.286, "total_population": 1466, "latitude": 22.318836, "longitude": 73.118396, "colour": "#eab308", "tier": "Tier 3 - Mitigate"}}, {"type": "Feature", "geometry": {"type": "Polygon", "coordinates": [[[73.111718, 22.33714], [73.109306, 22.34614], [73.102718, 22.352728], [73.093718, 22.35514], [73.084718, 22.352728], [73.07813, 22.34614], [73.075718, 22.33714], [73.07813, 22.32814], [73.084718, 22.321552], [73.093718, 22.31914], [73.102718, 22.321552], [73.109306, 22.32814], [73.111718, 22.33714]]]}, "properties": {"village_name": "Sherkhi", "subdistrict": "Vadodara Rural", "village_code": 519843, "composite_risk_score": 0.453, "flood_hazard_score": 0.452, "erosion_risk": 0.98, "cloudburst_probability": 0.95, "landslide_susceptibility": 0.631, "total_population": 9464, "latitude": 22.33714, "longitude": 73.093718, "colour": "#eab308", "tier": "Tier 3 - Mitigate"}}, {"type": "Feature", "geometry": {"type": "Polygon", "coordinates": [[[73.174898, 22.229309], [73.172486, 22.238309], [73.165898, 22.244897], [73.156898, 22.247309], [73.147898, 22.244897], [73.14131, 22.238309], [73.138898, 22.229309], [73.14131, 22.220309], [73.147898, 22.213721], [73.156898, 22.211309], [73.165898, 22.213721], [73.172486, 22.220309], [73.174898, 22.229309]]]}, "properties": {"village_name": "Chapad", "subdistrict": "Vadodara Rural", "village_code": 519859, "composite_risk_score": 0.634, "flood_hazard_score": 0.511, "erosion_risk": 0.98, "cloudburst_probability": 0.935, "landslide_susceptibility": 0.605, "total_population": 2419, "latitude": 22.229309, "longitude": 73.156898, "colour": "#f97316", "tier": "Tier 2 - Relocate"}}, {"type": "Feature", "geometry": {"type": "Polygon", "coordinates": [[[73.103825, 22.303464], [73.101413, 22.312464], [73.094825, 22.319052], [73.085825, 22.321464], [73.076825, 22.319052], [73.070237, 22.312464], [73.067825, 22.303464], [73.070237, 22.294464], [73.076825, 22.287876], [73.085825, 22.285464], [73.094825, 22.287876], [73.101413, 22.294464], [73.103825, 22.303464]]]}, "properties": {"village_name": "Ampad", "subdistrict": "Vadodara Rural", "village_code": 519846, "composite_risk_score": 0.428, "flood_hazard_score": 0.454, "erosion_risk": 0.98, "cloudburst_probability": 0.913, "landslide_susceptibility": 0.597, "total_population": 1610, "latitude": 22.303464, "longitude": 73.085825, "colour": "#eab308", "tier": "Tier 3 - Mitigate"}}, {"type": "Feature", "geometry": {"type": "Polygon", "coordinates": [[[73.121757, 22.302753], [73.119345, 22.311753], [73.112757, 22.318341], [73.103757, 22.320753], [73.094757, 22.318341], [73.088169, 22.311753], [73.085757, 22.302753], [73.088169, 22.293753], [73.094757, 22.287165], [73.103757, 22.284753], [73.112757, 22.287165], [73.119345, 22.293753], [73.121757, 22.302753]]]}, "properties": {"village_name": "Mahapura", "subdistrict": "Vadodara Rural", "village_code": 519847, "composite_risk_score": 0.655, "flood_hazard_score": 0.548, "erosion_risk": 0.98, "cloudburst_probability": 0.95, "landslide_susceptibility": 0.637, "total_population": 1601, "latitude": 22.302753, "longitude": 73.103757, "colour": "#f97316", "tier": "Tier 2 - Relocate"}}, {"type": "Feature", "geometry": {"type": "Polygon", "coordinates": [[[73.096092, 22.293659], [73.09368, 22.302659], [73.087092, 22.309247], [73.078092, 22.311659], [73.069092, 22.309247], [73.062504, 22.302659], [73.060092, 22.293659], [73.062504, 22.284659], [73.069092, 22.278071], [73.078092, 22.275659], [73.087092, 22.278071], [73.09368, 22.284659], [73.096092, 22.293659]]]}, "properties": {"village_name": "Hinglot", "subdistrict": "Vadodara Rural", "village_code": 519845, "composite_risk_score": 0.579, "flood_hazard_score": 0.44, "erosion_risk": 0.98, "cloudburst_probability": 0.95, "landslide_susceptibility": 0.616, "total_population": 1057, "latitude": 22.293659, "longitude": 73.078092, "colour": "#eab308", "tier": "Tier 3 - Mitigate"}}, {"type": "Feature", "geometry": {"type": "Polygon", "coordinates": [[[73.11055, 22.279864], [73.108138, 22.288864], [73.10155, 22.295452], [73.09255, 22.297864], [73.08355, 22.295452], [73.076962, 22.288864], [73.07455, 22.279864], [73.076962, 22.270864], [73.08355, 22.264276], [73.09255, 22.261864], [73.10155, 22.264276], [73.108138, 22.270864], [73.11055, 22.279864]]]}, "properties": {"village_name": "Raypura", "subdistrict": "Vadodara Rural", "village_code": 519851, "composite_risk_score": 0.544, "flood_hazard_score": 0.468, "erosion_risk": 0.98, "cloudburst_probability": 0.932, "landslide_susceptibility": 0.605, "total_population": 5619, "latitude": 22.279864, "longitude": 73.09255, "colour": "#eab308", "tier": "Tier 3 - Mitigate"}}, {"type": "Feature", "geometry": {"type": "Polygon", "coordinates": [[[73.132605, 22.266038], [73.130193, 22.275038], [73.123605, 22.281626], [73.114605, 22.284038], [73.105605, 22.281626], [73.099017, 22.275038], [73.096605, 22.266038], [73.099017, 22.257038], [73.105605, 22.25045], [73.114605, 22.248038], [73.123605, 22.25045], [73.130193, 22.257038], [73.132605, 22.266038]]]}, "properties": {"village_name": "Gokalpura", "subdistrict": "Vadodara Rural", "village_code": 519852, "composite_risk_score": 0.621, "flood_hazard_score": 0.568, "erosion_risk": 0.98, "cloudburst_probability": 0.95, "landslide_susceptibility": 0.628, "total_population": 1032, "latitude": 22.266038, "longitude": 73.114605, "colour": "#f97316", "tier": "Tier 2 - Relocate"}}, {"type": "Feature", "geometry": {"type": "Polygon", "coordinates": [[[73.142736, 22.25584], [73.140324, 22.26484], [73.133736, 22.271428], [73.124736, 22.27384], [73.115736, 22.271428], [73.109148, 22.26484], [73.106736, 22.25584], [73.109148, 22.24684], [73.115736, 22.240252], [73.124736, 22.23784], [73.133736, 22.240252], [73.140324, 22.24684], [73.142736, 22.25584]]]}, "properties": {"village_name": "Samiyala", "subdistrict": "Vadodara Rural", "village_code": 519853, "composite_risk_score": 0.584, "flood_hazard_score": 0.59, "erosion_risk": 0.98, "cloudburst_probability": 0.95, "landslide_susceptibility": 0.628, "total_population": 6364, "latitude": 22.25584, "longitude": 73.124736, "colour": "#eab308", "tier": "Tier 3 - Mitigate"}}, {"type": "Feature", "geometry": {"type": "Polygon", "coordinates": [[[73.105611, 22.426235], [73.103199, 22.435235], [73.096611, 22.441823], [73.087611, 22.444235], [73.078611, 22.441823], [73.072023, 22.435235], [73.069611, 22.426235], [73.072023, 22.417235], [73.078611, 22.410647], [73.087611, 22.408235], [73.096611, 22.410647], [73.103199, 22.417235], [73.105611, 22.426235]]]}, "properties": {"village_name": "Fajalpur Sankarda", "subdistrict": "Vadodara Rural", "village_code": 519830, "composite_risk_score": 0.581, "flood_hazard_score": 0.449, "erosion_risk": 0.98, "cloudburst_probability": 0.915, "landslide_susceptibility": 0.594, "total_population": 4740, "latitude": 22.426235, "longitude": 73.087611, "colour": "#eab308", "tier": "Tier 3 - Mitigate"}}, {"type": "Feature", "geometry": {"type": "Polygon", "coordinates": [[[73.098335, 22.244951], [73.095923, 22.253951], [73.089335, 22.260539], [73.080335, 22.262951], [73.071335, 22.260539], [73.064747, 22.253951], [73.062335, 22.244951], [73.064747, 22.235951], [73.071335, 22.229363], [73.080335, 22.226951], [73.089335, 22.229363], [73.095923, 22.235951], [73.098335, 22.244951]]]}, "properties": {"village_name": "Padra", "subdistrict": "Padra", "village_code": 251214, "composite_risk_score": 0.476, "flood_hazard_score": 0.773, "erosion_risk": 0.02, "cloudburst_probability": 0.388, "landslide_susceptibility": 0.286, "total_population": 46660, "latitude": 22.244951, "longitude": 73.080335, "colour": "#eab308", "tier": "Tier 3 - Mitigate"}}, {"type": "Feature", "geometry": {"type": "Polygon", "coordinates": [[[73.355496, 22.252725], [73.353084, 22.261725], [73.346496, 22.268313], [73.337496, 22.270725], [73.328496, 22.268313], [73.321908, 22.261725], [73.319496, 22.252725], [73.321908, 22.243725], [73.328496, 22.237137], [73.337496, 22.234725], [73.346496, 22.237137], [73.353084, 22.243725], [73.355496, 22.252725]]]}, "properties": {"village_name": "Kunvarwada", "subdistrict": "Dabhoi", "village_code": 520926, "composite_risk_score": 0.581, "flood_hazard_score": 0.434, "erosion_risk": 0.98, "cloudburst_probability": 0.897, "landslide_susceptibility": 0.585, "total_population": 1014, "latitude": 22.252725, "longitude": 73.337496, "colour": "#eab308", "tier": "Tier 3 - Mitigate"}}, {"type": "Feature", "geometry": {"type": "Polygon", "coordinates": [[[73.382509, 22.238186], [73.380097, 22.247186], [73.373509, 22.253774], [73.364509, 22.256186], [73.355509, 22.253774], [73.348921, 22.247186], [73.346509, 22.238186], [73.348921, 22.229186], [73.355509, 22.222598], [73.364509, 22.220186], [73.373509, 22.222598], [73.380097, 22.229186], [73.382509, 22.238186]]]}, "properties": {"village_name": "Vanadra", "subdistrict": "Dabhoi", "village_code": 520927, "composite_risk_score": 0.537, "flood_hazard_score": 0.379, "erosion_risk": 0.98, "cloudburst_probability": 0.932, "landslide_susceptibility": 0.59, "total_population": 2531, "latitude": 22.238186, "longitude": 73.364509, "colour": "#eab308", "tier": "Tier 3 - Mitigate"}}, {"type": "Feature", "geometry": {"type": "Polygon", "coordinates": [[[73.33819, 22.240843], [73.335778, 22.249843], [73.32919, 22.256431], [73.32019, 22.258843], [73.31119, 22.256431], [73.304602, 22.249843], [73.30219, 22.240843], [73.304602, 22.231843], [73.31119, 22.225255], [73.32019, 22.222843], [73.32919, 22.225255], [73.335778, 22.231843], [73.33819, 22.240843]]]}, "properties": {"village_name": "Saguwada", "subdistrict": "Dabhoi", "village_code": 520925, "composite_risk_score": 0.594, "flood_hazard_score": 0.453, "erosion_risk": 0.98, "cloudburst_probability": 0.899, "landslide_susceptibility": 0.586, "total_population": 840, "latitude": 22.240843, "longitude": 73.32019, "colour": "#eab308", "tier": "Tier 3 - Mitigate"}}, {"type": "Feature", "geometry": {"type": "Polygon", "coordinates": [[[73.320594, 22.238425], [73.318182, 22.247425], [73.311594, 22.254013], [73.302594, 22.256425], [73.293594, 22.254013], [73.287006, 22.247425], [73.284594, 22.238425], [73.287006, 22.229425], [73.293594, 22.222837], [73.302594, 22.220425], [73.311594, 22.222837], [73.318182, 22.229425], [73.320594, 22.238425]]]}, "properties": {"village_name": "Malharpura", "subdistrict": "Dabhoi", "village_code": 520924, "composite_risk_score": 0.63, "flood_hazard_score": 0.539, "erosion_risk": 0.98, "cloudburst_probability": 0.897, "landslide_susceptibility": 0.586, "total_population": 370, "latitude": 22.238425, "longitude": 73.302594, "colour": "#f97316", "tier": "Tier 2 - Relocate"}}, {"type": "Feature", "geometry": {"type": "Polygon", "coordinates": [[[73.413816, 22.222189], [73.411404, 22.231189], [73.404816, 22.237777], [73.395816, 22.240189], [73.386816, 22.237777], [73.380228, 22.231189], [73.377816, 22.222189], [73.380228, 22.213189], [73.386816, 22.206601], [73.395816, 22.204189], [73.404816, 22.206601], [73.411404, 22.213189], [73.413816, 22.222189]]]}, "properties": {"village_name": "Dholar", "subdistrict": "Dabhoi", "village_code": 520939, "composite_risk_score": 0.525, "flood_hazard_score": 0.474, "erosion_risk": 0.98, "cloudburst_probability": 0.94, "landslide_susceptibility": 0.603, "total_population": 2049, "latitude": 22.222189, "longitude": 73.395816, "colour": "#eab308", "tier": "Tier 3 - Mitigate"}}, {"type": "Feature", "geometry": {"type": "Polygon", "coordinates": [[[73.360496, 22.221537], [73.358084, 22.230537], [73.351496, 22.237125], [73.342496, 22.239537], [73.333496, 22.237125], [73.326908, 22.230537], [73.324496, 22.221537], [73.326908, 22.212537], [73.333496, 22.205949], [73.342496, 22.203537], [73.351496, 22.205949], [73.358084, 22.212537], [73.360496, 22.221537]]]}, "properties": {"village_name": "Mavli", "subdistrict": "Dabhoi", "village_code": 520928, "composite_risk_score": 0.528, "flood_hazard_score": 0.494, "erosion_risk": 0.98, "cloudburst_probability": 0.945, "landslide_susceptibility": 0.614, "total_population": 962, "latitude": 22.221537, "longitude": 73.342496, "colour": "#eab308", "tier": "Tier 3 - Mitigate"}}, {"type": "Feature", "geometry": {"type": "Polygon", "coordinates": [[[73.335514, 22.22173], [73.333102, 22.23073], [73.326514, 22.237318], [73.317514, 22.23973], [73.308514, 22.237318], [73.301926, 22.23073], [73.299514, 22.22173], [73.301926, 22.21273], [73.308514, 22.206142], [73.317514, 22.20373], [73.326514, 22.206142], [73.333102, 22.21273], [73.335514, 22.22173]]]}, "properties": {"village_name": "Rasulpura", "subdistrict": "Dabhoi", "village_code": 520923, "composite_risk_score": 0.528, "flood_hazard_score": 0.509, "erosion_risk": 0.98, "cloudburst_probability": 0.911, "landslide_susceptibility": 0.585, "total_population": 376, "latitude": 22.22173, "longitude": 73.317514, "colour": "#eab308", "tier": "Tier 3 - Mitigate"}}, {"type": "Feature", "geometry": {"type": "Polygon", "coordinates": [[[73.291307, 22.439792], [73.288895, 22.448792], [73.282307, 22.45538], [73.273307, 22.457792], [73.264307, 22.45538], [73.257719, 22.448792], [73.255307, 22.439792], [73.257719, 22.430792], [73.264307, 22.424204], [73.273307, 22.421792], [73.282307, 22.424204], [73.288895, 22.430792], [73.291307, 22.439792]]]}, "properties": {"village_name": "Indrad", "subdistrict": "Savli", "village_code": 519818, "composite_risk_score": 0.6, "flood_hazard_score": 0.482, "erosion_risk": 0.98, "cloudburst_probability": 0.916, "landslide_susceptibility": 0.595, "total_population": 1912, "latitude": 22.439792, "longitude": 73.273307, "colour": "#f97316", "tier": "Tier 2 - Relocate"}}, {"type": "Feature", "geometry": {"type": "Polygon", "coordinates": [[[73.248199, 22.422196], [73.245787, 22.431196], [73.239199, 22.437784], [73.230199, 22.440196], [73.221199, 22.437784], [73.214611, 22.431196], [73.212199, 22.422196], [73.214611, 22.413196], [73.221199, 22.406608], [73.230199, 22.404196], [73.239199, 22.406608], [73.245787, 22.413196], [73.248199, 22.422196]]]}, "properties": {"village_name": "Pilol", "subdistrict": "Savli", "village_code": 519817, "composite_risk_score": 0.631, "flood_hazard_score": 0.545, "erosion_risk": 0.98, "cloudburst_probability": 0.896, "landslide_susceptibility": 0.583, "total_population": 3242, "latitude": 22.422196, "longitude": 73.230199, "colour": "#f97316", "tier": "Tier 2 - Relocate"}}, {"type": "Feature", "geometry": {"type": "Polygon", "coordinates": [[[73.217415, 22.421], [73.215003, 22.43], [73.208415, 22.436588], [73.199415, 22.439], [73.190415, 22.436588], [73.183827, 22.43], [73.181415, 22.421], [73.183827, 22.412], [73.190415, 22.405412], [73.199415, 22.403], [73.208415, 22.405412], [73.215003, 22.412], [73.217415, 22.421]]]}, "properties": {"village_name": "Asoj", "subdistrict": "Vadodara Rural", "village_code": 519833, "composite_risk_score": 0.459, "flood_hazard_score": 0.522, "erosion_risk": 0.98, "cloudburst_probability": 0.891, "landslide_susceptibility": 0.584, "total_population": 3801, "latitude": 22.421, "longitude": 73.199415, "colour": "#eab308", "tier": "Tier 3 - Mitigate"}}, {"type": "Feature", "geometry": {"type": "Polygon", "coordinates": [[[73.244574, 22.394473], [73.242162, 22.403473], [73.235574, 22.410061], [73.226574, 22.412473], [73.217574, 22.410061], [73.210986, 22.403473], [73.208574, 22.394473], [73.210986, 22.385473], [73.217574, 22.378885], [73.226574, 22.376473], [73.235574, 22.378885], [73.242162, 22.385473], [73.244574, 22.394473]]]}, "properties": {"village_name": "Virod", "subdistrict": "Vadodara Rural", "village_code": 519834, "composite_risk_score": 0.566, "flood_hazard_score": 0.491, "erosion_risk": 0.98, "cloudburst_probability": 0.86, "landslide_susceptibility": 0.561, "total_population": 2461, "latitude": 22.394473, "longitude": 73.226574, "colour": "#eab308", "tier": "Tier 3 - Mitigate"}}, {"type": "Feature", "geometry": {"type": "Polygon", "coordinates": [[[73.273936, 22.374111], [73.271524, 22.383111], [73.264936, 22.389699], [73.255936, 22.392111], [73.246936, 22.389699], [73.240348, 22.383111], [73.237936, 22.374111], [73.240348, 22.365111], [73.246936, 22.358523], [73.255936, 22.356111], [73.264936, 22.358523], [73.271524, 22.365111], [73.273936, 22.374111]]]}, "properties": {"village_name": "Sukhlipur", "subdistrict": "Vadodara Rural", "village_code": 519839, "composite_risk_score": 0.671, "flood_hazard_score": 0.548, "erosion_risk": 0.98, "cloudburst_probability": 0.902, "landslide_susceptibility": 0.575, "total_population": 942, "latitude": 22.374111, "longitude": 73.255936, "colour": "#f97316", "tier": "Tier 2 - Relocate"}}, {"type": "Feature", "geometry": {"type": "Polygon", "coordinates": [[[73.239735, 22.365988], [73.237323, 22.374988], [73.230735, 22.381576], [73.221735, 22.383988], [73.212735, 22.381576], [73.206147, 22.374988], [73.203735, 22.365988], [73.206147, 22.356988], [73.212735, 22.3504], [73.221735, 22.347988], [73.230735, 22.3504], [73.237323, 22.356988], [73.239735, 22.365988]]]}, "properties": {"village_name": "Dena", "subdistrict": "Vadodara Rural", "village_code": 519838, "composite_risk_score": 0.65, "flood_hazard_score": 0.557, "erosion_risk": 0.98, "cloudburst_probability": 0.902, "landslide_susceptibility": 0.586, "total_population": 2565, "latitude": 22.365988, "longitude": 73.221735, "colour": "#f97316", "tier": "Tier 2 - Relocate"}}, {"type": "Feature", "geometry": {"type": "Polygon", "coordinates": [[[73.253373, 22.35516], [73.250961, 22.36416], [73.244373, 22.370748], [73.235373, 22.37316], [73.226373, 22.370748], [73.219785, 22.36416], [73.217373, 22.35516], [73.219785, 22.34616], [73.226373, 22.339572], [73.235373, 22.33716], [73.244373, 22.339572], [73.250961, 22.34616], [73.253373, 22.35516]]]}, "properties": {"village_name": "Kotali", "subdistrict": "Vadodara Rural", "village_code": 519841, "composite_risk_score": 0.588, "flood_hazard_score": 0.484, "erosion_risk": 0.98, "cloudburst_probability": 0.909, "landslide_susceptibility": 0.575, "total_population": 1269, "latitude": 22.35516, "longitude": 73.235373, "colour": "#eab308", "tier": "Tier 3 - Mitigate"}}, {"type": "Feature", "geometry": {"type": "Polygon", "coordinates": [[[73.274445, 22.362429], [73.272033, 22.371429], [73.265445, 22.378017], [73.256445, 22.380429], [73.247445, 22.378017], [73.240857, 22.371429], [73.238445, 22.362429], [73.240857, 22.353429], [73.247445, 22.346841], [73.256445, 22.344429], [73.265445, 22.346841], [73.272033, 22.353429], [73.274445, 22.362429]]]}, "properties": {"village_name": "Amaliyara", "subdistrict": "Vadodara Rural", "village_code": 519840, "composite_risk_score": 0.553, "flood_hazard_score": 0.472, "erosion_risk": 0.98, "cloudburst_probability": 0.942, "landslide_susceptibility": 0.586, "total_population": 1618, "latitude": 22.362429, "longitude": 73.256445, "colour": "#eab308", "tier": "Tier 3 - Mitigate"}}, {"type": "Feature", "geometry": {"type": "Polygon", "coordinates": [[[73.288046, 22.304008], [73.285634, 22.313008], [73.279046, 22.319596], [73.270046, 22.322008], [73.261046, 22.319596], [73.254458, 22.313008], [73.252046, 22.304008], [73.254458, 22.295008], [73.261046, 22.28842], [73.270046, 22.286008], [73.279046, 22.28842], [73.285634, 22.295008], [73.288046, 22.304008]]]}, "properties": {"village_name": "Ankhol", "subdistrict": "Vadodara Rural", "village_code": 519849, "composite_risk_score": 0.637, "flood_hazard_score": 0.488, "erosion_risk": 0.98, "cloudburst_probability": 0.895, "landslide_susceptibility": 0.583, "total_population": 1129, "latitude": 22.304008, "longitude": 73.270046, "colour": "#f97316", "tier": "Tier 2 - Relocate"}}, {"type": "Feature", "geometry": {"type": "Polygon", "coordinates": [[[73.28836, 22.286521], [73.285948, 22.295521], [73.27936, 22.302109], [73.27036, 22.304521], [73.26136, 22.302109], [73.254772, 22.295521], [73.25236, 22.286521], [73.254772, 22.277521], [73.26136, 22.270933], [73.27036, 22.268521], [73.27936, 22.270933], [73.285948, 22.277521], [73.28836, 22.286521]]]}, "properties": {"village_name": "Khatamba", "subdistrict": "Vadodara Rural", "village_code": 519850, "composite_risk_score": 0.636, "flood_hazard_score": 0.522, "erosion_risk": 0.98, "cloudburst_probability": 0.933, "landslide_susceptibility": 0.606, "total_population": 920, "latitude": 22.286521, "longitude": 73.27036, "colour": "#f97316", "tier": "Tier 2 - Relocate"}}, {"type": "Feature", "geometry": {"type": "Polygon", "coordinates": [[[73.290863, 22.275823], [73.288451, 22.284823], [73.281863, 22.291411], [73.272863, 22.293823], [73.263863, 22.291411], [73.257275, 22.284823], [73.254863, 22.275823], [73.257275, 22.266823], [73.263863, 22.260235], [73.272863, 22.257823], [73.281863, 22.260235], [73.288451, 22.266823], [73.290863, 22.275823]]]}, "properties": {"village_name": "Shankarpura", "subdistrict": "Vadodara Rural", "village_code": 519854, "composite_risk_score": 0.567, "flood_hazard_score": 0.555, "erosion_risk": 0.98, "cloudburst_probability": 0.885, "landslide_susceptibility": 0.576, "total_population": 751, "latitude": 22.275823, "longitude": 73.272863, "colour": "#eab308", "tier": "Tier 3 - Mitigate"}}, {"type": "Feature", "geometry": {"type": "Polygon", "coordinates": [[[73.312879, 22.265645], [73.310467, 22.274645], [73.303879, 22.281233], [73.294879, 22.283645], [73.285879, 22.281233], [73.279291, 22.274645], [73.276879, 22.265645], [73.279291, 22.256645], [73.285879, 22.250057], [73.294879, 22.247645], [73.303879, 22.250057], [73.310467, 22.256645], [73.312879, 22.265645]]]}, "properties": {"village_name": "Tatarpura", "subdistrict": "Vadodara Rural", "village_code": 519864, "composite_risk_score": 0.514, "flood_hazard_score": 0.498, "erosion_risk": 0.98, "cloudburst_probability": 0.879, "landslide_susceptibility": 0.576, "total_population": 1046, "latitude": 22.265645, "longitude": 73.294879, "colour": "#eab308", "tier": "Tier 3 - Mitigate"}}, {"type": "Feature", "geometry": {"type": "Polygon", "coordinates": [[[73.299069, 22.267751], [73.296657, 22.276751], [73.290069, 22.283339], [73.281069, 22.285751], [73.272069, 22.283339], [73.265481, 22.276751], [73.263069, 22.267751], [73.265481, 22.258751], [73.272069, 22.252163], [73.281069, 22.249751], [73.290069, 22.252163], [73.296657, 22.258751], [73.299069, 22.267751]]]}, "properties": {"village_name": "Jobantekri", "subdistrict": "Vadodara Rural", "village_code": 519855, "composite_risk_score": 0.604, "flood_hazard_score": 0.569, "erosion_risk": 0.98, "cloudburst_probability": 0.884, "landslide_susceptibility": 0.586, "total_population": 430, "latitude": 22.267751, "longitude": 73.281069, "colour": "#f97316", "tier": "Tier 2 - Relocate"}}, {"type": "Feature", "geometry": {"type": "Polygon", "coordinates": [[[73.274635, 22.268483], [73.272223, 22.277483], [73.265635, 22.284071], [73.256635, 22.286483], [73.247635, 22.284071], [73.241047, 22.277483], [73.238635, 22.268483], [73.241047, 22.259483], [73.247635, 22.252895], [73.256635, 22.250483], [73.265635, 22.252895], [73.272223, 22.259483], [73.274635, 22.268483]]]}, "properties": {"village_name": "Ratanpur", "subdistrict": "Vadodara Rural", "village_code": 519856, "composite_risk_score": 0.606, "flood_hazard_score": 0.521, "erosion_risk": 0.98, "cloudburst_probability": 0.884, "landslide_susceptibility": 0.575, "total_population": 1508, "latitude": 22.268483, "longitude": 73.256635, "colour": "#f97316", "tier": "Tier 2 - Relocate"}}, {"type": "Feature", "geometry": {"type": "Polygon", "coordinates": [[[73.299591, 22.242363], [73.297179, 22.251363], [73.290591, 22.257951], [73.281591, 22.260363], [73.272591, 22.257951], [73.266003, 22.251363], [73.263591, 22.242363], [73.266003, 22.233363], [73.272591, 22.226775], [73.281591, 22.224363], [73.290591, 22.226775], [73.297179, 22.233363], [73.299591, 22.242363]]]}, "properties": {"village_name": "Kelanpur", "subdistrict": "Vadodara Rural", "village_code": 519868, "composite_risk_score": 0.46, "flood_hazard_score": 0.538, "erosion_risk": 0.98, "cloudburst_probability": 0.92, "landslide_susceptibility": 0.607, "total_population": 2929, "latitude": 22.242363, "longitude": 73.281591, "colour": "#eab308", "tier": "Tier 3 - Mitigate"}}, {"type": "Feature", "geometry": {"type": "Polygon", "coordinates": [[[73.268718, 22.248199], [73.266306, 22.257199], [73.259718, 22.263787], [73.250718, 22.266199], [73.241718, 22.263787], [73.23513, 22.257199], [73.232718, 22.248199], [73.23513, 22.239199], [73.241718, 22.232611], [73.250718, 22.230199], [73.259718, 22.232611], [73.266306, 22.239199], [73.268718, 22.248199]]]}, "properties": {"village_name": "Vadadla", "subdistrict": "Vadodara Rural", "village_code": 519857, "composite_risk_score": 0.566, "flood_hazard_score": 0.437, "erosion_risk": 0.98, "cloudburst_probability": 0.878, "landslide_susceptibility": 0.573, "total_population": 2303, "latitude": 22.248199, "longitude": 73.250718, "colour": "#eab308", "tier": "Tier 3 - Mitigate"}}, {"type": "Feature", "geometry": {"type": "Polygon", "coordinates": [[[73.321381, 22.245836], [73.318969, 22.254836], [73.312381, 22.261424], [73.303381, 22.263836], [73.294381, 22.261424], [73.287793, 22.254836], [73.285381, 22.245836], [73.287793, 22.236836], [73.294381, 22.230248], [73.303381, 22.227836], [73.312381, 22.230248], [73.318969, 22.236836], [73.321381, 22.245836]]]}, "properties": {"village_name": "Sultanpura", "subdistrict": "Vadodara Rural", "village_code": 519865, "composite_risk_score": 0.597, "flood_hazard_score": 0.53, "erosion_risk": 0.98, "cloudburst_probability": 0.887, "landslide_susceptibility": 0.574, "total_population": 298, "latitude": 22.245836, "longitude": 73.303381, "colour": "#eab308", "tier": "Tier 3 - Mitigate"}}, {"type": "Feature", "geometry": {"type": "Polygon", "coordinates": [[[73.283192, 22.242051], [73.28078, 22.251051], [73.274192, 22.257639], [73.265192, 22.260051], [73.256192, 22.257639], [73.249604, 22.251051], [73.247192, 22.242051], [73.249604, 22.233051], [73.256192, 22.226463], [73.265192, 22.224051], [73.274192, 22.226463], [73.28078, 22.233051], [73.283192, 22.242051]]]}, "properties": {"village_name": "Navapura", "subdistrict": "Vadodara Rural", "village_code": 519863, "composite_risk_score": 0.583, "flood_hazard_score": 0.506, "erosion_risk": 0.98, "cloudburst_probability": 0.902, "landslide_susceptibility": 0.585, "total_population": 387, "latitude": 22.242051, "longitude": 73.265192, "colour": "#eab308", "tier": "Tier 3 - Mitigate"}}, {"type": "Feature", "geometry": {"type": "Polygon", "coordinates": [[[73.283911, 22.230247], [73.281499, 22.239247], [73.274911, 22.245835], [73.265911, 22.248247], [73.256911, 22.245835], [73.250323, 22.239247], [73.247911, 22.230247], [73.250323, 22.221247], [73.256911, 22.214659], [73.265911, 22.212247], [73.274911, 22.214659], [73.281499, 22.221247], [73.283911, 22.230247]]]}, "properties": {"village_name": "Alhadpura", "subdistrict": "Vadodara Rural", "village_code": 519862, "composite_risk_score": 0.611, "flood_hazard_score": 0.539, "erosion_risk": 0.98, "cloudburst_probability": 0.92, "landslide_susceptibility": 0.598, "total_population": 991, "latitude": 22.230247, "longitude": 73.265911, "colour": "#f97316", "tier": "Tier 2 - Relocate"}}, {"type": "Feature", "geometry": {"type": "Polygon", "coordinates": [[[73.3019, 22.227236], [73.299488, 22.236236], [73.2929, 22.242824], [73.2839, 22.245236], [73.2749, 22.242824], [73.268312, 22.236236], [73.2659, 22.227236], [73.268312, 22.218236], [73.2749, 22.211648], [73.2839, 22.209236], [73.2929, 22.211648], [73.299488, 22.218236], [73.3019, 22.227236]]]}, "properties": {"village_name": "Hetampura", "subdistrict": "Vadodara Rural", "village_code": 519867, "composite_risk_score": 0.659, "flood_hazard_score": 0.513, "erosion_risk": 0.98, "cloudburst_probability": 0.894, "landslide_susceptibility": 0.582, "total_population": 1504, "latitude": 22.227236, "longitude": 73.2839, "colour": "#f97316", "tier": "Tier 2 - Relocate"}}, {"type": "Feature", "geometry": {"type": "Polygon", "coordinates": [[[73.313272, 22.228], [73.31086, 22.237], [73.304272, 22.243588], [73.295272, 22.246], [73.286272, 22.243588], [73.279684, 22.237], [73.277272, 22.228], [73.279684, 22.219], [73.286272, 22.212412], [73.295272, 22.21], [73.304272, 22.212412], [73.31086, 22.219], [73.313272, 22.228]]]}, "properties": {"village_name": "Diwalipura", "subdistrict": "Vadodara Rural", "village_code": 519866, "composite_risk_score": 0.542, "flood_hazard_score": 0.5, "erosion_risk": 0.98, "cloudburst_probability": 0.896, "landslide_susceptibility": 0.585, "total_population": 661, "latitude": 22.228, "longitude": 73.295272, "colour": "#eab308", "tier": "Tier 3 - Mitigate"}}, {"type": "Feature", "geometry": {"type": "Polygon", "coordinates": [[[73.201108, 22.223075], [73.198696, 22.232075], [73.192108, 22.238663], [73.183108, 22.241075], [73.174108, 22.238663], [73.16752, 22.232075], [73.165108, 22.223075], [73.16752, 22.214075], [73.174108, 22.207487], [73.183108, 22.205075], [73.192108, 22.207487], [73.198696, 22.214075], [73.201108, 22.223075]]]}, "properties": {"village_name": "Maretha", "subdistrict": "Vadodara Rural", "village_code": 519860, "composite_risk_score": 0.669, "flood_hazard_score": 0.542, "erosion_risk": 0.98, "cloudburst_probability": 0.95, "landslide_susceptibility": 0.617, "total_population": 1918, "latitude": 22.223075, "longitude": 73.183108, "colour": "#f97316", "tier": "Tier 2 - Relocate"}}, {"type": "Feature", "geometry": {"type": "Polygon", "coordinates": [[[73.200732, 22.306225], [73.19832, 22.315225], [73.191732, 22.321813], [73.182732, 22.324225], [73.173732, 22.321813], [73.167144, 22.315225], [73.164732, 22.306225], [73.167144, 22.297225], [73.173732, 22.290637], [73.182732, 22.288225], [73.191732, 22.290637], [73.19832, 22.297225], [73.200732, 22.306225]]]}, "properties": {"village_name": "Vadodara", "subdistrict": "Vadodara Rural", "village_code": 251209, "composite_risk_score": 0.474, "flood_hazard_score": 0.765, "erosion_risk": 0.02, "cloudburst_probability": 0.388, "landslide_susceptibility": 0.286, "total_population": 1752371, "latitude": 22.306225, "longitude": 73.182732, "colour": "#eab308", "tier": "Tier 3 - Mitigate"}}, {"type": "Feature", "geometry": {"type": "Polygon", "coordinates": [[[73.396274, 22.43723], [73.393862, 22.44623], [73.387274, 22.452818], [73.378274, 22.45523], [73.369274, 22.452818], [73.362686, 22.44623], [73.360274, 22.43723], [73.362686, 22.42823], [73.369274, 22.421642], [73.378274, 22.41923], [73.387274, 22.421642], [73.393862, 22.42823], [73.396274, 22.43723]]]}, "properties": {"village_name": "Panch Devla", "subdistrict": "Vaghodia", "village_code": 519938, "composite_risk_score": 0.547, "flood_hazard_score": 0.439, "erosion_risk": 0.98, "cloudburst_probability": 0.927, "landslide_susceptibility": 0.602, "total_population": 867, "latitude": 22.43723, "longitude": 73.378274, "colour": "#eab308", "tier": "Tier 3 - Mitigate"}}, {"type": "Feature", "geometry": {"type": "Polygon", "coordinates": [[[73.402792, 22.430948], [73.40038, 22.439948], [73.393792, 22.446536], [73.384792, 22.448948], [73.375792, 22.446536], [73.369204, 22.439948], [73.366792, 22.430948], [73.369204, 22.421948], [73.375792, 22.41536], [73.384792, 22.412948], [73.393792, 22.41536], [73.40038, 22.421948], [73.402792, 22.430948]]]}, "properties": {"village_name": "Abhrampura", "subdistrict": "Vaghodia", "village_code": 519939, "composite_risk_score": 0.566, "flood_hazard_score": 0.431, "erosion_risk": 0.98, "cloudburst_probability": 0.942, "landslide_susceptibility": 0.614, "total_population": 627, "latitude": 22.430948, "longitude": 73.384792, "colour": "#eab308", "tier": "Tier 3 - Mitigate"}}, {"type": "Feature", "geometry": {"type": "Polygon", "coordinates": [[[73.313766, 22.426497], [73.311354, 22.435497], [73.304766, 22.442085], [73.295766, 22.444497], [73.286766, 22.442085], [73.280178, 22.435497], [73.277766, 22.426497], [73.280178, 22.417497], [73.286766, 22.410909], [73.295766, 22.408497], [73.304766, 22.410909], [73.311354, 22.417497], [73.313766, 22.426497]]]}, "properties": {"village_name": "Kamrol", "subdistrict": "Vaghodia", "village_code": 519936, "composite_risk_score": 0.528, "flood_hazard_score": 0.492, "erosion_risk": 0.98, "cloudburst_probability": 0.923, "landslide_susceptibility": 0.594, "total_population": 2097, "latitude": 22.426497, "longitude": 73.295766, "colour": "#eab308", "tier": "Tier 3 - Mitigate"}}, {"type": "Feature", "geometry": {"type": "Polygon", "coordinates": [[[73.402313, 22.415313], [73.399901, 22.424313], [73.393313, 22.430901], [73.384313, 22.433313], [73.375313, 22.430901], [73.368725, 22.424313], [73.366313, 22.415313], [73.368725, 22.406313], [73.375313, 22.399725], [73.384313, 22.397313], [73.393313, 22.399725], [73.399901, 22.406313], [73.402313, 22.415313]]]}, "properties": {"village_name": "Kodarvaya", "subdistrict": "Vaghodia", "village_code": 519942, "composite_risk_score": 0.612, "flood_hazard_score": 0.346, "erosion_risk": 0.98, "cloudburst_probability": 0.95, "landslide_susceptibility": 0.614, "total_population": 398, "latitude": 22.415313, "longitude": 73.384313, "colour": "#f97316", "tier": "Tier 2 - Relocate"}}, {"type": "Feature", "geometry": {"type": "Polygon", "coordinates": [[[73.282611, 22.413419], [73.280199, 22.422419], [73.273611, 22.429007], [73.264611, 22.431419], [73.255611, 22.429007], [73.249023, 22.422419], [73.246611, 22.413419], [73.249023, 22.404419], [73.255611, 22.397831], [73.264611, 22.395419], [73.273611, 22.397831], [73.280199, 22.404419], [73.282611, 22.413419]]]}, "properties": {"village_name": "Amreshwar", "subdistrict": "Vaghodia", "village_code": 519935, "composite_risk_score": 0.607, "flood_hazard_score": 0.443, "erosion_risk": 0.98, "cloudburst_probability": 0.95, "landslide_susceptibility": 0.616, "total_population": 480, "latitude": 22.413419, "longitude": 73.264611, "colour": "#f97316", "tier": "Tier 2 - Relocate"}}, {"type": "Feature", "geometry": {"type": "Polygon", "coordinates": [[[73.330378, 22.396152], [73.327966, 22.405152], [73.321378, 22.41174], [73.312378, 22.414152], [73.303378, 22.41174], [73.29679, 22.405152], [73.294378, 22.396152], [73.29679, 22.387152], [73.303378, 22.380564], [73.312378, 22.378152], [73.321378, 22.380564], [73.327966, 22.387152], [73.330378, 22.396152]]]}, "properties": {"village_name": "Kotambi", "subdistrict": "Vaghodia", "village_code": 519950, "composite_risk_score": 0.575, "flood_hazard_score": 0.527, "erosion_risk": 0.98, "cloudburst_probability": 0.891, "landslide_susceptibility": 0.576, "total_population": 3740, "latitude": 22.396152, "longitude": 73.312378, "colour": "#eab308", "tier": "Tier 3 - Mitigate"}}, {"type": "Feature", "geometry": {"type": "Polygon", "coordinates": [[[73.381664, 22.428497], [73.379252, 22.437497], [73.372664, 22.444085], [73.363664, 22.446497], [73.354664, 22.444085], [73.348076, 22.437497], [73.345664, 22.428497], [73.348076, 22.419497], [73.354664, 22.412909], [73.363664, 22.410497], [73.372664, 22.412909], [73.379252, 22.419497], [73.381664, 22.428497]]]}, "properties": {"village_name": "Lilora", "subdistrict": "Vaghodia", "village_code": 519937, "composite_risk_score": 0.508, "flood_hazard_score": 0.422, "erosion_risk": 0.98, "cloudburst_probability": 0.95, "landslide_susceptibility": 0.637, "total_population": 1698, "latitude": 22.428497, "longitude": 73.363664, "colour": "#eab308", "tier": "Tier 3 - Mitigate"}}, {"type": "Feature", "geometry": {"type": "Polygon", "coordinates": [[[73.386516, 22.404352], [73.384104, 22.413352], [73.377516, 22.41994], [73.368516, 22.422352], [73.359516, 22.41994], [73.352928, 22.413352], [73.350516, 22.404352], [73.352928, 22.395352], [73.359516, 22.388764], [73.368516, 22.386352], [73.377516, 22.388764], [73.384104, 22.395352], [73.386516, 22.404352]]]}, "properties": {"village_name": "Vyankatpura", "subdistrict": "Vaghodia", "village_code": 519943, "composite_risk_score": 0.622, "flood_hazard_score": 0.445, "erosion_risk": 0.98, "cloudburst_probability": 0.95, "landslide_susceptibility": 0.626, "total_population": 592, "latitude": 22.404352, "longitude": 73.368516, "colour": "#f97316", "tier": "Tier 2 - Relocate"}}, {"type": "Feature", "geometry": {"type": "Polygon", "coordinates": [[[73.353659, 22.408263], [73.351247, 22.417263], [73.344659, 22.423851], [73.335659, 22.426263], [73.326659, 22.423851], [73.320071, 22.417263], [73.317659, 22.408263], [73.320071, 22.399263], [73.326659, 22.392675], [73.335659, 22.390263], [73.344659, 22.392675], [73.351247, 22.399263], [73.353659, 22.408263]]]}, "properties": {"village_name": "Rahkui", "subdistrict": "Vaghodia", "village_code": 519945, "composite_risk_score": 0.564, "flood_hazard_score": 0.471, "erosion_risk": 0.98, "cloudburst_probability": 0.95, "landslide_susceptibility": 0.626, "total_population": 773, "latitude": 22.408263, "longitude": 73.335659, "colour": "#eab308", "tier": "Tier 3 - Mitigate"}}, {"type": "Feature", "geometry": {"type": "Polygon", "coordinates": [[[73.292967, 22.402363], [73.290555, 22.411363], [73.283967, 22.417951], [73.274967, 22.420363], [73.265967, 22.417951], [73.259379, 22.411363], [73.256967, 22.402363], [73.259379, 22.393363], [73.265967, 22.386775], [73.274967, 22.384363], [73.283967, 22.386775], [73.290555, 22.393363], [73.292967, 22.402363]]]}, "properties": {"village_name": "Ganeshpura", "subdistrict": "Vaghodia", "village_code": 519946, "composite_risk_score": 0.599, "flood_hazard_score": 0.458, "erosion_risk": 0.98, "cloudburst_probability": 0.94, "landslide_susceptibility": 0.605, "total_population": 981, "latitude": 22.402363, "longitude": 73.274967, "colour": "#eab308", "tier": "Tier 3 - Mitigate"}}, {"type": "Feature", "geometry": {"type": "Polygon", "coordinates": [[[73.370163, 22.398513], [73.367751, 22.407513], [73.361163, 22.414101], [73.352163, 22.416513], [73.343163, 22.414101], [73.336575, 22.407513], [73.334163, 22.398513], [73.336575, 22.389513], [73.343163, 22.382925], [73.352163, 22.380513], [73.361163, 22.382925], [73.367751, 22.389513], [73.370163, 22.398513]]]}, "properties": {"village_name": "Amrutpura", "subdistrict": "Vaghodia", "village_code": 519944, "composite_risk_score": 0.714, "flood_hazard_score": 0.522, "erosion_risk": 0.98, "cloudburst_probability": 0.912, "landslide_susceptibility": 0.594, "total_population": 409, "latitude": 22.398513, "longitude": 73.352163, "colour": "#f97316", "tier": "Tier 2 - Relocate"}}, {"type": "Feature", "geometry": {"type": "Polygon", "coordinates": [[[73.282179, 22.393587], [73.279767, 22.402587], [73.273179, 22.409175], [73.264179, 22.411587], [73.255179, 22.409175], [73.248591, 22.402587], [73.246179, 22.393587], [73.248591, 22.384587], [73.255179, 22.377999], [73.264179, 22.375587], [73.273179, 22.377999], [73.279767, 22.384587], [73.282179, 22.393587]]]}, "properties": {"village_name": "Bhaniyara", "subdistrict": "Vaghodia", "village_code": 519947, "composite_risk_score": 0.522, "flood_hazard_score": 0.551, "erosion_risk": 0.98, "cloudburst_probability": 0.913, "landslide_susceptibility": 0.593, "total_population": 1796, "latitude": 22.393587, "longitude": 73.264179, "colour": "#eab308", "tier": "Tier 3 - Mitigate"}}, {"type": "Feature", "geometry": {"type": "Polygon", "coordinates": [[[73.385701, 22.389601], [73.383289, 22.398601], [73.376701, 22.405189], [73.367701, 22.407601], [73.358701, 22.405189], [73.352113, 22.398601], [73.349701, 22.389601], [73.352113, 22.380601], [73.358701, 22.374013], [73.367701, 22.371601], [73.376701, 22.374013], [73.383289, 22.380601], [73.385701, 22.389601]]]}, "properties": {"village_name": "Jafarpura", "subdistrict": "Vaghodia", "village_code": 519954, "composite_risk_score": 0.586, "flood_hazard_score": 0.535, "erosion_risk": 0.98, "cloudburst_probability": 0.933, "landslide_susceptibility": 0.604, "total_population": 358, "latitude": 22.389601, "longitude": 73.367701, "colour": "#eab308", "tier": "Tier 3 - Mitigate"}}, {"type": "Feature", "geometry": {"type": "Polygon", "coordinates": [[[73.350133, 22.38544], [73.347721, 22.39444], [73.341133, 22.401028], [73.332133, 22.40344], [73.323133, 22.401028], [73.316545, 22.39444], [73.314133, 22.38544], [73.316545, 22.37644], [73.323133, 22.369852], [73.332133, 22.36744], [73.341133, 22.369852], [73.347721, 22.37644], [73.350133, 22.38544]]]}, "properties": {"village_name": "Intoli", "subdistrict": "Vaghodia", "village_code": 519952, "composite_risk_score": 0.492, "flood_hazard_score": 0.464, "erosion_risk": 0.98, "cloudburst_probability": 0.919, "landslide_susceptibility": 0.602, "total_population": 1060, "latitude": 22.38544, "longitude": 73.332133, "colour": "#eab308", "tier": "Tier 3 - Mitigate"}}, {"type": "Feature", "geometry": {"type": "Polygon", "coordinates": [[[73.363826, 22.379755], [73.361414, 22.388755], [73.354826, 22.395343], [73.345826, 22.397755], [73.336826, 22.395343], [73.330238, 22.388755], [73.327826, 22.379755], [73.330238, 22.370755], [73.336826, 22.364167], [73.345826, 22.361755], [73.354826, 22.364167], [73.361414, 22.370755], [73.363826, 22.379755]]]}, "properties": {"village_name": "Rasulabad", "subdistrict": "Vaghodia", "village_code": 519953, "composite_risk_score": 0.51, "flood_hazard_score": 0.437, "erosion_risk": 0.98, "cloudburst_probability": 0.894, "landslide_susceptibility": 0.583, "total_population": 2279, "latitude": 22.379755, "longitude": 73.345826, "colour": "#eab308", "tier": "Tier 3 - Mitigate"}}, {"type": "Feature", "geometry": {"type": "Polygon", "coordinates": [[[73.396642, 22.369731], [73.39423, 22.378731], [73.387642, 22.385319], [73.378642, 22.387731], [73.369642, 22.385319], [73.363054, 22.378731], [73.360642, 22.369731], [73.363054, 22.360731], [73.369642, 22.354143], [73.378642, 22.351731], [73.387642, 22.354143], [73.39423, 22.360731], [73.396642, 22.369731]]]}, "properties": {"village_name": "Rayan Talavadi", "subdistrict": "Vaghodia", "village_code": 519957, "composite_risk_score": 0.581, "flood_hazard_score": 0.429, "erosion_risk": 0.98, "cloudburst_probability": 0.914, "landslide_susceptibility": 0.592, "total_population": 1597, "latitude": 22.369731, "longitude": 73.378642, "colour": "#eab308", "tier": "Tier 3 - Mitigate"}}, {"type": "Feature", "geometry": {"type": "Polygon", "coordinates": [[[73.297252, 22.379426], [73.29484, 22.388426], [73.288252, 22.395014], [73.279252, 22.397426], [73.270252, 22.395014], [73.263664, 22.388426], [73.261252, 22.379426], [73.263664, 22.370426], [73.270252, 22.363838], [73.279252, 22.361426], [73.288252, 22.363838], [73.29484, 22.370426], [73.297252, 22.379426]]]}, "properties": {"village_name": "Bhaupura", "subdistrict": "Vaghodia", "village_code": 519948, "composite_risk_score": 0.557, "flood_hazard_score": 0.503, "erosion_risk": 0.98, "cloudburst_probability": 0.95, "landslide_susceptibility": 0.615, "total_population": 663, "latitude": 22.379426, "longitude": 73.279252, "colour": "#eab308", "tier": "Tier 3 - Mitigate"}}, {"type": "Feature", "geometry": {"type": "Polygon", "coordinates": [[[73.339545, 22.370251], [73.337133, 22.379251], [73.330545, 22.385839], [73.321545, 22.388251], [73.312545, 22.385839], [73.305957, 22.379251], [73.303545, 22.370251], [73.305957, 22.361251], [73.312545, 22.354663], [73.321545, 22.352251], [73.330545, 22.354663], [73.337133, 22.361251], [73.339545, 22.370251]]]}, "properties": {"village_name": "Sakariya", "subdistrict": "Vaghodia", "village_code": 519951, "composite_risk_score": 0.611, "flood_hazard_score": 0.412, "erosion_risk": 0.98, "cloudburst_probability": 0.911, "landslide_susceptibility": 0.594, "total_population": 654, "latitude": 22.370251, "longitude": 73.321545, "colour": "#f97316", "tier": "Tier 2 - Relocate"}}, {"type": "Feature", "geometry": {"type": "Polygon", "coordinates": [[[73.300281, 22.36591], [73.297869, 22.37491], [73.291281, 22.381498], [73.282281, 22.38391], [73.273281, 22.381498], [73.266693, 22.37491], [73.264281, 22.36591], [73.266693, 22.35691], [73.273281, 22.350322], [73.282281, 22.34791], [73.291281, 22.350322], [73.297869, 22.35691], [73.300281, 22.36591]]]}, "properties": {"village_name": "Kumetha", "subdistrict": "Vaghodia", "village_code": 519949, "composite_risk_score": 0.516, "flood_hazard_score": 0.402, "erosion_risk": 0.98, "cloudburst_probability": 0.906, "landslide_susceptibility": 0.594, "total_population": 1595, "latitude": 22.36591, "longitude": 73.282281, "colour": "#eab308", "tier": "Tier 3 - Mitigate"}}, {"type": "Feature", "geometry": {"type": "Polygon", "coordinates": [[[73.313115, 22.361659], [73.310703, 22.370659], [73.304115, 22.377247], [73.295115, 22.379659], [73.286115, 22.377247], [73.279527, 22.370659], [73.277115, 22.361659], [73.279527, 22.352659], [73.286115, 22.346071], [73.295115, 22.343659], [73.304115, 22.346071], [73.310703, 22.352659], [73.313115, 22.361659]]]}, "properties": {"village_name": "Morlipura", "subdistrict": "Vaghodia", "village_code": 519958, "composite_risk_score": 0.56, "flood_hazard_score": 0.342, "erosion_risk": 0.98, "cloudburst_probability": 0.95, "landslide_susceptibility": 0.625, "total_population": 993, "latitude": 22.361659, "longitude": 73.295115, "colour": "#eab308", "tier": "Tier 3 - Mitigate"}}, {"type": "Feature", "geometry": {"type": "Polygon", "coordinates": [[[73.364467, 22.347207], [73.362055, 22.356207], [73.355467, 22.362795], [73.346467, 22.365207], [73.337467, 22.362795], [73.330879, 22.356207], [73.328467, 22.347207], [73.330879, 22.338207], [73.337467, 22.331619], [73.346467, 22.329207], [73.355467, 22.331619], [73.362055, 22.338207], [73.364467, 22.347207]]]}, "properties": {"village_name": "Raval", "subdistrict": "Vaghodia", "village_code": 519962, "composite_risk_score": 0.508, "flood_hazard_score": 0.41, "erosion_risk": 0.98, "cloudburst_probability": 0.95, "landslide_susceptibility": 0.627, "total_population": 2702, "latitude": 22.347207, "longitude": 73.346467, "colour": "#eab308", "tier": "Tier 3 - Mitigate"}}, {"type": "Feature", "geometry": {"type": "Polygon", "coordinates": [[[73.400726, 22.346867], [73.398314, 22.355867], [73.391726, 22.362455], [73.382726, 22.364867], [73.373726, 22.362455], [73.367138, 22.355867], [73.364726, 22.346867], [73.367138, 22.337867], [73.373726, 22.331279], [73.382726, 22.328867], [73.391726, 22.331279], [73.398314, 22.337867], [73.400726, 22.346867]]]}, "properties": {"village_name": "Sanoli", "subdistrict": "Vaghodia", "village_code": 519963, "composite_risk_score": 0.648, "flood_hazard_score": 0.439, "erosion_risk": 0.98, "cloudburst_probability": 0.95, "landslide_susceptibility": 0.615, "total_population": 1202, "latitude": 22.346867, "longitude": 73.382726, "colour": "#f97316", "tier": "Tier 2 - Relocate"}}, {"type": "Feature", "geometry": {"type": "Polygon", "coordinates": [[[73.33177, 22.346736], [73.329358, 22.355736], [73.32277, 22.362324], [73.31377, 22.364736], [73.30477, 22.362324], [73.298182, 22.355736], [73.29577, 22.346736], [73.298182, 22.337736], [73.30477, 22.331148], [73.31377, 22.328736], [73.32277, 22.331148], [73.329358, 22.337736], [73.33177, 22.346736]]]}, "properties": {"village_name": "Nimetha", "subdistrict": "Vaghodia", "village_code": 519961, "composite_risk_score": 0.541, "flood_hazard_score": 0.3, "erosion_risk": 0.98, "cloudburst_probability": 0.95, "landslide_susceptibility": 0.637, "total_population": 2328, "latitude": 22.346736, "longitude": 73.31377, "colour": "#eab308", "tier": "Tier 3 - Mitigate"}}, {"type": "Feature", "geometry": {"type": "Polygon", "coordinates": [[[73.306132, 22.337236], [73.30372, 22.346236], [73.297132, 22.352824], [73.288132, 22.355236], [73.279132, 22.352824], [73.272544, 22.346236], [73.270132, 22.337236], [73.272544, 22.328236], [73.279132, 22.321648], [73.288132, 22.319236], [73.297132, 22.321648], [73.30372, 22.328236], [73.306132, 22.337236]]]}, "properties": {"village_name": "Jesangpura", "subdistrict": "Vaghodia", "village_code": 519960, "composite_risk_score": 0.595, "flood_hazard_score": 0.421, "erosion_risk": 0.98, "cloudburst_probability": 0.932, "landslide_susceptibility": 0.604, "total_population": 811, "latitude": 22.337236, "longitude": 73.288132, "colour": "#eab308", "tier": "Tier 3 - Mitigate"}}, {"type": "Feature", "geometry": {"type": "Polygon", "coordinates": [[[73.354834, 22.331109], [73.352422, 22.340109], [73.345834, 22.346697], [73.336834, 22.349109], [73.327834, 22.346697], [73.321246, 22.340109], [73.318834, 22.331109], [73.321246, 22.322109], [73.327834, 22.315521], [73.336834, 22.313109], [73.345834, 22.315521], [73.352422, 22.322109], [73.354834, 22.331109]]]}, "properties": {"village_name": "Chipad", "subdistrict": "Vaghodia", "village_code": 519978, "composite_risk_score": 0.582, "flood_hazard_score": 0.468, "erosion_risk": 0.98, "cloudburst_probability": 0.95, "landslide_susceptibility": 0.658, "total_population": 944, "latitude": 22.331109, "longitude": 73.336834, "colour": "#eab308", "tier": "Tier 3 - Mitigate"}}, {"type": "Feature", "geometry": {"type": "Polygon", "coordinates": [[[73.378103, 22.320324], [73.375691, 22.329324], [73.369103, 22.335912], [73.360103, 22.338324], [73.351103, 22.335912], [73.344515, 22.329324], [73.342103, 22.320324], [73.344515, 22.311324], [73.351103, 22.304736], [73.360103, 22.302324], [73.369103, 22.304736], [73.375691, 22.311324], [73.378103, 22.320324]]]}, "properties": {"village_name": "Gajadra", "subdistrict": "Vaghodia", "village_code": 519984, "composite_risk_score": 0.521, "flood_hazard_score": 0.504, "erosion_risk": 0.98, "cloudburst_probability": 0.95, "landslide_susceptibility": 0.616, "total_population": 1685, "latitude": 22.320324, "longitude": 73.360103, "colour": "#eab308", "tier": "Tier 3 - Mitigate"}}, {"type": "Feature", "geometry": {"type": "Polygon", "coordinates": [[[73.325663, 22.331554], [73.323251, 22.340554], [73.316663, 22.347142], [73.307663, 22.349554], [73.298663, 22.347142], [73.292075, 22.340554], [73.289663, 22.331554], [73.292075, 22.322554], [73.298663, 22.315966], [73.307663, 22.313554], [73.316663, 22.315966], [73.323251, 22.322554], [73.325663, 22.331554]]]}, "properties": {"village_name": "Navi Jambuvai", "subdistrict": "Vaghodia", "village_code": 519979, "composite_risk_score": 0.586, "flood_hazard_score": 0.418, "erosion_risk": 0.98, "cloudburst_probability": 0.911, "landslide_susceptibility": 0.594, "total_population": 491, "latitude": 22.331554, "longitude": 73.307663, "colour": "#eab308", "tier": "Tier 3 - Mitigate"}}, {"type": "Feature", "geometry": {"type": "Polygon", "coordinates": [[[73.288463, 22.333964], [73.286051, 22.342964], [73.279463, 22.349552], [73.270463, 22.351964], [73.261463, 22.349552], [73.254875, 22.342964], [73.252463, 22.333964], [73.254875, 22.324964], [73.261463, 22.318376], [73.270463, 22.315964], [73.279463, 22.318376], [73.286051, 22.324964], [73.288463, 22.333964]]]}, "properties": {"village_name": "Sikandarpura", "subdistrict": "Vaghodia", "village_code": 519959, "composite_risk_score": 0.675, "flood_hazard_score": 0.404, "erosion_risk": 0.98, "cloudburst_probability": 0.949, "landslide_susceptibility": 0.613, "total_population": 2905, "latitude": 22.333964, "longitude": 73.270463, "colour": "#f97316", "tier": "Tier 2 - Relocate"}}, {"type": "Feature", "geometry": {"type": "Polygon", "coordinates": [[[73.318323, 22.316], [73.315911, 22.325], [73.309323, 22.331588], [73.300323, 22.334], [73.291323, 22.331588], [73.284735, 22.325], [73.282323, 22.316], [73.284735, 22.307], [73.291323, 22.300412], [73.300323, 22.298], [73.309323, 22.300412], [73.315911, 22.307], [73.318323, 22.316]]]}, "properties": {"village_name": "Shripore Timbi", "subdistrict": "Vaghodia", "village_code": 519982, "composite_risk_score": 0.609, "flood_hazard_score": 0.498, "erosion_risk": 0.98, "cloudburst_probability": 0.95, "landslide_susceptibility": 0.638, "total_population": 670, "latitude": 22.316, "longitude": 73.300323, "colour": "#f97316", "tier": "Tier 2 - Relocate"}}, {"type": "Feature", "geometry": {"type": "Polygon", "coordinates": [[[73.392753, 22.325434], [73.390341, 22.334434], [73.383753, 22.341022], [73.374753, 22.343434], [73.365753, 22.341022], [73.359165, 22.334434], [73.356753, 22.325434], [73.359165, 22.316434], [73.365753, 22.309846], [73.374753, 22.307434], [73.383753, 22.309846], [73.390341, 22.316434], [73.392753, 22.325434]]]}, "properties": {"village_name": "Khandha", "subdistrict": "Vaghodia", "village_code": 519977, "composite_risk_score": 0.652, "flood_hazard_score": 0.55, "erosion_risk": 0.98, "cloudburst_probability": 0.95, "landslide_susceptibility": 0.616, "total_population": 1128, "latitude": 22.325434, "longitude": 73.374753, "colour": "#f97316", "tier": "Tier 2 - Relocate"}}, {"type": "Feature", "geometry": {"type": "Polygon", "coordinates": [[[73.413499, 22.323725], [73.411087, 22.332725], [73.404499, 22.339313], [73.395499, 22.341725], [73.386499, 22.339313], [73.379911, 22.332725], [73.377499, 22.323725], [73.379911, 22.314725], [73.386499, 22.308137], [73.395499, 22.305725], [73.404499, 22.308137], [73.411087, 22.314725], [73.413499, 22.323725]]]}, "properties": {"village_name": "Nava Ajva", "subdistrict": "Vaghodia", "village_code": 519976, "composite_risk_score": 0.619, "flood_hazard_score": 0.53, "erosion_risk": 0.98, "cloudburst_probability": 0.935, "landslide_susceptibility": 0.605, "total_population": 869, "latitude": 22.323725, "longitude": 73.395499, "colour": "#f97316", "tier": "Tier 2 - Relocate"}}, {"type": "Feature", "geometry": {"type": "Polygon", "coordinates": [[[73.302063, 22.323132], [73.299651, 22.332132], [73.293063, 22.33872], [73.284063, 22.341132], [73.275063, 22.33872], [73.268475, 22.332132], [73.266063, 22.323132], [73.268475, 22.314132], [73.275063, 22.307544], [73.284063, 22.305132], [73.293063, 22.307544], [73.299651, 22.314132], [73.302063, 22.323132]]]}, "properties": {"village_name": "Bakrol", "subdistrict": "Vaghodia", "village_code": 519980, "composite_risk_score": 0.615, "flood_hazard_score": 0.475, "erosion_risk": 0.98, "cloudburst_probability": 0.95, "landslide_susceptibility": 0.626, "total_population": 1017, "latitude": 22.323132, "longitude": 73.284063, "colour": "#f97316", "tier": "Tier 2 - Relocate"}}, {"type": "Feature", "geometry": {"type": "Polygon", "coordinates": [[[73.351045, 22.267676], [73.348633, 22.276676], [73.342045, 22.283264], [73.333045, 22.285676], [73.324045, 22.283264], [73.317457, 22.276676], [73.315045, 22.267676], [73.317457, 22.258676], [73.324045, 22.252088], [73.333045, 22.249676], [73.342045, 22.252088], [73.348633, 22.258676], [73.351045, 22.267676]]]}, "properties": {"village_name": "Ropa", "subdistrict": "Vaghodia", "village_code": 520006, "composite_risk_score": 0.72, "flood_hazard_score": 0.548, "erosion_risk": 0.98, "cloudburst_probability": 0.917, "landslide_susceptibility": 0.596, "total_population": 633, "latitude": 22.267676, "longitude": 73.333045, "colour": "#f97316", "tier": "Tier 2 - Relocate"}}, {"type": "Feature", "geometry": {"type": "Polygon", "coordinates": [[[73.340901, 22.318998], [73.338489, 22.327998], [73.331901, 22.334586], [73.322901, 22.336998], [73.313901, 22.334586], [73.307313, 22.327998], [73.304901, 22.318998], [73.307313, 22.309998], [73.313901, 22.30341], [73.322901, 22.300998], [73.331901, 22.30341], [73.338489, 22.309998], [73.340901, 22.318998]]]}, "properties": {"village_name": "Bhadol Khurd", "subdistrict": "Vaghodia", "village_code": 519983, "composite_risk_score": 0.577, "flood_hazard_score": 0.414, "erosion_risk": 0.98, "cloudburst_probability": 0.95, "landslide_susceptibility": 0.637, "total_population": 458, "latitude": 22.318998, "longitude": 73.322901, "colour": "#eab308", "tier": "Tier 3 - Mitigate"}}, {"type": "Feature", "geometry": {"type": "Polygon", "coordinates": [[[73.288079, 22.315167], [73.285667, 22.324167], [73.279079, 22.330755], [73.270079, 22.333167], [73.261079, 22.330755], [73.254491, 22.324167], [73.252079, 22.315167], [73.254491, 22.306167], [73.261079, 22.299579], [73.270079, 22.297167], [73.279079, 22.299579], [73.285667, 22.306167], [73.288079, 22.315167]]]}, "properties": {"village_name": "Hanumanpura", "subdistrict": "Vaghodia", "village_code": 519981, "composite_risk_score": 0.594, "flood_hazard_score": 0.422, "erosion_risk": 0.98, "cloudburst_probability": 0.917, "landslide_susceptibility": 0.595, "total_population": 504, "latitude": 22.315167, "longitude": 73.270079, "colour": "#eab308", "tier": "Tier 3 - Mitigate"}}, {"type": "Feature", "geometry": {"type": "Polygon", "coordinates": [[[73.34446, 22.308185], [73.342048, 22.317185], [73.33546, 22.323773], [73.32646, 22.326185], [73.31746, 22.323773], [73.310872, 22.317185], [73.30846, 22.308185], [73.310872, 22.299185], [73.31746, 22.292597], [73.32646, 22.290185], [73.33546, 22.292597], [73.342048, 22.299185], [73.34446, 22.308185]]]}, "properties": {"village_name": "Alva", "subdistrict": "Vaghodia", "village_code": 520000, "composite_risk_score": 0.562, "flood_hazard_score": 0.507, "erosion_risk": 0.98, "cloudburst_probability": 0.938, "landslide_susceptibility": 0.605, "total_population": 2066, "latitude": 22.308185, "longitude": 73.32646, "colour": "#eab308", "tier": "Tier 3 - Mitigate"}}, {"type": "Feature", "geometry": {"type": "Polygon", "coordinates": [[[73.321627, 22.298566], [73.319215, 22.307566], [73.312627, 22.314154], [73.303627, 22.316566], [73.294627, 22.314154], [73.288039, 22.307566], [73.285627, 22.298566], [73.288039, 22.289566], [73.294627, 22.282978], [73.303627, 22.280566], [73.312627, 22.282978], [73.319215, 22.289566], [73.321627, 22.298566]]]}, "properties": {"village_name": "Amodar", "subdistrict": "Vaghodia", "village_code": 520001, "composite_risk_score": 0.483, "flood_hazard_score": 0.499, "erosion_risk": 0.98, "cloudburst_probability": 0.95, "landslide_susceptibility": 0.635, "total_population": 1591, "latitude": 22.298566, "longitude": 73.303627, "colour": "#eab308", "tier": "Tier 3 - Mitigate"}}, {"type": "Feature", "geometry": {"type": "Polygon", "coordinates": [[[73.380083, 22.283762], [73.377671, 22.292762], [73.371083, 22.29935], [73.362083, 22.301762], [73.353083, 22.29935], [73.346495, 22.292762], [73.344083, 22.283762], [73.346495, 22.274762], [73.353083, 22.268174], [73.362083, 22.265762], [73.371083, 22.268174], [73.377671, 22.274762], [73.380083, 22.283762]]]}, "properties": {"village_name": "Limda", "subdistrict": "Vaghodia", "village_code": 520007, "composite_risk_score": 0.557, "flood_hazard_score": 0.567, "erosion_risk": 0.98, "cloudburst_probability": 0.865, "landslide_susceptibility": 0.564, "total_population": 2608, "latitude": 22.283762, "longitude": 73.362083, "colour": "#eab308", "tier": "Tier 3 - Mitigate"}}, {"type": "Feature", "geometry": {"type": "Polygon", "coordinates": [[[73.352125, 22.287513], [73.349713, 22.296513], [73.343125, 22.303101], [73.334125, 22.305513], [73.325125, 22.303101], [73.318537, 22.296513], [73.316125, 22.287513], [73.318537, 22.278513], [73.325125, 22.271925], [73.334125, 22.269513], [73.343125, 22.271925], [73.349713, 22.278513], [73.352125, 22.287513]]]}, "properties": {"village_name": "Kamlapura", "subdistrict": "Vaghodia", "village_code": 519999, "composite_risk_score": 0.621, "flood_hazard_score": 0.433, "erosion_risk": 0.98, "cloudburst_probability": 0.915, "landslide_susceptibility": 0.595, "total_population": 433, "latitude": 22.287513, "longitude": 73.334125, "colour": "#f97316", "tier": "Tier 2 - Relocate"}}, {"type": "Feature", "geometry": {"type": "Polygon", "coordinates": [[[73.368391, 22.290134], [73.365979, 22.299134], [73.359391, 22.305722], [73.350391, 22.308134], [73.341391, 22.305722], [73.334803, 22.299134], [73.332391, 22.290134], [73.334803, 22.281134], [73.341391, 22.274546], [73.350391, 22.272134], [73.359391, 22.274546], [73.365979, 22.281134], [73.368391, 22.290134]]]}, "properties": {"village_name": "Dattapura", "subdistrict": "Vaghodia", "village_code": 519998, "composite_risk_score": 0.548, "flood_hazard_score": 0.486, "erosion_risk": 0.98, "cloudburst_probability": 0.914, "landslide_susceptibility": 0.594, "total_population": 40, "latitude": 22.290134, "longitude": 73.350391, "colour": "#eab308", "tier": "Tier 3 - Mitigate"}}, {"type": "Feature", "geometry": {"type": "Polygon", "coordinates": [[[73.33367, 22.286007], [73.331258, 22.295007], [73.32467, 22.301595], [73.31567, 22.304007], [73.30667, 22.301595], [73.300082, 22.295007], [73.29767, 22.286007], [73.300082, 22.277007], [73.30667, 22.270419], [73.31567, 22.268007], [73.32467, 22.270419], [73.331258, 22.277007], [73.33367, 22.286007]]]}, "properties": {"village_name": "Pipaliya", "subdistrict": "Vaghodia", "village_code": 520003, "composite_risk_score": 0.434, "flood_hazard_score": 0.489, "erosion_risk": 0.98, "cloudburst_probability": 0.892, "landslide_susceptibility": 0.583, "total_population": 1320, "latitude": 22.286007, "longitude": 73.31567, "colour": "#eab308", "tier": "Tier 3 - Mitigate"}}, {"type": "Feature", "geometry": {"type": "Polygon", "coordinates": [[[73.307908, 22.284299], [73.305496, 22.293299], [73.298908, 22.299887], [73.289908, 22.302299], [73.280908, 22.299887], [73.27432, 22.293299], [73.271908, 22.284299], [73.27432, 22.275299], [73.280908, 22.268711], [73.289908, 22.266299], [73.298908, 22.268711], [73.305496, 22.275299], [73.307908, 22.284299]]]}, "properties": {"village_name": "Pavlepur", "subdistrict": "Vaghodia", "village_code": 520002, "composite_risk_score": 0.459, "flood_hazard_score": 0.49, "erosion_risk": 0.98, "cloudburst_probability": 0.91, "landslide_susceptibility": 0.594, "total_population": 1313, "latitude": 22.284299, "longitude": 73.289908, "colour": "#eab308", "tier": "Tier 3 - Mitigate"}}, {"type": "Feature", "geometry": {"type": "Polygon", "coordinates": [[[73.392207, 22.265344], [73.389795, 22.274344], [73.383207, 22.280932], [73.374207, 22.283344], [73.365207, 22.280932], [73.358619, 22.274344], [73.356207, 22.265344], [73.358619, 22.256344], [73.365207, 22.249756], [73.374207, 22.247344], [73.383207, 22.249756], [73.389795, 22.256344], [73.392207, 22.265344]]]}, "properties": {"village_name": "Madheli", "subdistrict": "Vaghodia", "village_code": 520008, "composite_risk_score": 0.556, "flood_hazard_score": 0.463, "erosion_risk": 0.98, "cloudburst_probability": 0.899, "landslide_susceptibility": 0.586, "total_population": 2057, "latitude": 22.265344, "longitude": 73.374207, "colour": "#eab308", "tier": "Tier 3 - Mitigate"}}, {"type": "Feature", "geometry": {"type": "Polygon", "coordinates": [[[73.328472, 22.269155], [73.32606, 22.278155], [73.319472, 22.284743], [73.310472, 22.287155], [73.301472, 22.284743], [73.294884, 22.278155], [73.292472, 22.269155], [73.294884, 22.260155], [73.301472, 22.253567], [73.310472, 22.251155], [73.319472, 22.253567], [73.32606, 22.260155], [73.328472, 22.269155]]]}, "properties": {"village_name": "Umarva", "subdistrict": "Vaghodia", "village_code": 520004, "composite_risk_score": 0.497, "flood_hazard_score": 0.473, "erosion_risk": 0.98, "cloudburst_probability": 0.941, "landslide_susceptibility": 0.615, "total_population": 1090, "latitude": 22.269155, "longitude": 73.310472, "colour": "#eab308", "tier": "Tier 3 - Mitigate"}}, {"type": "Feature", "geometry": {"type": "Polygon", "coordinates": [[[73.336803, 22.258596], [73.334391, 22.267596], [73.327803, 22.274184], [73.318803, 22.276596], [73.309803, 22.274184], [73.303215, 22.267596], [73.300803, 22.258596], [73.303215, 22.249596], [73.309803, 22.243008], [73.318803, 22.240596], [73.327803, 22.243008], [73.334391, 22.249596], [73.336803, 22.258596]]]}, "properties": {"village_name": "Mastupura", "subdistrict": "Vaghodia", "village_code": 520005, "composite_risk_score": 0.646, "flood_hazard_score": 0.534, "erosion_risk": 0.98, "cloudburst_probability": 0.916, "landslide_susceptibility": 0.596, "total_population": 487, "latitude": 22.258596, "longitude": 73.318803, "colour": "#f97316", "tier": "Tier 2 - Relocate"}}, {"type": "Feature", "geometry": {"type": "Polygon", "coordinates": [[[73.411337, 22.251891], [73.408925, 22.260891], [73.402337, 22.267479], [73.393337, 22.269891], [73.384337, 22.267479], [73.377749, 22.260891], [73.375337, 22.251891], [73.377749, 22.242891], [73.384337, 22.236303], [73.393337, 22.233891], [73.402337, 22.236303], [73.408925, 22.242891], [73.411337, 22.251891]]]}, "properties": {"village_name": "Falod", "subdistrict": "Vaghodia", "village_code": 520019, "composite_risk_score": 0.642, "flood_hazard_score": 0.529, "erosion_risk": 0.98, "cloudburst_probability": 0.95, "landslide_susceptibility": 0.629, "total_population": 1903, "latitude": 22.251891, "longitude": 73.393337, "colour": "#f97316", "tier": "Tier 2 - Relocate"}}, {"type": "Feature", "geometry": {"type": "Polygon", "coordinates": [[[73.215007, 22.211725], [73.212595, 22.220725], [73.206007, 22.227313], [73.197007, 22.229725], [73.188007, 22.227313], [73.181419, 22.220725], [73.179007, 22.211725], [73.181419, 22.202725], [73.188007, 22.196137], [73.197007, 22.193725], [73.206007, 22.196137], [73.212595, 22.202725], [73.215007, 22.211725]]]}, "properties": {"village_name": "Alamgir", "subdistrict": "Vadodara Rural", "village_code": 519927, "composite_risk_score": 0.48, "flood_hazard_score": 0.488, "erosion_risk": 0.02, "cloudburst_probability": 0.862, "landslide_susceptibility": 0.563, "total_population": 0, "latitude": 22.211725, "longitude": 73.197007, "colour": "#eab308", "tier": "Tier 3 - Mitigate"}}, {"type": "Feature", "geometry": {"type": "Polygon", "coordinates": [[[73.113614, 22.41435], [73.111202, 22.42335], [73.104614, 22.429938], [73.095614, 22.43235], [73.086614, 22.429938], [73.080026, 22.42335], [73.077614, 22.41435], [73.080026, 22.40535], [73.086614, 22.398762], [73.095614, 22.39635], [73.104614, 22.398762], [73.111202, 22.40535], [73.113614, 22.41435]]]}, "properties": {"village_name": "Nandesari", "subdistrict": "Vadodara Rural", "village_code": 519906, "composite_risk_score": 0.461, "flood_hazard_score": 0.708, "erosion_risk": 0.02, "cloudburst_probability": 0.388, "landslide_susceptibility": 0.286, "total_population": 8290, "latitude": 22.41435, "longitude": 73.095614, "colour": "#eab308", "tier": "Tier 3 - Mitigate"}}, {"type": "Feature", "geometry": {"type": "Polygon", "coordinates": [[[73.158935, 22.366252], [73.156523, 22.375252], [73.149935, 22.38184], [73.140935, 22.384252], [73.131935, 22.38184], [73.125347, 22.375252], [73.122935, 22.366252], [73.125347, 22.357252], [73.131935, 22.350664], [73.140935, 22.348252], [73.149935, 22.350664], [73.156523, 22.357252], [73.158935, 22.366252]]]}, "properties": {"village_name": "Bajwa", "subdistrict": "Vadodara Rural", "village_code": 519909, "composite_risk_score": 0.472, "flood_hazard_score": 0.756, "erosion_risk": 0.02, "cloudburst_probability": 0.388, "landslide_susceptibility": 0.286, "total_population": 9611, "latitude": 22.366252, "longitude": 73.140935, "colour": "#eab308", "tier": "Tier 3 - Mitigate"}}, {"type": "Feature", "geometry": {"type": "Polygon", "coordinates": [[[73.149306, 22.398552], [73.146894, 22.407552], [73.140306, 22.41414], [73.131306, 22.416552], [73.122306, 22.41414], [73.115718, 22.407552], [73.113306, 22.398552], [73.115718, 22.389552], [73.122306, 22.382964], [73.131306, 22.380552], [73.140306, 22.382964], [73.146894, 22.389552], [73.149306, 22.398552]]]}, "properties": {"village_name": "Ranoli", "subdistrict": "Vadodara Rural", "village_code": 519907, "composite_risk_score": 0.447, "flood_hazard_score": 0.645, "erosion_risk": 0.02, "cloudburst_probability": 0.388, "landslide_susceptibility": 0.286, "total_population": 11726, "latitude": 22.398552, "longitude": 73.131306, "colour": "#eab308", "tier": "Tier 3 - Mitigate"}}, {"type": "Feature", "geometry": {"type": "Polygon", "coordinates": [[[73.149637, 22.379471], [73.147225, 22.388471], [73.140637, 22.395059], [73.131637, 22.397471], [73.122637, 22.395059], [73.116049, 22.388471], [73.113637, 22.379471], [73.116049, 22.370471], [73.122637, 22.363883], [73.131637, 22.361471], [73.140637, 22.363883], [73.147225, 22.370471], [73.149637, 22.379471]]]}, "properties": {"village_name": "Karachiya", "subdistrict": "Vadodara Rural", "village_code": 519908, "composite_risk_score": 0.471, "flood_hazard_score": 0.751, "erosion_risk": 0.02, "cloudburst_probability": 0.388, "landslide_susceptibility": 0.286, "total_population": 7103, "latitude": 22.379471, "longitude": 73.131637, "colour": "#eab308", "tier": "Tier 3 - Mitigate"}}, {"type": "Feature", "geometry": {"type": "Polygon", "coordinates": [[[73.150399, 22.359056], [73.147987, 22.368056], [73.141399, 22.374644], [73.132399, 22.377056], [73.123399, 22.374644], [73.116811, 22.368056], [73.114399, 22.359056], [73.116811, 22.350056], [73.123399, 22.343468], [73.132399, 22.341056], [73.141399, 22.343468], [73.147987, 22.350056], [73.150399, 22.359056]]]}, "properties": {"village_name": "Jawaharnagar Gujarat Refinery CT", "subdistrict": "Vadodara Rural", "village_code": 519910, "composite_risk_score": 0.483, "flood_hazard_score": 0.438, "erosion_risk": 0.02, "cloudburst_probability": 0.95, "landslide_susceptibility": 0.639, "total_population": 3417, "latitude": 22.359056, "longitude": 73.132399, "colour": "#eab308", "tier": "Tier 3 - Mitigate"}}, {"type": "Feature", "geometry": {"type": "Polygon", "coordinates": [[[73.122746, 22.403717], [73.120334, 22.412717], [73.113746, 22.419305], [73.104746, 22.421717], [73.095746, 22.419305], [73.089158, 22.412717], [73.086746, 22.403717], [73.089158, 22.394717], [73.095746, 22.388129], [73.104746, 22.385717], [73.113746, 22.388129], [73.120334, 22.394717], [73.122746, 22.403717]]]}, "properties": {"village_name": "Nandesari INA", "subdistrict": "Vadodara Rural", "village_code": 802593, "composite_risk_score": 0.498, "flood_hazard_score": 0.543, "erosion_risk": 0.02, "cloudburst_probability": 0.904, "landslide_susceptibility": 0.587, "total_population": 3679, "latitude": 22.403717, "longitude": 73.104746, "colour": "#eab308", "tier": "Tier 3 - Mitigate"}}, {"type": "Feature", "geometry": {"type": "Polygon", "coordinates": [[[73.170346, 22.372328], [73.167934, 22.381328], [73.161346, 22.387916], [73.152346, 22.390328], [73.143346, 22.387916], [73.136758, 22.381328], [73.134346, 22.372328], [73.136758, 22.363328], [73.143346, 22.35674], [73.152346, 22.354328], [73.161346, 22.35674], [73.167934, 22.363328], [73.170346, 22.372328]]]}, "properties": {"village_name": "GSFC Complex INA", "subdistrict": "Vadodara Rural", "village_code": 802595, "composite_risk_score": 0.464, "flood_hazard_score": 0.72, "erosion_risk": 0.02, "cloudburst_probability": 0.388, "landslide_susceptibility": 0.286, "total_population": 2242, "latitude": 22.372328, "longitude": 73.152346, "colour": "#eab308", "tier": "Tier 3 - Mitigate"}}, {"type": "Feature", "geometry": {"type": "Polygon", "coordinates": [[[73.129768, 22.389119], [73.127356, 22.398119], [73.120768, 22.404707], [73.111768, 22.407119], [73.102768, 22.404707], [73.09618, 22.398119], [73.093768, 22.389119], [73.09618, 22.380119], [73.102768, 22.373531], [73.111768, 22.371119], [73.120768, 22.373531], [73.127356, 22.380119], [73.129768, 22.389119]]]}, "properties": {"village_name": "Petro Chemical Complex INA", "subdistrict": "Vadodara Rural", "village_code": 802594, "composite_risk_score": 0.456, "flood_hazard_score": 0.687, "erosion_risk": 0.02, "cloudburst_probability": 0.388, "landslide_susceptibility": 0.286, "total_population": 1951, "latitude": 22.389119, "longitude": 73.111768, "colour": "#eab308", "tier": "Tier 3 - Mitigate"}}, {"type": "Feature", "geometry": {"type": "Polygon", "coordinates": [[[73.155039, 22.343372], [73.152627, 22.352372], [73.146039, 22.35896], [73.137039, 22.361372], [73.128039, 22.35896], [73.121451, 22.352372], [73.119039, 22.343372], [73.121451, 22.334372], [73.128039, 22.327784], [73.137039, 22.325372], [73.146039, 22.327784], [73.152627, 22.334372], [73.155039, 22.343372]]]}, "properties": {"village_name": "Undera", "subdistrict": "Vadodara Rural", "village_code": 519911, "composite_risk_score": 0.471, "flood_hazard_score": 0.751, "erosion_risk": 0.02, "cloudburst_probability": 0.388, "landslide_susceptibility": 0.286, "total_population": 16902, "latitude": 22.343372, "longitude": 73.137039, "colour": "#eab308", "tier": "Tier 3 - Mitigate"}}, {"type": "Feature", "geometry": {"type": "Polygon", "coordinates": [[[73.175488, 22.385983], [73.173076, 22.394983], [73.166488, 22.401571], [73.157488, 22.403983], [73.148488, 22.401571], [73.1419, 22.394983], [73.139488, 22.385983], [73.1419, 22.376983], [73.148488, 22.370395], [73.157488, 22.367983], [73.166488, 22.370395], [73.173076, 22.376983], [73.175488, 22.385983]]]}, "properties": {"village_name": "Dasharath", "subdistrict": "Vadodara Rural", "village_code": 519919, "composite_risk_score": 0.452, "flood_hazard_score": 0.668, "erosion_risk": 0.02, "cloudburst_probability": 0.388, "landslide_susceptibility": 0.286, "total_population": 0, "latitude": 22.385983, "longitude": 73.157488, "colour": "#eab308", "tier": "Tier 3 - Mitigate"}}, {"type": "Feature", "geometry": {"type": "Polygon", "coordinates": [[[73.424611, 22.380487], [73.422199, 22.389487], [73.415611, 22.396075], [73.406611, 22.398487], [73.397611, 22.396075], [73.391023, 22.389487], [73.388611, 22.380487], [73.391023, 22.371487], [73.397611, 22.364899], [73.406611, 22.362487], [73.415611, 22.364899], [73.422199, 22.371487], [73.424611, 22.380487]]]}, "properties": {"village_name": "Sayaji Sarovar", "subdistrict": "Vaghodia", "village_code": 999999, "composite_risk_score": 0.472, "flood_hazard_score": 0.756, "erosion_risk": 0.02, "cloudburst_probability": 0.388, "landslide_susceptibility": 0.286, "total_population": 0, "latitude": 22.380487, "longitude": 73.406611, "colour": "#eab308", "tier": "Tier 3 - Mitigate"}}, {"type": "Feature", "geometry": {"type": "Polygon", "coordinates": [[[73.17238, 22.338225], [73.169968, 22.347225], [73.16338, 22.353813], [73.15438, 22.356225], [73.14538, 22.353813], [73.138792, 22.347225], [73.13638, 22.338225], [73.138792, 22.329225], [73.14538, 22.322637], [73.15438, 22.320225], [73.16338, 22.322637], [73.169968, 22.329225], [73.17238, 22.338225]]]}, "properties": {"village_name": "Gorva OG", "subdistrict": "Vadodara Rural", "village_code": 519923, "composite_risk_score": 0.468, "flood_hazard_score": 0.738, "erosion_risk": 0.02, "cloudburst_probability": 0.388, "landslide_susceptibility": 0.286, "total_population": 0, "latitude": 22.338225, "longitude": 73.15438, "colour": "#eab308", "tier": "Tier 3 - Mitigate"}}, {"type": "Feature", "geometry": {"type": "Polygon", "coordinates": [[[73.135423, 22.306627], [73.133011, 22.315627], [73.126423, 22.322215], [73.117423, 22.324627], [73.108423, 22.322215], [73.101835, 22.315627], [73.099423, 22.306627], [73.101835, 22.297627], [73.108423, 22.291039], [73.117423, 22.288627], [73.126423, 22.291039], [73.133011, 22.297627], [73.135423, 22.306627]]]}, "properties": {"village_name": "Sevasi", "subdistrict": "Vadodara Rural", "village_code": 519924, "composite_risk_score": 0.5, "flood_hazard_score": 0.514, "erosion_risk": 0.02, "cloudburst_probability": 0.95, "landslide_susceptibility": 0.638, "total_population": 0, "latitude": 22.306627, "longitude": 73.117423, "colour": "#eab308", "tier": "Tier 3 - Mitigate"}}, {"type": "Feature", "geometry": {"type": "Polygon", "coordinates": [[[73.18357, 22.250808], [73.181158, 22.259808], [73.17457, 22.266396], [73.16557, 22.268808], [73.15657, 22.266396], [73.149982, 22.259808], [73.14757, 22.250808], [73.149982, 22.241808], [73.15657, 22.23522], [73.16557, 22.232808], [73.17457, 22.23522], [73.181158, 22.241808], [73.18357, 22.250808]]]}, "properties": {"village_name": "Kalali OG", "subdistrict": "Vadodara Rural", "village_code": 519918, "composite_risk_score": 0.503, "flood_hazard_score": 0.537, "erosion_risk": 0.02, "cloudburst_probability": 0.95, "landslide_susceptibility": 0.608, "total_population": 0, "latitude": 22.250808, "longitude": 73.16557, "colour": "#eab308", "tier": "Tier 3 - Mitigate"}}, {"type": "Feature", "geometry": {"type": "Polygon", "coordinates": [[[73.139784, 22.281721], [73.137372, 22.290721], [73.130784, 22.297309], [73.121784, 22.299721], [73.112784, 22.297309], [73.106196, 22.290721], [73.103784, 22.281721], [73.106196, 22.272721], [73.112784, 22.266133], [73.121784, 22.263721], [73.130784, 22.266133], [73.137372, 22.272721], [73.139784, 22.281721]]]}, "properties": {"village_name": "Bhayli", "subdistrict": "Vadodara Rural", "village_code": 519925, "composite_risk_score": 0.494, "flood_hazard_score": 0.49, "erosion_risk": 0.02, "cloudburst_probability": 0.95, "landslide_susceptibility": 0.629, "total_population": 0, "latitude": 22.281721, "longitude": 73.121784, "colour": "#eab308", "tier": "Tier 3 - Mitigate"}}, {"type": "Feature", "geometry": {"type": "Polygon", "coordinates": [[[73.158536, 22.248134], [73.156124, 22.257134], [73.149536, 22.263722], [73.140536, 22.266134], [73.131536, 22.263722], [73.124948, 22.257134], [73.122536, 22.248134], [73.124948, 22.239134], [73.131536, 22.232546], [73.140536, 22.230134], [73.149536, 22.232546], [73.156124, 22.239134], [73.158536, 22.248134]]]}, "properties": {"village_name": "Bil", "subdistrict": "Vadodara Rural", "village_code": 519926, "composite_risk_score": 0.478, "flood_hazard_score": 0.457, "erosion_risk": 0.02, "cloudburst_probability": 0.9, "landslide_susceptibility": 0.586, "total_population": 0, "latitude": 22.248134, "longitude": 73.140536, "colour": "#eab308", "tier": "Tier 3 - Mitigate"}}, {"type": "Feature", "geometry": {"type": "Polygon", "coordinates": [[[73.180735, 22.349552], [73.178323, 22.358552], [73.171735, 22.36514], [73.162735, 22.367552], [73.153735, 22.36514], [73.147147, 22.358552], [73.144735, 22.349552], [73.147147, 22.340552], [73.153735, 22.333964], [73.162735, 22.331552], [73.171735, 22.333964], [73.178323, 22.340552], [73.180735, 22.349552]]]}, "properties": {"village_name": "Karodiya OG", "subdistrict": "Vadodara Rural", "village_code": 519913, "composite_risk_score": 0.467, "flood_hazard_score": 0.736, "erosion_risk": 0.02, "cloudburst_probability": 0.388, "landslide_susceptibility": 0.286, "total_population": 0, "latitude": 22.349552, "longitude": 73.162735, "colour": "#eab308", "tier": "Tier 3 - Mitigate"}}, {"type": "Feature", "geometry": {"type": "Polygon", "coordinates": [[[73.247342, 22.246946], [73.24493, 22.255946], [73.238342, 22.262534], [73.229342, 22.264946], [73.220342, 22.262534], [73.213754, 22.255946], [73.211342, 22.246946], [73.213754, 22.237946], [73.220342, 22.231358], [73.229342, 22.228946], [73.238342, 22.231358], [73.24493, 22.237946], [73.247342, 22.246946]]]}, "properties": {"village_name": "Tarsali CT", "subdistrict": "Vadodara Rural", "village_code": 519912, "composite_risk_score": 0.498, "flood_hazard_score": 0.532, "erosion_risk": 0.02, "cloudburst_probability": 0.915, "landslide_susceptibility": 0.596, "total_population": 4929, "latitude": 22.246946, "longitude": 73.229342, "colour": "#eab308", "tier": "Tier 3 - Mitigate"}}, {"type": "Feature", "geometry": {"type": "Polygon", "coordinates": [[[73.350882, 22.429672], [73.34847, 22.438672], [73.341882, 22.44526], [73.332882, 22.447672], [73.323882, 22.44526], [73.317294, 22.438672], [73.314882, 22.429672], [73.317294, 22.420672], [73.323882, 22.414084], [73.332882, 22.411672], [73.341882, 22.414084], [73.34847, 22.420672], [73.350882, 22.429672]]]}, "properties": {"village_name": "Jarod CT", "subdistrict": "Vaghodia", "village_code": 520022, "composite_risk_score": 0.488, "flood_hazard_score": 0.472, "erosion_risk": 0.02, "cloudburst_probability": 0.946, "landslide_susceptibility": 0.613, "total_population": 7200, "latitude": 22.429672, "longitude": 73.332882, "colour": "#eab308", "tier": "Tier 3 - Mitigate"}}, {"type": "Feature", "geometry": {"type": "Polygon", "coordinates": [[[73.40863, 22.297497], [73.406218, 22.306497], [73.39963, 22.313085], [73.39063, 22.315497], [73.38163, 22.313085], [73.375042, 22.306497], [73.37263, 22.297497], [73.375042, 22.288497], [73.38163, 22.281909], [73.39063, 22.279497], [73.39963, 22.281909], [73.406218, 22.288497], [73.40863, 22.297497]]]}, "properties": {"village_name": "Vaghodia CT", "subdistrict": "Vaghodia", "village_code": 520023, "composite_risk_score": 0.456, "flood_hazard_score": 0.683, "erosion_risk": 0.02, "cloudburst_probability": 0.388, "landslide_susceptibility": 0.286, "total_population": 16604, "latitude": 22.297497, "longitude": 73.39063, "colour": "#eab308", "tier": "Tier 3 - Mitigate"}}, {"type": "Feature", "geometry": {"type": "Polygon", "coordinates": [[[73.40698, 22.311117], [73.404568, 22.320117], [73.39798, 22.326705], [73.38898, 22.329117], [73.37998, 22.326705], [73.373392, 22.320117], [73.37098, 22.311117], [73.373392, 22.302117], [73.37998, 22.295529], [73.38898, 22.293117], [73.39798, 22.295529], [73.404568, 22.302117], [73.40698, 22.311117]]]}, "properties": {"village_name": "Vaghodia INA", "subdistrict": "Vaghodia", "village_code": 802598, "composite_risk_score": 0.491, "flood_hazard_score": 0.481, "erosion_risk": 0.02, "cloudburst_probability": 0.95, "landslide_susceptibility": 0.615, "total_population": 248, "latitude": 22.311117, "longitude": 73.38898, "colour": "#eab308", "tier": "Tier 3 - Mitigate"}}, {"type": "Feature", "geometry": {"type": "Polygon", "coordinates": [[[73.219184, 22.376152], [73.216772, 22.385152], [73.210184, 22.39174], [73.201184, 22.394152], [73.192184, 22.39174], [73.185596, 22.385152], [73.183184, 22.376152], [73.185596, 22.367152], [73.192184, 22.360564], [73.201184, 22.358152], [73.210184, 22.360564], [73.216772, 22.367152], [73.219184, 22.376152]]]}, "properties": {"village_name": "Dumad", "subdistrict": "Vadodara Rural", "village_code": 519921, "composite_risk_score": 0.473, "flood_hazard_score": 0.445, "erosion_risk": 0.02, "cloudburst_probability": 0.883, "landslide_susceptibility": 0.574, "total_population": 0, "latitude": 22.376152, "longitude": 73.201184, "colour": "#eab308", "tier": "Tier 3 - Mitigate"}}, {"type": "Feature", "geometry": {"type": "Polygon", "coordinates": [[[73.227843, 22.35407], [73.225431, 22.36307], [73.218843, 22.369658], [73.209843, 22.37207], [73.200843, 22.369658], [73.194255, 22.36307], [73.191843, 22.35407], [73.194255, 22.34507], [73.200843, 22.338482], [73.209843, 22.33607], [73.218843, 22.338482], [73.225431, 22.34507], [73.227843, 22.35407]]]}, "properties": {"village_name": "Vemali", "subdistrict": "Vadodara Rural", "village_code": 519922, "composite_risk_score": 0.498, "flood_hazard_score": 0.552, "erosion_risk": 0.02, "cloudburst_probability": 0.887, "landslide_susceptibility": 0.577, "total_population": 0, "latitude": 22.35407, "longitude": 73.209843, "colour": "#eab308", "tier": "Tier 3 - Mitigate"}}, {"type": "Feature", "geometry": {"type": "Polygon", "coordinates": [[[73.27676, 22.325296], [73.274348, 22.334296], [73.26776, 22.340884], [73.25876, 22.343296], [73.24976, 22.340884], [73.243172, 22.334296], [73.24076, 22.325296], [73.243172, 22.316296], [73.24976, 22.309708], [73.25876, 22.307296], [73.26776, 22.309708], [73.274348, 22.316296], [73.27676, 22.325296]]]}, "properties": {"village_name": "Sayajipura OG", "subdistrict": "Vadodara Rural", "village_code": 519916, "composite_risk_score": 0.437, "flood_hazard_score": 0.601, "erosion_risk": 0.02, "cloudburst_probability": 0.388, "landslide_susceptibility": 0.286, "total_population": 0, "latitude": 22.325296, "longitude": 73.25876, "colour": "#eab308", "tier": "Tier 3 - Mitigate"}}, {"type": "Feature", "geometry": {"type": "Polygon", "coordinates": [[[73.277733, 22.299225], [73.275321, 22.308225], [73.268733, 22.314813], [73.259733, 22.317225], [73.250733, 22.314813], [73.244145, 22.308225], [73.241733, 22.299225], [73.244145, 22.290225], [73.250733, 22.283637], [73.259733, 22.281225], [73.268733, 22.283637], [73.275321, 22.290225], [73.277733, 22.299225]]]}, "properties": {"village_name": "Bapod OG", "subdistrict": "Vadodara Rural", "village_code": 519917, "composite_risk_score": 0.473, "flood_hazard_score": 0.455, "erosion_risk": 0.02, "cloudburst_probability": 0.865, "landslide_susceptibility": 0.564, "total_population": 0, "latitude": 22.299225, "longitude": 73.259733, "colour": "#eab308", "tier": "Tier 3 - Mitigate"}}, {"type": "Feature", "geometry": {"type": "Polygon", "coordinates": [[[73.275466, 22.344634], [73.273054, 22.353634], [73.266466, 22.360222], [73.257466, 22.362634], [73.248466, 22.360222], [73.241878, 22.353634], [73.239466, 22.344634], [73.241878, 22.335634], [73.248466, 22.329046], [73.257466, 22.326634], [73.266466, 22.329046], [73.273054, 22.335634], [73.275466, 22.344634]]]}, "properties": {"village_name": "Harni OG", "subdistrict": "Vadodara Rural", "village_code": 519914, "composite_risk_score": 0.46, "flood_hazard_score": 0.35, "erosion_risk": 0.02, "cloudburst_probability": 0.937, "landslide_susceptibility": 0.607, "total_population": 0, "latitude": 22.344634, "longitude": 73.257466, "colour": "#eab308", "tier": "Tier 3 - Mitigate"}}, {"type": "Feature", "geometry": {"type": "Polygon", "coordinates": [[[73.475983, 22.211975], [73.473571, 22.220975], [73.466983, 22.227563], [73.457983, 22.229975], [73.448983, 22.227563], [73.442395, 22.220975], [73.439983, 22.211975], [73.442395, 22.202975], [73.448983, 22.196387], [73.457983, 22.193975], [73.466983, 22.196387], [73.473571, 22.202975], [73.475983, 22.211975]]]}, "properties": {"village_name": "Bamboj", "subdistrict": "Dabhoi", "village_code": 520943, "composite_risk_score": 0.601, "flood_hazard_score": 0.502, "erosion_risk": 0.98, "cloudburst_probability": 0.917, "landslide_susceptibility": 0.59, "total_population": 1331, "latitude": 22.211975, "longitude": 73.457983, "colour": "#f97316", "tier": "Tier 2 - Relocate"}}, {"type": "Feature", "geometry": {"type": "Polygon", "coordinates": [[[73.497518, 22.206681], [73.495106, 22.215681], [73.488518, 22.222269], [73.479518, 22.224681], [73.470518, 22.222269], [73.46393, 22.215681], [73.461518, 22.206681], [73.46393, 22.197681], [73.470518, 22.191093], [73.479518, 22.188681], [73.488518, 22.191093], [73.495106, 22.197681], [73.497518, 22.206681]]]}, "properties": {"village_name": "Lunadra", "subdistrict": "Dabhoi", "village_code": 520945, "composite_risk_score": 0.548, "flood_hazard_score": 0.54, "erosion_risk": 0.98, "cloudburst_probability": 0.947, "landslide_susceptibility": 0.608, "total_population": 245, "latitude": 22.206681, "longitude": 73.479518, "colour": "#eab308", "tier": "Tier 3 - Mitigate"}}, {"type": "Feature", "geometry": {"type": "Polygon", "coordinates": [[[73.44346, 22.204176], [73.441048, 22.213176], [73.43446, 22.219764], [73.42546, 22.222176], [73.41646, 22.219764], [73.409872, 22.213176], [73.40746, 22.204176], [73.409872, 22.195176], [73.41646, 22.188588], [73.42546, 22.186176], [73.43446, 22.188588], [73.441048, 22.195176], [73.44346, 22.204176]]]}, "properties": {"village_name": "Naranpura", "subdistrict": "Dabhoi", "village_code": 520942, "composite_risk_score": 0.576, "flood_hazard_score": 0.524, "erosion_risk": 0.98, "cloudburst_probability": 0.947, "landslide_susceptibility": 0.615, "total_population": 180, "latitude": 22.204176, "longitude": 73.42546, "colour": "#eab308", "tier": "Tier 3 - Mitigate"}}, {"type": "Feature", "geometry": {"type": "Polygon", "coordinates": [[[73.500411, 22.19153], [73.497999, 22.20053], [73.491411, 22.207118], [73.482411, 22.20953], [73.473411, 22.207118], [73.466823, 22.20053], [73.464411, 22.19153], [73.466823, 22.18253], [73.473411, 22.175942], [73.482411, 22.17353], [73.491411, 22.175942], [73.497999, 22.18253], [73.500411, 22.19153]]]}, "properties": {"village_name": "Simaliya", "subdistrict": "Dabhoi", "village_code": 520946, "composite_risk_score": 0.547, "flood_hazard_score": 0.444, "erosion_risk": 0.98, "cloudburst_probability": 0.917, "landslide_susceptibility": 0.577, "total_population": 3180, "latitude": 22.19153, "longitude": 73.482411, "colour": "#eab308", "tier": "Tier 3 - Mitigate"}}, {"type": "Feature", "geometry": {"type": "Polygon", "coordinates": [[[73.474124, 22.193872], [73.471712, 22.202872], [73.465124, 22.20946], [73.456124, 22.211872], [73.447124, 22.20946], [73.440536, 22.202872], [73.438124, 22.193872], [73.440536, 22.184872], [73.447124, 22.178284], [73.456124, 22.175872], [73.465124, 22.178284], [73.471712, 22.184872], [73.474124, 22.193872]]]}, "properties": {"village_name": "Sunvalja", "subdistrict": "Dabhoi", "village_code": 520947, "composite_risk_score": 0.475, "flood_hazard_score": 0.477, "erosion_risk": 0.98, "cloudburst_probability": 0.95, "landslide_susceptibility": 0.61, "total_population": 492, "latitude": 22.193872, "longitude": 73.456124, "colour": "#eab308", "tier": "Tier 3 - Mitigate"}}, {"type": "Feature", "geometry": {"type": "Polygon", "coordinates": [[[73.435099, 22.196452], [73.432687, 22.205452], [73.426099, 22.21204], [73.417099, 22.214452], [73.408099, 22.21204], [73.401511, 22.205452], [73.399099, 22.196452], [73.401511, 22.187452], [73.408099, 22.180864], [73.417099, 22.178452], [73.426099, 22.180864], [73.432687, 22.187452], [73.435099, 22.196452]]]}, "properties": {"village_name": "Karalipura", "subdistrict": "Dabhoi", "village_code": 520941, "composite_risk_score": 0.674, "flood_hazard_score": 0.514, "erosion_risk": 0.98, "cloudburst_probability": 0.936, "landslide_susceptibility": 0.605, "total_population": 306, "latitude": 22.196452, "longitude": 73.417099, "colour": "#f97316", "tier": "Tier 2 - Relocate"}}, {"type": "Feature", "geometry": {"type": "Polygon", "coordinates": [[[73.452297, 22.186472], [73.449885, 22.195472], [73.443297, 22.20206], [73.434297, 22.204472], [73.425297, 22.20206], [73.418709, 22.195472], [73.416297, 22.186472], [73.418709, 22.177472], [73.425297, 22.170884], [73.434297, 22.168472], [73.443297, 22.170884], [73.449885, 22.177472], [73.452297, 22.186472]]]}, "properties": {"village_name": "Dangiwada", "subdistrict": "Dabhoi", "village_code": 520948, "composite_risk_score": 0.597, "flood_hazard_score": 0.47, "erosion_risk": 0.98, "cloudburst_probability": 0.884, "landslide_susceptibility": 0.569, "total_population": 737, "latitude": 22.186472, "longitude": 73.434297, "colour": "#eab308", "tier": "Tier 3 - Mitigate"}}, {"type": "Feature", "geometry": {"type": "Polygon", "coordinates": [[[73.51463, 22.169907], [73.512218, 22.178907], [73.50563, 22.185495], [73.49663, 22.187907], [73.48763, 22.185495], [73.481042, 22.178907], [73.47863, 22.169907], [73.481042, 22.160907], [73.48763, 22.154319], [73.49663, 22.151907], [73.50563, 22.154319], [73.512218, 22.160907], [73.51463, 22.169907]]]}, "properties": {"village_name": "Gopalpura", "subdistrict": "Dabhoi", "village_code": 520965, "composite_risk_score": 0.439, "flood_hazard_score": 0.562, "erosion_risk": 0.038, "cloudburst_probability": 0.388, "landslide_susceptibility": 0.286, "total_population": 517, "latitude": 22.169907, "longitude": 73.49663, "colour": "#eab308", "tier": "Tier 3 - Mitigate"}}, {"type": "Feature", "geometry": {"type": "Polygon", "coordinates": [[[73.423451, 22.178906], [73.421039, 22.187906], [73.414451, 22.194494], [73.405451, 22.196906], [73.396451, 22.194494], [73.389863, 22.187906], [73.387451, 22.178906], [73.389863, 22.169906], [73.396451, 22.163318], [73.405451, 22.160906], [73.414451, 22.163318], [73.421039, 22.169906], [73.423451, 22.178906]]]}, "properties": {"village_name": "Vasaipura", "subdistrict": "Dabhoi", "village_code": 520950, "composite_risk_score": 0.446, "flood_hazard_score": 0.521, "erosion_risk": 0.98, "cloudburst_probability": 0.901, "landslide_susceptibility": 0.587, "total_population": 534, "latitude": 22.178906, "longitude": 73.405451, "colour": "#eab308", "tier": "Tier 3 - Mitigate"}}, {"type": "Feature", "geometry": {"type": "Polygon", "coordinates": [[[73.441394, 22.180934], [73.438982, 22.189934], [73.432394, 22.196522], [73.423394, 22.198934], [73.414394, 22.196522], [73.407806, 22.189934], [73.405394, 22.180934], [73.407806, 22.171934], [73.414394, 22.165346], [73.423394, 22.162934], [73.432394, 22.165346], [73.438982, 22.171934], [73.441394, 22.180934]]]}, "properties": {"village_name": "Pragpura", "subdistrict": "Dabhoi", "village_code": 520949, "composite_risk_score": 0.599, "flood_hazard_score": 0.499, "erosion_risk": 0.98, "cloudburst_probability": 0.893, "landslide_susceptibility": 0.58, "total_population": 425, "latitude": 22.180934, "longitude": 73.423394, "colour": "#eab308", "tier": "Tier 3 - Mitigate"}}, {"type": "Feature", "geometry": {"type": "Polygon", "coordinates": [[[73.481987, 22.17537], [73.479575, 22.18437], [73.472987, 22.190958], [73.463987, 22.19337], [73.454987, 22.190958], [73.448399, 22.18437], [73.445987, 22.17537], [73.448399, 22.16637], [73.454987, 22.159782], [73.463987, 22.15737], [73.472987, 22.159782], [73.479575, 22.16637], [73.481987, 22.17537]]]}, "properties": {"village_name": "Akotadar", "subdistrict": "Dabhoi", "village_code": 520964, "composite_risk_score": 0.58, "flood_hazard_score": 0.534, "erosion_risk": 0.98, "cloudburst_probability": 0.88, "landslide_susceptibility": 0.574, "total_population": 1395, "latitude": 22.17537, "longitude": 73.463987, "colour": "#eab308", "tier": "Tier 3 - Mitigate"}}, {"type": "Feature", "geometry": {"type": "Polygon", "coordinates": [[[73.470333, 22.166243], [73.467921, 22.175243], [73.461333, 22.181831], [73.452333, 22.184243], [73.443333, 22.181831], [73.436745, 22.175243], [73.434333, 22.166243], [73.436745, 22.157243], [73.443333, 22.150655], [73.452333, 22.148243], [73.461333, 22.150655], [73.467921, 22.157243], [73.470333, 22.166243]]]}, "properties": {"village_name": "Pansoli", "subdistrict": "Dabhoi", "village_code": 520963, "composite_risk_score": 0.623, "flood_hazard_score": 0.55, "erosion_risk": 0.98, "cloudburst_probability": 0.89, "landslide_susceptibility": 0.584, "total_population": 2213, "latitude": 22.166243, "longitude": 73.452333, "colour": "#f97316", "tier": "Tier 2 - Relocate"}}, {"type": "Feature", "geometry": {"type": "Polygon", "coordinates": [[[73.438509, 22.16282], [73.436097, 22.17182], [73.429509, 22.178408], [73.420509, 22.18082], [73.411509, 22.178408], [73.404921, 22.17182], [73.402509, 22.16282], [73.404921, 22.15382], [73.411509, 22.147232], [73.420509, 22.14482], [73.429509, 22.147232], [73.436097, 22.15382], [73.438509, 22.16282]]]}, "properties": {"village_name": "Morpura", "subdistrict": "Dabhoi", "village_code": 520962, "composite_risk_score": 0.666, "flood_hazard_score": 0.502, "erosion_risk": 0.98, "cloudburst_probability": 0.879, "landslide_susceptibility": 0.562, "total_population": 492, "latitude": 22.16282, "longitude": 73.420509, "colour": "#f97316", "tier": "Tier 2 - Relocate"}}, {"type": "Feature", "geometry": {"type": "Polygon", "coordinates": [[[73.509283, 22.150349], [73.506871, 22.159349], [73.500283, 22.165937], [73.491283, 22.168349], [73.482283, 22.165937], [73.475695, 22.159349], [73.473283, 22.150349], [73.475695, 22.141349], [73.482283, 22.134761], [73.491283, 22.132349], [73.500283, 22.134761], [73.506871, 22.141349], [73.509283, 22.150349]]]}, "properties": {"village_name": "Vadhvana", "subdistrict": "Dabhoi", "village_code": 520966, "composite_risk_score": 0.589, "flood_hazard_score": 0.368, "erosion_risk": 0.98, "cloudburst_probability": 0.917, "landslide_susceptibility": 0.595, "total_population": 1357, "latitude": 22.150349, "longitude": 73.491283, "colour": "#eab308", "tier": "Tier 3 - Mitigate"}}, {"type": "Feature", "geometry": {"type": "Polygon", "coordinates": [[[73.499159, 22.150824], [73.496747, 22.159824], [73.490159, 22.166412], [73.481159, 22.168824], [73.472159, 22.166412], [73.465571, 22.159824], [73.463159, 22.150824], [73.465571, 22.141824], [73.472159, 22.135236], [73.481159, 22.132824], [73.490159, 22.135236], [73.496747, 22.141824], [73.499159, 22.150824]]]}, "properties": {"village_name": "Samsherpura", "subdistrict": "Dabhoi", "village_code": 520967, "composite_risk_score": 0.728, "flood_hazard_score": 0.397, "erosion_risk": 0.98, "cloudburst_probability": 0.921, "landslide_susceptibility": 0.597, "total_population": 383, "latitude": 22.150824, "longitude": 73.481159, "colour": "#f97316", "tier": "Tier 2 - Relocate"}}, {"type": "Feature", "geometry": {"type": "Polygon", "coordinates": [[[73.48606, 22.143096], [73.483648, 22.152096], [73.47706, 22.158684], [73.46806, 22.161096], [73.45906, 22.158684], [73.452472, 22.152096], [73.45006, 22.143096], [73.452472, 22.134096], [73.45906, 22.127508], [73.46806, 22.125096], [73.47706, 22.127508], [73.483648, 22.134096], [73.48606, 22.143096]]]}, "properties": {"village_name": "Kukad", "subdistrict": "Dabhoi", "village_code": 520968, "composite_risk_score": 0.606, "flood_hazard_score": 0.365, "erosion_risk": 0.98, "cloudburst_probability": 0.918, "landslide_susceptibility": 0.579, "total_population": 1501, "latitude": 22.143096, "longitude": 73.46806, "colour": "#f97316", "tier": "Tier 2 - Relocate"}}, {"type": "Feature", "geometry": {"type": "Polygon", "coordinates": [[[73.436344, 22.15226], [73.433932, 22.16126], [73.427344, 22.167848], [73.418344, 22.17026], [73.409344, 22.167848], [73.402756, 22.16126], [73.400344, 22.15226], [73.402756, 22.14326], [73.409344, 22.136672], [73.418344, 22.13426], [73.427344, 22.136672], [73.433932, 22.14326], [73.436344, 22.15226]]]}, "properties": {"village_name": "Timbi", "subdistrict": "Dabhoi", "village_code": 520969, "composite_risk_score": 0.604, "flood_hazard_score": 0.467, "erosion_risk": 0.98, "cloudburst_probability": 0.868, "landslide_susceptibility": 0.565, "total_population": 1001, "latitude": 22.15226, "longitude": 73.418344, "colour": "#f97316", "tier": "Tier 2 - Relocate"}}, {"type": "Feature", "geometry": {"type": "Polygon", "coordinates": [[[73.425585, 22.143425], [73.423173, 22.152425], [73.416585, 22.159013], [73.407585, 22.161425], [73.398585, 22.159013], [73.391997, 22.152425], [73.389585, 22.143425], [73.391997, 22.134425], [73.398585, 22.127837], [73.407585, 22.125425], [73.416585, 22.127837], [73.423173, 22.134425], [73.425585, 22.143425]]]}, "properties": {"village_name": "Tarsana", "subdistrict": "Dabhoi", "village_code": 520970, "composite_risk_score": 0.573, "flood_hazard_score": 0.476, "erosion_risk": 0.98, "cloudburst_probability": 0.893, "landslide_susceptibility": 0.585, "total_population": 1108, "latitude": 22.143425, "longitude": 73.407585, "colour": "#eab308", "tier": "Tier 3 - Mitigate"}}, {"type": "Feature", "geometry": {"type": "Polygon", "coordinates": [[[73.490862, 22.227089], [73.48845, 22.236089], [73.481862, 22.242677], [73.472862, 22.245089], [73.463862, 22.242677], [73.457274, 22.236089], [73.454862, 22.227089], [73.457274, 22.218089], [73.463862, 22.211501], [73.472862, 22.209089], [73.481862, 22.211501], [73.48845, 22.218089], [73.490862, 22.227089]]]}, "properties": {"village_name": "Amreshwar", "subdistrict": "Dabhoi", "village_code": 520944, "composite_risk_score": 0.57, "flood_hazard_score": 0.501, "erosion_risk": 0.98, "cloudburst_probability": 0.95, "landslide_susceptibility": 0.611, "total_population": 788, "latitude": 22.227089, "longitude": 73.472862, "colour": "#eab308", "tier": "Tier 3 - Mitigate"}}, {"type": "Feature", "geometry": {"type": "Polygon", "coordinates": [[[73.437003, 22.324726], [73.434591, 22.333726], [73.428003, 22.340314], [73.419003, 22.342726], [73.410003, 22.340314], [73.403415, 22.333726], [73.401003, 22.324726], [73.403415, 22.315726], [73.410003, 22.309138], [73.419003, 22.306726], [73.428003, 22.309138], [73.434591, 22.315726], [73.437003, 22.324726]]]}, "properties": {"village_name": "Madodhar", "subdistrict": "Vaghodia", "village_code": 519975, "composite_risk_score": 0.603, "flood_hazard_score": 0.538, "erosion_risk": 0.98, "cloudburst_probability": 0.95, "landslide_susceptibility": 0.614, "total_population": 4634, "latitude": 22.324726, "longitude": 73.419003, "colour": "#f97316", "tier": "Tier 2 - Relocate"}}, {"type": "Feature", "geometry": {"type": "Polygon", "coordinates": [[[73.460354, 22.317903], [73.457942, 22.326903], [73.451354, 22.333491], [73.442354, 22.335903], [73.433354, 22.333491], [73.426766, 22.326903], [73.424354, 22.317903], [73.426766, 22.308903], [73.433354, 22.302315], [73.442354, 22.299903], [73.451354, 22.302315], [73.457942, 22.308903], [73.460354, 22.317903]]]}, "properties": {"village_name": "Sangadol", "subdistrict": "Vaghodia", "village_code": 519974, "composite_risk_score": 0.449, "flood_hazard_score": 0.462, "erosion_risk": 0.98, "cloudburst_probability": 0.917, "landslide_susceptibility": 0.595, "total_population": 2626, "latitude": 22.317903, "longitude": 73.442354, "colour": "#eab308", "tier": "Tier 3 - Mitigate"}}, {"type": "Feature", "geometry": {"type": "Polygon", "coordinates": [[[73.532534, 22.326852], [73.530122, 22.335852], [73.523534, 22.34244], [73.514534, 22.344852], [73.505534, 22.34244], [73.498946, 22.335852], [73.496534, 22.326852], [73.498946, 22.317852], [73.505534, 22.311264], [73.514534, 22.308852], [73.523534, 22.311264], [73.530122, 22.317852], [73.532534, 22.326852]]]}, "properties": {"village_name": "Chipat", "subdistrict": "Vaghodia", "village_code": 519971, "composite_risk_score": 0.48, "flood_hazard_score": 0.404, "erosion_risk": 0.98, "cloudburst_probability": 0.881, "landslide_susceptibility": 0.573, "total_population": 408, "latitude": 22.326852, "longitude": 73.514534, "colour": "#eab308", "tier": "Tier 3 - Mitigate"}}, {"type": "Feature", "geometry": {"type": "Polygon", "coordinates": [[[73.53216, 22.265121], [73.529748, 22.274121], [73.52316, 22.280709], [73.51416, 22.283121], [73.50516, 22.280709], [73.498572, 22.274121], [73.49616, 22.265121], [73.498572, 22.256121], [73.50516, 22.249533], [73.51416, 22.247121], [73.52316, 22.249533], [73.529748, 22.256121], [73.53216, 22.265121]]]}, "properties": {"village_name": "Kachhota", "subdistrict": "Vaghodia", "village_code": 520012, "composite_risk_score": 0.59, "flood_hazard_score": 0.471, "erosion_risk": 0.98, "cloudburst_probability": 0.95, "landslide_susceptibility": 0.641, "total_population": 263, "latitude": 22.265121, "longitude": 73.51416, "colour": "#eab308", "tier": "Tier 3 - Mitigate"}}, {"type": "Feature", "geometry": {"type": "Polygon", "coordinates": [[[73.547351, 22.312013], [73.544939, 22.321013], [73.538351, 22.327601], [73.529351, 22.330013], [73.520351, 22.327601], [73.513763, 22.321013], [73.511351, 22.312013], [73.513763, 22.303013], [73.520351, 22.296425], [73.529351, 22.294013], [73.538351, 22.296425], [73.544939, 22.303013], [73.547351, 22.312013]]]}, "properties": {"village_name": "Vedpur", "subdistrict": "Vaghodia", "village_code": 519988, "composite_risk_score": 0.51, "flood_hazard_score": 0.414, "erosion_risk": 0.98, "cloudburst_probability": 0.878, "landslide_susceptibility": 0.534, "total_population": 1603, "latitude": 22.312013, "longitude": 73.529351, "colour": "#eab308", "tier": "Tier 3 - Mitigate"}}, {"type": "Feature", "geometry": {"type": "Polygon", "coordinates": [[[73.477221, 22.305494], [73.474809, 22.314494], [73.468221, 22.321082], [73.459221, 22.323494], [73.450221, 22.321082], [73.443633, 22.314494], [73.441221, 22.305494], [73.443633, 22.296494], [73.450221, 22.289906], [73.459221, 22.287494], [73.468221, 22.289906], [73.474809, 22.296494], [73.477221, 22.305494]]]}, "properties": {"village_name": "Ghodadra", "subdistrict": "Vaghodia", "village_code": 519986, "composite_risk_score": 0.622, "flood_hazard_score": 0.489, "erosion_risk": 0.98, "cloudburst_probability": 0.95, "landslide_susceptibility": 0.627, "total_population": 1564, "latitude": 22.305494, "longitude": 73.459221, "colour": "#f97316", "tier": "Tier 2 - Relocate"}}, {"type": "Feature", "geometry": {"type": "Polygon", "coordinates": [[[73.514906, 22.308156], [73.512494, 22.317156], [73.505906, 22.323744], [73.496906, 22.326156], [73.487906, 22.323744], [73.481318, 22.317156], [73.478906, 22.308156], [73.481318, 22.299156], [73.487906, 22.292568], [73.496906, 22.290156], [73.505906, 22.292568], [73.512494, 22.299156], [73.514906, 22.308156]]]}, "properties": {"village_name": "Asha", "subdistrict": "Vaghodia", "village_code": 519987, "composite_risk_score": 0.597, "flood_hazard_score": 0.454, "erosion_risk": 0.98, "cloudburst_probability": 0.898, "landslide_susceptibility": 0.564, "total_population": 336, "latitude": 22.308156, "longitude": 73.496906, "colour": "#eab308", "tier": "Tier 3 - Mitigate"}}, {"type": "Feature", "geometry": {"type": "Polygon", "coordinates": [[[73.549655, 22.298435], [73.547243, 22.307435], [73.540655, 22.314023], [73.531655, 22.316435], [73.522655, 22.314023], [73.516067, 22.307435], [73.513655, 22.298435], [73.516067, 22.289435], [73.522655, 22.282847], [73.531655, 22.280435], [73.540655, 22.282847], [73.547243, 22.289435], [73.549655, 22.298435]]]}, "properties": {"village_name": "Moti Manekpur", "subdistrict": "Vaghodia", "village_code": 519989, "composite_risk_score": 0.573, "flood_hazard_score": 0.486, "erosion_risk": 0.98, "cloudburst_probability": 0.883, "landslide_susceptibility": 0.569, "total_population": 806, "latitude": 22.298435, "longitude": 73.531655, "colour": "#eab308", "tier": "Tier 3 - Mitigate"}}, {"type": "Feature", "geometry": {"type": "Polygon", "coordinates": [[[73.490661, 22.296555], [73.488249, 22.305555], [73.481661, 22.312143], [73.472661, 22.314555], [73.463661, 22.312143], [73.457073, 22.305555], [73.454661, 22.296555], [73.457073, 22.287555], [73.463661, 22.280967], [73.472661, 22.278555], [73.481661, 22.280967], [73.488249, 22.287555], [73.490661, 22.296555]]]}, "properties": {"village_name": "Vasvel", "subdistrict": "Vaghodia", "village_code": 519993, "composite_risk_score": 0.468, "flood_hazard_score": 0.444, "erosion_risk": 0.98, "cloudburst_probability": 0.917, "landslide_susceptibility": 0.595, "total_population": 1880, "latitude": 22.296555, "longitude": 73.472661, "colour": "#eab308", "tier": "Tier 3 - Mitigate"}}, {"type": "Feature", "geometry": {"type": "Polygon", "coordinates": [[[73.52085, 22.286926], [73.518438, 22.295926], [73.51185, 22.302514], [73.50285, 22.304926], [73.49385, 22.302514], [73.487262, 22.295926], [73.48485, 22.286926], [73.487262, 22.277926], [73.49385, 22.271338], [73.50285, 22.268926], [73.51185, 22.271338], [73.518438, 22.277926], [73.52085, 22.286926]]]}, "properties": {"village_name": "Saidal", "subdistrict": "Vaghodia", "village_code": 519992, "composite_risk_score": 0.609, "flood_hazard_score": 0.388, "erosion_risk": 0.98, "cloudburst_probability": 0.936, "landslide_susceptibility": 0.583, "total_population": 1792, "latitude": 22.286926, "longitude": 73.50285, "colour": "#f97316", "tier": "Tier 2 - Relocate"}}, {"type": "Feature", "geometry": {"type": "Polygon", "coordinates": [[[73.436253, 22.299284], [73.433841, 22.308284], [73.427253, 22.314872], [73.418253, 22.317284], [73.409253, 22.314872], [73.402665, 22.308284], [73.400253, 22.299284], [73.402665, 22.290284], [73.409253, 22.283696], [73.418253, 22.281284], [73.427253, 22.283696], [73.433841, 22.290284], [73.436253, 22.299284]]]}, "properties": {"village_name": "Timbi", "subdistrict": "Vaghodia", "village_code": 519985, "composite_risk_score": 0.451, "flood_hazard_score": 0.466, "erosion_risk": 0.98, "cloudburst_probability": 0.95, "landslide_susceptibility": 0.616, "total_population": 685, "latitude": 22.299284, "longitude": 73.418253, "colour": "#eab308", "tier": "Tier 3 - Mitigate"}}, {"type": "Feature", "geometry": {"type": "Polygon", "coordinates": [[[73.454341, 22.286677], [73.451929, 22.295677], [73.445341, 22.302265], [73.436341, 22.304677], [73.427341, 22.302265], [73.420753, 22.295677], [73.418341, 22.286677], [73.420753, 22.277677], [73.427341, 22.271089], [73.436341, 22.268677], [73.445341, 22.271089], [73.451929, 22.277677], [73.454341, 22.286677]]]}, "properties": {"village_name": "Dankheda", "subdistrict": "Vaghodia", "village_code": 519996, "composite_risk_score": 0.607, "flood_hazard_score": 0.535, "erosion_risk": 0.98, "cloudburst_probability": 0.94, "landslide_susceptibility": 0.609, "total_population": 794, "latitude": 22.286677, "longitude": 73.436341, "colour": "#f97316", "tier": "Tier 2 - Relocate"}}, {"type": "Feature", "geometry": {"type": "Polygon", "coordinates": [[[73.561629, 22.288167], [73.559217, 22.297167], [73.552629, 22.303755], [73.543629, 22.306167], [73.534629, 22.303755], [73.528041, 22.297167], [73.525629, 22.288167], [73.528041, 22.279167], [73.534629, 22.272579], [73.543629, 22.270167], [73.552629, 22.272579], [73.559217, 22.279167], [73.561629, 22.288167]]]}, "properties": {"village_name": "Nani Manekpur", "subdistrict": "Vaghodia", "village_code": 519990, "composite_risk_score": 0.648, "flood_hazard_score": 0.528, "erosion_risk": 0.98, "cloudburst_probability": 0.95, "landslide_susceptibility": 0.638, "total_population": 207, "latitude": 22.288167, "longitude": 73.543629, "colour": "#f97316", "tier": "Tier 2 - Relocate"}}, {"type": "Feature", "geometry": {"type": "Polygon", "coordinates": [[[73.435679, 22.286469], [73.433267, 22.295469], [73.426679, 22.302057], [73.417679, 22.304469], [73.408679, 22.302057], [73.402091, 22.295469], [73.399679, 22.286469], [73.402091, 22.277469], [73.408679, 22.270881], [73.417679, 22.268469], [73.426679, 22.270881], [73.433267, 22.277469], [73.435679, 22.286469]]]}, "properties": {"village_name": "Tavra", "subdistrict": "Vaghodia", "village_code": 519997, "composite_risk_score": 0.518, "flood_hazard_score": 0.477, "erosion_risk": 0.98, "cloudburst_probability": 0.95, "landslide_susceptibility": 0.616, "total_population": 1427, "latitude": 22.286469, "longitude": 73.417679, "colour": "#eab308", "tier": "Tier 3 - Mitigate"}}, {"type": "Feature", "geometry": {"type": "Polygon", "coordinates": [[[73.493938, 22.285523], [73.491526, 22.294523], [73.484938, 22.301111], [73.475938, 22.303523], [73.466938, 22.301111], [73.46035, 22.294523], [73.457938, 22.285523], [73.46035, 22.276523], [73.466938, 22.269935], [73.475938, 22.267523], [73.484938, 22.269935], [73.491526, 22.276523], [73.493938, 22.285523]]]}, "properties": {"village_name": "Chandpur", "subdistrict": "Vaghodia", "village_code": 519994, "composite_risk_score": 0.599, "flood_hazard_score": 0.358, "erosion_risk": 0.98, "cloudburst_probability": 0.95, "landslide_susceptibility": 0.631, "total_population": 378, "latitude": 22.285523, "longitude": 73.475938, "colour": "#eab308", "tier": "Tier 3 - Mitigate"}}, {"type": "Feature", "geometry": {"type": "Polygon", "coordinates": [[[73.554888, 22.276456], [73.552476, 22.285456], [73.545888, 22.292044], [73.536888, 22.294456], [73.527888, 22.292044], [73.5213, 22.285456], [73.518888, 22.276456], [73.5213, 22.267456], [73.527888, 22.260868], [73.536888, 22.258456], [73.545888, 22.260868], [73.552476, 22.267456], [73.554888, 22.276456]]]}, "properties": {"village_name": "Rustampura", "subdistrict": "Vaghodia", "village_code": 520013, "composite_risk_score": 0.658, "flood_hazard_score": 0.516, "erosion_risk": 0.98, "cloudburst_probability": 0.95, "landslide_susceptibility": 0.627, "total_population": 1460, "latitude": 22.276456, "longitude": 73.536888, "colour": "#f97316", "tier": "Tier 2 - Relocate"}}, {"type": "Feature", "geometry": {"type": "Polygon", "coordinates": [[[73.464408, 22.278101], [73.461996, 22.287101], [73.455408, 22.293689], [73.446408, 22.296101], [73.437408, 22.293689], [73.43082, 22.287101], [73.428408, 22.278101], [73.43082, 22.269101], [73.437408, 22.262513], [73.446408, 22.260101], [73.455408, 22.262513], [73.461996, 22.269101], [73.464408, 22.278101]]]}, "properties": {"village_name": "Ambali", "subdistrict": "Vaghodia", "village_code": 519995, "composite_risk_score": 0.569, "flood_hazard_score": 0.503, "erosion_risk": 0.98, "cloudburst_probability": 0.95, "landslide_susceptibility": 0.614, "total_population": 934, "latitude": 22.278101, "longitude": 73.446408, "colour": "#eab308", "tier": "Tier 3 - Mitigate"}}, {"type": "Feature", "geometry": {"type": "Polygon", "coordinates": [[[73.485115, 22.267272], [73.482703, 22.276272], [73.476115, 22.28286], [73.467115, 22.285272], [73.458115, 22.28286], [73.451527, 22.276272], [73.449115, 22.267272], [73.451527, 22.258272], [73.458115, 22.251684], [73.467115, 22.249272], [73.476115, 22.251684], [73.482703, 22.258272], [73.485115, 22.267272]]]}, "properties": {"village_name": "Gugalpur", "subdistrict": "Vaghodia", "village_code": 520010, "composite_risk_score": 0.501, "flood_hazard_score": 0.389, "erosion_risk": 0.98, "cloudburst_probability": 0.947, "landslide_susceptibility": 0.618, "total_population": 448, "latitude": 22.267272, "longitude": 73.467115, "colour": "#eab308", "tier": "Tier 3 - Mitigate"}}, {"type": "Feature", "geometry": {"type": "Polygon", "coordinates": [[[73.423579, 22.27193], [73.421167, 22.28093], [73.414579, 22.287518], [73.405579, 22.28993], [73.396579, 22.287518], [73.389991, 22.28093], [73.387579, 22.27193], [73.389991, 22.26293], [73.396579, 22.256342], [73.405579, 22.25393], [73.414579, 22.256342], [73.421167, 22.26293], [73.423579, 22.27193]]]}, "properties": {"village_name": "Vejalpur", "subdistrict": "Vaghodia", "village_code": 520009, "composite_risk_score": 0.676, "flood_hazard_score": 0.492, "erosion_risk": 0.98, "cloudburst_probability": 0.933, "landslide_susceptibility": 0.606, "total_population": 1589, "latitude": 22.27193, "longitude": 73.405579, "colour": "#f97316", "tier": "Tier 2 - Relocate"}}, {"type": "Feature", "geometry": {"type": "Polygon", "coordinates": [[[73.501262, 22.262781], [73.49885, 22.271781], [73.492262, 22.278369], [73.483262, 22.280781], [73.474262, 22.278369], [73.467674, 22.271781], [73.465262, 22.262781], [73.467674, 22.253781], [73.474262, 22.247193], [73.483262, 22.244781], [73.492262, 22.247193], [73.49885, 22.253781], [73.501262, 22.262781]]]}, "properties": {"village_name": "Khervadi", "subdistrict": "Vaghodia", "village_code": 520011, "composite_risk_score": 0.551, "flood_hazard_score": 0.438, "erosion_risk": 0.98, "cloudburst_probability": 0.95, "landslide_susceptibility": 0.629, "total_population": 1207, "latitude": 22.262781, "longitude": 73.483262, "colour": "#eab308", "tier": "Tier 3 - Mitigate"}}, {"type": "Feature", "geometry": {"type": "Polygon", "coordinates": [[[73.440919, 22.252538], [73.438507, 22.261538], [73.431919, 22.268126], [73.422919, 22.270538], [73.413919, 22.268126], [73.407331, 22.261538], [73.404919, 22.252538], [73.407331, 22.243538], [73.413919, 22.23695], [73.422919, 22.234538], [73.431919, 22.23695], [73.438507, 22.243538], [73.440919, 22.252538]]]}, "properties": {"village_name": "Vyara", "subdistrict": "Vaghodia", "village_code": 520018, "composite_risk_score": 0.629, "flood_hazard_score": 0.447, "erosion_risk": 0.98, "cloudburst_probability": 0.917, "landslide_susceptibility": 0.604, "total_population": 4994, "latitude": 22.252538, "longitude": 73.422919, "colour": "#f97316", "tier": "Tier 2 - Relocate"}}, {"type": "Feature", "geometry": {"type": "Polygon", "coordinates": [[[73.546892, 22.264944], [73.54448, 22.273944], [73.537892, 22.280532], [73.528892, 22.282944], [73.519892, 22.280532], [73.513304, 22.273944], [73.510892, 22.264944], [73.513304, 22.255944], [73.519892, 22.249356], [73.528892, 22.246944], [73.537892, 22.249356], [73.54448, 22.255944], [73.546892, 22.264944]]]}, "properties": {"village_name": "Ghoda", "subdistrict": "Vaghodia", "village_code": 520014, "composite_risk_score": 0.593, "flood_hazard_score": 0.549, "erosion_risk": 0.98, "cloudburst_probability": 0.95, "landslide_susceptibility": 0.661, "total_population": 554, "latitude": 22.264944, "longitude": 73.528892, "colour": "#eab308", "tier": "Tier 3 - Mitigate"}}, {"type": "Feature", "geometry": {"type": "Polygon", "coordinates": [[[73.534521, 22.255319], [73.532109, 22.264319], [73.525521, 22.270907], [73.516521, 22.273319], [73.507521, 22.270907], [73.500933, 22.264319], [73.498521, 22.255319], [73.500933, 22.246319], [73.507521, 22.239731], [73.516521, 22.237319], [73.525521, 22.239731], [73.532109, 22.246319], [73.534521, 22.255319]]]}, "properties": {"village_name": "Nurpuri", "subdistrict": "Vaghodia", "village_code": 520015, "composite_risk_score": 0.522, "flood_hazard_score": 0.518, "erosion_risk": 0.98, "cloudburst_probability": 0.95, "landslide_susceptibility": 0.619, "total_population": 356, "latitude": 22.255319, "longitude": 73.516521, "colour": "#eab308", "tier": "Tier 3 - Mitigate"}}, {"type": "Feature", "geometry": {"type": "Polygon", "coordinates": [[[73.500445, 22.247893], [73.498033, 22.256893], [73.491445, 22.263481], [73.482445, 22.265893], [73.473445, 22.263481], [73.466857, 22.256893], [73.464445, 22.247893], [73.466857, 22.238893], [73.473445, 22.232305], [73.482445, 22.229893], [73.491445, 22.232305], [73.498033, 22.238893], [73.500445, 22.247893]]]}, "properties": {"village_name": "Tarsva", "subdistrict": "Vaghodia", "village_code": 520016, "composite_risk_score": 0.585, "flood_hazard_score": 0.508, "erosion_risk": 0.98, "cloudburst_probability": 0.95, "landslide_susceptibility": 0.618, "total_population": 1537, "latitude": 22.247893, "longitude": 73.482445, "colour": "#eab308", "tier": "Tier 3 - Mitigate"}}, {"type": "Feature", "geometry": {"type": "Polygon", "coordinates": [[[73.464638, 22.235421], [73.462226, 22.244421], [73.455638, 22.251009], [73.446638, 22.253421], [73.437638, 22.251009], [73.43105, 22.244421], [73.428638, 22.235421], [73.43105, 22.226421], [73.437638, 22.219833], [73.446638, 22.217421], [73.455638, 22.219833], [73.462226, 22.226421], [73.464638, 22.235421]]]}, "properties": {"village_name": "Jambuwada", "subdistrict": "Vaghodia", "village_code": 520017, "composite_risk_score": 0.658, "flood_hazard_score": 0.508, "erosion_risk": 0.98, "cloudburst_probability": 0.95, "landslide_susceptibility": 0.617, "total_population": 1233, "latitude": 22.235421, "longitude": 73.446638, "colour": "#f97316", "tier": "Tier 2 - Relocate"}}, {"type": "Feature", "geometry": {"type": "Polygon", "coordinates": [[[73.435043, 22.221961], [73.432631, 22.230961], [73.426043, 22.237549], [73.417043, 22.239961], [73.408043, 22.237549], [73.401455, 22.230961], [73.399043, 22.221961], [73.401455, 22.212961], [73.408043, 22.206373], [73.417043, 22.203961], [73.426043, 22.206373], [73.432631, 22.212961], [73.435043, 22.221961]]]}, "properties": {"village_name": "Antoli", "subdistrict": "Vaghodia", "village_code": 520020, "composite_risk_score": 0.627, "flood_hazard_score": 0.484, "erosion_risk": 0.98, "cloudburst_probability": 0.899, "landslide_susceptibility": 0.584, "total_population": 1292, "latitude": 22.221961, "longitude": 73.417043, "colour": "#f97316", "tier": "Tier 2 - Relocate"}}, {"type": "Feature", "geometry": {"type": "Polygon", "coordinates": [[[73.455697, 22.217807], [73.453285, 22.226807], [73.446697, 22.233395], [73.437697, 22.235807], [73.428697, 22.233395], [73.422109, 22.226807], [73.419697, 22.217807], [73.422109, 22.208807], [73.428697, 22.202219], [73.437697, 22.199807], [73.446697, 22.202219], [73.453285, 22.208807], [73.455697, 22.217807]]]}, "properties": {"village_name": "Karamliya Pura", "subdistrict": "Vaghodia", "village_code": 520021, "composite_risk_score": 0.606, "flood_hazard_score": 0.528, "erosion_risk": 0.98, "cloudburst_probability": 0.896, "landslide_susceptibility": 0.584, "total_population": 1336, "latitude": 22.217807, "longitude": 73.437697, "colour": "#f97316", "tier": "Tier 2 - Relocate"}}, {"type": "Feature", "geometry": {"type": "Polygon", "coordinates": [[[73.539797, 22.284556], [73.537385, 22.293556], [73.530797, 22.300144], [73.521797, 22.302556], [73.512797, 22.300144], [73.506209, 22.293556], [73.503797, 22.284556], [73.506209, 22.275556], [73.512797, 22.268968], [73.521797, 22.266556], [73.530797, 22.268968], [73.537385, 22.275556], [73.539797, 22.284556]]]}, "properties": {"village_name": "Koba", "subdistrict": "Vaghodia", "village_code": 519991, "composite_risk_score": 0.536, "flood_hazard_score": 0.367, "erosion_risk": 0.98, "cloudburst_probability": 0.95, "landslide_susceptibility": 0.54, "total_population": 0, "latitude": 22.284556, "longitude": 73.521797, "colour": "#eab308", "tier": "Tier 3 - Mitigate"}}, {"type": "Feature", "geometry": {"type": "Polygon", "coordinates": [[[73.429595, 22.436866], [73.427183, 22.445866], [73.420595, 22.452454], [73.411595, 22.454866], [73.402595, 22.452454], [73.396007, 22.445866], [73.393595, 22.436866], [73.396007, 22.427866], [73.402595, 22.421278], [73.411595, 22.418866], [73.420595, 22.421278], [73.427183, 22.427866], [73.429595, 22.436866]]]}, "properties": {"village_name": "Adiran", "subdistrict": "Vaghodia", "village_code": 519940, "composite_risk_score": 0.645, "flood_hazard_score": 0.542, "erosion_risk": 0.98, "cloudburst_probability": 0.913, "landslide_susceptibility": 0.594, "total_population": 2423, "latitude": 22.436866, "longitude": 73.411595, "colour": "#f97316", "tier": "Tier 2 - Relocate"}}, {"type": "Feature", "geometry": {"type": "Polygon", "coordinates": [[[73.453575, 22.407331], [73.451163, 22.416331], [73.444575, 22.422919], [73.435575, 22.425331], [73.426575, 22.422919], [73.419987, 22.416331], [73.417575, 22.407331], [73.419987, 22.398331], [73.426575, 22.391743], [73.435575, 22.389331], [73.444575, 22.391743], [73.451163, 22.398331], [73.453575, 22.407331]]]}, "properties": {"village_name": "Navgam", "subdistrict": "Vaghodia", "village_code": 519955, "composite_risk_score": 0.558, "flood_hazard_score": 0.473, "erosion_risk": 0.98, "cloudburst_probability": 0.939, "landslide_susceptibility": 0.603, "total_population": 1353, "latitude": 22.407331, "longitude": 73.435575, "colour": "#eab308", "tier": "Tier 3 - Mitigate"}}, {"type": "Feature", "geometry": {"type": "Polygon", "coordinates": [[[73.430333, 22.410759], [73.427921, 22.419759], [73.421333, 22.426347], [73.412333, 22.428759], [73.403333, 22.426347], [73.396745, 22.419759], [73.394333, 22.410759], [73.396745, 22.401759], [73.403333, 22.395171], [73.412333, 22.392759], [73.421333, 22.395171], [73.427921, 22.401759], [73.430333, 22.410759]]]}, "properties": {"village_name": "Karmasiya Kheda", "subdistrict": "Vaghodia", "village_code": 519941, "composite_risk_score": 0.531, "flood_hazard_score": 0.489, "erosion_risk": 0.98, "cloudburst_probability": 0.912, "landslide_susceptibility": 0.593, "total_population": 3574, "latitude": 22.410759, "longitude": 73.412333, "colour": "#eab308", "tier": "Tier 3 - Mitigate"}}, {"type": "Feature", "geometry": {"type": "Polygon", "coordinates": [[[73.465886, 22.373695], [73.463474, 22.382695], [73.456886, 22.389283], [73.447886, 22.391695], [73.438886, 22.389283], [73.432298, 22.382695], [73.429886, 22.373695], [73.432298, 22.364695], [73.438886, 22.358107], [73.447886, 22.355695], [73.456886, 22.358107], [73.463474, 22.364695], [73.465886, 22.373695]]]}, "properties": {"village_name": "Gutal", "subdistrict": "Vaghodia", "village_code": 519956, "composite_risk_score": 0.401, "flood_hazard_score": 0.501, "erosion_risk": 0.98, "cloudburst_probability": 0.919, "landslide_susceptibility": 0.596, "total_population": 3767, "latitude": 22.373695, "longitude": 73.447886, "colour": "#eab308", "tier": "Tier 3 - Mitigate"}}, {"type": "Feature", "geometry": {"type": "Polygon", "coordinates": [[[73.428424, 22.3582], [73.426012, 22.3672], [73.419424, 22.373788], [73.410424, 22.3762], [73.401424, 22.373788], [73.394836, 22.3672], [73.392424, 22.3582], [73.394836, 22.3492], [73.401424, 22.342612], [73.410424, 22.3402], [73.419424, 22.342612], [73.426012, 22.3492], [73.428424, 22.3582]]]}, "properties": {"village_name": "Juna Rampura", "subdistrict": "Vaghodia", "village_code": 519964, "composite_risk_score": 0.644, "flood_hazard_score": 0.413, "erosion_risk": 0.98, "cloudburst_probability": 0.95, "landslide_susceptibility": 0.647, "total_population": 1280, "latitude": 22.3582, "longitude": 73.410424, "colour": "#f97316", "tier": "Tier 2 - Relocate"}}, {"type": "Feature", "geometry": {"type": "Polygon", "coordinates": [[[73.483353, 22.347733], [73.480941, 22.356733], [73.474353, 22.363321], [73.465353, 22.365733], [73.456353, 22.363321], [73.449765, 22.356733], [73.447353, 22.347733], [73.449765, 22.338733], [73.456353, 22.332145], [73.465353, 22.329733], [73.474353, 22.332145], [73.480941, 22.338733], [73.483353, 22.347733]]]}, "properties": {"village_name": "Dundelav", "subdistrict": "Vaghodia", "village_code": 519967, "composite_risk_score": 0.526, "flood_hazard_score": 0.513, "erosion_risk": 0.98, "cloudburst_probability": 0.947, "landslide_susceptibility": 0.613, "total_population": 599, "latitude": 22.347733, "longitude": 73.465353, "colour": "#eab308", "tier": "Tier 3 - Mitigate"}}, {"type": "Feature", "geometry": {"type": "Polygon", "coordinates": [[[73.49729, 22.332591], [73.494878, 22.341591], [73.48829, 22.348179], [73.47929, 22.350591], [73.47029, 22.348179], [73.463702, 22.341591], [73.46129, 22.332591], [73.463702, 22.323591], [73.47029, 22.317003], [73.47929, 22.314591], [73.48829, 22.317003], [73.494878, 22.323591], [73.49729, 22.332591]]]}, "properties": {"village_name": "Goraj", "subdistrict": "Vaghodia", "village_code": 519973, "composite_risk_score": 0.601, "flood_hazard_score": 0.535, "erosion_risk": 0.98, "cloudburst_probability": 0.95, "landslide_susceptibility": 0.617, "total_population": 5093, "latitude": 22.332591, "longitude": 73.47929, "colour": "#f97316", "tier": "Tier 2 - Relocate"}}, {"type": "Feature", "geometry": {"type": "Polygon", "coordinates": [[[73.426848, 22.344775], [73.424436, 22.353775], [73.417848, 22.360363], [73.408848, 22.362775], [73.399848, 22.360363], [73.39326, 22.353775], [73.390848, 22.344775], [73.39326, 22.335775], [73.399848, 22.329187], [73.408848, 22.326775], [73.417848, 22.329187], [73.424436, 22.335775], [73.426848, 22.344775]]]}, "properties": {"village_name": "Nava Rampura", "subdistrict": "Vaghodia", "village_code": 519965, "composite_risk_score": 0.575, "flood_hazard_score": 0.449, "erosion_risk": 0.98, "cloudburst_probability": 0.95, "landslide_susceptibility": 0.616, "total_population": 608, "latitude": 22.344775, "longitude": 73.408848, "colour": "#eab308", "tier": "Tier 3 - Mitigate"}}, {"type": "Feature", "geometry": {"type": "Polygon", "coordinates": [[[73.456877, 22.342325], [73.454465, 22.351325], [73.447877, 22.357913], [73.438877, 22.360325], [73.429877, 22.357913], [73.423289, 22.351325], [73.420877, 22.342325], [73.423289, 22.333325], [73.429877, 22.326737], [73.438877, 22.324325], [73.447877, 22.326737], [73.454465, 22.333325], [73.456877, 22.342325]]]}, "properties": {"village_name": "Vesaniya", "subdistrict": "Vaghodia", "village_code": 519966, "composite_risk_score": 0.5, "flood_hazard_score": 0.355, "erosion_risk": 0.98, "cloudburst_probability": 0.95, "landslide_susceptibility": 0.625, "total_population": 1007, "latitude": 22.342325, "longitude": 73.438877, "colour": "#eab308", "tier": "Tier 3 - Mitigate"}}, {"type": "Feature", "geometry": {"type": "Polygon", "coordinates": [[[73.521181, 22.342418], [73.518769, 22.351418], [73.512181, 22.358006], [73.503181, 22.360418], [73.494181, 22.358006], [73.487593, 22.351418], [73.485181, 22.342418], [73.487593, 22.333418], [73.494181, 22.32683], [73.503181, 22.324418], [73.512181, 22.32683], [73.518769, 22.333418], [73.521181, 22.342418]]]}, "properties": {"village_name": "Valva", "subdistrict": "Vaghodia", "village_code": 519968, "composite_risk_score": 0.598, "flood_hazard_score": 0.509, "erosion_risk": 0.98, "cloudburst_probability": 0.918, "landslide_susceptibility": 0.596, "total_population": 700, "latitude": 22.342418, "longitude": 73.503181, "colour": "#eab308", "tier": "Tier 3 - Mitigate"}}, {"type": "Feature", "geometry": {"type": "Polygon", "coordinates": [[[73.543062, 22.339955], [73.54065, 22.348955], [73.534062, 22.355543], [73.525062, 22.357955], [73.516062, 22.355543], [73.509474, 22.348955], [73.507062, 22.339955], [73.509474, 22.330955], [73.516062, 22.324367], [73.525062, 22.321955], [73.534062, 22.324367], [73.54065, 22.330955], [73.543062, 22.339955]]]}, "properties": {"village_name": "Hamirpuri", "subdistrict": "Vaghodia", "village_code": 519969, "composite_risk_score": 0.618, "flood_hazard_score": 0.407, "erosion_risk": 0.98, "cloudburst_probability": 0.936, "landslide_susceptibility": 0.605, "total_population": 127, "latitude": 22.339955, "longitude": 73.525062, "colour": "#f97316", "tier": "Tier 2 - Relocate"}}, {"type": "Feature", "geometry": {"type": "Polygon", "coordinates": [[[73.564397, 22.334722], [73.561985, 22.343722], [73.555397, 22.35031], [73.546397, 22.352722], [73.537397, 22.35031], [73.530809, 22.343722], [73.528397, 22.334722], [73.530809, 22.325722], [73.537397, 22.319134], [73.546397, 22.316722], [73.555397, 22.319134], [73.561985, 22.325722], [73.564397, 22.334722]]]}, "properties": {"village_name": "Dharola", "subdistrict": "Vaghodia", "village_code": 519970, "composite_risk_score": 0.417, "flood_hazard_score": 0.266, "erosion_risk": 0.98, "cloudburst_probability": 0.917, "landslide_susceptibility": 0.463, "total_population": 283, "latitude": 22.334722, "longitude": 73.546397, "colour": "#eab308", "tier": "Tier 3 - Mitigate"}}, {"type": "Feature", "geometry": {"type": "Polygon", "coordinates": [[[73.539104, 22.333731], [73.536692, 22.342731], [73.530104, 22.349319], [73.521104, 22.351731], [73.512104, 22.349319], [73.505516, 22.342731], [73.503104, 22.333731], [73.505516, 22.324731], [73.512104, 22.318143], [73.521104, 22.315731], [73.530104, 22.318143], [73.536692, 22.324731], [73.539104, 22.333731]]]}, "properties": {"village_name": "Gambhirpura", "subdistrict": "Vaghodia", "village_code": 519972, "composite_risk_score": 0.657, "flood_hazard_score": 0.42, "erosion_risk": 0.98, "cloudburst_probability": 0.917, "landslide_susceptibility": 0.594, "total_population": 711, "latitude": 22.333731, "longitude": 73.521104, "colour": "#f97316", "tier": "Tier 2 - Relocate"}}, {"type": "Feature", "geometry": {"type": "Polygon", "coordinates": [[[73.195017, 22.552458], [73.192605, 22.561458], [73.186017, 22.568046], [73.177017, 22.570458], [73.168017, 22.568046], [73.161429, 22.561458], [73.159017, 22.552458], [73.161429, 22.543458], [73.168017, 22.53687], [73.177017, 22.534458], [73.186017, 22.53687], [73.192605, 22.543458], [73.195017, 22.552458]]]}, "properties": {"village_name": "Wankaner", "subdistrict": "Savli", "village_code": 519768, "composite_risk_score": 0.54, "flood_hazard_score": 0.388, "erosion_risk": 0.98, "cloudburst_probability": 0.902, "landslide_susceptibility": 0.582, "total_population": 8770, "latitude": 22.552458, "longitude": 73.177017, "colour": "#eab308", "tier": "Tier 3 - Mitigate"}}, {"type": "Feature", "geometry": {"type": "Polygon", "coordinates": [[[73.147922, 22.510437], [73.14551, 22.519437], [73.138922, 22.526025], [73.129922, 22.528437], [73.120922, 22.526025], [73.114334, 22.519437], [73.111922, 22.510437], [73.114334, 22.501437], [73.120922, 22.494849], [73.129922, 22.492437], [73.138922, 22.494849], [73.14551, 22.501437], [73.147922, 22.510437]]]}, "properties": {"village_name": "Bhadarva", "subdistrict": "Savli", "village_code": 519787, "composite_risk_score": 0.544, "flood_hazard_score": 0.494, "erosion_risk": 0.98, "cloudburst_probability": 0.95, "landslide_susceptibility": 0.646, "total_population": 5951, "latitude": 22.510437, "longitude": 73.129922, "colour": "#eab308", "tier": "Tier 3 - Mitigate"}}, {"type": "Feature", "geometry": {"type": "Polygon", "coordinates": [[[73.192065, 22.50843], [73.189653, 22.51743], [73.183065, 22.524018], [73.174065, 22.52643], [73.165065, 22.524018], [73.158477, 22.51743], [73.156065, 22.50843], [73.158477, 22.49943], [73.165065, 22.492842], [73.174065, 22.49043], [73.183065, 22.492842], [73.189653, 22.49943], [73.192065, 22.50843]]]}, "properties": {"village_name": "Ranipura B", "subdistrict": "Savli", "village_code": 519794, "composite_risk_score": 0.533, "flood_hazard_score": 0.428, "erosion_risk": 0.98, "cloudburst_probability": 0.948, "landslide_susceptibility": 0.604, "total_population": 482, "latitude": 22.50843, "longitude": 73.174065, "colour": "#eab308", "tier": "Tier 3 - Mitigate"}}, {"type": "Feature", "geometry": {"type": "Polygon", "coordinates": [[[73.118319, 22.499195], [73.115907, 22.508195], [73.109319, 22.514783], [73.100319, 22.517195], [73.091319, 22.514783], [73.084731, 22.508195], [73.082319, 22.499195], [73.084731, 22.490195], [73.091319, 22.483607], [73.100319, 22.481195], [73.109319, 22.483607], [73.115907, 22.490195], [73.118319, 22.499195]]]}, "properties": {"village_name": "Khandi", "subdistrict": "Savli", "village_code": 519790, "composite_risk_score": 0.64, "flood_hazard_score": 0.523, "erosion_risk": 0.98, "cloudburst_probability": 0.93, "landslide_susceptibility": 0.594, "total_population": 1467, "latitude": 22.499195, "longitude": 73.100319, "colour": "#f97316", "tier": "Tier 2 - Relocate"}}, {"type": "Feature", "geometry": {"type": "Polygon", "coordinates": [[[73.123973, 22.502329], [73.121561, 22.511329], [73.114973, 22.517917], [73.105973, 22.520329], [73.096973, 22.517917], [73.090385, 22.511329], [73.087973, 22.502329], [73.090385, 22.493329], [73.096973, 22.486741], [73.105973, 22.484329], [73.114973, 22.486741], [73.121561, 22.493329], [73.123973, 22.502329]]]}, "properties": {"village_name": "Jalampura", "subdistrict": "Savli", "village_code": 519789, "composite_risk_score": 0.594, "flood_hazard_score": 0.467, "erosion_risk": 0.98, "cloudburst_probability": 0.95, "landslide_susceptibility": 0.624, "total_population": 837, "latitude": 22.502329, "longitude": 73.105973, "colour": "#eab308", "tier": "Tier 3 - Mitigate"}}, {"type": "Feature", "geometry": {"type": "Polygon", "coordinates": [[[73.151102, 22.495709], [73.14869, 22.504709], [73.142102, 22.511297], [73.133102, 22.513709], [73.124102, 22.511297], [73.117514, 22.504709], [73.115102, 22.495709], [73.117514, 22.486709], [73.124102, 22.480121], [73.133102, 22.477709], [73.142102, 22.480121], [73.14869, 22.486709], [73.151102, 22.495709]]]}, "properties": {"village_name": "Raniya", "subdistrict": "Savli", "village_code": 519792, "composite_risk_score": 0.586, "flood_hazard_score": 0.356, "erosion_risk": 0.98, "cloudburst_probability": 0.95, "landslide_susceptibility": 0.656, "total_population": 3279, "latitude": 22.495709, "longitude": 73.133102, "colour": "#eab308", "tier": "Tier 3 - Mitigate"}}, {"type": "Feature", "geometry": {"type": "Polygon", "coordinates": [[[73.178927, 22.495327], [73.176515, 22.504327], [73.169927, 22.510915], [73.160927, 22.513327], [73.151927, 22.510915], [73.145339, 22.504327], [73.142927, 22.495327], [73.145339, 22.486327], [73.151927, 22.479739], [73.160927, 22.477327], [73.169927, 22.479739], [73.176515, 22.486327], [73.178927, 22.495327]]]}, "properties": {"village_name": "Mahapura", "subdistrict": "Savli", "village_code": 519793, "composite_risk_score": 0.61, "flood_hazard_score": 0.457, "erosion_risk": 0.98, "cloudburst_probability": 0.95, "landslide_susceptibility": 0.645, "total_population": 694, "latitude": 22.495327, "longitude": 73.160927, "colour": "#f97316", "tier": "Tier 2 - Relocate"}}, {"type": "Feature", "geometry": {"type": "Polygon", "coordinates": [[[73.19066, 22.480895], [73.188248, 22.489895], [73.18166, 22.496483], [73.17266, 22.498895], [73.16366, 22.496483], [73.157072, 22.489895], [73.15466, 22.480895], [73.157072, 22.471895], [73.16366, 22.465307], [73.17266, 22.462895], [73.18166, 22.465307], [73.188248, 22.471895], [73.19066, 22.480895]]]}, "properties": {"village_name": "Anjesar", "subdistrict": "Savli", "village_code": 519810, "composite_risk_score": 0.615, "flood_hazard_score": 0.542, "erosion_risk": 0.98, "cloudburst_probability": 0.896, "landslide_susceptibility": 0.583, "total_population": 2334, "latitude": 22.480895, "longitude": 73.17266, "colour": "#f97316", "tier": "Tier 2 - Relocate"}}, {"type": "Feature", "geometry": {"type": "Polygon", "coordinates": [[[73.132821, 22.475894], [73.130409, 22.484894], [73.123821, 22.491482], [73.114821, 22.493894], [73.105821, 22.491482], [73.099233, 22.484894], [73.096821, 22.475894], [73.099233, 22.466894], [73.105821, 22.460306], [73.114821, 22.457894], [73.123821, 22.460306], [73.130409, 22.466894], [73.132821, 22.475894]]]}, "properties": {"village_name": "Poicha Raniya", "subdistrict": "Savli", "village_code": 519791, "composite_risk_score": 0.538, "flood_hazard_score": 0.376, "erosion_risk": 0.98, "cloudburst_probability": 0.926, "landslide_susceptibility": 0.594, "total_population": 2945, "latitude": 22.475894, "longitude": 73.114821, "colour": "#eab308", "tier": "Tier 3 - Mitigate"}}, {"type": "Feature", "geometry": {"type": "Polygon", "coordinates": [[[73.165281, 22.468066], [73.162869, 22.477066], [73.156281, 22.483654], [73.147281, 22.486066], [73.138281, 22.483654], [73.131693, 22.477066], [73.129281, 22.468066], [73.131693, 22.459066], [73.138281, 22.452478], [73.147281, 22.450066], [73.156281, 22.452478], [73.162869, 22.459066], [73.165281, 22.468066]]]}, "properties": {"village_name": "Moksi", "subdistrict": "Savli", "village_code": 519811, "composite_risk_score": 0.576, "flood_hazard_score": 0.541, "erosion_risk": 0.98, "cloudburst_probability": 0.95, "landslide_susceptibility": 0.613, "total_population": 5706, "latitude": 22.468066, "longitude": 73.147281, "colour": "#eab308", "tier": "Tier 3 - Mitigate"}}, {"type": "Feature", "geometry": {"type": "Polygon", "coordinates": [[[73.177483, 22.512292], [73.175071, 22.521292], [73.168483, 22.52788], [73.159483, 22.530292], [73.150483, 22.52788], [73.143895, 22.521292], [73.141483, 22.512292], [73.143895, 22.503292], [73.150483, 22.496704], [73.159483, 22.494292], [73.168483, 22.496704], [73.175071, 22.503292], [73.177483, 22.512292]]]}, "properties": {"village_name": "Bahidhara Alias Natvarnagar", "subdistrict": "Savli", "village_code": 519786, "composite_risk_score": 0.513, "flood_hazard_score": 0.351, "erosion_risk": 0.98, "cloudburst_probability": 0.95, "landslide_susceptibility": 0.645, "total_population": 3711, "latitude": 22.512292, "longitude": 73.159483, "colour": "#eab308", "tier": "Tier 3 - Mitigate"}}, {"type": "Feature", "geometry": {"type": "Polygon", "coordinates": [[[73.136198, 22.511161], [73.133786, 22.520161], [73.127198, 22.526749], [73.118198, 22.529161], [73.109198, 22.526749], [73.10261, 22.520161], [73.100198, 22.511161], [73.10261, 22.502161], [73.109198, 22.495573], [73.118198, 22.493161], [73.127198, 22.495573], [73.133786, 22.502161], [73.136198, 22.511161]]]}, "properties": {"village_name": "Parthampura Khandi", "subdistrict": "Savli", "village_code": 519788, "composite_risk_score": 0.593, "flood_hazard_score": 0.496, "erosion_risk": 0.98, "cloudburst_probability": 0.915, "landslide_susceptibility": 0.593, "total_population": 898, "latitude": 22.511161, "longitude": 73.118198, "colour": "#eab308", "tier": "Tier 3 - Mitigate"}}, {"type": "Feature", "geometry": {"type": "Polygon", "coordinates": [[[73.130726, 22.455062], [73.128314, 22.464062], [73.121726, 22.47065], [73.112726, 22.473062], [73.103726, 22.47065], [73.097138, 22.464062], [73.094726, 22.455062], [73.097138, 22.446062], [73.103726, 22.439474], [73.112726, 22.437062], [73.121726, 22.439474], [73.128314, 22.446062], [73.130726, 22.455062]]]}, "properties": {"village_name": "Dodka", "subdistrict": "Vadodara Rural", "village_code": 519824, "composite_risk_score": 0.537, "flood_hazard_score": 0.402, "erosion_risk": 0.98, "cloudburst_probability": 0.914, "landslide_susceptibility": 0.595, "total_population": 3724, "latitude": 22.455062, "longitude": 73.112726, "colour": "#eab308", "tier": "Tier 3 - Mitigate"}}, {"type": "Feature", "geometry": {"type": "Polygon", "coordinates": [[[73.172772, 22.447266], [73.17036, 22.456266], [73.163772, 22.462854], [73.154772, 22.465266], [73.145772, 22.462854], [73.139184, 22.456266], [73.136772, 22.447266], [73.139184, 22.438266], [73.145772, 22.431678], [73.154772, 22.429266], [73.163772, 22.431678], [73.17036, 22.438266], [73.172772, 22.447266]]]}, "properties": {"village_name": "Vasna Kotariya", "subdistrict": "Vadodara Rural", "village_code": 519827, "composite_risk_score": 0.605, "flood_hazard_score": 0.529, "erosion_risk": 0.98, "cloudburst_probability": 0.949, "landslide_susceptibility": 0.612, "total_population": 3974, "latitude": 22.447266, "longitude": 73.154772, "colour": "#f97316", "tier": "Tier 2 - Relocate"}}, {"type": "Feature", "geometry": {"type": "Polygon", "coordinates": [[[73.395167, 22.616419], [73.392755, 22.625419], [73.386167, 22.632007], [73.377167, 22.634419], [73.368167, 22.632007], [73.361579, 22.625419], [73.359167, 22.616419], [73.361579, 22.607419], [73.368167, 22.600831], [73.377167, 22.598419], [73.386167, 22.600831], [73.392755, 22.607419], [73.395167, 22.616419]]]}, "properties": {"village_name": "Ankaliya", "subdistrict": "Savli", "village_code": 519747, "composite_risk_score": 0.591, "flood_hazard_score": 0.474, "erosion_risk": 0.98, "cloudburst_probability": 0.95, "landslide_susceptibility": 0.613, "total_population": 1067, "latitude": 22.616419, "longitude": 73.377167, "colour": "#eab308", "tier": "Tier 3 - Mitigate"}}, {"type": "Feature", "geometry": {"type": "Polygon", "coordinates": [[[73.24313, 22.614795], [73.240718, 22.623795], [73.23413, 22.630383], [73.22513, 22.632795], [73.21613, 22.630383], [73.209542, 22.623795], [73.20713, 22.614795], [73.209542, 22.605795], [73.21613, 22.599207], [73.22513, 22.596795], [73.23413, 22.599207], [73.240718, 22.605795], [73.24313, 22.614795]]]}, "properties": {"village_name": "Lachhanpura", "subdistrict": "Savli", "village_code": 519756, "composite_risk_score": 0.51, "flood_hazard_score": 0.502, "erosion_risk": 0.98, "cloudburst_probability": 0.883, "landslide_susceptibility": 0.573, "total_population": 1201, "latitude": 22.614795, "longitude": 73.22513, "colour": "#eab308", "tier": "Tier 3 - Mitigate"}}, {"type": "Feature", "geometry": {"type": "Polygon", "coordinates": [[[73.347978, 22.614616], [73.345566, 22.623616], [73.338978, 22.630204], [73.329978, 22.632616], [73.320978, 22.630204], [73.31439, 22.623616], [73.311978, 22.614616], [73.31439, 22.605616], [73.320978, 22.599028], [73.329978, 22.596616], [73.338978, 22.599028], [73.345566, 22.605616], [73.347978, 22.614616]]]}, "properties": {"village_name": "Mevli", "subdistrict": "Savli", "village_code": 519750, "composite_risk_score": 0.549, "flood_hazard_score": 0.473, "erosion_risk": 0.98, "cloudburst_probability": 0.936, "landslide_susceptibility": 0.604, "total_population": 3775, "latitude": 22.614616, "longitude": 73.329978, "colour": "#eab308", "tier": "Tier 3 - Mitigate"}}, {"type": "Feature", "geometry": {"type": "Polygon", "coordinates": [[[73.374397, 22.597216], [73.371985, 22.606216], [73.365397, 22.612804], [73.356397, 22.615216], [73.347397, 22.612804], [73.340809, 22.606216], [73.338397, 22.597216], [73.340809, 22.588216], [73.347397, 22.581628], [73.356397, 22.579216], [73.365397, 22.581628], [73.371985, 22.588216], [73.374397, 22.597216]]]}, "properties": {"village_name": "Dhantej", "subdistrict": "Savli", "village_code": 519748, "composite_risk_score": 0.562, "flood_hazard_score": 0.539, "erosion_risk": 0.98, "cloudburst_probability": 0.947, "landslide_susceptibility": 0.608, "total_population": 5470, "latitude": 22.597216, "longitude": 73.356397, "colour": "#eab308", "tier": "Tier 3 - Mitigate"}}, {"type": "Feature", "geometry": {"type": "Polygon", "coordinates": [[[73.207227, 22.515105], [73.204815, 22.524105], [73.198227, 22.530693], [73.189227, 22.533105], [73.180227, 22.530693], [73.173639, 22.524105], [73.171227, 22.515105], [73.173639, 22.506105], [73.180227, 22.499517], [73.189227, 22.497105], [73.198227, 22.499517], [73.204815, 22.506105], [73.207227, 22.515105]]]}, "properties": {"village_name": "Namisara", "subdistrict": "Savli", "village_code": 519795, "composite_risk_score": 0.532, "flood_hazard_score": 0.513, "erosion_risk": 0.98, "cloudburst_probability": 0.873, "landslide_susceptibility": 0.573, "total_population": 2102, "latitude": 22.515105, "longitude": 73.189227, "colour": "#eab308", "tier": "Tier 3 - Mitigate"}}, {"type": "Feature", "geometry": {"type": "Polygon", "coordinates": [[[73.384624, 22.667525], [73.382212, 22.676525], [73.375624, 22.683113], [73.366624, 22.685525], [73.357624, 22.683113], [73.351036, 22.676525], [73.348624, 22.667525], [73.351036, 22.658525], [73.357624, 22.651937], [73.366624, 22.649525], [73.375624, 22.651937], [73.382212, 22.658525], [73.384624, 22.667525]]]}, "properties": {"village_name": "Latva", "subdistrict": "Desar", "village_code": 519734, "composite_risk_score": 0.517, "flood_hazard_score": 0.576, "erosion_risk": 0.98, "cloudburst_probability": 0.886, "landslide_susceptibility": 0.573, "total_population": 1635, "latitude": 22.667525, "longitude": 73.366624, "colour": "#eab308", "tier": "Tier 3 - Mitigate"}}, {"type": "Feature", "geometry": {"type": "Polygon", "coordinates": [[[73.377725, 22.666808], [73.375313, 22.675808], [73.368725, 22.682396], [73.359725, 22.684808], [73.350725, 22.682396], [73.344137, 22.675808], [73.341725, 22.666808], [73.344137, 22.657808], [73.350725, 22.65122], [73.359725, 22.648808], [73.368725, 22.65122], [73.375313, 22.657808], [73.377725, 22.666808]]]}, "properties": {"village_name": "Bhila", "subdistrict": "Desar", "village_code": 519724, "composite_risk_score": 0.472, "flood_hazard_score": 0.522, "erosion_risk": 0.98, "cloudburst_probability": 0.898, "landslide_susceptibility": 0.582, "total_population": 325, "latitude": 22.666808, "longitude": 73.359725, "colour": "#eab308", "tier": "Tier 3 - Mitigate"}}, {"type": "Feature", "geometry": {"type": "Polygon", "coordinates": [[[73.416534, 22.664588], [73.414122, 22.673588], [73.407534, 22.680176], [73.398534, 22.682588], [73.389534, 22.680176], [73.382946, 22.673588], [73.380534, 22.664588], [73.382946, 22.655588], [73.389534, 22.649], [73.398534, 22.646588], [73.407534, 22.649], [73.414122, 22.655588], [73.416534, 22.664588]]]}, "properties": {"village_name": "Vansiya", "subdistrict": "Desar", "village_code": 519730, "composite_risk_score": 0.504, "flood_hazard_score": 0.552, "erosion_risk": 0.98, "cloudburst_probability": 0.886, "landslide_susceptibility": 0.573, "total_population": 1144, "latitude": 22.664588, "longitude": 73.398534, "colour": "#eab308", "tier": "Tier 3 - Mitigate"}}, {"type": "Feature", "geometry": {"type": "Polygon", "coordinates": [[[73.355583, 22.657829], [73.353171, 22.666829], [73.346583, 22.673417], [73.337583, 22.675829], [73.328583, 22.673417], [73.321995, 22.666829], [73.319583, 22.657829], [73.321995, 22.648829], [73.328583, 22.642241], [73.337583, 22.639829], [73.346583, 22.642241], [73.353171, 22.648829], [73.355583, 22.657829]]]}, "properties": {"village_name": "Vaghanu Muvadu", "subdistrict": "Desar", "village_code": 519722, "composite_risk_score": 0.393, "flood_hazard_score": 0.412, "erosion_risk": 0.98, "cloudburst_probability": 0.893, "landslide_susceptibility": 0.574, "total_population": 361, "latitude": 22.657829, "longitude": 73.337583, "colour": "#22c55e", "tier": "Tier 4 - Monitor"}}, {"type": "Feature", "geometry": {"type": "Polygon", "coordinates": [[[73.335646, 22.66062], [73.333234, 22.66962], [73.326646, 22.676208], [73.317646, 22.67862], [73.308646, 22.676208], [73.302058, 22.66962], [73.299646, 22.66062], [73.302058, 22.65162], [73.308646, 22.645032], [73.317646, 22.64262], [73.326646, 22.645032], [73.333234, 22.65162], [73.335646, 22.66062]]]}, "properties": {"village_name": "Gorsan", "subdistrict": "Desar", "village_code": 519721, "composite_risk_score": 0.54, "flood_hazard_score": 0.545, "erosion_risk": 0.98, "cloudburst_probability": 0.875, "landslide_susceptibility": 0.573, "total_population": 717, "latitude": 22.66062, "longitude": 73.317646, "colour": "#eab308", "tier": "Tier 3 - Mitigate"}}, {"type": "Feature", "geometry": {"type": "Polygon", "coordinates": [[[73.3048, 22.657088], [73.302388, 22.666088], [73.2958, 22.672676], [73.2868, 22.675088], [73.2778, 22.672676], [73.271212, 22.666088], [73.2688, 22.657088], [73.271212, 22.648088], [73.2778, 22.6415], [73.2868, 22.639088], [73.2958, 22.6415], [73.302388, 22.648088], [73.3048, 22.657088]]]}, "properties": {"village_name": "Shihora", "subdistrict": "Desar", "village_code": 519720, "composite_risk_score": 0.549, "flood_hazard_score": 0.459, "erosion_risk": 0.98, "cloudburst_probability": 0.897, "landslide_susceptibility": 0.581, "total_population": 6021, "latitude": 22.657088, "longitude": 73.2868, "colour": "#eab308", "tier": "Tier 3 - Mitigate"}}, {"type": "Feature", "geometry": {"type": "Polygon", "coordinates": [[[73.403685, 22.654626], [73.401273, 22.663626], [73.394685, 22.670214], [73.385685, 22.672626], [73.376685, 22.670214], [73.370097, 22.663626], [73.367685, 22.654626], [73.370097, 22.645626], [73.376685, 22.639038], [73.385685, 22.636626], [73.394685, 22.639038], [73.401273, 22.645626], [73.403685, 22.654626]]]}, "properties": {"village_name": "Limdi", "subdistrict": "Desar", "village_code": 519733, "composite_risk_score": 0.498, "flood_hazard_score": 0.552, "erosion_risk": 0.98, "cloudburst_probability": 0.904, "landslide_susceptibility": 0.584, "total_population": 960, "latitude": 22.654626, "longitude": 73.385685, "colour": "#eab308", "tier": "Tier 3 - Mitigate"}}, {"type": "Feature", "geometry": {"type": "Polygon", "coordinates": [[[73.421154, 22.65819], [73.418742, 22.66719], [73.412154, 22.673778], [73.403154, 22.67619], [73.394154, 22.673778], [73.387566, 22.66719], [73.385154, 22.65819], [73.387566, 22.64919], [73.394154, 22.642602], [73.403154, 22.64019], [73.412154, 22.642602], [73.418742, 22.64919], [73.421154, 22.65819]]]}, "properties": {"village_name": "Ghanta", "subdistrict": "Desar", "village_code": 519731, "composite_risk_score": 0.551, "flood_hazard_score": 0.555, "erosion_risk": 0.98, "cloudburst_probability": 0.876, "landslide_susceptibility": 0.562, "total_population": 163, "latitude": 22.65819, "longitude": 73.403154, "colour": "#eab308", "tier": "Tier 3 - Mitigate"}}, {"type": "Feature", "geometry": {"type": "Polygon", "coordinates": [[[73.330436, 22.646613], [73.328024, 22.655613], [73.321436, 22.662201], [73.312436, 22.664613], [73.303436, 22.662201], [73.296848, 22.655613], [73.294436, 22.646613], [73.296848, 22.637613], [73.303436, 22.631025], [73.312436, 22.628613], [73.321436, 22.631025], [73.328024, 22.637613], [73.330436, 22.646613]]]}, "properties": {"village_name": "Nhara", "subdistrict": "Savli", "village_code": 519738, "composite_risk_score": 0.554, "flood_hazard_score": 0.554, "erosion_risk": 0.98, "cloudburst_probability": 0.898, "landslide_susceptibility": 0.582, "total_population": 2460, "latitude": 22.646613, "longitude": 73.312436, "colour": "#eab308", "tier": "Tier 3 - Mitigate"}}, {"type": "Feature", "geometry": {"type": "Polygon", "coordinates": [[[73.410421, 22.650172], [73.408009, 22.659172], [73.401421, 22.66576], [73.392421, 22.668172], [73.383421, 22.66576], [73.376833, 22.659172], [73.374421, 22.650172], [73.376833, 22.641172], [73.383421, 22.634584], [73.392421, 22.632172], [73.401421, 22.634584], [73.408009, 22.641172], [73.410421, 22.650172]]]}, "properties": {"village_name": "Andrakhiya", "subdistrict": "Desar", "village_code": 519732, "composite_risk_score": 0.613, "flood_hazard_score": 0.555, "erosion_risk": 0.98, "cloudburst_probability": 0.902, "landslide_susceptibility": 0.583, "total_population": 574, "latitude": 22.650172, "longitude": 73.392421, "colour": "#f97316", "tier": "Tier 2 - Relocate"}}, {"type": "Feature", "geometry": {"type": "Polygon", "coordinates": [[[73.352373, 22.642703], [73.349961, 22.651703], [73.343373, 22.658291], [73.334373, 22.660703], [73.325373, 22.658291], [73.318785, 22.651703], [73.316373, 22.642703], [73.318785, 22.633703], [73.325373, 22.627115], [73.334373, 22.624703], [73.343373, 22.627115], [73.349961, 22.633703], [73.352373, 22.642703]]]}, "properties": {"village_name": "Gutardi", "subdistrict": "Savli", "village_code": 519737, "composite_risk_score": 0.597, "flood_hazard_score": 0.549, "erosion_risk": 0.98, "cloudburst_probability": 0.882, "landslide_susceptibility": 0.57, "total_population": 1726, "latitude": 22.642703, "longitude": 73.334373, "colour": "#eab308", "tier": "Tier 3 - Mitigate"}}, {"type": "Feature", "geometry": {"type": "Polygon", "coordinates": [[[73.369477, 22.644957], [73.367065, 22.653957], [73.360477, 22.660545], [73.351477, 22.662957], [73.342477, 22.660545], [73.335889, 22.653957], [73.333477, 22.644957], [73.335889, 22.635957], [73.342477, 22.629369], [73.351477, 22.626957], [73.360477, 22.629369], [73.367065, 22.635957], [73.369477, 22.644957]]]}, "properties": {"village_name": "Sandhasal", "subdistrict": "Desar", "village_code": 519736, "composite_risk_score": 0.572, "flood_hazard_score": 0.492, "erosion_risk": 0.98, "cloudburst_probability": 0.921, "landslide_susceptibility": 0.593, "total_population": 4248, "latitude": 22.644957, "longitude": 73.351477, "colour": "#eab308", "tier": "Tier 3 - Mitigate"}}, {"type": "Feature", "geometry": {"type": "Polygon", "coordinates": [[[73.3833, 22.641302], [73.380888, 22.650302], [73.3743, 22.65689], [73.3653, 22.659302], [73.3563, 22.65689], [73.349712, 22.650302], [73.3473, 22.641302], [73.349712, 22.632302], [73.3563, 22.625714], [73.3653, 22.623302], [73.3743, 22.625714], [73.380888, 22.632302], [73.3833, 22.641302]]]}, "properties": {"village_name": "Vav", "subdistrict": "Desar", "village_code": 519735, "composite_risk_score": 0.493, "flood_hazard_score": 0.462, "erosion_risk": 0.98, "cloudburst_probability": 0.949, "landslide_susceptibility": 0.616, "total_population": 1145, "latitude": 22.641302, "longitude": 73.3653, "colour": "#eab308", "tier": "Tier 3 - Mitigate"}}, {"type": "Feature", "geometry": {"type": "Polygon", "coordinates": [[[73.28304, 22.641095], [73.280628, 22.650095], [73.27404, 22.656683], [73.26504, 22.659095], [73.25604, 22.656683], [73.249452, 22.650095], [73.24704, 22.641095], [73.249452, 22.632095], [73.25604, 22.625507], [73.26504, 22.623095], [73.27404, 22.625507], [73.280628, 22.632095], [73.28304, 22.641095]]]}, "properties": {"village_name": "Ajabpura", "subdistrict": "Savli", "village_code": 519740, "composite_risk_score": 0.497, "flood_hazard_score": 0.5, "erosion_risk": 0.98, "cloudburst_probability": 0.907, "landslide_susceptibility": 0.592, "total_population": 2222, "latitude": 22.641095, "longitude": 73.26504, "colour": "#eab308", "tier": "Tier 3 - Mitigate"}}, {"type": "Feature", "geometry": {"type": "Polygon", "coordinates": [[[73.265017, 22.630837], [73.262605, 22.639837], [73.256017, 22.646425], [73.247017, 22.648837], [73.238017, 22.646425], [73.231429, 22.639837], [73.229017, 22.630837], [73.231429, 22.621837], [73.238017, 22.615249], [73.247017, 22.612837], [73.256017, 22.615249], [73.262605, 22.621837], [73.265017, 22.630837]]]}, "properties": {"village_name": "Amarapura", "subdistrict": "Savli", "village_code": 519741, "composite_risk_score": 0.551, "flood_hazard_score": 0.559, "erosion_risk": 0.98, "cloudburst_probability": 0.887, "landslide_susceptibility": 0.574, "total_population": 2071, "latitude": 22.630837, "longitude": 73.247017, "colour": "#eab308", "tier": "Tier 3 - Mitigate"}}, {"type": "Feature", "geometry": {"type": "Polygon", "coordinates": [[[73.338551, 22.628964], [73.336139, 22.637964], [73.329551, 22.644552], [73.320551, 22.646964], [73.311551, 22.644552], [73.304963, 22.637964], [73.302551, 22.628964], [73.304963, 22.619964], [73.311551, 22.613376], [73.320551, 22.610964], [73.329551, 22.613376], [73.336139, 22.619964], [73.338551, 22.628964]]]}, "properties": {"village_name": "Zumkha", "subdistrict": "Savli", "village_code": 519745, "composite_risk_score": 0.619, "flood_hazard_score": 0.469, "erosion_risk": 0.98, "cloudburst_probability": 0.937, "landslide_susceptibility": 0.603, "total_population": 1164, "latitude": 22.628964, "longitude": 73.320551, "colour": "#f97316", "tier": "Tier 2 - Relocate"}}, {"type": "Feature", "geometry": {"type": "Polygon", "coordinates": [[[73.362346, 22.627892], [73.359934, 22.636892], [73.353346, 22.64348], [73.344346, 22.645892], [73.335346, 22.64348], [73.328758, 22.636892], [73.326346, 22.627892], [73.328758, 22.618892], [73.335346, 22.612304], [73.344346, 22.609892], [73.353346, 22.612304], [73.359934, 22.618892], [73.362346, 22.627892]]]}, "properties": {"village_name": "Dipapura", "subdistrict": "Savli", "village_code": 519746, "composite_risk_score": 0.604, "flood_hazard_score": 0.5, "erosion_risk": 0.98, "cloudburst_probability": 0.909, "landslide_susceptibility": 0.58, "total_population": 1022, "latitude": 22.627892, "longitude": 73.344346, "colour": "#f97316", "tier": "Tier 2 - Relocate"}}, {"type": "Feature", "geometry": {"type": "Polygon", "coordinates": [[[73.329078, 22.612199], [73.326666, 22.621199], [73.320078, 22.627787], [73.311078, 22.630199], [73.302078, 22.627787], [73.29549, 22.621199], [73.293078, 22.612199], [73.29549, 22.603199], [73.302078, 22.596611], [73.311078, 22.594199], [73.320078, 22.596611], [73.326666, 22.603199], [73.329078, 22.612199]]]}, "properties": {"village_name": "Vitoj", "subdistrict": "Savli", "village_code": 519751, "composite_risk_score": 0.6, "flood_hazard_score": 0.542, "erosion_risk": 0.98, "cloudburst_probability": 0.927, "landslide_susceptibility": 0.597, "total_population": 1667, "latitude": 22.612199, "longitude": 73.311078, "colour": "#f97316", "tier": "Tier 2 - Relocate"}}, {"type": "Feature", "geometry": {"type": "Polygon", "coordinates": [[[73.270806, 22.620001], [73.268394, 22.629001], [73.261806, 22.635589], [73.252806, 22.638001], [73.243806, 22.635589], [73.237218, 22.629001], [73.234806, 22.620001], [73.237218, 22.611001], [73.243806, 22.604413], [73.252806, 22.602001], [73.261806, 22.604413], [73.268394, 22.611001], [73.270806, 22.620001]]]}, "properties": {"village_name": "Kalupura", "subdistrict": "Savli", "village_code": 519742, "composite_risk_score": 0.538, "flood_hazard_score": 0.483, "erosion_risk": 0.98, "cloudburst_probability": 0.903, "landslide_susceptibility": 0.52, "total_population": 91, "latitude": 22.620001, "longitude": 73.252806, "colour": "#eab308", "tier": "Tier 3 - Mitigate"}}, {"type": "Feature", "geometry": {"type": "Polygon", "coordinates": [[[73.365288, 22.612873], [73.362876, 22.621873], [73.356288, 22.628461], [73.347288, 22.630873], [73.338288, 22.628461], [73.3317, 22.621873], [73.329288, 22.612873], [73.3317, 22.603873], [73.338288, 22.597285], [73.347288, 22.594873], [73.356288, 22.597285], [73.362876, 22.603873], [73.365288, 22.612873]]]}, "properties": {"village_name": "Narpura", "subdistrict": "Savli", "village_code": 519749, "composite_risk_score": 0.656, "flood_hazard_score": 0.467, "erosion_risk": 0.98, "cloudburst_probability": 0.95, "landslide_susceptibility": 0.637, "total_population": 624, "latitude": 22.612873, "longitude": 73.347288, "colour": "#f97316", "tier": "Tier 2 - Relocate"}}, {"type": "Feature", "geometry": {"type": "Polygon", "coordinates": [[[73.308607, 22.610941], [73.306195, 22.619941], [73.299607, 22.626529], [73.290607, 22.628941], [73.281607, 22.626529], [73.275019, 22.619941], [73.272607, 22.610941], [73.275019, 22.601941], [73.281607, 22.595353], [73.290607, 22.592941], [73.299607, 22.595353], [73.306195, 22.601941], [73.308607, 22.610941]]]}, "properties": {"village_name": "Samantpura", "subdistrict": "Savli", "village_code": 519752, "composite_risk_score": 0.453, "flood_hazard_score": 0.514, "erosion_risk": 0.98, "cloudburst_probability": 0.938, "landslide_susceptibility": 0.612, "total_population": 30, "latitude": 22.610941, "longitude": 73.290607, "colour": "#eab308", "tier": "Tier 3 - Mitigate"}}, {"type": "Feature", "geometry": {"type": "Polygon", "coordinates": [[[73.230801, 22.603019], [73.228389, 22.612019], [73.221801, 22.618607], [73.212801, 22.621019], [73.203801, 22.618607], [73.197213, 22.612019], [73.194801, 22.603019], [73.197213, 22.594019], [73.203801, 22.587431], [73.212801, 22.585019], [73.221801, 22.587431], [73.228389, 22.594019], [73.230801, 22.603019]]]}, "properties": {"village_name": "Rupankui", "subdistrict": "Savli", "village_code": 519757, "composite_risk_score": 0.463, "flood_hazard_score": 0.443, "erosion_risk": 0.98, "cloudburst_probability": 0.89, "landslide_susceptibility": 0.573, "total_population": 1963, "latitude": 22.603019, "longitude": 73.212801, "colour": "#eab308", "tier": "Tier 3 - Mitigate"}}, {"type": "Feature", "geometry": {"type": "Polygon", "coordinates": [[[73.268407, 22.606542], [73.265995, 22.615542], [73.259407, 22.62213], [73.250407, 22.624542], [73.241407, 22.62213], [73.234819, 22.615542], [73.232407, 22.606542], [73.234819, 22.597542], [73.241407, 22.590954], [73.250407, 22.588542], [73.259407, 22.590954], [73.265995, 22.597542], [73.268407, 22.606542]]]}, "properties": {"village_name": "Rasawadi", "subdistrict": "Savli", "village_code": 519755, "composite_risk_score": 0.429, "flood_hazard_score": 0.415, "erosion_risk": 0.98, "cloudburst_probability": 0.908, "landslide_susceptibility": 0.582, "total_population": 1152, "latitude": 22.606542, "longitude": 73.250407, "colour": "#eab308", "tier": "Tier 3 - Mitigate"}}, {"type": "Feature", "geometry": {"type": "Polygon", "coordinates": [[[73.299439, 22.602837], [73.297027, 22.611837], [73.290439, 22.618425], [73.281439, 22.620837], [73.272439, 22.618425], [73.265851, 22.611837], [73.263439, 22.602837], [73.265851, 22.593837], [73.272439, 22.587249], [73.281439, 22.584837], [73.290439, 22.587249], [73.297027, 22.593837], [73.299439, 22.602837]]]}, "properties": {"village_name": "Gangadiyapura", "subdistrict": "Savli", "village_code": 519753, "composite_risk_score": 0.501, "flood_hazard_score": 0.506, "erosion_risk": 0.98, "cloudburst_probability": 0.898, "landslide_susceptibility": 0.582, "total_population": 416, "latitude": 22.602837, "longitude": 73.281439, "colour": "#eab308", "tier": "Tier 3 - Mitigate"}}, {"type": "Feature", "geometry": {"type": "Polygon", "coordinates": [[[73.342299, 22.599649], [73.339887, 22.608649], [73.333299, 22.615237], [73.324299, 22.617649], [73.315299, 22.615237], [73.308711, 22.608649], [73.306299, 22.599649], [73.308711, 22.590649], [73.315299, 22.584061], [73.324299, 22.581649], [73.333299, 22.584061], [73.339887, 22.590649], [73.342299, 22.599649]]]}, "properties": {"village_name": "Dungrapura", "subdistrict": "Savli", "village_code": 519760, "composite_risk_score": 0.547, "flood_hazard_score": 0.526, "erosion_risk": 0.98, "cloudburst_probability": 0.922, "landslide_susceptibility": 0.593, "total_population": 358, "latitude": 22.599649, "longitude": 73.324299, "colour": "#eab308", "tier": "Tier 3 - Mitigate"}}, {"type": "Feature", "geometry": {"type": "Polygon", "coordinates": [[[73.217142, 22.596876], [73.21473, 22.605876], [73.208142, 22.612464], [73.199142, 22.614876], [73.190142, 22.612464], [73.183554, 22.605876], [73.181142, 22.596876], [73.183554, 22.587876], [73.190142, 22.581288], [73.199142, 22.578876], [73.208142, 22.581288], [73.21473, 22.587876], [73.217142, 22.596876]]]}, "properties": {"village_name": "Kanoda", "subdistrict": "Savli", "village_code": 519758, "composite_risk_score": 0.588, "flood_hazard_score": 0.516, "erosion_risk": 0.98, "cloudburst_probability": 0.878, "landslide_susceptibility": 0.571, "total_population": 4854, "latitude": 22.596876, "longitude": 73.199142, "colour": "#eab308", "tier": "Tier 3 - Mitigate"}}, {"type": "Feature", "geometry": {"type": "Polygon", "coordinates": [[[73.250122, 22.594845], [73.24771, 22.603845], [73.241122, 22.610433], [73.232122, 22.612845], [73.223122, 22.610433], [73.216534, 22.603845], [73.214122, 22.594845], [73.216534, 22.585845], [73.223122, 22.579257], [73.232122, 22.576845], [73.241122, 22.579257], [73.24771, 22.585845], [73.250122, 22.594845]]]}, "properties": {"village_name": "Rasulpur", "subdistrict": "Savli", "village_code": 519759, "composite_risk_score": 0.533, "flood_hazard_score": 0.426, "erosion_risk": 0.98, "cloudburst_probability": 0.874, "landslide_susceptibility": 0.563, "total_population": 1466, "latitude": 22.594845, "longitude": 73.232122, "colour": "#eab308", "tier": "Tier 3 - Mitigate"}}, {"type": "Feature", "geometry": {"type": "Polygon", "coordinates": [[[73.327628, 22.584223], [73.325216, 22.593223], [73.318628, 22.599811], [73.309628, 22.602223], [73.300628, 22.599811], [73.29404, 22.593223], [73.291628, 22.584223], [73.29404, 22.575223], [73.300628, 22.568635], [73.309628, 22.566223], [73.318628, 22.568635], [73.325216, 22.575223], [73.327628, 22.584223]]]}, "properties": {"village_name": "Vasanpura", "subdistrict": "Savli", "village_code": 519763, "composite_risk_score": 0.385, "flood_hazard_score": 0.379, "erosion_risk": 0.98, "cloudburst_probability": 0.918, "landslide_susceptibility": 0.591, "total_population": 920, "latitude": 22.584223, "longitude": 73.309628, "colour": "#22c55e", "tier": "Tier 4 - Monitor"}}, {"type": "Feature", "geometry": {"type": "Polygon", "coordinates": [[[73.198915, 22.583638], [73.196503, 22.592638], [73.189915, 22.599226], [73.180915, 22.601638], [73.171915, 22.599226], [73.165327, 22.592638], [73.162915, 22.583638], [73.165327, 22.574638], [73.171915, 22.56805], [73.180915, 22.565638], [73.189915, 22.56805], [73.196503, 22.574638], [73.198915, 22.583638]]]}, "properties": {"village_name": "Poicha Kanoda", "subdistrict": "Savli", "village_code": 519766, "composite_risk_score": 0.537, "flood_hazard_score": 0.453, "erosion_risk": 0.98, "cloudburst_probability": 0.881, "landslide_susceptibility": 0.573, "total_population": 5020, "latitude": 22.583638, "longitude": 73.180915, "colour": "#eab308", "tier": "Tier 3 - Mitigate"}}, {"type": "Feature", "geometry": {"type": "Polygon", "coordinates": [[[73.28241, 22.578348], [73.279998, 22.587348], [73.27341, 22.593936], [73.26441, 22.596348], [73.25541, 22.593936], [73.248822, 22.587348], [73.24641, 22.578348], [73.248822, 22.569348], [73.25541, 22.56276], [73.26441, 22.560348], [73.27341, 22.56276], [73.279998, 22.569348], [73.28241, 22.578348]]]}, "properties": {"village_name": "Muval", "subdistrict": "Savli", "village_code": 519764, "composite_risk_score": 0.447, "flood_hazard_score": 0.752, "erosion_risk": 0.035, "cloudburst_probability": 0.388, "landslide_susceptibility": 0.286, "total_population": 1873, "latitude": 22.578348, "longitude": 73.26441, "colour": "#eab308", "tier": "Tier 3 - Mitigate"}}, {"type": "Feature", "geometry": {"type": "Polygon", "coordinates": [[[73.381504, 22.567101], [73.379092, 22.576101], [73.372504, 22.582689], [73.363504, 22.585101], [73.354504, 22.582689], [73.347916, 22.576101], [73.345504, 22.567101], [73.347916, 22.558101], [73.354504, 22.551513], [73.363504, 22.549101], [73.372504, 22.551513], [73.379092, 22.558101], [73.381504, 22.567101]]]}, "properties": {"village_name": "Tulsipura", "subdistrict": "Savli", "village_code": 519761, "composite_risk_score": 0.578, "flood_hazard_score": 0.401, "erosion_risk": 0.98, "cloudburst_probability": 0.934, "landslide_susceptibility": 0.603, "total_population": 1344, "latitude": 22.567101, "longitude": 73.363504, "colour": "#eab308", "tier": "Tier 3 - Mitigate"}}, {"type": "Feature", "geometry": {"type": "Polygon", "coordinates": [[[73.357106, 22.574665], [73.354694, 22.583665], [73.348106, 22.590253], [73.339106, 22.592665], [73.330106, 22.590253], [73.323518, 22.583665], [73.321106, 22.574665], [73.323518, 22.565665], [73.330106, 22.559077], [73.339106, 22.556665], [73.348106, 22.559077], [73.354694, 22.565665], [73.357106, 22.574665]]]}, "properties": {"village_name": "Kamalpura", "subdistrict": "Savli", "village_code": 519762, "composite_risk_score": 0.589, "flood_hazard_score": 0.402, "erosion_risk": 0.98, "cloudburst_probability": 0.898, "landslide_susceptibility": 0.583, "total_population": 607, "latitude": 22.574665, "longitude": 73.339106, "colour": "#eab308", "tier": "Tier 3 - Mitigate"}}, {"type": "Feature", "geometry": {"type": "Polygon", "coordinates": [[[73.199615, 22.571804], [73.197203, 22.580804], [73.190615, 22.587392], [73.181615, 22.589804], [73.172615, 22.587392], [73.166027, 22.580804], [73.163615, 22.571804], [73.166027, 22.562804], [73.172615, 22.556216], [73.181615, 22.553804], [73.190615, 22.556216], [73.197203, 22.562804], [73.199615, 22.571804]]]}, "properties": {"village_name": "Mevaliapura", "subdistrict": "Savli", "village_code": 519767, "composite_risk_score": 0.612, "flood_hazard_score": 0.405, "erosion_risk": 0.98, "cloudburst_probability": 0.917, "landslide_susceptibility": 0.593, "total_population": 1130, "latitude": 22.571804, "longitude": 73.181615, "colour": "#f97316", "tier": "Tier 2 - Relocate"}}, {"type": "Feature", "geometry": {"type": "Polygon", "coordinates": [[[73.214341, 22.567424], [73.211929, 22.576424], [73.205341, 22.583012], [73.196341, 22.585424], [73.187341, 22.583012], [73.180753, 22.576424], [73.178341, 22.567424], [73.180753, 22.558424], [73.187341, 22.551836], [73.196341, 22.549424], [73.205341, 22.551836], [73.211929, 22.558424], [73.214341, 22.567424]]]}, "properties": {"village_name": "Sardarpura", "subdistrict": "Savli", "village_code": 519765, "composite_risk_score": 0.579, "flood_hazard_score": 0.345, "erosion_risk": 0.98, "cloudburst_probability": 0.935, "landslide_susceptibility": 0.605, "total_population": 526, "latitude": 22.567424, "longitude": 73.196341, "colour": "#eab308", "tier": "Tier 3 - Mitigate"}}, {"type": "Feature", "geometry": {"type": "Polygon", "coordinates": [[[73.334037, 22.548218], [73.331625, 22.557218], [73.325037, 22.563806], [73.316037, 22.566218], [73.307037, 22.563806], [73.300449, 22.557218], [73.298037, 22.548218], [73.300449, 22.539218], [73.307037, 22.53263], [73.316037, 22.530218], [73.325037, 22.53263], [73.331625, 22.539218], [73.334037, 22.548218]]]}, "properties": {"village_name": "Moti Bhadol", "subdistrict": "Savli", "village_code": 519771, "composite_risk_score": 0.519, "flood_hazard_score": 0.452, "erosion_risk": 0.98, "cloudburst_probability": 0.896, "landslide_susceptibility": 0.582, "total_population": 1557, "latitude": 22.548218, "longitude": 73.316037, "colour": "#eab308", "tier": "Tier 3 - Mitigate"}}, {"type": "Feature", "geometry": {"type": "Polygon", "coordinates": [[[73.319134, 22.561883], [73.316722, 22.570883], [73.310134, 22.577471], [73.301134, 22.579883], [73.292134, 22.577471], [73.285546, 22.570883], [73.283134, 22.561883], [73.285546, 22.552883], [73.292134, 22.546295], [73.301134, 22.543883], [73.310134, 22.546295], [73.316722, 22.552883], [73.319134, 22.561883]]]}, "properties": {"village_name": "Charanpura", "subdistrict": "Savli", "village_code": 519770, "composite_risk_score": 0.43, "flood_hazard_score": 0.311, "erosion_risk": 0.98, "cloudburst_probability": 0.934, "landslide_susceptibility": 0.604, "total_population": 930, "latitude": 22.561883, "longitude": 73.301134, "colour": "#eab308", "tier": "Tier 3 - Mitigate"}}, {"type": "Feature", "geometry": {"type": "Polygon", "coordinates": [[[73.272503, 22.552921], [73.270091, 22.561921], [73.263503, 22.568509], [73.254503, 22.570921], [73.245503, 22.568509], [73.238915, 22.561921], [73.236503, 22.552921], [73.238915, 22.543921], [73.245503, 22.537333], [73.254503, 22.534921], [73.263503, 22.537333], [73.270091, 22.543921], [73.272503, 22.552921]]]}, "properties": {"village_name": "Javla", "subdistrict": "Savli", "village_code": 519769, "composite_risk_score": 0.421, "flood_hazard_score": 0.422, "erosion_risk": 0.98, "cloudburst_probability": 0.939, "landslide_susceptibility": 0.614, "total_population": 781, "latitude": 22.552921, "longitude": 73.254503, "colour": "#eab308", "tier": "Tier 3 - Mitigate"}}, {"type": "Feature", "geometry": {"type": "Polygon", "coordinates": [[[73.357853, 22.55089], [73.355441, 22.55989], [73.348853, 22.566478], [73.339853, 22.56889], [73.330853, 22.566478], [73.324265, 22.55989], [73.321853, 22.55089], [73.324265, 22.54189], [73.330853, 22.535302], [73.339853, 22.53289], [73.348853, 22.535302], [73.355441, 22.54189], [73.357853, 22.55089]]]}, "properties": {"village_name": "Vadiya K", "subdistrict": "Savli", "village_code": 519772, "composite_risk_score": 0.491, "flood_hazard_score": 0.467, "erosion_risk": 0.98, "cloudburst_probability": 0.917, "landslide_susceptibility": 0.592, "total_population": 1396, "latitude": 22.55089, "longitude": 73.339853, "colour": "#eab308", "tier": "Tier 3 - Mitigate"}}, {"type": "Feature", "geometry": {"type": "Polygon", "coordinates": [[[73.242501, 22.535905], [73.240089, 22.544905], [73.233501, 22.551493], [73.224501, 22.553905], [73.215501, 22.551493], [73.208913, 22.544905], [73.206501, 22.535905], [73.208913, 22.526905], [73.215501, 22.520317], [73.224501, 22.517905], [73.233501, 22.520317], [73.240089, 22.526905], [73.242501, 22.535905]]]}, "properties": {"village_name": "Gothada", "subdistrict": "Savli", "village_code": 519784, "composite_risk_score": 0.5, "flood_hazard_score": 0.49, "erosion_risk": 0.98, "cloudburst_probability": 0.864, "landslide_susceptibility": 0.561, "total_population": 9347, "latitude": 22.535905, "longitude": 73.224501, "colour": "#eab308", "tier": "Tier 3 - Mitigate"}}, {"type": "Feature", "geometry": {"type": "Polygon", "coordinates": [[[73.308402, 22.546389], [73.30599, 22.555389], [73.299402, 22.561977], [73.290402, 22.564389], [73.281402, 22.561977], [73.274814, 22.555389], [73.272402, 22.546389], [73.274814, 22.537389], [73.281402, 22.530801], [73.290402, 22.528389], [73.299402, 22.530801], [73.30599, 22.537389], [73.308402, 22.546389]]]}, "properties": {"village_name": "Sherpura", "subdistrict": "Savli", "village_code": 519782, "composite_risk_score": 0.398, "flood_hazard_score": 0.359, "erosion_risk": 0.98, "cloudburst_probability": 0.937, "landslide_susceptibility": 0.605, "total_population": 1461, "latitude": 22.546389, "longitude": 73.290402, "colour": "#22c55e", "tier": "Tier 4 - Monitor"}}, {"type": "Feature", "geometry": {"type": "Polygon", "coordinates": [[[73.376528, 22.546901], [73.374116, 22.555901], [73.367528, 22.562489], [73.358528, 22.564901], [73.349528, 22.562489], [73.34294, 22.555901], [73.340528, 22.546901], [73.34294, 22.537901], [73.349528, 22.531313], [73.358528, 22.528901], [73.367528, 22.531313], [73.374116, 22.537901], [73.376528, 22.546901]]]}, "properties": {"village_name": "Mal Ankaliya", "subdistrict": "Savli", "village_code": 519773, "composite_risk_score": 0.4, "flood_hazard_score": 0.391, "erosion_risk": 0.98, "cloudburst_probability": 0.865, "landslide_susceptibility": 0.561, "total_population": 1007, "latitude": 22.546901, "longitude": 73.358528, "colour": "#eab308", "tier": "Tier 3 - Mitigate"}}, {"type": "Feature", "geometry": {"type": "Polygon", "coordinates": [[[73.407336, 22.539939], [73.404924, 22.548939], [73.398336, 22.555527], [73.389336, 22.557939], [73.380336, 22.555527], [73.373748, 22.548939], [73.371336, 22.539939], [73.373748, 22.530939], [73.380336, 22.524351], [73.389336, 22.521939], [73.398336, 22.524351], [73.404924, 22.530939], [73.407336, 22.539939]]]}, "properties": {"village_name": "Kambola", "subdistrict": "Savli", "village_code": 519774, "composite_risk_score": 0.511, "flood_hazard_score": 0.351, "erosion_risk": 0.98, "cloudburst_probability": 0.855, "landslide_susceptibility": 0.551, "total_population": 985, "latitude": 22.539939, "longitude": 73.389336, "colour": "#eab308", "tier": "Tier 3 - Mitigate"}}, {"type": "Feature", "geometry": {"type": "Polygon", "coordinates": [[[73.360841, 22.52818], [73.358429, 22.53718], [73.351841, 22.543768], [73.342841, 22.54618], [73.333841, 22.543768], [73.327253, 22.53718], [73.324841, 22.52818], [73.327253, 22.51918], [73.333841, 22.512592], [73.342841, 22.51018], [73.351841, 22.512592], [73.358429, 22.51918], [73.360841, 22.52818]]]}, "properties": {"village_name": "Ranipura Samlaya", "subdistrict": "Savli", "village_code": 519779, "composite_risk_score": 0.585, "flood_hazard_score": 0.48, "erosion_risk": 0.98, "cloudburst_probability": 0.916, "landslide_susceptibility": 0.592, "total_population": 2038, "latitude": 22.52818, "longitude": 73.342841, "colour": "#eab308", "tier": "Tier 3 - Mitigate"}}, {"type": "Feature", "geometry": {"type": "Polygon", "coordinates": [[[73.335746, 22.522203], [73.333334, 22.531203], [73.326746, 22.537791], [73.317746, 22.540203], [73.308746, 22.537791], [73.302158, 22.531203], [73.299746, 22.522203], [73.302158, 22.513203], [73.308746, 22.506615], [73.317746, 22.504203], [73.326746, 22.506615], [73.333334, 22.513203], [73.335746, 22.522203]]]}, "properties": {"village_name": "Nani Bhadol", "subdistrict": "Savli", "village_code": 519780, "composite_risk_score": 0.541, "flood_hazard_score": 0.5, "erosion_risk": 0.98, "cloudburst_probability": 0.892, "landslide_susceptibility": 0.582, "total_population": 1465, "latitude": 22.522203, "longitude": 73.317746, "colour": "#eab308", "tier": "Tier 3 - Mitigate"}}, {"type": "Feature", "geometry": {"type": "Polygon", "coordinates": [[[73.281858, 22.526843], [73.279446, 22.535843], [73.272858, 22.542431], [73.263858, 22.544843], [73.254858, 22.542431], [73.24827, 22.535843], [73.245858, 22.526843], [73.24827, 22.517843], [73.254858, 22.511255], [73.263858, 22.508843], [73.272858, 22.511255], [73.279446, 22.517843], [73.281858, 22.526843]]]}, "properties": {"village_name": "Karachiya", "subdistrict": "Savli", "village_code": 519783, "composite_risk_score": 0.492, "flood_hazard_score": 0.526, "erosion_risk": 0.98, "cloudburst_probability": 0.898, "landslide_susceptibility": 0.593, "total_population": 1387, "latitude": 22.526843, "longitude": 73.263858, "colour": "#eab308", "tier": "Tier 3 - Mitigate"}}, {"type": "Feature", "geometry": {"type": "Polygon", "coordinates": [[[73.308581, 22.523995], [73.306169, 22.532995], [73.299581, 22.539583], [73.290581, 22.541995], [73.281581, 22.539583], [73.274993, 22.532995], [73.272581, 22.523995], [73.274993, 22.514995], [73.281581, 22.508407], [73.290581, 22.505995], [73.299581, 22.508407], [73.306169, 22.514995], [73.308581, 22.523995]]]}, "properties": {"village_name": "Samlaya", "subdistrict": "Savli", "village_code": 519781, "composite_risk_score": 0.534, "flood_hazard_score": 0.507, "erosion_risk": 0.98, "cloudburst_probability": 0.917, "landslide_susceptibility": 0.592, "total_population": 2232, "latitude": 22.523995, "longitude": 73.290581, "colour": "#eab308", "tier": "Tier 3 - Mitigate"}}, {"type": "Feature", "geometry": {"type": "Polygon", "coordinates": [[[73.201961, 22.532442], [73.199549, 22.541442], [73.192961, 22.54803], [73.183961, 22.550442], [73.174961, 22.54803], [73.168373, 22.541442], [73.165961, 22.532442], [73.168373, 22.523442], [73.174961, 22.516854], [73.183961, 22.514442], [73.192961, 22.516854], [73.199549, 22.523442], [73.201961, 22.532442]]]}, "properties": {"village_name": "Ranchhodpura", "subdistrict": "Savli", "village_code": 519785, "composite_risk_score": 0.624, "flood_hazard_score": 0.448, "erosion_risk": 0.98, "cloudburst_probability": 0.942, "landslide_susceptibility": 0.604, "total_population": 1569, "latitude": 22.532442, "longitude": 73.183961, "colour": "#f97316", "tier": "Tier 2 - Relocate"}}, {"type": "Feature", "geometry": {"type": "Polygon", "coordinates": [[[73.415671, 22.50827], [73.413259, 22.51727], [73.406671, 22.523858], [73.397671, 22.52627], [73.388671, 22.523858], [73.382083, 22.51727], [73.379671, 22.50827], [73.382083, 22.49927], [73.388671, 22.492682], [73.397671, 22.49027], [73.406671, 22.492682], [73.413259, 22.49927], [73.415671, 22.50827]]]}, "properties": {"village_name": "Mudhela", "subdistrict": "Savli", "village_code": 519777, "composite_risk_score": 0.577, "flood_hazard_score": 0.491, "erosion_risk": 0.98, "cloudburst_probability": 0.933, "landslide_susceptibility": 0.605, "total_population": 734, "latitude": 22.50827, "longitude": 73.397671, "colour": "#eab308", "tier": "Tier 3 - Mitigate"}}, {"type": "Feature", "geometry": {"type": "Polygon", "coordinates": [[[73.395275, 22.517542], [73.392863, 22.526542], [73.386275, 22.53313], [73.377275, 22.535542], [73.368275, 22.53313], [73.361687, 22.526542], [73.359275, 22.517542], [73.361687, 22.508542], [73.368275, 22.501954], [73.377275, 22.499542], [73.386275, 22.501954], [73.392863, 22.508542], [73.395275, 22.517542]]]}, "properties": {"village_name": "Ghantiyal", "subdistrict": "Savli", "village_code": 519778, "composite_risk_score": 0.583, "flood_hazard_score": 0.509, "erosion_risk": 0.98, "cloudburst_probability": 0.937, "landslide_susceptibility": 0.604, "total_population": 1385, "latitude": 22.517542, "longitude": 73.377275, "colour": "#eab308", "tier": "Tier 3 - Mitigate"}}, {"type": "Feature", "geometry": {"type": "Polygon", "coordinates": [[[73.231664, 22.511578], [73.229252, 22.520578], [73.222664, 22.527166], [73.213664, 22.529578], [73.204664, 22.527166], [73.198076, 22.520578], [73.195664, 22.511578], [73.198076, 22.502578], [73.204664, 22.49599], [73.213664, 22.493578], [73.222664, 22.49599], [73.229252, 22.502578], [73.231664, 22.511578]]]}, "properties": {"village_name": "Bautha", "subdistrict": "Savli", "village_code": 519796, "composite_risk_score": 0.558, "flood_hazard_score": 0.531, "erosion_risk": 0.98, "cloudburst_probability": 0.881, "landslide_susceptibility": 0.573, "total_population": 1541, "latitude": 22.511578, "longitude": 73.213664, "colour": "#eab308", "tier": "Tier 3 - Mitigate"}}, {"type": "Feature", "geometry": {"type": "Polygon", "coordinates": [[[73.273812, 22.501273], [73.2714, 22.510273], [73.264812, 22.516861], [73.255812, 22.519273], [73.246812, 22.516861], [73.240224, 22.510273], [73.237812, 22.501273], [73.240224, 22.492273], [73.246812, 22.485685], [73.255812, 22.483273], [73.264812, 22.485685], [73.2714, 22.492273], [73.273812, 22.501273]]]}, "properties": {"village_name": "Pasva", "subdistrict": "Savli", "village_code": 519798, "composite_risk_score": 0.591, "flood_hazard_score": 0.529, "erosion_risk": 0.98, "cloudburst_probability": 0.881, "landslide_susceptibility": 0.574, "total_population": 1155, "latitude": 22.501273, "longitude": 73.255812, "colour": "#eab308", "tier": "Tier 3 - Mitigate"}}, {"type": "Feature", "geometry": {"type": "Polygon", "coordinates": [[[73.291909, 22.504195], [73.289497, 22.513195], [73.282909, 22.519783], [73.273909, 22.522195], [73.264909, 22.519783], [73.258321, 22.513195], [73.255909, 22.504195], [73.258321, 22.495195], [73.264909, 22.488607], [73.273909, 22.486195], [73.282909, 22.488607], [73.289497, 22.495195], [73.291909, 22.504195]]]}, "properties": {"village_name": "Mota Motipura", "subdistrict": "Savli", "village_code": 519799, "composite_risk_score": 0.44, "flood_hazard_score": 0.511, "erosion_risk": 0.98, "cloudburst_probability": 0.889, "landslide_susceptibility": 0.583, "total_population": 312, "latitude": 22.504195, "longitude": 73.273909, "colour": "#eab308", "tier": "Tier 3 - Mitigate"}}, {"type": "Feature", "geometry": {"type": "Polygon", "coordinates": [[[73.37837, 22.504372], [73.375958, 22.513372], [73.36937, 22.51996], [73.36037, 22.522372], [73.35137, 22.51996], [73.344782, 22.513372], [73.34237, 22.504372], [73.344782, 22.495372], [73.35137, 22.488784], [73.36037, 22.486372], [73.36937, 22.488784], [73.375958, 22.495372], [73.37837, 22.504372]]]}, "properties": {"village_name": "Lotna", "subdistrict": "Savli", "village_code": 519802, "composite_risk_score": 0.625, "flood_hazard_score": 0.477, "erosion_risk": 0.98, "cloudburst_probability": 0.933, "landslide_susceptibility": 0.602, "total_population": 1669, "latitude": 22.504372, "longitude": 73.36037, "colour": "#f97316", "tier": "Tier 2 - Relocate"}}, {"type": "Feature", "geometry": {"type": "Polygon", "coordinates": [[[73.35513, 22.505454], [73.352718, 22.514454], [73.34613, 22.521042], [73.33713, 22.523454], [73.32813, 22.521042], [73.321542, 22.514454], [73.31913, 22.505454], [73.321542, 22.496454], [73.32813, 22.489866], [73.33713, 22.487454], [73.34613, 22.489866], [73.352718, 22.496454], [73.35513, 22.505454]]]}, "properties": {"village_name": "Gangadiya", "subdistrict": "Savli", "village_code": 519801, "composite_risk_score": 0.528, "flood_hazard_score": 0.349, "erosion_risk": 0.98, "cloudburst_probability": 0.95, "landslide_susceptibility": 0.614, "total_population": 2265, "latitude": 22.505454, "longitude": 73.33713, "colour": "#eab308", "tier": "Tier 3 - Mitigate"}}, {"type": "Feature", "geometry": {"type": "Polygon", "coordinates": [[[73.311923, 22.499167], [73.309511, 22.508167], [73.302923, 22.514755], [73.293923, 22.517167], [73.284923, 22.514755], [73.278335, 22.508167], [73.275923, 22.499167], [73.278335, 22.490167], [73.284923, 22.483579], [73.293923, 22.481167], [73.302923, 22.483579], [73.309511, 22.490167], [73.311923, 22.499167]]]}, "properties": {"village_name": "Pratapnagar", "subdistrict": "Savli", "village_code": 519800, "composite_risk_score": 0.419, "flood_hazard_score": 0.458, "erosion_risk": 0.98, "cloudburst_probability": 0.912, "landslide_susceptibility": 0.594, "total_population": 1488, "latitude": 22.499167, "longitude": 73.293923, "colour": "#eab308", "tier": "Tier 3 - Mitigate"}}, {"type": "Feature", "geometry": {"type": "Polygon", "coordinates": [[[73.337058, 22.486995], [73.334646, 22.495995], [73.328058, 22.502583], [73.319058, 22.504995], [73.310058, 22.502583], [73.30347, 22.495995], [73.301058, 22.486995], [73.30347, 22.477995], [73.310058, 22.471407], [73.319058, 22.468995], [73.328058, 22.471407], [73.334646, 22.477995], [73.337058, 22.486995]]]}, "properties": {"village_name": "Vadadala", "subdistrict": "Savli", "village_code": 519805, "composite_risk_score": 0.521, "flood_hazard_score": 0.513, "erosion_risk": 0.98, "cloudburst_probability": 0.885, "landslide_susceptibility": 0.571, "total_population": 966, "latitude": 22.486995, "longitude": 73.319058, "colour": "#eab308", "tier": "Tier 3 - Mitigate"}}, {"type": "Feature", "geometry": {"type": "Polygon", "coordinates": [[[73.250756, 22.501698], [73.248344, 22.510698], [73.241756, 22.517286], [73.232756, 22.519698], [73.223756, 22.517286], [73.217168, 22.510698], [73.214756, 22.501698], [73.217168, 22.492698], [73.223756, 22.48611], [73.232756, 22.483698], [73.241756, 22.48611], [73.248344, 22.492698], [73.250756, 22.501698]]]}, "properties": {"village_name": "Lasundra", "subdistrict": "Savli", "village_code": 519797, "composite_risk_score": 0.559, "flood_hazard_score": 0.53, "erosion_risk": 0.98, "cloudburst_probability": 0.886, "landslide_susceptibility": 0.573, "total_population": 1261, "latitude": 22.501698, "longitude": 73.232756, "colour": "#eab308", "tier": "Tier 3 - Mitigate"}}, {"type": "Feature", "geometry": {"type": "Polygon", "coordinates": [[[73.395151, 22.501871], [73.392739, 22.510871], [73.386151, 22.517459], [73.377151, 22.519871], [73.368151, 22.517459], [73.361563, 22.510871], [73.359151, 22.501871], [73.361563, 22.492871], [73.368151, 22.486283], [73.377151, 22.483871], [73.386151, 22.486283], [73.392739, 22.492871], [73.395151, 22.501871]]]}, "properties": {"village_name": "Sadra", "subdistrict": "Savli", "village_code": 519803, "composite_risk_score": 0.575, "flood_hazard_score": 0.52, "erosion_risk": 0.98, "cloudburst_probability": 0.95, "landslide_susceptibility": 0.625, "total_population": 649, "latitude": 22.501871, "longitude": 73.377151, "colour": "#eab308", "tier": "Tier 3 - Mitigate"}}, {"type": "Feature", "geometry": {"type": "Polygon", "coordinates": [[[73.21998, 22.482954], [73.217568, 22.491954], [73.21098, 22.498542], [73.20198, 22.500954], [73.19298, 22.498542], [73.186392, 22.491954], [73.18398, 22.482954], [73.186392, 22.473954], [73.19298, 22.467366], [73.20198, 22.464954], [73.21098, 22.467366], [73.217568, 22.473954], [73.21998, 22.482954]]]}, "properties": {"village_name": "Tundav", "subdistrict": "Savli", "village_code": 519809, "composite_risk_score": 0.512, "flood_hazard_score": 0.509, "erosion_risk": 0.98, "cloudburst_probability": 0.869, "landslide_susceptibility": 0.567, "total_population": 6102, "latitude": 22.482954, "longitude": 73.20198, "colour": "#eab308", "tier": "Tier 3 - Mitigate"}}, {"type": "Feature", "geometry": {"type": "Polygon", "coordinates": [[[73.371783, 22.483591], [73.369371, 22.492591], [73.362783, 22.499179], [73.353783, 22.501591], [73.344783, 22.499179], [73.338195, 22.492591], [73.335783, 22.483591], [73.338195, 22.474591], [73.344783, 22.468003], [73.353783, 22.465591], [73.362783, 22.468003], [73.369371, 22.474591], [73.371783, 22.483591]]]}, "properties": {"village_name": "Adalwada", "subdistrict": "Savli", "village_code": 519804, "composite_risk_score": 0.431, "flood_hazard_score": 0.492, "erosion_risk": 0.98, "cloudburst_probability": 0.881, "landslide_susceptibility": 0.572, "total_population": 672, "latitude": 22.483591, "longitude": 73.353783, "colour": "#eab308", "tier": "Tier 3 - Mitigate"}}, {"type": "Feature", "geometry": {"type": "Polygon", "coordinates": [[[73.262201, 22.48513], [73.259789, 22.49413], [73.253201, 22.500718], [73.244201, 22.50313], [73.235201, 22.500718], [73.228613, 22.49413], [73.226201, 22.48513], [73.228613, 22.47613], [73.235201, 22.469542], [73.244201, 22.46713], [73.253201, 22.469542], [73.259789, 22.47613], [73.262201, 22.48513]]]}, "properties": {"village_name": "Subhelav", "subdistrict": "Savli", "village_code": 519807, "composite_risk_score": 0.634, "flood_hazard_score": 0.502, "erosion_risk": 0.98, "cloudburst_probability": 0.875, "landslide_susceptibility": 0.573, "total_population": 590, "latitude": 22.48513, "longitude": 73.244201, "colour": "#f97316", "tier": "Tier 2 - Relocate"}}, {"type": "Feature", "geometry": {"type": "Polygon", "coordinates": [[[73.24266, 22.480526], [73.240248, 22.489526], [73.23366, 22.496114], [73.22466, 22.498526], [73.21566, 22.496114], [73.209072, 22.489526], [73.20666, 22.480526], [73.209072, 22.471526], [73.21566, 22.464938], [73.22466, 22.462526], [73.23366, 22.464938], [73.240248, 22.471526], [73.24266, 22.480526]]]}, "properties": {"village_name": "Paldi", "subdistrict": "Savli", "village_code": 519808, "composite_risk_score": 0.485, "flood_hazard_score": 0.479, "erosion_risk": 0.98, "cloudburst_probability": 0.898, "landslide_susceptibility": 0.592, "total_population": 749, "latitude": 22.480526, "longitude": 73.22466, "colour": "#eab308", "tier": "Tier 3 - Mitigate"}}, {"type": "Feature", "geometry": {"type": "Polygon", "coordinates": [[[73.353342, 22.46833], [73.35093, 22.47733], [73.344342, 22.483918], [73.335342, 22.48633], [73.326342, 22.483918], [73.319754, 22.47733], [73.317342, 22.46833], [73.319754, 22.45933], [73.326342, 22.452742], [73.335342, 22.45033], [73.344342, 22.452742], [73.35093, 22.45933], [73.353342, 22.46833]]]}, "properties": {"village_name": "Dhanora", "subdistrict": "Savli", "village_code": 519822, "composite_risk_score": 0.521, "flood_hazard_score": 0.507, "erosion_risk": 0.98, "cloudburst_probability": 0.872, "landslide_susceptibility": 0.583, "total_population": 1254, "latitude": 22.46833, "longitude": 73.335342, "colour": "#eab308", "tier": "Tier 3 - Mitigate"}}, {"type": "Feature", "geometry": {"type": "Polygon", "coordinates": [[[73.27703, 22.474179], [73.274618, 22.483179], [73.26803, 22.489767], [73.25903, 22.492179], [73.25003, 22.489767], [73.243442, 22.483179], [73.24103, 22.474179], [73.243442, 22.465179], [73.25003, 22.458591], [73.25903, 22.456179], [73.26803, 22.458591], [73.274618, 22.465179], [73.27703, 22.474179]]]}, "properties": {"village_name": "Chandranagar", "subdistrict": "Savli", "village_code": 519806, "composite_risk_score": 0.479, "flood_hazard_score": 0.389, "erosion_risk": 0.98, "cloudburst_probability": 0.914, "landslide_susceptibility": 0.593, "total_population": 191, "latitude": 22.474179, "longitude": 73.25903, "colour": "#eab308", "tier": "Tier 3 - Mitigate"}}, {"type": "Feature", "geometry": {"type": "Polygon", "coordinates": [[[73.244131, 22.468742], [73.241719, 22.477742], [73.235131, 22.48433], [73.226131, 22.486742], [73.217131, 22.48433], [73.210543, 22.477742], [73.208131, 22.468742], [73.210543, 22.459742], [73.217131, 22.453154], [73.226131, 22.450742], [73.235131, 22.453154], [73.241719, 22.459742], [73.244131, 22.468742]]]}, "properties": {"village_name": "Lamdapura", "subdistrict": "Savli", "village_code": 519814, "composite_risk_score": 0.608, "flood_hazard_score": 0.43, "erosion_risk": 0.98, "cloudburst_probability": 0.894, "landslide_susceptibility": 0.582, "total_population": 880, "latitude": 22.468742, "longitude": 73.226131, "colour": "#f97316", "tier": "Tier 2 - Relocate"}}, {"type": "Feature", "geometry": {"type": "Polygon", "coordinates": [[[73.21395, 22.443886], [73.211538, 22.452886], [73.20495, 22.459474], [73.19595, 22.461886], [73.18695, 22.459474], [73.180362, 22.452886], [73.17795, 22.443886], [73.180362, 22.434886], [73.18695, 22.428298], [73.19595, 22.425886], [73.20495, 22.428298], [73.211538, 22.434886], [73.21395, 22.443886]]]}, "properties": {"village_name": "Manjusar", "subdistrict": "Savli", "village_code": 519813, "composite_risk_score": 0.504, "flood_hazard_score": 0.491, "erosion_risk": 0.98, "cloudburst_probability": 0.885, "landslide_susceptibility": 0.576, "total_population": 5001, "latitude": 22.443886, "longitude": 73.19595, "colour": "#eab308", "tier": "Tier 3 - Mitigate"}}, {"type": "Feature", "geometry": {"type": "Polygon", "coordinates": [[[73.254236, 22.453463], [73.251824, 22.462463], [73.245236, 22.469051], [73.236236, 22.471463], [73.227236, 22.469051], [73.220648, 22.462463], [73.218236, 22.453463], [73.220648, 22.444463], [73.227236, 22.437875], [73.236236, 22.435463], [73.245236, 22.437875], [73.251824, 22.444463], [73.254236, 22.453463]]]}, "properties": {"village_name": "Alindra", "subdistrict": "Savli", "village_code": 519816, "composite_risk_score": 0.58, "flood_hazard_score": 0.465, "erosion_risk": 0.98, "cloudburst_probability": 0.913, "landslide_susceptibility": 0.593, "total_population": 622, "latitude": 22.453463, "longitude": 73.236236, "colour": "#eab308", "tier": "Tier 3 - Mitigate"}}, {"type": "Feature", "geometry": {"type": "Polygon", "coordinates": [[[73.279182, 22.458132], [73.27677, 22.467132], [73.270182, 22.47372], [73.261182, 22.476132], [73.252182, 22.47372], [73.245594, 22.467132], [73.243182, 22.458132], [73.245594, 22.449132], [73.252182, 22.442544], [73.261182, 22.440132], [73.270182, 22.442544], [73.27677, 22.449132], [73.279182, 22.458132]]]}, "properties": {"village_name": "Khokhar", "subdistrict": "Savli", "village_code": 519819, "composite_risk_score": 0.549, "flood_hazard_score": 0.483, "erosion_risk": 0.98, "cloudburst_probability": 0.95, "landslide_susceptibility": 0.614, "total_population": 1108, "latitude": 22.458132, "longitude": 73.261182, "colour": "#eab308", "tier": "Tier 3 - Mitigate"}}, {"type": "Feature", "geometry": {"type": "Polygon", "coordinates": [[[73.195151, 22.456832], [73.192739, 22.465832], [73.186151, 22.47242], [73.177151, 22.474832], [73.168151, 22.47242], [73.161563, 22.465832], [73.159151, 22.456832], [73.161563, 22.447832], [73.168151, 22.441244], [73.177151, 22.438832], [73.186151, 22.441244], [73.192739, 22.447832], [73.195151, 22.456832]]]}, "properties": {"village_name": "Kunpad", "subdistrict": "Savli", "village_code": 519812, "composite_risk_score": 0.523, "flood_hazard_score": 0.546, "erosion_risk": 0.98, "cloudburst_probability": 0.944, "landslide_susceptibility": 0.609, "total_population": 2788, "latitude": 22.456832, "longitude": 73.177151, "colour": "#eab308", "tier": "Tier 3 - Mitigate"}}, {"type": "Feature", "geometry": {"type": "Polygon", "coordinates": [[[73.357935, 22.455581], [73.355523, 22.464581], [73.348935, 22.471169], [73.339935, 22.473581], [73.330935, 22.471169], [73.324347, 22.464581], [73.321935, 22.455581], [73.324347, 22.446581], [73.330935, 22.439993], [73.339935, 22.437581], [73.348935, 22.439993], [73.355523, 22.446581], [73.357935, 22.455581]]]}, "properties": {"village_name": "Haripura", "subdistrict": "Savli", "village_code": 519823, "composite_risk_score": 0.613, "flood_hazard_score": 0.533, "erosion_risk": 0.98, "cloudburst_probability": 0.877, "landslide_susceptibility": 0.572, "total_population": 741, "latitude": 22.455581, "longitude": 73.339935, "colour": "#f97316", "tier": "Tier 2 - Relocate"}}, {"type": "Feature", "geometry": {"type": "Polygon", "coordinates": [[[73.331987, 22.452432], [73.329575, 22.461432], [73.322987, 22.46802], [73.313987, 22.470432], [73.304987, 22.46802], [73.298399, 22.461432], [73.295987, 22.452432], [73.298399, 22.443432], [73.304987, 22.436844], [73.313987, 22.434432], [73.322987, 22.436844], [73.329575, 22.443432], [73.331987, 22.452432]]]}, "properties": {"village_name": "Garadhiya", "subdistrict": "Savli", "village_code": 519821, "composite_risk_score": 0.55, "flood_hazard_score": 0.531, "erosion_risk": 0.98, "cloudburst_probability": 0.92, "landslide_susceptibility": 0.594, "total_population": 1719, "latitude": 22.452432, "longitude": 73.313987, "colour": "#eab308", "tier": "Tier 3 - Mitigate"}}, {"type": "Feature", "geometry": {"type": "Polygon", "coordinates": [[[73.237561, 22.450561], [73.235149, 22.459561], [73.228561, 22.466149], [73.219561, 22.468561], [73.210561, 22.466149], [73.203973, 22.459561], [73.201561, 22.450561], [73.203973, 22.441561], [73.210561, 22.434973], [73.219561, 22.432561], [73.228561, 22.434973], [73.235149, 22.441561], [73.237561, 22.450561]]]}, "properties": {"village_name": "Zumkal", "subdistrict": "Savli", "village_code": 519815, "composite_risk_score": 0.587, "flood_hazard_score": 0.498, "erosion_risk": 0.98, "cloudburst_probability": 0.895, "landslide_susceptibility": 0.583, "total_population": 271, "latitude": 22.450561, "longitude": 73.219561, "colour": "#eab308", "tier": "Tier 3 - Mitigate"}}, {"type": "Feature", "geometry": {"type": "Polygon", "coordinates": [[[73.365779, 22.665258], [73.363367, 22.674258], [73.356779, 22.680846], [73.347779, 22.683258], [73.338779, 22.680846], [73.332191, 22.674258], [73.329779, 22.665258], [73.332191, 22.656258], [73.338779, 22.64967], [73.347779, 22.647258], [73.356779, 22.64967], [73.363367, 22.656258], [73.365779, 22.665258]]]}, "properties": {"village_name": "Raipura Chhatrapura", "subdistrict": "Desar", "village_code": 519723, "composite_risk_score": 0.537, "flood_hazard_score": 0.455, "erosion_risk": 0.98, "cloudburst_probability": 0.9, "landslide_susceptibility": 0.583, "total_population": 426, "latitude": 22.665258, "longitude": 73.347779, "colour": "#eab308", "tier": "Tier 3 - Mitigate"}}, {"type": "Feature", "geometry": {"type": "Polygon", "coordinates": [[[73.311216, 22.632917], [73.308804, 22.641917], [73.302216, 22.648505], [73.293216, 22.650917], [73.284216, 22.648505], [73.277628, 22.641917], [73.275216, 22.632917], [73.277628, 22.623917], [73.284216, 22.617329], [73.293216, 22.614917], [73.302216, 22.617329], [73.308804, 22.623917], [73.311216, 22.632917]]]}, "properties": {"village_name": "Gulabpura Shihora", "subdistrict": "Savli", "village_code": 519739, "composite_risk_score": 0.575, "flood_hazard_score": 0.544, "erosion_risk": 0.98, "cloudburst_probability": 0.902, "landslide_susceptibility": 0.583, "total_population": 581, "latitude": 22.632917, "longitude": 73.293216, "colour": "#eab308", "tier": "Tier 3 - Mitigate"}}, {"type": "Feature", "geometry": {"type": "Polygon", "coordinates": [[[73.311158, 22.617289], [73.308746, 22.626289], [73.302158, 22.632877], [73.293158, 22.635289], [73.284158, 22.632877], [73.27757, 22.626289], [73.275158, 22.617289], [73.27757, 22.608289], [73.284158, 22.601701], [73.293158, 22.599289], [73.302158, 22.601701], [73.308746, 22.608289], [73.311158, 22.617289]]]}, "properties": {"village_name": "Gokalpura Ganeshpura", "subdistrict": "Savli", "village_code": 519744, "composite_risk_score": 0.551, "flood_hazard_score": 0.472, "erosion_risk": 0.98, "cloudburst_probability": 0.918, "landslide_susceptibility": 0.593, "total_population": 588, "latitude": 22.617289, "longitude": 73.293158, "colour": "#eab308", "tier": "Tier 3 - Mitigate"}}, {"type": "Feature", "geometry": {"type": "Polygon", "coordinates": [[[73.288947, 22.614948], [73.286535, 22.623948], [73.279947, 22.630536], [73.270947, 22.632948], [73.261947, 22.630536], [73.255359, 22.623948], [73.252947, 22.614948], [73.255359, 22.605948], [73.261947, 22.59936], [73.270947, 22.596948], [73.279947, 22.59936], [73.286535, 22.605948], [73.288947, 22.614948]]]}, "properties": {"village_name": "Parthampura Shihora", "subdistrict": "Savli", "village_code": 519743, "composite_risk_score": 0.56, "flood_hazard_score": 0.547, "erosion_risk": 0.98, "cloudburst_probability": 0.933, "landslide_susceptibility": 0.602, "total_population": 2363, "latitude": 22.614948, "longitude": 73.270947, "colour": "#eab308", "tier": "Tier 3 - Mitigate"}}, {"type": "Feature", "geometry": {"type": "Polygon", "coordinates": [[[73.282854, 22.603431], [73.280442, 22.612431], [73.273854, 22.619019], [73.264854, 22.621431], [73.255854, 22.619019], [73.249266, 22.612431], [73.246854, 22.603431], [73.249266, 22.594431], [73.255854, 22.587843], [73.264854, 22.585431], [73.273854, 22.587843], [73.280442, 22.594431], [73.282854, 22.603431]]]}, "properties": {"village_name": "Dungripura Shihora", "subdistrict": "Savli", "village_code": 519754, "composite_risk_score": 0.559, "flood_hazard_score": 0.454, "erosion_risk": 0.98, "cloudburst_probability": 0.897, "landslide_susceptibility": 0.583, "total_population": 490, "latitude": 22.603431, "longitude": 73.264854, "colour": "#eab308", "tier": "Tier 3 - Mitigate"}}, {"type": "Feature", "geometry": {"type": "Polygon", "coordinates": [[[73.299217, 22.469814], [73.296805, 22.478814], [73.290217, 22.485402], [73.281217, 22.487814], [73.272217, 22.485402], [73.265629, 22.478814], [73.263217, 22.469814], [73.265629, 22.460814], [73.272217, 22.454226], [73.281217, 22.451814], [73.290217, 22.454226], [73.296805, 22.460814], [73.299217, 22.469814]]]}, "properties": {"village_name": "Vemar", "subdistrict": "Savli", "village_code": 519820, "composite_risk_score": 0.483, "flood_hazard_score": 0.461, "erosion_risk": 0.98, "cloudburst_probability": 0.932, "landslide_susceptibility": 0.603, "total_population": 1971, "latitude": 22.469814, "longitude": 73.281217, "colour": "#eab308", "tier": "Tier 3 - Mitigate"}}, {"type": "Feature", "geometry": {"type": "Polygon", "coordinates": [[[73.397884, 22.478356], [73.395472, 22.487356], [73.388884, 22.493944], [73.379884, 22.496356], [73.370884, 22.493944], [73.364296, 22.487356], [73.361884, 22.478356], [73.364296, 22.469356], [73.370884, 22.462768], [73.379884, 22.460356], [73.388884, 22.462768], [73.395472, 22.469356], [73.397884, 22.478356]]]}, "properties": {"village_name": "Bodidra", "subdistrict": "Vaghodia", "village_code": 519928, "composite_risk_score": 0.578, "flood_hazard_score": 0.539, "erosion_risk": 0.98, "cloudburst_probability": 0.896, "landslide_susceptibility": 0.583, "total_population": 1047, "latitude": 22.478356, "longitude": 73.379884, "colour": "#eab308", "tier": "Tier 3 - Mitigate"}}, {"type": "Feature", "geometry": {"type": "Polygon", "coordinates": [[[73.377683, 22.455265], [73.375271, 22.464265], [73.368683, 22.470853], [73.359683, 22.473265], [73.350683, 22.470853], [73.344095, 22.464265], [73.341683, 22.455265], [73.344095, 22.446265], [73.350683, 22.439677], [73.359683, 22.437265], [73.368683, 22.439677], [73.375271, 22.446265], [73.377683, 22.455265]]]}, "properties": {"village_name": "Paldi", "subdistrict": "Vaghodia", "village_code": 519934, "composite_risk_score": 0.554, "flood_hazard_score": 0.537, "erosion_risk": 0.98, "cloudburst_probability": 0.863, "landslide_susceptibility": 0.562, "total_population": 1260, "latitude": 22.455265, "longitude": 73.359683, "colour": "#eab308", "tier": "Tier 3 - Mitigate"}}, {"type": "Feature", "geometry": {"type": "Polygon", "coordinates": [[[73.408985, 22.458691], [73.406573, 22.467691], [73.399985, 22.474279], [73.390985, 22.476691], [73.381985, 22.474279], [73.375397, 22.467691], [73.372985, 22.458691], [73.375397, 22.449691], [73.381985, 22.443103], [73.390985, 22.440691], [73.399985, 22.443103], [73.406573, 22.449691], [73.408985, 22.458691]]]}, "properties": {"village_name": "Asoj", "subdistrict": "Vaghodia", "village_code": 519933, "composite_risk_score": 0.406, "flood_hazard_score": 0.775, "erosion_risk": 0.039, "cloudburst_probability": 0.388, "landslide_susceptibility": 0.286, "total_population": 1952, "latitude": 22.458691, "longitude": 73.390985, "colour": "#eab308", "tier": "Tier 3 - Mitigate"}}, {"type": "Feature", "geometry": {"type": "Polygon", "coordinates": [[[73.242165, 22.568753], [73.239753, 22.577753], [73.233165, 22.584341], [73.224165, 22.586753], [73.215165, 22.584341], [73.208577, 22.577753], [73.206165, 22.568753], [73.208577, 22.559753], [73.215165, 22.553165], [73.224165, 22.550753], [73.233165, 22.553165], [73.239753, 22.559753], [73.242165, 22.568753]]]}, "properties": {"village_name": "Savli", "subdistrict": "Savli", "village_code": 253247, "composite_risk_score": 0.404, "flood_hazard_score": 0.452, "erosion_risk": 0.02, "cloudburst_probability": 0.391, "landslide_susceptibility": 0.286, "total_population": 18467, "latitude": 22.568753, "longitude": 73.224165, "colour": "#eab308", "tier": "Tier 3 - Mitigate"}}, {"type": "Feature", "geometry": {"type": "Polygon", "coordinates": [[[73.414022, 22.802194], [73.41161, 22.811194], [73.405022, 22.817782], [73.396022, 22.820194], [73.387022, 22.817782], [73.380434, 22.811194], [73.378022, 22.802194], [73.380434, 22.793194], [73.387022, 22.786606], [73.396022, 22.784194], [73.405022, 22.786606], [73.41161, 22.793194], [73.414022, 22.802194]]]}, "properties": {"village_name": "Udalpur", "subdistrict": "Desar", "village_code": 519688, "composite_risk_score": 0.509, "flood_hazard_score": 0.557, "erosion_risk": 0.98, "cloudburst_probability": 0.884, "landslide_susceptibility": 0.572, "total_population": 859, "latitude": 22.802194, "longitude": 73.396022, "colour": "#eab308", "tier": "Tier 3 - Mitigate"}}, {"type": "Feature", "geometry": {"type": "Polygon", "coordinates": [[[73.351488, 22.775084], [73.349076, 22.784084], [73.342488, 22.790672], [73.333488, 22.793084], [73.324488, 22.790672], [73.3179, 22.784084], [73.315488, 22.775084], [73.3179, 22.766084], [73.324488, 22.759496], [73.333488, 22.757084], [73.342488, 22.759496], [73.349076, 22.766084], [73.351488, 22.775084]]]}, "properties": {"village_name": "Jambu Goral", "subdistrict": "Desar", "village_code": 519691, "composite_risk_score": 0.531, "flood_hazard_score": 0.492, "erosion_risk": 0.98, "cloudburst_probability": 0.892, "landslide_susceptibility": 0.572, "total_population": 4203, "latitude": 22.775084, "longitude": 73.333488, "colour": "#eab308", "tier": "Tier 3 - Mitigate"}}, {"type": "Feature", "geometry": {"type": "Polygon", "coordinates": [[[73.318533, 22.762475], [73.316121, 22.771475], [73.309533, 22.778063], [73.300533, 22.780475], [73.291533, 22.778063], [73.284945, 22.771475], [73.282533, 22.762475], [73.284945, 22.753475], [73.291533, 22.746887], [73.300533, 22.744475], [73.309533, 22.746887], [73.316121, 22.753475], [73.318533, 22.762475]]]}, "properties": {"village_name": "Varsada", "subdistrict": "Desar", "village_code": 519692, "composite_risk_score": 0.486, "flood_hazard_score": 0.386, "erosion_risk": 0.98, "cloudburst_probability": 0.902, "landslide_susceptibility": 0.584, "total_population": 8683, "latitude": 22.762475, "longitude": 73.300533, "colour": "#eab308", "tier": "Tier 3 - Mitigate"}}, {"type": "Feature", "geometry": {"type": "Polygon", "coordinates": [[[73.38221, 22.742463], [73.379798, 22.751463], [73.37321, 22.758051], [73.36421, 22.760463], [73.35521, 22.758051], [73.348622, 22.751463], [73.34621, 22.742463], [73.348622, 22.733463], [73.35521, 22.726875], [73.36421, 22.724463], [73.37321, 22.726875], [73.379798, 22.733463], [73.38221, 22.742463]]]}, "properties": {"village_name": "Vejpur", "subdistrict": "Desar", "village_code": 519701, "composite_risk_score": 0.526, "flood_hazard_score": 0.371, "erosion_risk": 0.98, "cloudburst_probability": 0.934, "landslide_susceptibility": 0.602, "total_population": 3511, "latitude": 22.742463, "longitude": 73.36421, "colour": "#eab308", "tier": "Tier 3 - Mitigate"}}, {"type": "Feature", "geometry": {"type": "Polygon", "coordinates": [[[73.28241, 22.760329], [73.279998, 22.769329], [73.27341, 22.775917], [73.26441, 22.778329], [73.25541, 22.775917], [73.248822, 22.769329], [73.24641, 22.760329], [73.248822, 22.751329], [73.25541, 22.744741], [73.26441, 22.742329], [73.27341, 22.744741], [73.279998, 22.751329], [73.28241, 22.760329]]]}, "properties": {"village_name": "Waghpura", "subdistrict": "Desar", "village_code": 519693, "composite_risk_score": 0.564, "flood_hazard_score": 0.52, "erosion_risk": 0.98, "cloudburst_probability": 0.865, "landslide_susceptibility": 0.561, "total_population": 208, "latitude": 22.760329, "longitude": 73.26441, "colour": "#eab308", "tier": "Tier 3 - Mitigate"}}, {"type": "Feature", "geometry": {"type": "Polygon", "coordinates": [[[73.292869, 22.750929], [73.290457, 22.759929], [73.283869, 22.766517], [73.274869, 22.768929], [73.265869, 22.766517], [73.259281, 22.759929], [73.256869, 22.750929], [73.259281, 22.741929], [73.265869, 22.735341], [73.274869, 22.732929], [73.283869, 22.735341], [73.290457, 22.741929], [73.292869, 22.750929]]]}, "properties": {"village_name": "Tansiya", "subdistrict": "Desar", "village_code": 519694, "composite_risk_score": 0.495, "flood_hazard_score": 0.472, "erosion_risk": 0.98, "cloudburst_probability": 0.851, "landslide_susceptibility": 0.552, "total_population": 917, "latitude": 22.750929, "longitude": 73.274869, "colour": "#eab308", "tier": "Tier 3 - Mitigate"}}, {"type": "Feature", "geometry": {"type": "Polygon", "coordinates": [[[73.33278, 22.724372], [73.330368, 22.733372], [73.32378, 22.73996], [73.31478, 22.742372], [73.30578, 22.73996], [73.299192, 22.733372], [73.29678, 22.724372], [73.299192, 22.715372], [73.30578, 22.708784], [73.31478, 22.706372], [73.32378, 22.708784], [73.330368, 22.715372], [73.33278, 22.724372]]]}, "properties": {"village_name": "Desar", "subdistrict": "Desar", "village_code": 519699, "composite_risk_score": 0.541, "flood_hazard_score": 0.484, "erosion_risk": 0.98, "cloudburst_probability": 0.868, "landslide_susceptibility": 0.573, "total_population": 6396, "latitude": 22.724372, "longitude": 73.31478, "colour": "#eab308", "tier": "Tier 3 - Mitigate"}}, {"type": "Feature", "geometry": {"type": "Polygon", "coordinates": [[[73.296312, 22.742906], [73.2939, 22.751906], [73.287312, 22.758494], [73.278312, 22.760906], [73.269312, 22.758494], [73.262724, 22.751906], [73.260312, 22.742906], [73.262724, 22.733906], [73.269312, 22.727318], [73.278312, 22.724906], [73.287312, 22.727318], [73.2939, 22.733906], [73.296312, 22.742906]]]}, "properties": {"village_name": "Himmatpura", "subdistrict": "Desar", "village_code": 519695, "composite_risk_score": 0.464, "flood_hazard_score": 0.417, "erosion_risk": 0.98, "cloudburst_probability": 0.882, "landslide_susceptibility": 0.571, "total_population": 1095, "latitude": 22.742906, "longitude": 73.278312, "colour": "#eab308", "tier": "Tier 3 - Mitigate"}}, {"type": "Feature", "geometry": {"type": "Polygon", "coordinates": [[[73.289448, 22.739024], [73.287036, 22.748024], [73.280448, 22.754612], [73.271448, 22.757024], [73.262448, 22.754612], [73.25586, 22.748024], [73.253448, 22.739024], [73.25586, 22.730024], [73.262448, 22.723436], [73.271448, 22.721024], [73.280448, 22.723436], [73.287036, 22.730024], [73.289448, 22.739024]]]}, "properties": {"village_name": "Dungripura I", "subdistrict": "Desar", "village_code": 519696, "composite_risk_score": 0.504, "flood_hazard_score": 0.487, "erosion_risk": 0.98, "cloudburst_probability": 0.867, "landslide_susceptibility": 0.562, "total_population": 1110, "latitude": 22.739024, "longitude": 73.271448, "colour": "#eab308", "tier": "Tier 3 - Mitigate"}}, {"type": "Feature", "geometry": {"type": "Polygon", "coordinates": [[[73.349573, 22.723502], [73.347161, 22.732502], [73.340573, 22.73909], [73.331573, 22.741502], [73.322573, 22.73909], [73.315985, 22.732502], [73.313573, 22.723502], [73.315985, 22.714502], [73.322573, 22.707914], [73.331573, 22.705502], [73.340573, 22.707914], [73.347161, 22.714502], [73.349573, 22.723502]]]}, "properties": {"village_name": "Valavav", "subdistrict": "Desar", "village_code": 519700, "composite_risk_score": 0.517, "flood_hazard_score": 0.55, "erosion_risk": 0.98, "cloudburst_probability": 0.939, "landslide_susceptibility": 0.603, "total_population": 904, "latitude": 22.723502, "longitude": 73.331573, "colour": "#eab308", "tier": "Tier 3 - Mitigate"}}, {"type": "Feature", "geometry": {"type": "Polygon", "coordinates": [[[73.289766, 22.7274], [73.287354, 22.7364], [73.280766, 22.742988], [73.271766, 22.7454], [73.262766, 22.742988], [73.256178, 22.7364], [73.253766, 22.7274], [73.256178, 22.7184], [73.262766, 22.711812], [73.271766, 22.7094], [73.280766, 22.711812], [73.287354, 22.7184], [73.289766, 22.7274]]]}, "properties": {"village_name": "Intvad", "subdistrict": "Desar", "village_code": 519697, "composite_risk_score": 0.507, "flood_hazard_score": 0.466, "erosion_risk": 0.98, "cloudburst_probability": 0.874, "landslide_susceptibility": 0.569, "total_population": 1693, "latitude": 22.7274, "longitude": 73.271766, "colour": "#eab308", "tier": "Tier 3 - Mitigate"}}, {"type": "Feature", "geometry": {"type": "Polygon", "coordinates": [[[73.395173, 22.707522], [73.392761, 22.716522], [73.386173, 22.72311], [73.377173, 22.725522], [73.368173, 22.72311], [73.361585, 22.716522], [73.359173, 22.707522], [73.361585, 22.698522], [73.368173, 22.691934], [73.377173, 22.689522], [73.386173, 22.691934], [73.392761, 22.698522], [73.395173, 22.707522]]]}, "properties": {"village_name": "Jesar Gopari", "subdistrict": "Desar", "village_code": 519702, "composite_risk_score": 0.461, "flood_hazard_score": 0.554, "erosion_risk": 0.98, "cloudburst_probability": 0.917, "landslide_susceptibility": 0.582, "total_population": 1881, "latitude": 22.707522, "longitude": 73.377173, "colour": "#eab308", "tier": "Tier 3 - Mitigate"}}, {"type": "Feature", "geometry": {"type": "Polygon", "coordinates": [[[73.347977, 22.70282], [73.345565, 22.71182], [73.338977, 22.718408], [73.329977, 22.72082], [73.320977, 22.718408], [73.314389, 22.71182], [73.311977, 22.70282], [73.314389, 22.69382], [73.320977, 22.687232], [73.329977, 22.68482], [73.338977, 22.687232], [73.345565, 22.69382], [73.347977, 22.70282]]]}, "properties": {"village_name": "Kadachhala", "subdistrict": "Desar", "village_code": 519704, "composite_risk_score": 0.544, "flood_hazard_score": 0.515, "erosion_risk": 0.98, "cloudburst_probability": 0.924, "landslide_susceptibility": 0.592, "total_population": 1724, "latitude": 22.70282, "longitude": 73.329977, "colour": "#eab308", "tier": "Tier 3 - Mitigate"}}, {"type": "Feature", "geometry": {"type": "Polygon", "coordinates": [[[73.371822, 22.698117], [73.36941, 22.707117], [73.362822, 22.713705], [73.353822, 22.716117], [73.344822, 22.713705], [73.338234, 22.707117], [73.335822, 22.698117], [73.338234, 22.689117], [73.344822, 22.682529], [73.353822, 22.680117], [73.362822, 22.682529], [73.36941, 22.689117], [73.371822, 22.698117]]]}, "properties": {"village_name": "Vaktapura", "subdistrict": "Desar", "village_code": 519703, "composite_risk_score": 0.44, "flood_hazard_score": 0.57, "erosion_risk": 0.98, "cloudburst_probability": 0.878, "landslide_susceptibility": 0.562, "total_population": 1184, "latitude": 22.698117, "longitude": 73.353822, "colour": "#eab308", "tier": "Tier 3 - Mitigate"}}, {"type": "Feature", "geometry": {"type": "Polygon", "coordinates": [[[73.292686, 22.704202], [73.290274, 22.713202], [73.283686, 22.71979], [73.274686, 22.722202], [73.265686, 22.71979], [73.259098, 22.713202], [73.256686, 22.704202], [73.259098, 22.695202], [73.265686, 22.688614], [73.274686, 22.686202], [73.283686, 22.688614], [73.290274, 22.695202], [73.292686, 22.704202]]]}, "properties": {"village_name": "Manekla", "subdistrict": "Desar", "village_code": 519705, "composite_risk_score": 0.58, "flood_hazard_score": 0.485, "erosion_risk": 0.98, "cloudburst_probability": 0.883, "landslide_susceptibility": 0.571, "total_population": 572, "latitude": 22.704202, "longitude": 73.274686, "colour": "#eab308", "tier": "Tier 3 - Mitigate"}}, {"type": "Feature", "geometry": {"type": "Polygon", "coordinates": [[[73.292425, 22.692163], [73.290013, 22.701163], [73.283425, 22.707751], [73.274425, 22.710163], [73.265425, 22.707751], [73.258837, 22.701163], [73.256425, 22.692163], [73.258837, 22.683163], [73.265425, 22.676575], [73.274425, 22.674163], [73.283425, 22.676575], [73.290013, 22.683163], [73.292425, 22.692163]]]}, "properties": {"village_name": "Moti Varnoli", "subdistrict": "Desar", "village_code": 519706, "composite_risk_score": 0.517, "flood_hazard_score": 0.523, "erosion_risk": 0.98, "cloudburst_probability": 0.902, "landslide_susceptibility": 0.592, "total_population": 1388, "latitude": 22.692163, "longitude": 73.274425, "colour": "#eab308", "tier": "Tier 3 - Mitigate"}}, {"type": "Feature", "geometry": {"type": "Polygon", "coordinates": [[[73.40264, 22.694689], [73.400228, 22.703689], [73.39364, 22.710277], [73.38464, 22.712689], [73.37564, 22.710277], [73.369052, 22.703689], [73.36664, 22.694689], [73.369052, 22.685689], [73.37564, 22.679101], [73.38464, 22.676689], [73.39364, 22.679101], [73.400228, 22.685689], [73.40264, 22.694689]]]}, "properties": {"village_name": "Pipalchhat Vanto", "subdistrict": "Desar", "village_code": 519712, "composite_risk_score": 0.583, "flood_hazard_score": 0.517, "erosion_risk": 0.98, "cloudburst_probability": 0.897, "landslide_susceptibility": 0.584, "total_population": 310, "latitude": 22.694689, "longitude": 73.38464, "colour": "#eab308", "tier": "Tier 3 - Mitigate"}}, {"type": "Feature", "geometry": {"type": "Polygon", "coordinates": [[[73.309851, 22.691971], [73.307439, 22.700971], [73.300851, 22.707559], [73.291851, 22.709971], [73.282851, 22.707559], [73.276263, 22.700971], [73.273851, 22.691971], [73.276263, 22.682971], [73.282851, 22.676383], [73.291851, 22.673971], [73.300851, 22.676383], [73.307439, 22.682971], [73.309851, 22.691971]]]}, "properties": {"village_name": "Nani Varnoli", "subdistrict": "Desar", "village_code": 519707, "composite_risk_score": 0.556, "flood_hazard_score": 0.498, "erosion_risk": 0.98, "cloudburst_probability": 0.93, "landslide_susceptibility": 0.6, "total_population": 263, "latitude": 22.691971, "longitude": 73.291851, "colour": "#eab308", "tier": "Tier 3 - Mitigate"}}, {"type": "Feature", "geometry": {"type": "Polygon", "coordinates": [[[73.385228, 22.692905], [73.382816, 22.701905], [73.376228, 22.708493], [73.367228, 22.710905], [73.358228, 22.708493], [73.35164, 22.701905], [73.349228, 22.692905], [73.35164, 22.683905], [73.358228, 22.677317], [73.367228, 22.674905], [73.376228, 22.677317], [73.382816, 22.683905], [73.385228, 22.692905]]]}, "properties": {"village_name": "Dolatpura", "subdistrict": "Desar", "village_code": 519711, "composite_risk_score": 0.618, "flood_hazard_score": 0.532, "erosion_risk": 0.98, "cloudburst_probability": 0.898, "landslide_susceptibility": 0.583, "total_population": 484, "latitude": 22.692905, "longitude": 73.367228, "colour": "#f97316", "tier": "Tier 2 - Relocate"}}, {"type": "Feature", "geometry": {"type": "Polygon", "coordinates": [[[73.399596, 22.6889], [73.397184, 22.6979], [73.390596, 22.704488], [73.381596, 22.7069], [73.372596, 22.704488], [73.366008, 22.6979], [73.363596, 22.6889], [73.366008, 22.6799], [73.372596, 22.673312], [73.381596, 22.6709], [73.390596, 22.673312], [73.397184, 22.6799], [73.399596, 22.6889]]]}, "properties": {"village_name": "Rampuri Narpuri", "subdistrict": "Desar", "village_code": 519713, "composite_risk_score": 0.608, "flood_hazard_score": 0.484, "erosion_risk": 0.98, "cloudburst_probability": 0.886, "landslide_susceptibility": 0.572, "total_population": 508, "latitude": 22.6889, "longitude": 73.381596, "colour": "#f97316", "tier": "Tier 2 - Relocate"}}, {"type": "Feature", "geometry": {"type": "Polygon", "coordinates": [[[73.328529, 22.690042], [73.326117, 22.699042], [73.319529, 22.70563], [73.310529, 22.708042], [73.301529, 22.70563], [73.294941, 22.699042], [73.292529, 22.690042], [73.294941, 22.681042], [73.301529, 22.674454], [73.310529, 22.672042], [73.319529, 22.674454], [73.326117, 22.681042], [73.328529, 22.690042]]]}, "properties": {"village_name": "Chhalier", "subdistrict": "Desar", "village_code": 519708, "composite_risk_score": 0.568, "flood_hazard_score": 0.549, "erosion_risk": 0.98, "cloudburst_probability": 0.895, "landslide_susceptibility": 0.582, "total_population": 4027, "latitude": 22.690042, "longitude": 73.310529, "colour": "#eab308", "tier": "Tier 3 - Mitigate"}}, {"type": "Feature", "geometry": {"type": "Polygon", "coordinates": [[[73.3702, 22.688546], [73.367788, 22.697546], [73.3612, 22.704134], [73.3522, 22.706546], [73.3432, 22.704134], [73.336612, 22.697546], [73.3342, 22.688546], [73.336612, 22.679546], [73.3432, 22.672958], [73.3522, 22.670546], [73.3612, 22.672958], [73.367788, 22.679546], [73.3702, 22.688546]]]}, "properties": {"village_name": "Ghemalpura", "subdistrict": "Desar", "village_code": 519710, "composite_risk_score": 0.594, "flood_hazard_score": 0.527, "erosion_risk": 0.98, "cloudburst_probability": 0.868, "landslide_susceptibility": 0.563, "total_population": 404, "latitude": 22.688546, "longitude": 73.3522, "colour": "#eab308", "tier": "Tier 3 - Mitigate"}}, {"type": "Feature", "geometry": {"type": "Polygon", "coordinates": [[[73.360643, 22.689375], [73.358231, 22.698375], [73.351643, 22.704963], [73.342643, 22.707375], [73.333643, 22.704963], [73.327055, 22.698375], [73.324643, 22.689375], [73.327055, 22.680375], [73.333643, 22.673787], [73.342643, 22.671375], [73.351643, 22.673787], [73.358231, 22.680375], [73.360643, 22.689375]]]}, "properties": {"village_name": "Vankaneda", "subdistrict": "Desar", "village_code": 519709, "composite_risk_score": 0.482, "flood_hazard_score": 0.523, "erosion_risk": 0.98, "cloudburst_probability": 0.885, "landslide_susceptibility": 0.572, "total_population": 1543, "latitude": 22.689375, "longitude": 73.342643, "colour": "#eab308", "tier": "Tier 3 - Mitigate"}}, {"type": "Feature", "geometry": {"type": "Polygon", "coordinates": [[[73.303408, 22.681284], [73.300996, 22.690284], [73.294408, 22.696872], [73.285408, 22.699284], [73.276408, 22.696872], [73.26982, 22.690284], [73.267408, 22.681284], [73.26982, 22.672284], [73.276408, 22.665696], [73.285408, 22.663284], [73.294408, 22.665696], [73.300996, 22.672284], [73.303408, 22.681284]]]}, "properties": {"village_name": "Rajpur", "subdistrict": "Desar", "village_code": 519718, "composite_risk_score": 0.539, "flood_hazard_score": 0.445, "erosion_risk": 0.98, "cloudburst_probability": 0.878, "landslide_susceptibility": 0.57, "total_population": 578, "latitude": 22.681284, "longitude": 73.285408, "colour": "#eab308", "tier": "Tier 3 - Mitigate"}}, {"type": "Feature", "geometry": {"type": "Polygon", "coordinates": [[[73.412569, 22.683959], [73.410157, 22.692959], [73.403569, 22.699547], [73.394569, 22.701959], [73.385569, 22.699547], [73.378981, 22.692959], [73.376569, 22.683959], [73.378981, 22.674959], [73.385569, 22.668371], [73.394569, 22.665959], [73.403569, 22.668371], [73.410157, 22.674959], [73.412569, 22.683959]]]}, "properties": {"village_name": "Pipalchhat", "subdistrict": "Desar", "village_code": 519726, "composite_risk_score": 0.665, "flood_hazard_score": 0.495, "erosion_risk": 0.98, "cloudburst_probability": 0.936, "landslide_susceptibility": 0.602, "total_population": 738, "latitude": 22.683959, "longitude": 73.394569, "colour": "#f97316", "tier": "Tier 2 - Relocate"}}, {"type": "Feature", "geometry": {"type": "Polygon", "coordinates": [[[73.390321, 22.681779], [73.387909, 22.690779], [73.381321, 22.697367], [73.372321, 22.699779], [73.363321, 22.697367], [73.356733, 22.690779], [73.354321, 22.681779], [73.356733, 22.672779], [73.363321, 22.666191], [73.372321, 22.663779], [73.381321, 22.666191], [73.387909, 22.672779], [73.390321, 22.681779]]]}, "properties": {"village_name": "Vadiya Pandu", "subdistrict": "Desar", "village_code": 519714, "composite_risk_score": 0.466, "flood_hazard_score": 0.53, "erosion_risk": 0.98, "cloudburst_probability": 0.926, "landslide_susceptibility": 0.594, "total_population": 226, "latitude": 22.681779, "longitude": 73.372321, "colour": "#eab308", "tier": "Tier 3 - Mitigate"}}, {"type": "Feature", "geometry": {"type": "Polygon", "coordinates": [[[73.375688, 22.678101], [73.373276, 22.687101], [73.366688, 22.693689], [73.357688, 22.696101], [73.348688, 22.693689], [73.3421, 22.687101], [73.339688, 22.678101], [73.3421, 22.669101], [73.348688, 22.662513], [73.357688, 22.660101], [73.366688, 22.662513], [73.373276, 22.669101], [73.375688, 22.678101]]]}, "properties": {"village_name": "Rajupura", "subdistrict": "Desar", "village_code": 519715, "composite_risk_score": 0.598, "flood_hazard_score": 0.568, "erosion_risk": 0.98, "cloudburst_probability": 0.891, "landslide_susceptibility": 0.577, "total_population": 988, "latitude": 22.678101, "longitude": 73.357688, "colour": "#eab308", "tier": "Tier 3 - Mitigate"}}, {"type": "Feature", "geometry": {"type": "Polygon", "coordinates": [[[73.361148, 22.675546], [73.358736, 22.684546], [73.352148, 22.691134], [73.343148, 22.693546], [73.334148, 22.691134], [73.32756, 22.684546], [73.325148, 22.675546], [73.32756, 22.666546], [73.334148, 22.659958], [73.343148, 22.657546], [73.352148, 22.659958], [73.358736, 22.666546], [73.361148, 22.675546]]]}, "properties": {"village_name": "Limdanu Muvadu", "subdistrict": "Desar", "village_code": 519716, "composite_risk_score": 0.546, "flood_hazard_score": 0.579, "erosion_risk": 0.98, "cloudburst_probability": 0.87, "landslide_susceptibility": 0.572, "total_population": 260, "latitude": 22.675546, "longitude": 73.343148, "colour": "#eab308", "tier": "Tier 3 - Mitigate"}}, {"type": "Feature", "geometry": {"type": "Polygon", "coordinates": [[[73.399692, 22.67458], [73.39728, 22.68358], [73.390692, 22.690168], [73.381692, 22.69258], [73.372692, 22.690168], [73.366104, 22.68358], [73.363692, 22.67458], [73.366104, 22.66558], [73.372692, 22.658992], [73.381692, 22.65658], [73.390692, 22.658992], [73.39728, 22.66558], [73.399692, 22.67458]]]}, "properties": {"village_name": "Pandu", "subdistrict": "Desar", "village_code": 519725, "composite_risk_score": 0.52, "flood_hazard_score": 0.57, "erosion_risk": 0.98, "cloudburst_probability": 0.906, "landslide_susceptibility": 0.583, "total_population": 1911, "latitude": 22.67458, "longitude": 73.381692, "colour": "#eab308", "tier": "Tier 3 - Mitigate"}}, {"type": "Feature", "geometry": {"type": "Polygon", "coordinates": [[[73.422608, 22.676801], [73.420196, 22.685801], [73.413608, 22.692389], [73.404608, 22.694801], [73.395608, 22.692389], [73.38902, 22.685801], [73.386608, 22.676801], [73.38902, 22.667801], [73.395608, 22.661213], [73.404608, 22.658801], [73.413608, 22.661213], [73.420196, 22.667801], [73.422608, 22.676801]]]}, "properties": {"village_name": "Sanpiya", "subdistrict": "Desar", "village_code": 519727, "composite_risk_score": 0.523, "flood_hazard_score": 0.566, "erosion_risk": 0.98, "cloudburst_probability": 0.94, "landslide_susceptibility": 0.603, "total_population": 814, "latitude": 22.676801, "longitude": 73.404608, "colour": "#eab308", "tier": "Tier 3 - Mitigate"}}, {"type": "Feature", "geometry": {"type": "Polygon", "coordinates": [[[73.313452, 22.67092], [73.31104, 22.67992], [73.304452, 22.686508], [73.295452, 22.68892], [73.286452, 22.686508], [73.279864, 22.67992], [73.277452, 22.67092], [73.279864, 22.66192], [73.286452, 22.655332], [73.295452, 22.65292], [73.304452, 22.655332], [73.31104, 22.66192], [73.313452, 22.67092]]]}, "properties": {"village_name": "Pratappura", "subdistrict": "Desar", "village_code": 519719, "composite_risk_score": 0.63, "flood_hazard_score": 0.468, "erosion_risk": 0.98, "cloudburst_probability": 0.936, "landslide_susceptibility": 0.603, "total_population": 1904, "latitude": 22.67092, "longitude": 73.295452, "colour": "#f97316", "tier": "Tier 2 - Relocate"}}, {"type": "Feature", "geometry": {"type": "Polygon", "coordinates": [[[73.297058, 22.711908], [73.294646, 22.720908], [73.288058, 22.727496], [73.279058, 22.729908], [73.270058, 22.727496], [73.26347, 22.720908], [73.261058, 22.711908], [73.26347, 22.702908], [73.270058, 22.69632], [73.279058, 22.693908], [73.288058, 22.69632], [73.294646, 22.702908], [73.297058, 22.711908]]]}, "properties": {"village_name": "Nani Varnoli Vanto", "subdistrict": "Desar", "village_code": 519698, "composite_risk_score": 0.58, "flood_hazard_score": 0.51, "erosion_risk": 0.98, "cloudburst_probability": 0.848, "landslide_susceptibility": 0.55, "total_population": 390, "latitude": 22.711908, "longitude": 73.279058, "colour": "#eab308", "tier": "Tier 3 - Mitigate"}}, {"type": "Feature", "geometry": {"type": "Polygon", "coordinates": [[[73.335626, 22.67911], [73.333214, 22.68811], [73.326626, 22.694698], [73.317626, 22.69711], [73.308626, 22.694698], [73.302038, 22.68811], [73.299626, 22.67911], [73.302038, 22.67011], [73.308626, 22.663522], [73.317626, 22.66111], [73.326626, 22.663522], [73.333214, 22.67011], [73.335626, 22.67911]]]}, "properties": {"village_name": "Kalyan Patelnu Muvadu", "subdistrict": "Desar", "village_code": 519717, "composite_risk_score": 0.557, "flood_hazard_score": 0.543, "erosion_risk": 0.98, "cloudburst_probability": 0.904, "landslide_susceptibility": 0.582, "total_population": 218, "latitude": 22.67911, "longitude": 73.317626, "colour": "#eab308", "tier": "Tier 3 - Mitigate"}}, {"type": "Feature", "geometry": {"type": "Polygon", "coordinates": [[[73.426679, 22.515372], [73.424267, 22.524372], [73.417679, 22.53096], [73.408679, 22.533372], [73.399679, 22.53096], [73.393091, 22.524372], [73.390679, 22.515372], [73.393091, 22.506372], [73.399679, 22.499784], [73.408679, 22.497372], [73.417679, 22.499784], [73.424267, 22.506372], [73.426679, 22.515372]]]}, "properties": {"village_name": "Singaniya", "subdistrict": "Savli", "village_code": 519776, "composite_risk_score": 0.47, "flood_hazard_score": 0.511, "erosion_risk": 0.98, "cloudburst_probability": 0.913, "landslide_susceptibility": 0.593, "total_population": 302, "latitude": 22.515372, "longitude": 73.408679, "colour": "#eab308", "tier": "Tier 3 - Mitigate"}}, {"type": "Feature", "geometry": {"type": "Polygon", "coordinates": [[[73.422569, 22.541527], [73.420157, 22.550527], [73.413569, 22.557115], [73.404569, 22.559527], [73.395569, 22.557115], [73.388981, 22.550527], [73.386569, 22.541527], [73.388981, 22.532527], [73.395569, 22.525939], [73.404569, 22.523527], [73.413569, 22.525939], [73.420157, 22.532527], [73.422569, 22.541527]]]}, "properties": {"village_name": "Khakhariya", "subdistrict": "Savli", "village_code": 519775, "composite_risk_score": 0.379, "flood_hazard_score": 0.386, "erosion_risk": 0.98, "cloudburst_probability": 0.866, "landslide_susceptibility": 0.56, "total_population": 2023, "latitude": 22.541527, "longitude": 73.404569, "colour": "#22c55e", "tier": "Tier 4 - Monitor"}}, {"type": "Feature", "geometry": {"type": "Polygon", "coordinates": [[[73.426481, 22.49415], [73.424069, 22.50315], [73.417481, 22.509738], [73.408481, 22.51215], [73.399481, 22.509738], [73.392893, 22.50315], [73.390481, 22.49415], [73.392893, 22.48515], [73.399481, 22.478562], [73.408481, 22.47615], [73.417481, 22.478562], [73.424069, 22.48515], [73.426481, 22.49415]]]}, "properties": {"village_name": "Rajpura", "subdistrict": "Vaghodia", "village_code": 519929, "composite_risk_score": 0.556, "flood_hazard_score": 0.488, "erosion_risk": 0.98, "cloudburst_probability": 0.915, "landslide_susceptibility": 0.593, "total_population": 2277, "latitude": 22.49415, "longitude": 73.408481, "colour": "#eab308", "tier": "Tier 3 - Mitigate"}}, {"type": "Feature", "geometry": {"type": "Polygon", "coordinates": [[[73.430146, 22.479316], [73.427734, 22.488316], [73.421146, 22.494904], [73.412146, 22.497316], [73.403146, 22.494904], [73.396558, 22.488316], [73.394146, 22.479316], [73.396558, 22.470316], [73.403146, 22.463728], [73.412146, 22.461316], [73.421146, 22.463728], [73.427734, 22.470316], [73.430146, 22.479316]]]}, "properties": {"village_name": "Sarnej", "subdistrict": "Vaghodia", "village_code": 519930, "composite_risk_score": 0.51, "flood_hazard_score": 0.463, "erosion_risk": 0.98, "cloudburst_probability": 0.944, "landslide_susceptibility": 0.614, "total_population": 2297, "latitude": 22.479316, "longitude": 73.412146, "colour": "#eab308", "tier": "Tier 3 - Mitigate"}}, {"type": "Feature", "geometry": {"type": "Polygon", "coordinates": [[[73.423246, 22.464653], [73.420834, 22.473653], [73.414246, 22.480241], [73.405246, 22.482653], [73.396246, 22.480241], [73.389658, 22.473653], [73.387246, 22.464653], [73.389658, 22.455653], [73.396246, 22.449065], [73.405246, 22.446653], [73.414246, 22.449065], [73.420834, 22.455653], [73.423246, 22.464653]]]}, "properties": {"village_name": "Hansapura", "subdistrict": "Vaghodia", "village_code": 519932, "composite_risk_score": 0.603, "flood_hazard_score": 0.576, "erosion_risk": 0.98, "cloudburst_probability": 0.884, "landslide_susceptibility": 0.572, "total_population": 1216, "latitude": 22.464653, "longitude": 73.405246, "colour": "#f97316", "tier": "Tier 2 - Relocate"}}, {"type": "Feature", "geometry": {"type": "Polygon", "coordinates": [[[73.438955, 22.45873], [73.436543, 22.46773], [73.429955, 22.474318], [73.420955, 22.47673], [73.411955, 22.474318], [73.405367, 22.46773], [73.402955, 22.45873], [73.405367, 22.44973], [73.411955, 22.443142], [73.420955, 22.44073], [73.429955, 22.443142], [73.436543, 22.44973], [73.438955, 22.45873]]]}, "properties": {"village_name": "Khandiwada", "subdistrict": "Vaghodia", "village_code": 519931, "composite_risk_score": 0.573, "flood_hazard_score": 0.501, "erosion_risk": 0.98, "cloudburst_probability": 0.886, "landslide_susceptibility": 0.573, "total_population": 1033, "latitude": 22.45873, "longitude": 73.420955, "colour": "#eab308", "tier": "Tier 3 - Mitigate"}}, {"type": "Feature", "geometry": {"type": "Polygon", "coordinates": [[[73.430087, 22.661765], [73.427675, 22.670765], [73.421087, 22.677353], [73.412087, 22.679765], [73.403087, 22.677353], [73.396499, 22.670765], [73.394087, 22.661765], [73.396499, 22.652765], [73.403087, 22.646177], [73.412087, 22.643765], [73.421087, 22.646177], [73.427675, 22.652765], [73.430087, 22.661765]]]}, "properties": {"village_name": "Kaslapura", "subdistrict": "Desar", "village_code": 519729, "composite_risk_score": 0.479, "flood_hazard_score": 0.494, "erosion_risk": 0.98, "cloudburst_probability": 0.917, "landslide_susceptibility": 0.593, "total_population": 758, "latitude": 22.661765, "longitude": 73.412087, "colour": "#eab308", "tier": "Tier 3 - Mitigate"}}, {"type": "Feature", "geometry": {"type": "Polygon", "coordinates": [[[73.416801, 22.772278], [73.414389, 22.781278], [73.407801, 22.787866], [73.398801, 22.790278], [73.389801, 22.787866], [73.383213, 22.781278], [73.380801, 22.772278], [73.383213, 22.763278], [73.389801, 22.75669], [73.398801, 22.754278], [73.407801, 22.75669], [73.414389, 22.763278], [73.416801, 22.772278]]]}, "properties": {"village_name": "Tulsigam", "subdistrict": "Desar", "village_code": 519689, "composite_risk_score": 0.602, "flood_hazard_score": 0.396, "erosion_risk": 0.98, "cloudburst_probability": 0.95, "landslide_susceptibility": 0.614, "total_population": 1546, "latitude": 22.772278, "longitude": 73.398801, "colour": "#f97316", "tier": "Tier 2 - Relocate"}}, {"type": "Feature", "geometry": {"type": "Polygon", "coordinates": [[[73.419582, 22.764564], [73.41717, 22.773564], [73.410582, 22.780152], [73.401582, 22.782564], [73.392582, 22.780152], [73.385994, 22.773564], [73.383582, 22.764564], [73.385994, 22.755564], [73.392582, 22.748976], [73.401582, 22.746564], [73.410582, 22.748976], [73.41717, 22.755564], [73.419582, 22.764564]]]}, "properties": {"village_name": "Vachchhesar", "subdistrict": "Desar", "village_code": 519690, "composite_risk_score": 0.545, "flood_hazard_score": 0.353, "erosion_risk": 0.98, "cloudburst_probability": 0.936, "landslide_susceptibility": 0.603, "total_population": 2695, "latitude": 22.764564, "longitude": 73.401582, "colour": "#eab308", "tier": "Tier 3 - Mitigate"}}, {"type": "Feature", "geometry": {"type": "Polygon", "coordinates": [[[73.42803, 22.670578], [73.425618, 22.679578], [73.41903, 22.686166], [73.41003, 22.688578], [73.40103, 22.686166], [73.394442, 22.679578], [73.39203, 22.670578], [73.394442, 22.661578], [73.40103, 22.65499], [73.41003, 22.652578], [73.41903, 22.65499], [73.425618, 22.661578], [73.42803, 22.670578]]]}, "properties": {"village_name": "Mokampura", "subdistrict": "Desar", "village_code": 519728, "composite_risk_score": 0.524, "flood_hazard_score": 0.518, "erosion_risk": 0.98, "cloudburst_probability": 0.922, "landslide_susceptibility": 0.593, "total_population": 795, "latitude": 22.670578, "longitude": 73.41003, "colour": "#eab308", "tier": "Tier 3 - Mitigate"}}]}